-X--OXOXO,-0.040172743438748104,0.49854390038152663,0.4905492919995526,0.019290909441580295,0.49975076132783397,0.5004882459139545,0.5049173859954328,0.4902092119922133,0.49863990456797075
OX-OX-XOO,0.4933455925972904,0.4908793745290692,0.6872379594562712,0.5093629078301465,0.4905531282871904,0.004615817075492468,0.4920906300555322,0.496016517709232,0.49683586010834446
--OO--X-X,0.6872379594563112,0.6871440554927067,0.5075812232760459,0.4922773018197185,0.4964234100294592,0.7385584058018231,0.4964135381612651,0.6872190360557702,0.5019006110838209
XOO----XO,0.4929976410874153,0.4972120904993475,0.506020188968091,-0.317794782791901,0.7205106413389171,0.6988174872156115,0.24216586763456754,0.49333236209195613,0.5020965722585923
OX-O-OX--,0.055988567301300085,0.8230190459919006,0.6826351377904116,0.6102546680321401,0.7600458334313721,0.5158295212136805,0.7753728219910684,0.45068380167881306,1.195573206066169
-OXOO-X--,-0.3470988392009404,0.9405257354237789,0.9959613931759488,0.324074409268013,0.177506927926678,0.13423394329635197,0.508950110320914,0.23915173872044382,0.5670617431110632
XXOOOX-O-,0.49300618951358055,0.4969585017341829,0.4918946324652496,0.50413865715679,0.4918705371116628,0.5001095660300189,0.4715735885405812,0.49880793901551795,0.47525073807860757
--OXOOX-X,0.6872379594563112,0.4951980507530297,0.4900902768993181,0.49712318900525043,0.49843581745312526,0.5015786792399268,0.506668810293936,0.508030633561316,0.49233681014558844
-O-OOXXXO,0.1796686656772793,0.5720500529357525,0.02879292451660742,0.5020024625281748,0.4635888988099313,0.5178088566608282,0.5541161468402231,0.5770521022588915,0.5680274885077992
OO-OXXXXO,0.5039994976185446,0.5040121193009779,0.6872379594563127,0.4903966291329279,0.49310265982227325,0.5026326857118778,0.5037780471457295,0.4957737700837358,0.49443206432345166
OXOX-XOO-,0.2735774028435941,0.5379347226698185,0.25910013108169205,0.9601861637597479,0.6872371923082045,0.08542703379239114,0.8184478597457558,0.19956901444367503,1.3165837914646599
-OX-XOOXO,0.41853008995671426,0.5013076835472358,0.5000083013379769,0.49797263866777486,0.4990963279133644,0.5056806104579267,0.5060495036463658,0.5095892439290917,0.5009161271113635
X-OOO-XXO,0.5065640980908341,0.295649614609097,0.5097936258136135,0.4994722979734498,0.49420425956439645,0.5195025016222717,0.4994330269638924,0.4967772217807296,0.49009837279806623
XXO--OOOX,0.4942812239110876,0.49539186427807175,0.5092196559385904,0.11452634364926917,0.6872379671645399,0.4946520489401421,0.49895588370865257,0.49690239562135097,0.49772685042926174
---O-O-X-,0.1172989822932215,0.43138688027521105,0.6232120987855586,0.49133846942253273,0.413766148889804,0.4926285421383956,0.010633736856215104,0.5047669610069707,0.10790269674854669
--XX-OXOO,0.6794728163555717,0.6785018836753237,0.5165133550552454,0.5431782003340424,0.6867251463218121,0.41136671701792493,0.5237942382580858,0.570604433356097,0.4763499721353716
--OOXX-XO,0.49806069299273714,0.6872379518382784,0.5106112219075163,0.4311414702405868,0.46862365425631414,0.5485749884378571,0.6474833602990915,0.5126722945093625,0.5796751669903122
-XX-O-O--,0.6872370531737824,0.5056407229913196,0.4931085877293834,0.11112745461858192,0.5052142227208891,0.4397653538250739,0.4928650557391536,0.07936195487130787,0.3208803819604129
----XOO-X,0.6872379594563112,0.6443686275824961,0.500629006582089,-0.37541461383862906,0.4906509967452247,0.5080126607992503,0.4969725264153271,0.05608236805149075,0.4950311425126334
OXO-OX---,0.507546649778039,0.4917425396975397,0.5045986527070438,0.10880694421588782,0.5010348907757656,0.5060863785473289,0.25195032375070026,0.14045258456981757,0.4425363150772984
OXO-XO-OX,0.49990602555046165,0.5086171103847558,0.4951517739693949,0.37048827104647664,0.5083150592191977,0.49158680372125063,0.8071111690591877,0.5074048710941331,0.5091026140739285
XO-X--OOX,0.5342444237454086,0.4266031046444231,0.4941951012431946,0.5488112787013522,0.6872343903642549,0.4818954445546364,0.45569432963160783,0.4432982134010858,0.5489492817542378
OXOX-XOOX,0.504658365461304,0.5014641092296498,0.5071515000417486,0.49468274625536807,0.6872379950773789,0.5019292453253852,0.5032072613749912,0.5013186569251828,0.5088780783984758
XOO----X-,0.4909303195371673,0.5074871724574921,0.5093432792510367,-0.36964055221907666,0.7515339856882186,0.241701341199078,0.6786205760338805,0.49188122479834073,0.03217838740130208
X-X-OO-O-,0.4571481014174273,0.6868008539021296,0.5104113865302401,1.1565340945681166,0.5417462005170564,0.4724295872804305,0.005191429511097523,0.4545282603994413,0.935475147244765
XXOOOX-OX,0.5022950672280898,0.4901590611446012,0.507126950892943,0.4911472228904943,0.5025342345745257,0.5072850325541283,0.5546189382915403,0.5026049097261288,0.4900417363931323
-X-X-O--O,0.8108659403021835,0.5057613299018113,0.2281247404990115,0.5040301466836281,-0.30318497434710967,0.49771893303611614,0.09069080042860145,0.33894476544837204,0.4954429588017666
O-XXOX-O-,0.4966484961131389,0.7527611262538424,0.5043947972531369,0.5056443067477697,0.49104965204718526,0.5095107376846033,1.1195762236801774,0.4911995427029126,0.6889359351183006
OXXXOOOX-,0.49307362503792307,0.49860969672341154,0.5027415347350483,0.49914182909549343,0.5059040246580111,0.5018114384772462,0.5078504917831532,0.4955779888485934,0.5449486689498536
-XO--OX--,0.2687541186808863,0.5030267272291251,0.5011832802168732,0.5226947638119466,0.6784744831057049,0.5048635421345973,0.500703070998598,0.6792508475469027,0.6938033853404151
-XO-X-XOO,0.14597111167350196,0.4086285585249718,0.5636187525993709,0.7692607193405283,0.5615062043847353,1.228776764520126,0.4805278646728896,0.46747725215728586,0.5831079044633499
XO--O----,0.4967262181503933,0.5061729227200094,0.026925521289454024,0.8384386359599478,0.5097231641607254,0.2909511947902762,0.026733121790076475,0.5673428042451673,0.399468716674498
OX-OX-XO-,0.5098748409543595,0.5059708246755679,0.6872379594563112,0.49014500626015695,0.4945781983664149,0.6877480042722517,0.5060403642580443,0.49924959188394036,0.1706597005781073
----XO---,0.860656722719385,1.2781918039746811,0.7643372202711995,0.013919571109891116,0.4930610651382829,0.49861218447499245,0.03541135684671831,0.16512641290332958,0.030081251942067122
-X-OO-XOX,-0.20188466620857604,0.509516613654998,0.659266287355776,0.508408345305512,0.49398623900902283,0.32776977631520243,0.5042889781774458,0.502050628976457,0.5010060529817986
OO-X-O--X,0.3297940071938227,0.9954101299612669,1.2591457430813553,0.4700052906436868,1.9253127110560493,0.7833492858591804,0.1513788096075276,0.16519181418878348,0.6647799249839726
XOOX-X--O,0.5034444952587417,0.46383432971544525,0.5004073713596756,0.5614479174861647,0.6871959906848848,0.5834282084879666,0.676817130520586,0.6855664826724073,0.4173852225598539
-OX-XOOX-,0.10528891351653014,0.49557387717443124,0.4972218503719447,0.5830446079411559,0.49910824011473753,0.49030883611454834,0.49135710710891556,0.5027450396040681,0.5831880191305813
X--OXXO-O,0.501240404902505,1.3214211809555598,0.16009414796154253,0.4985397225944824,0.5028853850661027,0.490757439669953,0.4968544775970592,0.02867741016485198,0.4909845812756842
-O-X--X-O,0.687237950511304,0.5088661283826307,0.013064760971284395,0.506247121529279,0.6870781867667706,0.2985739492228536,0.4946816172525905,0.04794221491533013,0.5031839494869617
OO-XX--OX,0.4959415309894041,0.49317051980146376,0.6872381266977216,0.4938570975308833,0.4911324720128117,0.6868272835194253,0.22023288306202388,0.5005736291356632,0.508977799832343
O-OXXOX--,0.4920360146853454,-0.017871199443883268,0.49956878306615715,0.49130783581123316,0.49232550379319057,0.5072201081143064,0.5000653857584266,0.5017247317386615,0.39134402174643057
X-OOO-XX-,0.5059009835074015,0.13386525133723454,0.5024982326559749,0.49205315815662504,0.5030240600810231,0.7359181578723885,0.5009605071057218,0.49678230577119376,0.5070783472878286
-XX-O-O-O,0.6872379606854304,0.5097596011109409,0.4966790651887535,0.10013247546790949,0.5082021037592797,0.8888987292731626,0.4956636051064293,0.013528167073090236,0.5005846414710785
OXOXX-O--,0.49404908638894834,0.5037469887777238,0.5046995996140906,0.5085617941833472,0.5094739910138739,0.6868400663260783,0.49868830913695533,0.6872379594563112,0.5037086717706744
----XOO--,0.03033488810385454,0.3947799112294098,0.4386901476725328,0.01656648070244343,0.4938727394973013,0.5042473858344119,0.49918072433283245,0.3969863994058377,0.5
XOOO-O-XX,0.49262277423492223,0.5026366058014239,0.49638764503969673,0.5052437218276085,0.5016122112052377,0.4971167675075689,0.6872380019164734,0.5062952548449408,0.49548615476027774
-XOOOXX-O,0.03211428953446227,0.5098628634649931,0.5083694792674843,0.5026256554224673,0.49342335552414707,0.4999722295496494,0.502512552454623,0.10185456852762403,0.5094616209507664
---O-O-XX,0.008735451874068878,0.4979829120793457,0.4997016826724252,0.5079668631649781,0.687237959456433,0.5018913291950236,0.6872370373322131,0.4916346252859465,0.4963886426070617
X-X-OO-OX,0.4975407275727026,0.6872370927766576,0.5081173059988565,0.09399421099363753,0.4991042070573266,0.49284640830431187,0.1713747744758397,0.5096605884063632,0.4915383992042147
X-O-OXXOO,0.49527100200718926,0.8962830288745333,0.49424313441644985,0.6872181619621435,0.500734472655175,0.504385110111085,0.4952068557442766,0.4960288540369418,0.5087616277567573
OXOOXXX-O,0.4977950672530106,0.5054576980225499,0.5037280824846254,0.5059757734499084,0.5087417085133142,0.4913375221530234,0.4923212392562064,0.6872379594563112,0.5089296401921845
O-XO-OXX-,0.5036284906743729,1.0845048289646861,0.5009924573350507,0.49216346591269416,0.6782056414286556,0.4972098074651899,0.4989684065707158,0.5048160717327316,0.6892421596514203
-OOXXOOXX,0.6872379594563112,0.49269983298073006,0.504702924827499,0.490757184317895,0.49350725572907284,0.4915226343439206,0.49200777397156287,0.4932734820453135,0.49304803691299337
-OXX-X-OO,1.2444577656069944,0.49128001735406135,0.502545414368667,0.4994659838061093,0.6892421596514203,0.4984454607128016,0.4949659068066124,0.4942756169907896,0.5067547784173321
-O-OX-O-X,0.6872379594589378,0.49833292541140584,0.4751950551539338,0.5099230338263174,0.501297442495431,0.6467648053860611,0.4904145276953264,0.37332441254309306,0.5028390383837251
XOOX-XO-O,0.5089973393444853,0.5213600536714682,0.4643045482283149,0.4576002008237457,0.68716070780659,0.4880392954980073,0.47573380410157523,0.011622875995323967,0.4397833832036837
XO-X---OO,0.5045066641057491,0.4967714676996203,-0.17341161929054527,0.5053702906402261,0.2629774779936668,0.14129258146195017,0.6872379594384109,0.5001835866617809,0.5098046930856958
X-OO---OX,0.5030700544613798,0.5714139793824026,0.5040689551951544,0.49989482089331516,0.6871505570266273,0.6871493647864805,0.49986436274330986,0.4982758220880882,0.5046726205086303
--XOXOOOX,0.6872379594381378,0.66910891659331,0.5091060495881565,0.5013425414380757,0.49312968425745285,0.5042237756614972,0.5091524638842901,0.5099109659400769,0.4987728365634597
X-O-OXXO-,0.5046344493308698,0.779353066020047,0.5002974417347184,0.6872379594563112,0.5007008409554158,0.5016441157131638,0.4982986484196435,0.5016138169900121,0.4950687452546825
-O-OOXXX-,0.4553995593014328,0.4982186368331441,0.6845426704517712,0.508394477685528,0.4981928484529334,0.5088545390197665,0.49648382127361346,0.49067620906591797,0.6872370965433998
-O-XO-OX-,0.5001575322799279,0.4603936186318927,0.5043040199303441,0.5110952098384738,0.5144872321912866,0.4059163259016504,0.566638152613017,0.5111705458364321,-0.2248668186545013
XO--O---X,0.4968092905970632,0.49873508174946973,1.2044891347501145,0.8892560804535068,0.4908026357667058,0.3527041002792497,0.18182858610116015,0.24983863388122785,0.4962298452908913
OXX--X-OO,0.5593160592071924,0.5685021426639925,0.4158085494835948,0.07772762440063274,0.6562800468926728,0.4087366656596137,0.30170483270017956,0.5285595973551713,0.5585714653738801
XOO---OXX,0.5094797544037969,0.496109899052235,0.49451290797398106,0.43175244413988045,0.6872370438620775,0.09674386507734345,0.5034989703937311,0.5067993251816248,0.4969924193788348
O-O-XXOOX,0.49159554725858146,0.038048095402701265,0.5071492994706412,0.6872379594589313,0.500191262018428,0.5030188423102685,0.5002620271351722,0.5036421588695388,0.49099759002226284
-OOXXOOX-,0.21924830889269697,0.48061114400031263,0.4384626991257631,0.48252100610102205,0.5788780620704579,0.5488990073448713,0.5179829480162152,0.47885391492557494,-0.2802493098122668
XO-X---O-,0.418031313044112,0.4334904047207809,0.6616482183451605,0.5695758005430802,0.6848853917164427,0.4883724134266197,0.6869028645562842,0.43565275275082405,0.1927902193146276
O-XO-OXXO,0.5064622193983742,0.5004258649968434,0.49535625290526003,0.5009215403846438,0.687254813995179,0.5073948081878119,0.494925277978802,0.5079760244384044,0.5050562573730439
--XOOXO--,-0.21931152972883872,0.644567213476544,0.49381901599684985,0.5031867476390194,0.4901215434954354,0.50114068325325,0.4974428368704794,0.5234707539365804,0.687238112135936
--OXOOX--,0.6872379594563186,0.32191034208704283,0.4931777871467764,0.5081446872565981,0.5067072087644581,0.49182263285897754,0.501152136828679,0.6966124853921967,0.666773789033791
--OOXXOXO,0.8496491643833148,0.6872379591043577,0.4296523468823883,0.5173479476819037,0.5664826532581396,0.5265692971499839,0.5636831111971154,0.5547442064085542,0.5870689331682541
OOXX--OOX,0.496732301343761,0.5000028548431485,0.5040001221355003,0.49949053847261315,0.028052336951981782,0.6872379594563527,0.4938137906687697,0.50447870854709,0.49818481559300665
-OOXXO-OX,0.6876685844060231,0.49733633293830276,0.4902329239044424,0.5073261261934436,0.494504789333459,0.49320730802831975,1.4010995638365022,0.502708379028376,0.5027343728666022
O-O-----X,0.497861746536671,0.16980229312038558,0.49465987025239383,0.07258266342339592,0.13527845043259923,0.12384532343216903,0.023329025686667282,0.18648079542794416,0.5064886311646254
-X-X-OO-O,0.2127048581268156,0.4992823863761622,0.20024202953540204,0.5001350198070785,0.667016023007889,0.49556712560432775,0.5031623458329261,0.3060920884112157,0.5052386611991991
OX----X-O,0.5190369998474098,0.49525442525562247,0.6534512478529815,0.5344203570184491,0.6872350628240871,0.011490107489594337,0.4654917983971899,-0.24279784222598244,0.4994772634065443
XOX--XO-O,0.9364201931468902,0.14375097281660448,-0.13343312425908183,-0.975281521288248,0.883670776320282,1.5857166843418948,0.15595277339331837,0.30937951821510945,1.9212698437349491
-XOXO----,0.6795951524226321,0.5085669618486518,0.509325728392995,0.4911272613738975,0.49921796373926103,0.11660172384262524,0.03136560577990788,0.28870013440372544,0.90042444164284
OO-XX-OX-,0.5047740742786687,0.4925543750199265,0.44489345570888505,0.49257159095544023,0.49928729268925376,0.6872379861871595,0.4909892584971412,0.4901386287987058,0.2101834497441848
OXOX-X-OO,0.49195140509328217,0.4613777743115907,0.447483456918489,0.4642016154031817,0.687221354596175,0.45977026865539283,0.4875393902125963,0.46309797365023003,0.5257994392300506
O--O-X--X,0.49144597721002836,0.01810797439544376,0.6872379594563112,0.5085266022496038,0.023820208322406222,0.49511283654163546,0.687237850752847,0.05449807467331769,0.5091767437098043
OOX-XX--O,0.5052188047086406,0.49738954388136286,0.5047943129343403,0.6876685844060231,0.5079930793936401,0.49538917207004707,0.6872379576317679,0.6779496888936163,0.5000620480746778
O-OX--XXO,0.49076523706735947,1.1278334994133443,0.5001719878366393,0.49667830765322046,0.04417139906564993,0.6624833172754719,0.5005668674592364,0.4911834171296682,0.5006857580149274
OX--O--OX,0.49803770715543505,0.508338726597045,1.2616418237491656,0.1906078973030112,0.5057651459504735,0.6461006847212687,0.21670117590866245,0.49543385098812204,0.5037376192802338
-OXXX-O-O,0.5825911171440821,0.43609972075825765,0.5619045382063426,0.47915045667946987,0.5312113039522472,0.6775818859059205,0.5291094509065046,0.6950492719974806,0.5461083532981061
-OX-OX--O,0.14290078996766753,0.503002867990387,0.4928694472719232,0.39576964008355464,0.49951173722905806,0.5038361776017831,0.5021993836066132,0.40022069667209503,0.5088926068919358
XX-O--OXO,0.49815893788209714,0.49901586676234666,0.6872380019164734,0.49421889287605747,0.6852927808715,0.6871528122645875,0.49115290032719233,0.49370711209650175,0.505420815275518
XOO---XOX,0.503044243229845,0.49310742051932405,0.5018295881560589,0.6872379594563112,0.6868102631515114,0.5008086271728456,0.49604490061335316,0.5032260807854265,0.5014189474732828
-OO-O--XX,0.7207215021994257,0.4957635503180908,0.49974502777472174,0.021371357661578827,0.4965998229967207,0.2610834221647792,0.6872381268968614,0.49473462693472875,0.49058405275129435
-X-X-OO--,0.8296592507935419,0.47992190816589625,0.3317241775385087,0.5596956949986919,0.662147245699339,0.5387850624081266,0.41237467994607846,0.8862891029527166,0.45242873296514313
XOXOXX-OO,0.5003100374017171,0.5011097938227582,0.5087241948591582,0.49619253779231215,0.5065666397383624,0.509866326411965,0.6872379594563112,0.49951670804939063,0.49845599152792097
-XOOOXX--,0.8029574610952419,0.5081123552069741,0.5008976245348982,0.5080456332648235,0.49745713893048404,0.5033896437408054,0.5066818912772167,0.6968631804671788,0.9980399081847031
-XOXO---O,0.20998400867158967,0.4911977796631755,0.5078954182313555,0.49493326446240254,0.5092743880553019,0.5781378454898716,0.029365404666953365,0.744487015092259,0.5029958880994186
OXXO---XO,0.5392377602385956,0.4166620344008803,0.4380054874744749,0.46438369423965464,0.6871921894434453,0.5681329496305414,0.6876087092434906,0.550970671647548,0.47950295991913805
XXO--O-OX,0.505424430874733,0.49135089401400445,0.5094798069343608,0.6873094920163073,0.5021589526813064,0.499611243134136,0.6872187752637765,0.49280898789721816,0.502518692180509
XOO-XO---,0.4939763650100719,0.4929655944827194,0.4952164600371894,0.18010914154660695,0.49206716347369117,0.5094848269617562,0.6114663393149039,0.06690647673190142,0.6872379594563112
XOOX-XO--,0.4917272502043121,0.5093260789629458,0.504930150178322,0.49777777116650757,0.6872197032434232,0.49001821468890533,0.4925432820338684,0.5531607336135516,0.053364553418968175
-OX-OX---,0.6466438996290591,0.4994552777414703,0.5078319825545363,0.6017940975180729,0.5070311632075085,0.49351773196590665,0.6740654035548943,1.071444438280229,0.6871444113388216
-OX-XO-XO,0.07723724234135321,0.47382241982950396,0.40214244831045565,1.1815422758983423,0.4560160580995352,0.4800679140843825,0.6872274091645041,0.4230821482055756,0.5579060106854705
OO--OX-XX,0.5021155313742722,0.5026040068527718,0.6872379594563112,0.2619763029726898,0.49861585096072925,0.4985136080972454,0.6872379594563112,0.4958601340870816,0.4937202606987146
--OOXXXOO,0.16321183075918977,-0.018006859194162228,0.5521761211493024,0.4750506207971419,0.4047867454253041,0.5312464931834872,0.49596565908817636,0.4908075016656407,0.5935998464819663
O-XXOXOO-,0.5518350636845203,0.06258228696226809,0.38820326807405503,0.15937200648432281,0.8071295628032725,0.044722831635330196,0.06230594462797401,0.544998766087895,0.6872343903642549
--O--XX-O,0.4268260343336401,1.2979351787501692,0.49760725092792724,0.36669670278327504,0.6861509138858959,0.5042944547793855,0.4974333536925276,0.2703138794549794,0.5014400704178583
XOO---XO-,0.4921068760644168,0.5039848758334476,0.5079878587664042,0.6872379594563112,0.04299757440320501,0.2214471059001033,0.5087529828225293,0.4969791067684755,0.3176179990240946
------OXO,0.09781127685827251,1.178474074479479,0.0885076174913223,0.6724387622662444,0.885852545808645,0.7246223795680347,0.5000943918296021,0.5040483216422061,0.4930983125060124
XXO--O-O-,0.508518228800882,0.4983975032343004,0.5083708872758359,0.5086166312507204,0.2828105780366901,0.5054415997839536,0.7074154330008359,0.5035315732223953,0.6805161917677874
-O-O-X-OX,0.645357115532813,0.9642077326134292,0.52497918747894,0.6799918821128544,0.6961880179108946,0.9020691686984973,0.4216127434254763,0.9057373136669038,0.1922981654433359
OXXOXO--O,0.5052816650195984,0.49623496376421766,0.504098667502213,0.5024934413169122,0.5055475129932513,0.4942528865275247,0.685313535012553,0.687237959457073,0.4947052418964506
-O---OXXO,0.2900317204498887,0.49916799158821,0.4219026337252429,-0.39464815826662836,1.2588517149034526,0.5065236465470827,0.49233572631201356,0.5046710236786813,0.4902318770284549
-X--OXXOO,0.6478516615525589,0.5004790540566433,0.6820979302109419,1.226665956316131,0.4923265701451549,0.49823305070151724,0.4922479400122456,0.5087682342059229,0.5076572821530161
O-O-O-X-X,0.5063862961461307,0.4547245926625066,0.5032064449474458,0.5023443164085115,0.5005401471119915,0.37430028233326346,0.5021712931919589,0.6872370284549663,0.5002952199026414
XO--O-O-X,0.49747163967173647,0.49723169215855284,0.22630537891164193,0.2900332983958188,0.5049079871900062,0.4304410341393512,0.5009013234542575,0.2957088174828357,0.5092594287152387
XO-O-XXOO,0.5039832158946285,0.49990082903080796,0.6405971928711768,0.49836819727822296,-0.2092526232033015,0.5012476200056126,0.5097829261229151,0.49049621690695244,0.49040291553264936
--XOOX---,0.6905960480389609,0.6853982968048161,0.5286478224940165,0.5943679210951446,0.4508349736321467,0.569249940768051,0.6868327799580093,0.22299784875538575,0.6868961449954325
OXXO--XO-,0.5038515749871102,0.4999348825657459,0.5065296355752317,0.5067738125020863,0.646479554286885,0.6875992173021154,0.5029757650398256,0.49919166140552745,0.68535874284569
OXXOXO---,0.49696104916852313,0.4972902397101252,0.5077909372218671,0.4988349491361287,0.4921393994744074,0.49216398738031875,0.6872412642096936,0.6872379180388861,0.0020447879453872053
OO--OXOXX,0.49792581231409655,0.5007793119115121,0.6872956228279609,0.3362975817668584,0.49289729699319884,0.5020120277980513,0.5004451633955703,0.5040071492161894,0.49309190751393744
OO--OX-X-,0.4183036362608553,0.5650202261080083,0.6523253863561344,1.0432227399396043,0.4763899552274445,0.5531920861287102,0.813088343644464,0.5083956583955823,0.6869227365802438
X-X-OOOOX,0.4957950356682886,0.6872381251804497,0.5019203197174539,0.6785695379730068,0.5038278840699111,0.4947812463083806,0.5022466212121007,0.49088790020347267,0.509714016027476
---O-OOXX,0.52497918747894,0.1616220113901281,0.2830178945462073,0.5353565667910873,0.8473551938615951,0.3879913736788222,0.4509620572985309,0.06256486655159388,0.20611369494112308
------OX-,0.7136272921883686,0.09258865838177144,0.40823807288608016,0.5516327996907774,0.28295423679872234,0.6909832895765582,0.4935510629257551,0.5053322852322463,0.020980976034535193
OX--XX-OO,0.5057702191355823,0.49257921235097374,0.189035633098392,0.6475904180368817,0.5059010568847832,0.49284008656515865,0.6872379594565045,0.4941861951998503,0.4993709717868223
OO-XX-OXO,0.5068341752952656,0.5079654133151382,0.6074259836971906,0.5043093706390545,0.5001376688540858,0.6872339802000605,0.5048935706683834,0.4952597183319515,0.4982227435707675
--OOXXXO-,0.6826318480885187,0.11227472708611153,0.5524720489664203,0.5713524985546613,0.4395241698796839,0.5314780776858665,0.4842314278836128,0.5560067615497698,0.5077402962679436
-O---OXX-,0.6459156501578784,0.500774484693561,0.5032506671565815,0.4971229389234604,0.6853001076971134,0.4962725534154116,0.49524253877320956,0.5069284636315858,0.6872381263047035
OXXO--XOO,0.5027583553287281,0.4987481061889136,0.49142213088610404,0.5053526930193096,0.6872963467533936,0.044172594664030895,0.5004524668565603,0.5002276751743291,0.4998951845862005
OXOX-X-O-,0.5036216779060153,0.5092865807854666,0.5077273669234639,0.4980317466069445,0.4972932710298709,0.4926209923777804,0.813242947378884,0.5056782277975835,0.4971568941724057
--X--OO--,0.6891397011558961,0.30201400511521337,0.4905655972903831,0.39324343730452616,-0.4042563063378978,0.509600601370346,0.49052155146428467,0.4706874574840739,0.029595095744618383
OX-O-OX-X,0.5026455228054003,0.4954928607135025,0.508188516043153,0.4904318823057447,0.6867987534085005,0.5005386868192385,0.5094001493228595,0.6875917847412832,0.4967171874057616
--XOOX--O,0.23614220372711342,0.02323261461949283,0.49003438553444234,0.49268518691534213,0.5008266483165855,0.4962718218386852,0.052287522078500515,0.05383609630649494,0.5082253278255688
XO-O-XXO-,0.5025308152920155,0.49874245099942915,0.1580167409550985,0.4929032600532882,0.6852503935274211,0.49836182112802846,0.5026052637624435,0.49497312621942097,0.674070341357459
OXX-X-O-O,0.5904006295589198,0.47423400482311917,0.5228590744067688,0.5138259601779199,0.41594989211636635,1.355045967109186,0.4055561604337337,0.6872358470620235,0.5065172559852634
XX--OOO--,0.5010906533042854,0.49805764117305246,0.6872379665101157,0.6356789020562348,0.498720709273877,0.49622366474213925,0.5057350573653251,0.34739195262805667,0.6831454692389249
O-OX---XO,0.5004887143024909,0.44419972452101913,0.5035963133978018,0.49213764809876004,0.5929321108108978,0.16354950949006974,0.3335687134161369,0.49019856101271664,0.49963901102296027
-OX-XOOOX,0.6867601663924048,0.5278140142317346,0.412608606225322,1.1372139265160666,0.5187817872058983,0.5498598319095418,0.500521251562586,0.5545051388158059,0.55654416313187
--O--XO-X,0.07249897012549056,0.2424267644737823,0.5003361386666725,0.3448694692828107,0.6872369959651923,0.5089422029943689,0.509207074889972,0.3123949859950469,0.49606039123250517
OX-XXOOOX,0.4972478849552496,0.49603039227647866,0.8086007672815739,0.4920445959191921,0.5082848018929863,0.5049427167703772,0.4976304990823521,0.5063508737520581,0.49486300294105556
XOOO-OXX-,0.5090545865181326,0.5066862142320081,0.5096605208541582,0.492763452906554,0.596057644645844,0.49553269868855027,0.49249833386284775,0.4950470844008232,0.6872379574897397
--OOO--XX,0.038974774098367804,0.5025612619093542,0.4926488603703543,0.5035860068884935,0.49414126687912546,0.6968049471293801,0.6873161290706045,0.49068358210654206,0.502451527299029
OX--O-OX-,0.7097115115434778,0.7010171408371546,0.009777949857026735,0.089726003042223,0.6423041757873502,0.4669340834821438,0.17379453584130644,0.6622823196557195,0.052651820374959746
XO-O-X-XO,0.494015259766091,0.5086291969562025,-0.005948557047494529,0.505563863589259,0.19246506869997237,0.505355291035767,0.2966833426760913,0.49425094231279415,0.4967717020719169
--OXX--O-,0.6685323897895132,0.811188716717389,0.5009422989114,0.5059057665776773,0.49944011596410565,0.6872379594563112,0.12387029000937322,0.49886506970092886,0.5010335194161002
-O-O-XOXX,0.6450494120764588,0.492637880347772,0.6892421596514203,0.4985587934028608,-0.9828992806281396,0.4949628362733359,0.49763564667041793,0.5087398234601759,0.5056559060301987
O--OXOXXO,0.5014119246752945,0.6872379594563112,0.6852232319266612,0.5063647675388028,0.49901841194684793,0.4909702828848902,0.4949082304273385,0.5036539057512261,0.4932597849222771
-X-XOOOOX,0.5708687387625179,0.5008196067997212,-0.06036377393319392,0.5006475336583897,0.5020109697119018,0.49578137909198733,0.49127420926199616,0.4909261074789493,0.4977775419656447
X-OOXO---,0.4916983629172675,0.5939660797463133,0.5003611808630154,0.4939190958899125,0.49662167211770736,0.49111696773233654,0.718605953688807,0.5054690579676963,0.687237957596066
O-OOX--X-,0.4977869523581819,0.687237959475791,0.5096645399151548,0.500975211747185,0.49599001651287,0.014360339904494923,0.7051456748150275,0.5099625035219676,0.5010615736432008
-X--OXOOX,0.11671435228521576,1.4504704970949973,0.6513501383002744,0.44185380414352315,-0.26659599534812595,0.07232064092884016,1.2871449499516345,0.8584505152287853,0.9790752239757896
X-O-X-O--,0.5098642655678266,0.6871489682869965,0.4954254949992596,0.495342117217411,0.4959412662825964,0.7748541120688142,0.5033728760913021,0.6304302821489348,0.68714597531527
XOXXOO---,0.506644804944954,0.5012198414109479,0.5033669145449924,0.49186588612913884,0.5059210713044956,0.5030303567858592,0.6876685844060231,0.7895766676417257,0.2691104176853269
X-O--X-O-,0.5085888484994997,0.24228217600187907,0.5035664535601388,0.47817412688757344,0.6777931722988448,0.5016045681869621,-0.17145150343146898,0.49762986554724076,0.5014513806651525
-OOXOXX--,0.6821618610766984,0.5157677322368608,0.4475090452678334,0.6507767870397022,0.9790913933674597,0.7502645966916861,0.7535499152993163,0.06828982880578627,0.6123800373194487
XOO-XOX--,0.5072061758253052,0.5083449941842131,0.5090148664259738,0.6873305113574016,0.49950920405092375,0.5086007593569901,0.50624902402995,0.506326924222394,0.6465568992252997
-OOOX-XX-,0.7164042503615361,0.5047120567244698,0.49885887845264015,0.5089755829263737,0.4994304619145241,0.7455814366113327,0.4982089048861895,0.5030815562904877,0.687148452493304
OOXO-XXXO,0.505189571353033,0.4941385999903873,0.4939560679436067,0.5081615121719052,0.6872379594564606,0.4921520608186592,0.49111228231366455,0.5084068254755492,0.5034360897244747
-X-OO-OX-,1.19763932860314,0.4962925133808748,0.6944387029165636,0.4920318244265789,0.49961305276066803,0.3016676047863168,0.5072989195179565,0.5092281017495118,0.1295516480380956
XOXOO-OX-,0.502782207354076,0.5058148260845554,0.49668715910470046,0.5000874203091943,0.5064195311281515,0.5103925549636251,0.49365422164425,0.49252283773410066,0.5501598339710114
--OX-OO-X,0.08911890697430969,0.0920325678645727,0.5094920074518999,0.491482422435096,0.5786157303859104,0.49471677029529765,0.5082336571864834,0.8882515594535545,0.5063642203960651
X-OO--OXX,0.49040094871749024,0.4971979871426394,0.5000404725007789,0.5072179296519553,0.6779251275297306,0.8599786802375449,0.49434951648145625,0.4999276109773043,0.5038786138317308
XXO-OOXOX,0.5003671277098168,0.5012862854285346,0.49797256718866123,0.6872379594563112,0.506590401061772,0.49401286504996333,0.5026597066732813,0.49636156448144875,0.5075530420749076
O--OXOXX-,0.5298573912405955,0.6872379594563112,0.6866353511735426,0.5820533175600808,0.5710627736343407,0.46262392298171306,0.4159211650528347,0.4154751209842354,0.46754621031902815
O-OX---X-,0.5040796022253078,0.8335148535231457,0.5074014072073876,0.5013953289793268,0.4927084016543029,0.10035099259107794,0.6587346453176397,0.4957570550195791,0.031165884342510775
X--XOXOO-,0.7046550026270889,0.7567495463522049,0.009769394358056571,0.8946886689882938,0.8476752352760288,0.937195186928534,0.174210878441992,0.47789945405019096,1.3284711931352893
-OOXXOXOX,0.6872379594563112,0.4931009715953092,0.4909699235129256,0.4977012600091801,0.49408509980034054,0.49772949813046463,0.499155768230125,0.5059922094246248,0.4938049074960494
OX-XXOOO-,0.5506056637667428,0.4677127266255262,-0.6824101643894704,0.4252028618239866,0.4946906852053213,0.4154712355472547,0.49973212293657493,0.42296457377154106,0.043972842253084066
X-XOXOOXO,0.5057093298338767,0.6872379594563112,0.49870469341601725,0.4968597606662356,0.5026005211252482,0.5037423563426322,0.49221665665532033,0.5057269453565281,0.5076963201340259
-OXXOOO-X,-0.1335521625696111,0.42456880702027144,0.5842382719826457,0.5832003072130729,0.5151921919835218,0.56011717829414,0.5416049590998299,0.6740357973032571,0.4406833401233654
X-XO-XO-O,0.5089057979998162,0.6872962806660464,0.49261708886536193,0.5018562203757223,1.1342429980742885,0.5017028508934707,0.5092942102510315,0.6448378667219234,0.504488541706804
--OOXX-OX,0.6872379597821971,0.4927794218802319,0.4942710035219692,0.5029664043752975,0.4992149376419875,0.49946580905459864,0.49296675043665794,0.5088896442937216,0.49026586662813865
-OX-OXX-O,0.22023096292815714,0.5809327551039724,0.47606194683237063,0.443828792470767,0.5107953658333003,0.5690443731590443,0.5070799654692641,1.1098933301350835,0.47353695329436224
--OXX--OO,0.17571955441950526,0.40518230043814735,0.5841230302917428,0.47885378076518376,0.4872284817878859,0.6872370797105839,0.6372100353550786,0.5549590224245451,0.5960124660177599
-OOOX-XXO,0.5007153597125991,0.49958009314001156,0.49506586593219576,0.5000773715762741,0.5066104306632819,0.06942091737764178,0.49988981227387547,0.49523279971678835,0.5003276205595658
------XOO,0.2619614087751042,0.500850930609261,0.6871434621015339,0.0714293064479895,1.1308549139734008,0.2795455498586069,0.5059500354849177,0.5092168674991494,0.5036716917581139
X-O-X-O-O,0.4997991686839227,1.0478822429746981,0.49977791904790286,0.06201796515694119,0.49877153939239455,0.15823537058344217,0.49503931139028284,0.7816989270468915,0.509042042216748
XOXXOO--O,0.4919746153850446,0.5088802061170429,0.5043409103398467,0.5040111962860678,0.5057003905956351,0.5082856432449133,0.6871470287743626,0.0846487794255355,0.49739597867072605
-X-XOO-O-,0.4989348443644742,0.5310874262045538,0.04954181367931065,0.5042278679912006,0.5386510265059324,0.4796306316109459,0.9337889524989136,0.4466000876107979,0.2769002182087169
X-O--X-OO,0.4915242093070994,0.44376200822605405,0.5033120161296913,0.241992783394265,0.9223338935326538,0.49044440287235463,0.5068795021642379,0.49160994495920834,0.4998219809296433
OO-OXXXOX,0.5042789348364783,0.49688069343574115,0.6872379594563112,0.5020668933729941,0.5032594128100324,0.5094749372083462,0.4991840093143534,0.4967028185176487,0.5057904106659549
OOXXO--X-,0.5052105717501038,0.49241998149296207,0.5023679428224619,0.5060918752815871,0.502295149727361,0.1680804347115351,0.2267719757587045,0.49381074145092957,0.6868123335017181
X-OX-O---,0.49647203050774674,0.502882675995115,0.5048540370103912,0.4959693707413893,0.6839920958015209,0.504204245190405,0.6872379594522272,1.0924070644424737,0.6779359504687523
O-XOXX--O,0.48870409993484343,0.42420041347141657,0.5876556653940106,0.4476665585939109,0.4146112909145243,0.5124466246568589,0.6872379240140314,0.6880858137688302,0.4333557287824408
-X-OO-OXX,0.23419775241117768,0.4966178523200222,0.15829082170169972,0.4901991656187771,0.49305183115224627,0.9144876967771474,0.5011758151920048,0.4902112959466575,0.4961238972227619
OX-XXO-O-,0.5050848017046164,0.5000781365356773,0.4038202431589517,0.4936869299720313,0.5012376717637052,0.492378831032606,0.610390194641633,0.49181321257333427,1.1562866356117587
-O--XXO--,0.6784193164505258,0.5041179930173066,0.47294264068168806,0.6868383689542245,0.5073516423830732,0.49739679769815726,0.5095233551774372,0.6872178796003308,0.6872108052923714
X-OO---X-,0.49757317756860714,0.7791046247632518,0.5087662774397913,0.4906996095286356,0.6462952922052718,0.5065312794202937,0.3751753730494958,0.5000775730880277,0.4917898604234382
-X--OX-OO,0.7374839572039883,0.507271376883575,0.161431165034073,0.030050877203381343,0.49629470584195107,0.5005572057939401,-0.22620976571874296,0.5035602655747716,0.507271002007616
XX-OXOO-O,0.4918987497983178,0.49798806427122544,0.6872379598132785,0.4908791704220204,0.49817886400151135,0.5061012465421736,0.5066229012977546,0.6872338470670687,0.49387665156422084
-OO-XXXO-,0.6872379594570067,0.4981837478637997,0.49806550998738036,0.498764103260434,0.49763955160489187,0.49616302388844036,0.4976200362899756,0.5013886554199355,-0.3462623105482264
OO---XX--,0.5008562793658495,0.49074493754402954,0.68723359964676,0.5021088954999957,0.40988702379221087,0.49552815041006854,0.5080627111476018,0.043297536862035524,0.6966360217771652
XX-X-OOO-,0.4901739319383387,0.49598672697983076,0.6450321600948187,0.49425525542823323,-0.7959452712962687,0.5017610540757478,0.49441337826391263,0.499067776636158,0.6965787141725782
XXOO-X--O,0.3822784089694564,0.5660673432022542,0.5867930956836982,0.991213815682375,0.18445686753421175,0.16433569711581475,0.809119385636591,1.140110485969893,0.4733126855779274
--O--X---,0.9790937229425463,1.0867743538196857,0.5019164833770153,0.10181888628108915,0.019971089904034456,0.4930465786352884,0.0818747905915369,0.04959359293329357,0.010468871921678724
O-OX--OXX,0.4943811231339092,0.8224722203308346,0.5015574295491361,0.4709943790109381,0.019523996005844313,0.033289508123109046,0.5468625000031646,0.4709680550942962,0.5386381221072467
OO-O--X-X,0.4906333968345794,0.5068738913935137,0.6872340070951464,0.4920717212584871,0.6457878205011456,0.6852793212276153,0.49413875518639894,0.687237968582781,0.5032894779724623
--OOXX-O-,-0.2877226599973499,0.024859565012453455,0.5550509904166855,0.5352585453391157,0.42635090930418446,0.5860945775337543,0.256813684725117,0.5119967841620134,0.18418594224600715
OO-OXXXO-,0.4519508939044373,0.4575823150912753,0.6872379588519499,0.5992405083165824,0.42080848798244996,0.5474264803782918,0.5465703593034854,0.585976254692859,0.4529631077501088
------XO-,0.15361518552181058,0.6266002778683376,0.1578723817057271,0.37310478604107666,0.6829624744282746,0.11489606076368153,0.4966299100288322,0.4946544182043393,0.5229122426128162
--OXX-OOX,0.6513501383002744,0.6809503339022821,0.5874002105571007,0.4029948958238552,0.44205898882224826,0.68723785491062,0.5841156057611181,0.5067923562898466,0.4615574435651284
-O-O-XOX-,0.6279490978531417,0.49306962399845194,0.49716446698592104,0.5046252722447867,0.4886279009190373,0.49397967512114055,0.4938715354966109,0.5015061751149831,0.5436656824343268
--O-OX-OX,0.21044690312765246,0.10613919359744162,0.49028581489030576,-0.040358498967836165,0.5093364863854846,0.49266861004359636,0.5631118806697899,0.5084455188967759,0.49323088537145354
X-X-OO-XO,0.506910572033035,0.643945589642421,0.4930728758262466,0.6872178091011676,0.5038135106982214,0.5062402743227157,0.7801620825213864,0.4973217391080285,0.4935546248079155
OOXXO-OX-,0.5075830246348658,0.49088381842411677,0.5076951993189238,0.4907447703919034,0.49549177603340844,0.7821668765811394,0.4968755350932315,0.49925591100584404,0.2667370806950853
OX--O-OXX,0.5738734220954654,0.44616516792912136,0.4500904943532668,0.2809153627989427,0.42098298174230897,1.1806405458657863,0.5652640636252863,0.5717707560165226,0.4054491923422316
OO-OXX-XO,0.5078835241121745,0.5056111817798417,0.42202846629682006,0.5004616411634514,0.4928005550946566,0.5092238134951164,0.04065390282825487,0.49987270317246035,0.509260154750468
O-O-XXOX-,0.508099322650361,0.6872336574037011,0.49408250726027125,0.6868010153260989,0.50312957049638,0.5008402461038,0.4991528517073438,0.5021660196689517,0.40306666780079126
OXXO---O-,0.5080838191655705,0.4932456210984292,0.5095168305358911,0.5047331175035592,0.0805268533430109,0.4552434620091003,0.7562980600866999,0.49320894658993786,1.6130395296726971
-X--OX-O-,0.6778623910715444,0.5053060815815107,0.6783137170114186,0.7319531388772538,0.507449833878063,0.4938830757055416,0.4917610421914271,0.49281183980585497,0.4510929238714795
-OO-XXXOO,0.49142265732056845,0.44501618483285915,0.4997303760782075,0.6872379594475261,0.5745031446607504,0.4123009707920817,0.5800976999511681,0.475589148830793,0.5440886284189368
XX-OXOO--,0.4497609827137532,0.552932149655399,0.5204874703099465,0.5313596167339117,0.4347734651687762,0.5746002697110587,0.41356878356906485,0.6872379594561496,0.6746731933588135
-OO-O-XX-,0.6957449298692191,0.509608214932273,0.5083610172869287,0.6302183493450015,0.5074552794262198,0.32245811703546,0.5017064666596165,0.4963642019998247,0.685239576586979
-O--XXO-O,0.04854292012198613,0.4567246031671518,1.3097585870228579,0.6872379594563112,0.4961471049979184,0.5513765356912512,0.578448351719188,0.14819718945815996,0.4486136955584692
OOXXO-OXX,0.49137041188888797,0.5023676156475227,0.5020134799533241,0.4932161538358364,0.4908893202492354,0.6872379594563112,0.49110579816265154,0.4952831801563258,0.5054548518690585
-XO--O--X,0.41863744221460997,0.505130005288683,0.49886021578472334,0.45266225396405213,0.6742827548482659,0.5028044428613109,0.4570602696544361,0.6872330131454654,0.5071150063732158
-------XO,0.27392160364284124,0.6866013401161292,0.6682045745202466,1.1551056263844868,0.010650736723189946,0.1474872208145595,0.04674060045010964,0.49100748830325036,0.4968676175490258
X-OO---XO,0.5339660097425194,0.3240052490521155,0.543302818174907,0.5960152910429259,-0.3365468515809512,0.17398893398897208,0.18693556370872821,0.4421550889798582,0.5660383676189356
X-OX-OO-X,0.5084274266685654,0.30501413474466305,0.506847019849923,0.4909337200781956,0.6871481239387844,0.503688957449152,0.507361344270642,0.004942081557106626,0.4930977846271427
OO---XX-O,0.5020498800259406,0.5039319122826683,-0.3754614943178828,0.12891007628480766,0.04811634560223754,0.5040706321895367,0.5015902205189704,0.6704457441741588,0.49519655580209504
X-----XOO,0.49661603136699106,0.6469394507542379,0.6872379590369003,0.6872379594563112,0.8633880588549547,0.6872368271126394,0.5059695196669874,0.5064594463497876,0.499408628399407
-X-XOO-OX,0.5036135067643169,0.5072404144416808,0.6880081106521083,0.5001386958055678,0.5093224382132353,0.5045242654983958,0.4880098986939484,0.4999542742064208,0.5046112917904781
XO-O-XOXO,0.7024492184494348,0.8210949351653198,0.2602743683648875,0.7650042050887742,1.093927832878871,0.7545075333227799,0.3199652833174871,0.4610454257969918,0.7884402359122441
OXOOO-X-X,0.4901189594234224,0.5063189418180148,0.5031134890217425,0.5045039530910119,0.5054938497638974,0.08378654229642457,0.4956318241307149,0.6872379598779543,0.5005497281504498
--O--X--O,0.1664458757777304,0.15611403686251818,0.49413685657946693,0.4034921625797647,0.6869600064927935,0.5015534391841471,0.0932783230980071,0.2729993252987729,0.4915580289336212
XOXXOOO-X,0.49982059635691256,0.49500021017169343,0.5023186061591994,0.5014598075812372,0.5044763024615052,0.5052664648292908,0.5076510229927708,0.31753703144604223,0.503464159273054
XX--OOO-X,0.49301577654604023,0.4955709124164382,0.6872377755180251,0.5045482417535142,0.5083215926347673,0.4943581723299573,0.5053773252249026,0.21653073089411096,0.5003413014386157
XXO-OOXO-,0.4952721530374028,0.5042801703803397,0.5089075742506702,0.6872379597184372,0.5057491809803881,0.5067532180171408,0.49567210646784526,0.5086413987703511,0.061957548377905125
-OOXOXX-O,0.6872379179474261,0.4978772742142243,0.4927444932043459,0.49677141415715725,0.5020151991446403,0.5011090252936861,0.49652106781159544,0.26147617904878695,0.5097682789943268
O-OXXO--X,0.4870839901637961,0.43032374638902,0.5049910361922493,0.5118304366399661,0.5395456842428429,0.41097783154657436,-0.2577715039847448,0.3421541368636388,0.47986445927435833
OXXXOOXO-,0.5098352256157929,0.5001916880735846,0.5088658133456153,0.4992009870718491,0.499739998445999,0.5039381086863541,0.4966666391580779,0.5051174395353816,0.5553872568887157
O--O-X---,0.5081253036428806,0.1050775836646951,0.087776442901495,0.49381897789184415,0.14042709695487676,0.5041258217793408,-0.10225252942656138,0.12328821769311687,0.2865445049555153
OO-OXX-X-,0.06793184858474444,0.37522600020641317,0.008065702423974808,0.2931136459453453,0.9290785459929505,0.16801625220184668,0.5096516213439631,0.2514911352234299,0.018974770771660876
-XO--O---,0.738425003777614,0.5058781198225022,0.5049922300652275,0.5244383047631045,0.22353945858985502,0.504933060947731,0.481437253620464,0.035315898324986605,0.07115286333170834
-O-OX---X,0.6873164077515272,0.504833311932922,0.6872371159095111,0.49230838054806336,0.49535997336097637,0.34670661591547425,0.6782675280861346,0.6872370421969052,0.491177984732242
-OXXOO--X,0.238447434500476,0.4953487242050153,0.4953623940882549,0.5073842935897916,0.4971058050237743,0.5007191676963896,0.6853311982051019,0.6782595206267721,0.49462437153045535
-O-O-XXO-,0.19204221006913413,0.5088119102467173,0.24088340182121826,0.4933808768320448,0.6457241045007924,0.5099446534799656,0.49332662817772605,0.4990239107866001,1.1653607571567544
O-OXXO---,0.5164171205586864,0.5334231874491259,0.5563763858457347,0.5027790913141955,0.4813385465317476,0.5436044202390039,0.3023545680511478,0.2661077152637407,-0.36706262941224554
XOXO--X-O,0.5070929813621069,0.49656417196006847,0.4991370931558029,0.4916274666918805,0.6852964887950734,0.20540306011185416,0.4943360997666679,0.6011238715319284,0.4965293895083494
XO-O-XOX-,0.5039062133903378,0.5053578665629351,0.31816491883084985,0.5084840821620664,0.46866949973529337,0.5089643009738909,0.4952080947989651,0.49917339997987764,0.6872377678674232
O-XX-XO-O,0.5076916291688292,0.11283044172068446,0.5004425404216527,0.4926932865565536,0.6872955471247585,0.4913257833143706,0.49028994636995626,0.7211891843749885,0.49298837267622236
O-OOX-XOX,0.42911272602924794,0.49044599650204823,0.4668018642009721,0.5071762899549344,0.4100413086347222,-0.31382326727427334,0.5329238326472525,0.5161308254864632,0.4218937499371435
OO-XX-OOX,0.5041029500340458,0.4914102839002676,0.08480241414898759,0.4983254556705324,0.5093020896527634,0.6872379594554237,0.5059214652288178,0.4953792576267785,0.4914942538953402
-O-X----O,0.5981417662180011,0.49789903355943216,0.16894214670018604,0.4976276997064998,0.6447465502391907,0.21394773840203296,0.6439889182453815,0.28122584375552473,0.49774684009340353
O----OX-X,0.5093346347798529,0.7449804674785938,0.32743132849887735,0.6872894200988633,0.025775247088210163,0.4929849208810726,0.5007376414361977,0.6872379594563112,0.5064684904802375
-OOXXO-X-,0.5027094535208414,0.5072817557396636,0.5025648165600334,0.5024320900144698,0.4988801029705746,0.5087285305316911,0.04787217473367822,0.509766755515197,0.7048275310475067
O---OO-XX,0.49174293846097106,0.46174309768236577,0.4025300327572511,0.526111901695557,0.491525229648463,0.5056914441049534,0.6872379163945607,0.49476178574712576,0.4986045612237534
XOXOO--XO,0.5028272875700629,0.4952940566589173,0.508618569679572,0.4959705741008927,0.49812512068049297,0.5335800654580419,0.13158465374598993,0.5077263910587612,0.501991336009646
--OOXXOX-,0.685215640398163,0.681352927201878,0.4133601089912552,0.556024201912026,0.4688678340735391,0.4984361317831715,0.5972178026608111,0.4458873178119771,0.6855749082009129
-X-OO--XO,0.40798400460750317,0.8874390296005772,-0.9573463559304167,0.19451555402296195,0.16015762163315983,0.27189228876535876,0.2636593069365757,0.9144057556551803,0.5055027247392495
X-OX-OO--,0.5080345475208204,0.7772146581335473,0.4947034259818508,0.4917630332855788,0.402195964629497,0.4981237106811034,0.5031622915814908,0.04107935611333802,0.748383433451991
OXXO---OX,0.49105731929810836,0.4975327999095496,0.5064063417417721,0.4933040416047458,0.4722434506073378,0.6441815260792908,0.6872370714255773,0.4944062655162724,0.494026974913486
---O-OXOX,0.44253768398355064,0.25567827574612667,0.5100722768222241,0.5390775349423595,0.14071109465007808,0.49885982104126986,0.46322849545126465,0.407824843820487,0.41190716612267486
OXOXX-O-O,0.5849229559740491,0.49522383276690624,0.44102603580126604,0.5109063324817554,0.46074061871560323,0.6872343903642549,0.5034797648121442,0.6872379594563068,0.5026580838175814
O-OX--XOX,0.5054399720563848,0.28454195689341455,0.5085479814954889,0.49968208296002964,0.45347017179539295,0.5004990657269155,0.49404193170961874,0.5087382076194401,0.49571206337320434
O-O-XX-O-,0.5037898563287011,0.42607546010049346,0.5047579981683432,0.687237959457211,0.5004832918325645,0.49598466206657277,0.5035975613806722,0.491525586644836,1.2069519820365822
-OX-XO-OX,0.6872379594563127,0.5083217031927623,0.49913714032933265,0.6868010879696763,0.5031773617345753,0.4963377232100903,0.6853418061887611,0.49339528073130884,0.5055138971997456
OX-XXO-OO,0.4014288406884761,0.5585080251637345,0.22064580029536218,0.5787290253166969,0.46541418256454936,0.5843159947318617,0.7680577728946633,0.5140439548686534,0.5486206705855057
XOXXOOO--,0.5074206816021062,0.49491778929301183,0.5041183090026703,0.5062432914723372,0.5039492803687817,0.4961766921500859,0.5084044636121998,1.0724802851324564,1.0729822602987238
-O-OX----,0.3838462120251768,0.5085679522728702,0.3603614570537683,0.5095453583455124,0.5006290281676559,0.10102499940225729,0.9731584049613136,0.42484517582794756,0.6896491109138739
OX--O--X-,0.49925587441632535,0.5050179831102519,0.23009665188972905,0.18421679680268166,0.49784536245501804,0.3173164692067515,0.37201332992178704,0.5058688322261141,0.42889788394023565
--OXX-OO-,0.46309472302506904,0.4957035943616477,0.500198649536803,0.5057378259626328,0.5097613272573962,0.6872187222789838,0.490009643887881,0.5041619137500709,0.6684389369866821
XOXOO--X-,0.5063090055651766,0.5031518622248592,0.5068470214223597,0.4917230989840082,0.5050989339665823,0.49000631247361837,0.5072872829714091,0.5066311922601575,1.0278899532638426
-X-OO--X-,0.06802744132445143,0.49061184426371096,0.4021079141761611,0.49897465722130263,0.493031002927223,0.400120339300778,0.4681726962711965,0.49449436129632013,0.40141000309306435
XOO---XXO,0.49454033066067965,0.5026876526027576,0.5099835000352945,0.6783974955030219,1.0359998529504193,1.2911936329535796,0.49939301803648156,0.500215960779952,0.49666151246449397
-O-X-----,0.6873630050499216,0.5001959721673392,0.2504739819321728,0.4924145119876542,0.6872310682589966,0.1348484872709303,0.1599050692423442,0.11329675189565058,0.6956162111739768
X---XOOO-,0.49722816021777694,0.6450728283610055,0.4934462665226317,0.6539076608537826,0.49333506095229945,0.5022174016981842,0.5027927690444192,0.49106769327676375,0.687237959058796
X-O--XOO-,0.5384094707718106,0.4742802417035435,0.46164638614744163,0.26200222948896146,0.8566580593552987,0.5066357385613282,0.5503268003603616,0.42060220746090704,0.3770412346217301
--OX-O--X,0.8200942021129866,0.4066546342932008,0.4933364136415624,0.4983285666535006,0.6868402000724332,0.4985678661079588,0.6873732843703758,0.6871509411274643,0.49980132166630153
OO-XX--O-,0.49319554094342405,0.4911554362546715,0.6464494712311079,0.49135836156999035,0.5044348586223785,0.6871444026719062,0.49328769979190995,0.5040376008255633,0.34588027532044785
OXOXX---O,0.45750775149137446,0.5577763688088204,0.5705956387183132,0.5800888748768052,0.4405219684677764,0.6872379575543381,0.4167325099473162,0.6250023380096427,0.5203333358374642
----XO--O,0.16027162966264785,0.32680649488261726,0.6400985270885812,0.6254708547980566,0.4957189101207963,0.498086149409552,0.2982025630180294,0.10686340422492718,0.49690117890460167
O-O---X--,0.49858167166408707,0.008654504690483289,0.5039190687082711,0.43167337420067003,0.030594417107688177,0.13234955253875197,0.5043030083930057,0.01037332595974183,0.18064653107320122
XOXOO-OXX,0.49785395636696356,0.4961094790060076,0.5005090731967105,0.49028012213436045,0.5021938490596757,0.6872379594563112,0.4918383928408996,0.49488391203414395,0.5090492034941658
O---X-XOO,0.4948391828813432,0.01434846521221489,0.6872336742135396,0.6868039350635512,0.49782533890226605,0.6872372194935171,0.4944035947089278,0.49751178367115884,0.5025306280202189
--X-OOX--,0.6787330666765822,0.4581605537351517,0.5879099146899347,0.5600016843559518,0.4796352556892866,0.5905636059194652,0.4196385894513962,0.727548839096133,0.88653573612144
-XO--OO-X,0.8762294965232658,0.5817735107760942,0.531220580505224,0.7735936895547535,0.6848252740539704,0.5636347705378025,0.5173096399050416,0.21055016428684536,0.4468594651994437
-OOXXOXO-,0.6868116827717174,0.4920898336313102,0.49836910197013334,0.4991295977672263,0.5018969187445784,0.49795669739943865,0.506511325830263,0.49396803311038706,0.11533524813643858
-X-OO-XO-,0.8296988744847829,0.5043265274233643,0.5707238681453167,0.49362299110803054,0.5080787829815376,0.8299379740539592,0.49227516399878624,0.5096071779970675,0.44134815484689904
X-O--XOOX,0.8325937996963005,0.08821878972179054,0.42577022953023347,-0.2899418042167834,0.6744195683808615,0.09523191169482847,0.47273300507465466,0.19557806565085456,0.8747686398079485
XX-X-O-OO,0.49011041373012304,0.49102595945041666,0.6872195815168524,0.4977662109451147,0.654786619881875,0.49870785347619934,0.49593459147934355,0.5048995561179072,0.5035072796821154
O-O-XX-OX,0.4997045663569633,0.49814583593994455,0.49702113450462576,0.6872379594563373,0.4972331261256434,0.49029128123885674,0.05858058717258263,0.49123466542491584,0.4921920064547695
XX-O--XOO,0.49346885526815426,0.49241431189800144,0.6868242749627546,0.5081617303783961,0.6066243643896516,0.5250530639902646,0.5085253985746527,0.5008338642517578,0.5086936584165338
--OX-O---,0.31065908151854393,0.33142960777983477,0.491988959007543,0.49418033671944445,1.0405829030372904,0.49535071017334037,0.2886395210660122,0.09665442741726649,-0.14385763507637084
O--XO-X--,0.5071169416951087,0.24988576136900703,0.5387300691923945,0.5033078642538932,0.5085428625078545,0.06228745747171133,0.5025525344070422,0.09029421655263292,0.016555944907711173
OXOX-XOXO,0.5099662250562483,0.5088559776432279,0.5062970652051254,0.5094218779123781,0.687237959475791,0.5035099169001276,0.49619666108446253,0.49372237800598884,0.4979857955752579
O-OX--XO-,0.49750071377500565,0.3528039214939743,0.500804878418555,0.49522445030875395,0.5415172114431017,0.5147223509364726,0.4920470619202005,0.5082368996341561,0.34758724946115044
OX--O-XO-,0.480554916912334,0.5737454226326351,0.45906212762431214,-0.07543493276314805,0.5948890714315855,0.1102258122248656,0.5135727232002415,0.5047311151602298,0.8410974664439055
-O-O-X-XO,1.5128883303412501,0.5028379806507278,1.3334773205290942,0.5006189829842332,0.15601937872247723,0.500542689272251,0.13121569760048646,0.4944501540651157,0.5085186953649762
X--XOX-OO,0.4931277813562688,1.1454009906920208,0.9923334626625089,0.5043470287433373,0.4943888290363616,0.5086317965210896,0.6854023553735284,0.5088502756477229,0.4922272521147703
O-OXXOO-X,0.5031448177044173,0.5172003965672296,0.49678926831884873,0.50957365440643,0.5040183159143822,0.4980421748264195,0.5098270300295099,1.2834864144203317,0.4998594698338949
XXOX--O-O,0.18133733436172317,0.8732910869155365,0.23470825071636636,0.49628373315689234,0.13959015716346918,0.09846590614492995,0.07065190126378307,1.0381371803802821,0.4279199727763313
X-X-OOOX-,0.49697540203562307,0.687237959363955,0.507792791900649,0.1421967854060706,0.505926111646527,0.5012755786399142,0.5089655025606237,0.49532868860644963,0.961438261210301
XO-X--OO-,0.41109541184075415,0.5641926288257607,0.47992649714091684,0.4251324198479753,0.6506890778018314,0.15054613781622989,0.44389348315221033,0.44701544519523584,0.8178601477004263
--OO--X--,0.6847796283655473,0.02472938903379318,0.5082257360960133,0.5042736805444773,0.42138560796421637,0.5007455015545473,0.49777426629796423,0.6995074197243499,0.6415860593008185
O---X-XO-,0.5016438075467973,0.0882695795934445,0.6872379594563112,0.6872178064678124,0.506159929520695,0.6877284419934959,0.49298104753896266,0.5043528242731036,0.47853161754823753
O-OOX--XX,0.5092287810549038,0.6872415794000771,0.5075572132283707,0.5057020720018646,0.5065327101673505,0.8609123712653015,0.6853843924196238,0.5038798984397288,0.4994541536035515
XX-OXO--O,0.47068856667456005,0.5741244936589256,0.65282179891712,0.5492867521293814,0.5787544713034862,0.4514324357468084,1.5910092513295229,0.68716070780659,0.44889667399948513
-XOOOX--X,0.5012239258693577,0.5041653453135445,0.4931829541481692,0.49449758861053195,0.4950847244885695,0.49989243612744855,0.6853873192289158,0.4957369455343219,0.4939116057511226
X-OO--OX-,0.5715962356317597,0.5757467280520241,0.5834936899907417,0.4911505545427978,0.686655755718588,0.1668204509327006,0.40473070811327516,0.5019912545961367,0.03811875990852176
-OXOO-X-X,0.29639271249833554,0.46570851756303455,0.5186407005373097,0.5310447111662747,0.571293080334726,0.6844114281773709,0.478176415218029,0.6872210397085838,0.45556008742335785
--X-OOX-O,0.744634151568908,0.14571115747931507,0.5074938976783168,0.6867969341239566,0.5001172611328909,0.49017408303417326,0.5065225571354177,1.0737301264162955,0.5024920758350092
-OX-XO-O-,0.6777804894073677,0.5039109832909747,0.5025807219161713,0.158522753815464,0.500270322632434,0.49346686483030305,0.6872379593670903,0.5036328250555415,0.6787210618652701
OXX--XOO-,0.3639266270308884,0.30167277091657607,0.4003784534804261,0.52497918747894,0.0735319608256042,0.4795789106863909,0.04074326338359302,0.8817657082849807,0.6889464802205157
OXO-OX--X,0.5055872139333755,0.4950543282220642,0.5047419329263217,0.36473033480538963,0.49715955496669284,0.49168996510874585,0.7278061472085617,0.4290643208522452,0.4912148411327474
-OXXOO---,0.11584064434791208,0.4918019428590348,0.5096453952712902,0.5036780131908114,0.5085008805192667,0.49277952590421015,1.0191151374191134,0.27746728811816157,0.4696094104126393
X-X-OOOXO,0.49714723247168224,0.6872379594563115,0.5044454895960386,0.07328260835166278,0.5090763731153305,0.49385479170966534,0.4945538104072444,0.504870553057318,0.4900009680098619
-O-O-X-X-,0.8087629221884332,0.45698353842097916,0.7275868476762312,0.4786418930600348,0.2749112063867878,0.5446250580975628,0.4806720743474294,0.40039460409491484,0.6858263701369688
-X-XOOOXO,0.19462735785676732,0.5099531108016938,0.10924790019229413,0.5041968313716203,0.4931577005750623,0.5085413695486855,0.49721480633784215,0.4935717501398883,0.492585026028909
-X---X-OO,0.1631915152868486,0.4338021846516903,0.6895416423087459,0.5059998555371049,0.10314679080105049,0.4053894950694162,0.6618123363461764,0.5634683561856002,0.5196460044622823
-OO---OXX,0.6171533695906488,0.829742117336741,0.929364566117386,0.2914578869381148,0.6886613227142875,0.15808619225824228,0.4922549889957364,0.8189178357989645,0.44632433123829873
--O-OXX-O,0.00917985933811405,0.25500346324499,0.49066802955450695,0.33296969918920755,0.5073277277112749,0.4962679188679488,0.5031732749376494,0.5691448148687146,0.49872161302667684
XOOOXX---,0.49229829882440984,0.5039556312801994,0.5047110975066901,0.4977741034685846,0.5075232746512234,0.5086969867907545,0.6385997068176001,0.1054950384904968,0.6872379595469399
XO-OX----,0.49877554543839686,0.5018207782608682,0.6787181501509228,0.5091239402283759,0.508528946135807,0.6965578500267313,0.687235479455015,0.765966893438532,0.6872379594563112
-XXXO--OO,0.687235699483449,0.44563678169895776,0.4982929555935587,0.447358072616493,0.5064107645771009,0.4788559355250355,0.6454300873135905,0.5941287368373085,0.46600058787702214
OO---X--X,0.49359716585137653,0.5063359947849925,0.6872379506331311,1.1438390434184937,0.7925998755132263,0.5049108662752516,0.6323211424741735,0.38823467577020543,0.498093933882376
O-O-XXXO-,0.49209449637896957,0.111159945340083,0.50619629024705,0.68723795760071,0.5035276188442485,0.5040749344147558,0.5038584958873579,0.5084056116654109,0.3468714807495017
O--OOXX--,0.49774086082700003,0.8544215694386588,0.7961252399007116,0.49274436214691403,0.4948955683878668,0.49503728879402237,0.5043187182275697,0.012232673912713543,0.05544621546666412
-O-X--O--,1.3311486044664806,0.5033400550898091,0.1131428479929738,0.5065765719504729,0.7143266827539931,0.694059509305053,0.5031772816005351,0.49407344058281333,0.7285654445061487
O-OX---OX,0.49152854320740086,0.3634630127508432,0.47591169936780575,0.5756033535306537,0.4723308149171173,0.9734411405546498,0.5050657979123497,0.5404150161022105,0.4114970118931173
-X-OXO--O,0.6931523912697474,0.5040743372364065,0.6875992173021154,0.5048173994007196,0.5013242144649177,0.4995498305564833,0.4973359495070136,0.6868373842241234,0.49259008506568475
-XO-X-OO-,0.7468417953925223,0.49561178638308434,0.4908931141316872,0.20103449463878648,0.49284915785410605,1.181329794364435,0.49949861804260814,0.5040936744846783,0.7130434588661211
OX-X--XOO,0.5843357280753316,0.5742522549562125,0.3559901167423224,0.5432302445403363,0.6866395798922139,0.26489569064282814,0.5928142951460624,0.4524766865995757,0.5060169779859354
O--OXOXOX,0.49175365547965044,0.49824616631779933,0.6872379594563454,0.49992433081432347,0.5020270714064241,0.4984254250479172,0.4960718267835949,0.49509111733608796,0.496494685679241
--XX-OOO-,0.42671297359443816,0.6503872617468222,0.5361174705520124,0.40332525609671,0.37074616220693524,0.5582171619431159,0.43972932779941365,0.5439426188237244,0.5569385771723939
--O-OXX--,0.6780972245606358,0.5020391665151055,0.5394581184793693,0.636833931382443,0.560090684747844,0.5778734426730542,0.4620151321302788,0.4152095666578929,-0.3839229216458756
XOOOXX--O,0.4992786993781353,0.49838871969664944,0.49136579196642793,0.4992166117888136,0.4981886030199371,0.49719224211361907,0.3348154563668846,0.23974228783092738,0.5009350944238686
XOXX-O--O,0.466180393359646,0.6672874428097818,0.2786992821219556,0.29408915858979867,0.6639469184283189,0.15895115317794473,0.6872422759486391,0.4793569372734485,0.07159192616044818
X-XOOXOO-,0.4916042132705194,0.6872192974064476,0.5095048197157738,0.49455168582772435,0.4991974990463083,0.5078978269912844,0.503437098344296,0.4926356335533601,0.6872388785068312
--X-OOO-X,0.6244375042301753,-0.28092729061728683,0.4902743091452518,0.462638587236465,0.502170651486502,0.49593459778065907,0.5097163190786685,0.005268320473426402,0.49315432042394225
OX--O-XOX,0.5083969579323862,0.4945299519817493,0.6465182773126127,0.8231731273073813,0.5089755877210055,0.10402475396597,0.5074947622654883,0.5016843041238727,0.49770919128958213
OO--X-O-X,0.4942945323674024,0.4990348646716798,1.317544540653072,0.005802219794177832,0.5031452519185425,0.407613939231623,0.4906813571367682,0.4080963488768682,0.490957805278114
O-X----OX,0.5060010937243108,0.4229832617059692,0.4995447296625457,0.6920651230210907,0.8054688031797028,0.6868075562969732,0.6861217515094314,0.49236881627698714,0.5098792839097148
OXXX-OO-O,0.4792255235895655,0.5572924160172742,0.5832585814929343,0.5902687046817929,0.2995698040521967,0.45302894910771385,0.5942270096363077,1.1382569901187611,0.5769263123675928
-XOOOX---,0.5124973964842103,0.35157092745406315,0.719033702105023,0.053640199112126474,0.020031153405127733,0.6129587374839445,0.10663851023557003,0.20268215701082076,0.22572918675637632
O-O-XXXOO,0.52631815637066,0.37764877085805704,0.43443983703509226,0.6872379577585903,0.5168974160804878,0.4009702005858863,0.5505251348697155,0.5314037868567406,0.5031743926511862
-OO-XXOX-,0.6872379594563527,0.49598946828205753,0.49056919647737346,0.6872190555689881,0.5048783359903447,0.5059826032033073,0.5042110198761336,0.4905379531219572,0.10769295909288867
-X-OXO---,0.6451515327461308,0.49734913409538545,0.6872379594563112,0.4946421694492459,0.49520447734689177,0.508426859022727,0.6872379511072035,0.6868069638770883,0.6846224613878932
X---XO-OO,0.5091500804772124,0.6739949382946605,0.6461375634889658,0.1522019878249663,0.4954858670239455,0.5001359425924677,0.49182659836075837,0.5076719505678233,0.4984333800163473
--O-XOXOX,0.6872379594563113,0.04813023705142938,0.4177948048342434,0.35988842694032447,0.5954985507133136,0.40373706182414076,0.47362193806240377,0.5761260428539583,0.4476318345418142
OOXOOXXX-,0.44269073623607974,0.552253701453129,0.5445042083908769,0.5208097603543713,0.4622380840737115,0.44196989260236885,0.41853752873459693,0.4665720166365625,0.6872379594563112
XO-O-X-OX,0.5799745378315702,0.5640353839007108,0.6872377945639802,0.43056780470455513,0.6870159492924337,0.5202020032360795,0.05611726486055413,0.4761722925913779,0.5935076063059033
O--X----O,0.5080380386634692,0.1749146021692256,-0.30417770970462343,0.5096235866841711,0.18633524999202677,0.018556912092833555,0.274981886913729,0.604006962024567,0.49322057489096727
OO--OXXX-,0.41861588723833554,0.588383449418948,0.42449667056239493,-0.09518789863940447,0.5932399400545618,0.5713555763175361,0.4324863363478147,0.5266334458101679,0.6855664826724073
--XOOXX-O,0.6859179703566005,0.13099183734557873,0.5088760430335404,0.5028919982078544,0.504533933973457,0.5095050546334992,0.5033540363143492,0.38106171189714005,0.4985709014492803
XO-O-X-O-,0.9160390234028924,0.024146305265562495,0.09105181012735608,0.9723680653013573,0.18477461617977387,0.8210913498520799,1.1612130709588155,0.19062824879421203,0.2093324997849279
O----OX--,0.49684657368550067,0.21657954215951597,0.6604040318005192,0.7038546366293519,0.6742552879720416,0.5022153685662479,0.4933516881025295,0.9523718922944817,0.07628714501422862
-OXOXX-OO,0.2577025827704144,0.5681054607328138,0.45704996005211873,0.5908628940689644,0.4838755169627834,0.44908285129513026,0.6872378655470218,0.4904535413166347,0.5366092265961654
XOX-XOOXO,0.49667925669615803,0.492900457368068,0.4951743917211371,0.507670476710055,0.5070929055000939,0.5019538094094836,0.5029834138330258,0.49869147535329117,0.5078393990624408
--X-OO---,0.3307662711316731,0.15440679124770007,0.49611284524571614,0.4602430650273219,0.49158499947638234,0.509924748622262,0.4649902846480455,0.5285340353824178,0.029204818312832947
--O-XOXO-,0.6778179264919209,0.4138409504844478,0.5004595591705736,0.2313269637459272,0.493997810446717,0.5043254087215383,0.5094991035929789,0.4984601046245317,0.6941249838133065
---XOX-O-,0.24522297000752458,0.013866612572159154,0.43978540226251955,0.49464860976741476,0.499529660592698,0.5033660377119068,0.5595364492412827,0.4984637838811448,0.3693081386435054
XO-OX---O,0.5079428649988469,0.49147365607320187,0.6743917004420693,0.49392443610279346,0.5066246410729363,0.5503355333127099,0.34044202903574283,1.409503851390192,0.4946390513893801
OXXX-OO--,0.5068141714293912,0.5067572256829571,0.5013136137578326,0.49816958315154936,0.964927466456563,0.5097214136129286,0.500579183282947,0.803056998439175,0.6886470957969159
O-X-OXO--,0.5014353489355778,-0.015555385398998145,0.49037081919334463,0.4569195107934517,0.49127576403059103,0.507980931930011,0.49618985606476906,0.6033788915117031,0.6872379594366991
-OX--X--O,1.2118259261101216,0.49540271089228316,0.5058902062736014,0.4845992004755343,0.6868287583947639,0.4993588488347812,0.25129003155888185,0.5089682798593249,0.494104518245136
--XX-OOOX,0.6872961503474632,0.24189691002632935,0.5043823950243221,0.49434200318166494,0.4982957280840329,0.5017069519016132,0.4955123932105584,0.49646661219458693,0.5011346986243145
----XOX-O,0.08130658587463724,0.66803865978716,0.6872379594563112,0.7156060661340502,0.5039725697318618,0.4991810856697046,0.49875402864807894,0.7534207633567572,0.49595350572082314
O--X-----,0.4939202522579617,0.2496196058760179,0.4404754683620451,0.5001169583539401,0.060652470578341056,0.44629061613912385,0.44591194995582917,0.4896148483304084,0.05242698852372346
-X-XOO-XO,0.6299172910586973,0.490705335064853,0.0010723922760835225,0.49214829541528254,0.5048879134907783,0.49958308439315774,1.0204354486684086,0.4942608368893597,0.4904138959631056
O--OXO-XX,0.5007547834358667,0.6872379594563112,0.6872377766499467,0.5012097237349407,0.5057585870511514,0.5048072782227796,0.6853018744062869,0.4926030241342907,0.5051599317540687
-XXO-X-OO,0.6479178506315958,0.5026317577518965,0.4965784888663411,0.5070607630675301,0.9735620523083017,0.507218725374564,0.6872381569987849,0.4922961069156164,0.49610728931992204
X---XO-O-,0.490965894784601,0.49503582507497096,0.6872187811635875,0.4801622837064816,0.4991002078904477,0.49750399829120007,0.6453205223044436,0.49785560773621773,0.6872379594563112
--OXX-OXO,0.14659494029484282,0.687218909547613,0.5090109880949625,0.5056525150175052,0.4970036939005639,0.6440822992188422,0.5082956744046304,0.4975845103491189,0.4930224275713048
-XO-X-OOX,0.685560954591681,0.5263908335094871,0.5048987293244781,0.6871625359763027,0.41694824332734387,0.6872379595323423,0.4110145729444342,0.43167611434949893,0.44117758176535826
-OXOXX-O-,0.6852207072633256,0.5002126985283919,0.4974976203513968,0.4954959455415675,0.4958283849464151,0.4948921760209094,0.49373385788914614,0.5021455491600891,0.6873163970638075
O-X-XOOOX,0.4931112146692142,0.5535459965176898,0.5014545499584242,0.5267201868150523,0.49164643280754056,0.5038929629990548,0.5022900040178641,0.4988525170749841,0.5060605371233876
-O-XO-XXO,0.6513501383002744,0.4154455038198217,0.14672911448318893,0.8536623657483582,0.2010973535579328,0.6734251456002617,0.9650115950177779,0.7288782515356708,0.19040307876144424
---XOX-OO,0.3281279881206586,0.30480678821586715,0.2336501936294647,0.46162767063694865,0.520475131661887,0.5372469445646847,0.4273168691461787,0.5802284676995929,0.5692420839967617
XXOXO---O,0.49014432030660093,0.49546402045004867,0.5085118830711328,0.5079980462758431,0.49569091482855127,0.49713558684564474,0.6872379598137037,0.4900207710092498,0.49730840503763374
-O-X--O-X,0.4669534752660369,0.4982390269898548,0.6873528259032292,0.500365888285971,0.5066490543018052,0.4988035246537221,0.5023519790571854,0.6078432345961773,0.5065984251487397
-O-O-XXOX,0.08788637761487461,0.18498724905360153,0.6513501383002744,0.5016542920533954,0.6872475259891522,0.20512389438817258,0.10684873567192965,0.8666416585972707,0.5729480096046381
O-O-XXOXO,0.505158116624605,0.687221354596175,0.41535850595255225,0.676548172384729,0.5362935357927725,0.5652284208511762,0.5740050071027816,0.5293535372683799,0.43409348209293247
XXOO-XOOX,0.2018804686628063,0.6131940262715626,0.2210601432525302,0.14818604483001252,0.687237959456311,0.4040263334330235,0.5824319009690729,0.1732187407119461,0.47814015806542653
O-X---OXO,0.49020087721199723,0.45124781916570966,0.5059071120788895,0.4198563243983044,0.7042465734802715,0.5220584395404204,0.5047297805078119,0.5051333697794503,0.49788209193768634
O-OX--OX-,0.7896798018880155,0.1025868990967368,0.030730764836965796,0.08935022802458814,0.13778205469973226,0.6678712219998898,0.2744160777533333,0.28891913142946846,0.29467218391104405
X-OO--X--,0.5053214240245057,0.5194980730547787,0.5039730947027726,0.5012478663501815,0.025264774530661283,0.3487959758254391,0.49276335269409693,0.5638151292720601,0.5504713773327166
XOXX-OO-O,0.49317493448655053,0.5014983413765044,0.4977177995585112,0.4961992371772833,0.8993159985501109,0.4908712635022803,0.49130181672251627,0.08161858117756826,0.4976659574526798
---O-OXX-,0.7322444918434008,0.13194584398653186,0.29105781689917926,0.5099665217818263,0.6872379594563112,0.5097913999370134,0.4916880382149304,0.49150881662359014,0.6852196060006872
--X-OO--X,0.5792423898059091,0.24751852429696103,0.505367807925377,0.7132625509245877,0.5089379138021796,0.49518213270932826,0.5621272431751593,0.058140448277204326,0.49807325481240305
OO-X-OX-X,0.49278888898221085,0.4904812770452129,0.6872379594563112,0.4999956366952695,0.11305665307680846,0.49224213993957655,0.49235114717398737,0.6871505813367345,0.5072133015727043
-X-O--X-O,0.37340079889898636,0.43895406727619646,0.8915185321836139,0.5670884114568232,0.4542881487749624,0.4548843473137519,0.4455065503767641,0.3246821761706282,0.5776333999480393
OXOOXX-OX,0.4939775441490205,0.5006817069157347,0.49100700609334047,0.502910271250389,0.492144147443326,0.503326353657986,-0.20952715983617198,0.5038023020816476,0.50073191339088
-O---OOXX,0.707876350311796,0.49541959253984885,0.27766015974920744,0.3476232038426216,0.3233250677080213,0.5086451924691805,0.5047113280692932,0.49033482925763217,0.49441456026518477
OOX--OXXO,0.49388581502517664,0.5048680141795776,0.49643060421932617,0.40520932006315213,0.6872379595323423,0.5095023433030924,0.5031188606146314,0.5077785639941015,0.4995692013699042
XO--XXOO-,0.5060712642652835,0.5089074926747617,0.4013615614722152,0.6868173493895575,0.5096822922491586,0.4956711208942695,0.49628644852591364,0.4928355619741843,0.687316314545648
XOO-O-XX-,0.4972073734381781,0.49799376910992865,0.5092788530736677,0.6853465694608583,0.5018050872745698,0.6781817074886315,0.5051059882396198,0.5076464475899594,0.6872379594563114
OXX-OX-O-,0.49514378572128465,0.5051493822261282,0.49381639904325797,0.41668600012625917,0.5054444597898912,0.4927386126187825,-0.8346338119369603,0.49285931503567226,0.6872181964227606
X--OO---X,0.5005485954397887,0.10915379446111162,0.08692442243554921,0.49693527698755224,0.4968579797913047,0.6871455177800463,0.23954360397612645,1.1401246049074214,0.4936991442441246
-OXOXXOXO,0.49801176387179225,0.4912188729888618,0.5015167852247222,0.49312735843114,0.4952094807901255,0.49432191132015074,0.5041497086614869,0.5088923487928195,0.49100190344189465
OO-OXX-OX,0.49579807674640336,0.49652162787235893,0.6872379594728204,0.49910799273008355,0.4992792474188935,0.5074181050712995,0.28088289294533525,0.5020211123429129,0.5007959630958467
X-X-OOX-O,0.49354547732619264,0.687237959456311,0.5046699975329352,0.6756417727858115,0.5067972859519111,0.5703940356034869,0.40816641233299533,0.4937680184105663,0.4466899232538879
---XXOOXO,0.2465839982693645,0.6871449070420708,0.6198780306488708,0.49761346869725226,0.5015945783825037,0.49308007491304157,0.5099241788225863,0.4947026738864327,0.49904372333437563
-X-OXOO--,0.6872379594364598,0.5128844848543455,0.21730708847440228,0.5520186770343255,0.594296070571614,0.4040126815276461,0.4572134028924669,0.4729311882542585,0.18387800182537534
XO-O-XOOX,0.4409040284503038,0.4421870340650179,0.6872371923082045,0.5773684535822472,0.6866914035832621,0.46776523191207015,0.5827269193455487,0.5326491793697502,0.4556836304788928
OO-O---XX,2.000544102557809,1.6999146645773668,0.04178460458383204,0.6306952691464897,0.06801929971537901,0.6061266866502275,0.68716070780659,1.2094202526843811,0.5444269041523728
O--OXO-X-,0.5062705543344312,0.6872379594598559,0.6232865661244269,0.5050673896953058,0.5074647740238453,0.49960102446871285,0.6872377722728283,0.49802324408186066,0.4110392137317717
-XO-X--OO,1.3836115971097036,0.5384787095089776,0.518228162870709,0.605304356915322,0.5795017268286478,0.42574683858185813,0.19164606197995293,0.41928764859619655,0.5043826039466708
OOXXXO--O,0.49062427322607527,0.5026024249150625,0.4992264664745826,0.5072051659057556,0.49312606574339396,0.5060300804298224,0.687237986001842,0.5331681911269699,0.5047569409492831
--OO----X,0.02898777255355217,0.5490228895032135,0.5030814116581579,0.5001350201584313,0.649785996258456,0.11979094289028891,0.6873428515236513,0.12491222656568723,0.49848829188903054
O-X---OX-,0.5065182184646597,0.6435517555018859,0.4973583911146216,0.6706248884133467,0.1278191248046749,0.629587087712584,0.5078052159131141,0.5007244828783802,0.026140430934018244
X-OO--X-O,0.5157468831893965,1.5037510284444857,0.5316990314729285,0.5847409497498148,-0.13804866545621552,0.5325555265866779,0.5053924919932012,0.03446302993817807,0.5465440632086178
OXOOXX-O-,0.504686738794295,0.5339808341713239,0.4821461863765116,0.584636234726157,0.5198865868659035,0.4769453107233482,0.1829741947343934,0.5601938404212633,-0.3116999834842439
---XOXOOX,0.3065375239682517,0.3358301182830987,0.6872343903642549,0.42635920873745325,0.4922145280258737,0.5615166637205713,0.5091977429287459,0.43377221157058626,0.4659219534167299
XOOOXXO--,0.496526406191242,0.4914919254476389,0.5062056547059313,0.5049736598857157,0.49474188301295596,0.5017097065847913,0.5045072365198251,0.28251238123406064,0.6872379922735659
XOXX-OO--,0.5261608693039018,0.5823995498000195,0.479728456178498,0.5353738058096098,0.6532765080728357,0.44083101849798545,0.5784483989270407,1.3590753410152465,0.0747444427560815
---O-OXXO,0.6388809329030636,0.21318211229588885,0.32834177196835657,0.497931007634621,0.6179653832931258,0.4936965706344922,0.4998754640684439,0.5073484170744884,0.5005377536229906
X-O-OX-OX,0.4916960778988561,0.6370373010852167,0.4915154400536479,0.4503772023114376,0.507808121890129,0.5077532607405045,0.15284589129602633,0.5099042792666796,0.49751228245967827
-XX--OXOO,0.6513501383002744,0.5273544730625972,0.5026959815424058,0.47531203716965653,0.6872379594562836,0.5625832859692919,0.47887673319186314,0.5704863640497354,0.5999989302094698
-O-OOX-XX,0.5057994628226952,0.4976340915199856,0.6872379594563112,0.49868975385154557,0.49415657820018466,0.5062304279891688,0.6872379594563112,0.5085209553469816,0.4927711111526888
-O--O---X,0.027539364912867903,0.49450444738570115,0.37668302030962614,0.36963655204992363,0.49072157359726487,0.16821668023972725,0.7032018312544603,0.6436254192735232,0.5084982185990835
XXOO-XOO-,0.5020548484265358,0.5086346965827351,0.49704703099770503,0.5097885602777475,-1.0152512322590128,0.49720304204573434,0.4952036383871961,0.5043253904417689,0.22375140953717154
OO---XO-X,0.49958221565211064,0.5031187817542675,0.6872422352678528,0.4943004333116017,0.010835339112300058,0.49284796489026206,0.49558981953084885,0.4936787011178721,0.4939811748118378
OOXXXO---,0.4945147537009295,0.49361640038473553,0.5035618238898981,0.5015077326611013,0.4941470001130697,0.5051193890347969,0.6872379594563115,0.17647556456003027,0.6901301144113904
OX----O--,0.5088413374896898,0.49768282030078803,0.12528327895307212,0.8741749673652885,0.8168515874742704,0.00874950794738416,0.4900985888240443,0.9631942878316975,0.09760574637205954
XOO-O-XXO,0.4973339826970112,0.49699084247073555,0.49704854881413774,0.6872379594563112,0.49061983851701063,0.7207601541464641,0.5084511287214427,0.49874718839851057,0.5039437259383127
O--X--O-X,0.4949671865799097,0.97342913926786,0.678313218265545,0.5071522248520045,1.2943756458615205,0.46806268303794274,0.49866772803189446,0.3286027796714168,0.5051480446798167
OXOXOO--X,0.5098799884955909,0.49063553436306095,0.5044894071348553,0.5078912395118046,0.49236730756822283,0.4958831021653343,-0.0701818298647996,1.2622839903676089,0.5075023300494333
XOOXOX--O,0.49488765702720794,0.5039916782745318,0.5080357666122329,0.4912839601621875,0.5096864035236617,0.49459563974694964,0.6872379595469399,0.08523332476039797,0.5027736409207709
OOX--OXX-,0.5062001339386144,0.4985132204359872,0.4995484040516313,0.6872422352678528,0.677884893570612,0.5040856294052936,0.4962466723029331,0.5094177117892599,0.4956793808673965
-OO-XX-XO,0.6779596312209292,0.4939427020247597,0.49434261951261377,0.6782749610165095,0.5012606861931055,0.507182143771466,0.9438195896542838,0.5056905918154332,0.494210110083184
-XO-X--O-,0.4394314387132546,0.5069286137852772,0.49019120331969357,0.68917004588364,0.5096826975233978,0.4289755250551949,0.6887463479839633,0.5038011088063994,0.4853529290123775
O--X--O--,0.5040629972872107,0.16946255739738492,0.7268913092378295,0.5041194761627865,0.17637818770969693,0.009637518772866005,0.4939419582382793,0.23239245273478631,0.2153322783314383
OOXXXOO-X,0.5038202078198685,0.49828714075870556,0.4985820624411669,0.5014829808606752,0.5011076314775577,0.5083364427685702,0.49285688242293846,0.5,0.5021083582369923
X--OO----,0.5080589412884305,0.26272115019855574,0.07475884111842868,0.5065829505107863,0.5076395469427234,0.5414207087925516,0.11804805503763366,0.4429303528657236,0.17699082783619796
-O--XX--O,0.7467381654343649,0.5017099257609454,0.6872377587869666,0.6872379503010968,0.5034884320488268,0.5072753397139768,0.6469066270564465,0.06771469345798709,0.5098453968169758
-X--OXOO-,0.41337698522429905,0.5089922464788242,0.19801283021568095,0.37501478174180386,0.5482099953361218,0.5360952793828779,0.5133451263536332,0.5609430931345321,0.0807604835034178
-O-OOXOXX,-0.10187769251423318,0.10975950623360886,0.52497918747894,0.7398309678898615,0.32595129966205494,0.23802533288297079,0.6035912059925735,0.4622369556344784,0.1645012719094726
--OX-XXOO,0.6452590252857571,0.6460800405746437,0.4940232819305952,0.5021206276606188,0.6872533345980624,0.4988172534156295,0.5019187495834208,0.5039881732313719,0.4954056403099696
OXXX-O--O,0.5043415449551301,0.507251536143162,0.4921711334782343,0.4980657397102366,0.6872183561916942,0.504802233912077,0.4927752418261726,-0.9630212091173154,0.5027743664875238
-XXOX-OO-,0.6872372627491675,0.5539421143850023,0.47920825789019894,0.5030283021074382,0.5112551230948265,1.0075801061567742,0.5222959698699009,0.5116944990405975,1.3425504471993455
--XOXO-XO,0.6872371075145218,0.6872189609730875,0.4961514618715718,0.5062578203284899,0.4978133939659434,0.5083354740836628,0.6872379594563112,0.49595559356104296,0.5055537291339427
-OO-XXOXO,0.5024298456501743,0.5357291662256666,0.40990756920997345,0.6872379594508967,0.48498253693868837,0.46783596770336633,0.5686818265468198,0.4343432885887867,0.5010046217690513
X-O-OX-O-,0.6313287097798909,1.2568008354876927,0.9803406436254309,0.7730235328126531,0.558536163346787,0.26670740510002333,0.18225386245545494,0.3871305814154635,0.6492087782523785
OO---X---,0.49154850848080456,0.5033228754344883,0.10535138916892206,0.05331230866268366,-0.2906513700065836,0.49804509147157644,0.04096395715713946,0.5785829362431294,0.01433341506321023
O-O-XX-XO,0.4906216140804995,0.687237959457211,0.5089296359119695,0.6777437837773856,0.5037849635863507,0.49988087805747367,0.6668422940441897,0.49986327762513244,0.502186913971278
OOXX--X-O,0.4926473969653534,0.491845311703388,0.5026841377719027,0.5031832895213431,0.6872379597821971,0.21366256239652692,0.5090634741815047,0.5988768462689139,0.5002642848346454
-X-OXOO-X,0.6951525251910992,0.501994601651106,0.6919139486845923,0.501915444247054,0.4997872999797865,0.4982938222044902,0.49402199797489976,0.4909045503013339,0.501895689252913
O--OOXX-X,0.45966446341944933,0.6872375490811611,0.6872114938898888,0.41673613117865066,0.44236786022151003,0.5569228579340426,0.5874806784698936,0.6868785765925925,0.4803989194130554
--X--OX-O,0.6780543701590587,0.5073637824834552,0.5028486506676065,0.6871495529447081,0.6872379594563112,0.499516785886459,0.5079646077548986,0.6468125810456401,0.5079745680761037
OXX-OXOO-,0.5030145121266338,0.4976340397694424,0.5039249591339534,-0.3972475603212948,0.5089759541004623,0.49173154829989507,0.5062481892234574,0.4911364726302252,0.687238112135936
O-X-OX---,0.5088329909835753,0.19730806416696317,0.5005994493308971,0.4451249168373689,0.4930307564984567,0.4959617274786098,0.10024210167875558,0.06045082484621356,0.6872379594563112
OO-X-OX--,0.4903683682208822,0.5042880450120016,0.6893864528022684,0.5008825872562582,0.3351671242682521,0.5047865480266541,0.49125172508601517,0.2225014637318663,0.28508696238063824
---XOXOO-,-0.1888795391409147,0.047849881061141075,0.007193272776751747,0.5812438197542976,0.4262489440071006,0.5948267418671811,0.44202300210888584,0.5498177856900801,1.1321651213250776
-O-OOX-X-,0.6271890216506409,0.517727878767834,0.144527065583076,1.6127964788728215,0.4443511450019333,1.0898138852858594,0.5174353701787118,0.8703652379921654,0.52497918747894
-XO-OOXOX,0.03059688011306816,0.5033480792892808,0.4962855260083369,0.49231302112595504,0.5016974245709609,0.49031912806793787,0.5042970272229791,0.4951628381774139,0.5080556348204566
X-O--XOXO,0.4330029827607903,0.7107164370525677,0.048684481389693834,0.6693164063303637,0.6884551399577542,0.5880339319143348,0.862088633448663,0.0757294950757712,0.7764648872710118
-X-XOOOX-,1.140232151281673,0.5043078174878761,0.07132176483125252,0.4966151265261055,0.4933375999971762,0.5057532634426806,0.49677941807161125,0.49524347839777516,1.0733598828224773
--O-XOOX-,0.4940063152778097,0.6872379595331296,0.5057382357482016,0.5071431509479428,0.5080038914872276,0.5026590107370255,0.4983885570994208,0.49731164956004903,0.677789637413284
-X-OO-XXO,-0.3980818089040846,0.4068142618072448,0.7914193270336511,0.4491439305372563,0.5901356806899837,1.0312254702319108,0.4778617000504468,0.4088342786725909,0.5244020582757083
OXO--X--O,0.4913543922760579,0.5025382336052867,0.5003482036352285,0.6958070886320352,0.6852365881218531,0.49938912336963404,0.49823442198430035,0.6890083081555054,0.49776774104848326
-X-O-----,0.05309810442148222,0.4981264859569685,0.5411381646946295,0.49869063691363935,0.0033133771704352832,-0.38354340987483904,0.40160513529512476,0.8909586531597168,0.6470441667389258
XOXOO-XXO,0.5011263913097831,0.5042519856180853,0.5003305318505044,0.4955688976149705,0.4911677332743397,1.0931833774479314,0.500186176354206,0.497401472207102,0.4991793474879939
-XXOOXXOO,0.6872379594563112,0.5048646364781205,0.4914895409547161,0.4994218428862032,0.5009052442753374,0.4987603546854855,0.4937458752282085,0.5027455549738236,0.49359262188908315
X-X--O-OO,0.5351036014392998,0.6288734998452774,0.4040124466995332,0.5001281179809505,0.40695631821945627,0.44670760044819713,0.6843286414825801,0.5884823472920009,0.4532267157961769
O----O--X,0.49712104572904475,0.19070576672480938,0.8529146555546684,0.10035511059841651,0.0035538868141601343,0.4939368235308004,0.4961157522092169,0.11197886513034161,0.5056420848746622
XO--XX-OO,0.5095603316206697,0.4959015667414667,0.49091209994096524,0.6871502265335955,0.49283838929371077,0.4967077499492777,0.6873163970638075,0.5097245627742297,0.49443596942783624
OX-------,0.5039389442405019,0.5010851025583569,0.11046002161409085,0.8879933901079029,0.6872380812340225,0.058511913343197,0.2871426428034646,0.06029516716736577,0.7531162481986057
--XO---XO,0.16918771475277194,0.6872338720492636,0.4974759944973767,0.497120269605858,0.23013509325700987,0.8159411835743013,0.276340257643633,0.49699490948601943,0.49955118975084667
O--XO---X,0.5045392963952647,0.4847261078607222,0.6617446933143942,0.4920407104328629,0.49415711391718153,1.2488925194751799,0.899857360568989,0.6867224745379915,0.496175470601577
-XOO-X--O,0.12272593214104749,0.40471373209271255,0.29799896802813475,0.8613040622945397,0.3882301528950661,0.1853086826348691,0.42331022714706634,0.7832045449487857,0.5126803543662005
OX-XOXO--,0.5010616629039913,0.49736860313318915,0.7674428914838076,0.49835781888370206,0.4956157443155973,0.4923917054748984,0.5023517874450684,0.3131278515670278,0.6518885285636039
XXOOXOXO-,0.5069440396746138,0.49663233767664305,0.5081677274676463,0.5008755418771368,0.501996864081302,0.4922001688349986,0.4976409329936918,0.494446918104593,0.6872379594563112
-OX-OXO--,0.08793156061835955,0.5028742838695803,0.5092730415487623,0.07293365649076344,0.5025004909151883,0.506808761184978,0.49492355473774163,0.37508639145036093,0.687237959722997
--X--O---,0.6803520120816954,0.309830307186326,0.492494870605113,0.04131508796402683,0.6872380016825509,0.5096207316813082,0.14415063492175284,0.1128896415623643,0.019371731439661366
OOXXXOO--,0.5053455899155521,0.5054373168306822,0.5025860873016925,0.5079766264159298,0.4988043847972944,0.49955421443774917,0.49144520872072905,-0.18097696192226032,0.8253118189156796
--XO--XO-,0.6872379501316571,0.6795284902012578,0.49461209596726236,0.5029345797872489,0.6872177005757258,0.4909740994624436,0.5029764530217437,0.4928428788079922,0.6868321958305252
O-X----XO,0.5089857629460346,0.6108291433822448,0.5058833050253092,0.058337516978306414,0.6872547606858351,0.4164691078280059,0.6520411878712388,0.5035580396602083,0.49916095328547033
-OO-XXOOX,0.6871514243542887,0.509373553926703,0.5069720794213393,0.6872379611020059,0.4987986587477015,0.4986704967940374,0.49881078602041307,0.5085909281260894,0.4961145090030864
XOXO----O,0.5364388823602887,0.5836822431017078,0.49526561846334904,0.5881466379529419,0.9524751014422297,0.5124973964842103,0.7043303545846185,0.1560195591682092,0.529328398173942
OXO--X---,0.4998503188880035,0.4925194699165433,0.5057232345147775,0.38759457250697543,0.24917083118215544,0.5020090594818344,1.1022591943966373,0.6880062559470194,0.08496265166445266
-X-O----O,0.22126301000848192,0.49488809785889876,0.6475866061585496,0.5032738788645748,0.47299028726822634,0.6786483941211909,0.5027701219593714,0.7974336700961696,0.5064001131519049
-XO-OO-XX,0.10747242488215158,0.5052840882475145,0.5090732608823556,1.07972193436343,0.49389489141123416,0.5021351651582303,0.6872193167102315,0.4957264774007461,0.5066148541805012
--X--OO-X,0.6872379594563112,0.6053485335719302,0.4918271641681437,0.010672885682939226,0.005666742479339237,0.4935170716161511,0.5075851007382658,0.448202267310961,0.5017829062775203
-O---O-XX,0.67261614116591,0.5062750378094628,0.7081553603072351,0.4905913120233362,0.05460994693136917,0.4994208720038868,0.6872379594563112,0.5031530800162961,0.4907261320346694
OX------O,0.49292727562834127,0.49832090316422484,0.9221986724367466,0.06322078888049354,0.7826194663342809,0.0019269478257388784,0.5862447963302271,0.26212662524734587,0.504200887368825
OOX-XXOO-,0.5014379331429281,0.49117962000364285,0.4934175548510381,0.6872336789676332,0.49244693855322924,0.4935062473160824,0.5053088302951644,0.5043187681927447,0.6892421596514203
X--OO-O-X,0.5083982810652777,0.06470372294143067,0.6614972434301172,0.5077870885627555,0.49741088239993597,0.6940868169132474,0.5058082223884226,0.5029243135789918,0.492815233492794
XO-XXO--O,0.4922392912779496,0.5073304379633169,0.5591636001552721,0.49872983858860925,0.49929559771334353,0.5084743805457024,0.6872379594563112,0.4833279032521064,0.5095434923705764
OOXOX---X,0.5108760421793279,0.5386454944479441,0.4916896603421125,0.42643993827506804,0.4145471338066085,0.6871220540684199,0.6349184009398772,0.43159959205491094,0.5264945165543278
-XOO-X---,0.20637403600920157,0.5016978970001083,0.506395555089133,0.4985892350201777,0.6872379594563112,0.505920494381837,0.14536105864750398,0.542483864734294,0.5
X---XOOXO,0.5086001579921985,0.6872379594564745,0.6182794116801515,0.08337138797666876,0.5079851491019538,0.4904989348222482,0.5075927495533654,0.4948245148000634,0.5027050550374134
OXOO-OXX-,0.5049471912817464,0.5058118435341453,0.5091025105407984,0.5043660342315404,0.6872386697859963,0.5086346417709213,0.5002100639476036,0.5026263972614701,0.49412381045991444
O-X-XOOX-,0.5012418542347535,0.6852198710868993,0.49819356914204826,0.6806499489996978,0.5076687479419626,0.500206075653943,0.49803958758216427,0.4991074792232955,-0.20329373239451864
OX----O-X,0.4989639031423293,0.4904622928647713,0.0013730474459624498,0.6407331224362388,0.07548683131844947,0.792812622390056,0.5055265212594896,0.8631891477121278,0.5042316876658265
-OXXOOX--,0.6872379332255942,0.5437171401156793,0.4512687338493545,0.5943458918216152,0.5242826503211921,0.4619684348758143,0.5433998079288606,0.6868785765925925,0.028135633747035982
-X-O--O-X,0.08640312637481173,0.5560559926141888,0.3904527181637044,0.4341713121191468,0.0638770411535663,0.6490276371066921,0.4448490832607334,0.3137975203123976,0.49487281758799695
-XOO-XO-X,0.9869571997326456,0.5028454636220363,0.5165757454059963,0.5108551736921965,-0.2476940930099908,0.5255359255566326,0.5948191810421867,0.5145208545164045,0.5989918556106462
OX-X--OXO,0.4917004566197274,0.5046012369925857,0.4961984352609523,0.5090129258166989,0.6944537108801515,0.6847436042306736,0.49032213622957427,0.5092857825089802,0.5006448425102427
-OO---XOX,0.6555158166905825,0.4955320400090254,0.5075789969204392,0.022157713536479995,1.283588304739931,0.08886346819227847,0.49980905109349505,0.4993514907133753,0.49280079182851216
--XXO-O--,0.07368893402033483,0.24681619990358628,0.49414331497842806,0.5054092046357451,0.49522932757650867,0.7965660850795118,0.5070492285552005,1.3681153203368472,0.6888783902744338
XX-O---O-,0.4966466728925981,0.49671020196329546,0.6872379594563112,0.49728160175073943,0.17054612358810955,0.045510640376162814,0.6868211692740684,0.5023364525980157,0.687237925664183
-O-O-XXXO,-0.11703066132316808,0.504068349277879,0.5039424032803935,0.5096215335730826,0.5713340093059388,0.506602676502903,0.5044434928467969,0.4944766379343438,0.4930235621306284
O--OOX--X,0.49333951256344705,0.7933844000707471,0.491197423987368,0.49772071789391775,0.4929621318831745,0.49680757435617556,0.6819559292776,-0.7886578120943164,0.490361002550422
O-X---XOO,0.5070545716157833,0.5050517401742708,0.4945556189522865,0.6871446852967213,0.6872370267719015,0.5883172556353797,0.5066797277282333,0.5083452897599181,0.4989488030123008
OOXX----O,0.4929167154182467,0.4990026105797766,0.4996271473427794,0.4971404045752298,-0.18815528711550933,0.10160603957825848,0.7928633284080221,0.06445816360774403,0.5035287329194582
OXO--XO-X,0.4913744192400356,0.5074029294553014,0.5099955727557822,0.7243320384906483,0.7320768488264932,0.5041744830087314,0.49138937654529946,0.8524504607102144,0.4928609012213419
-XX--OOXO,0.6871738832681188,0.4384984357391596,0.48816723922442906,0.6419662808038558,0.687221354596175,0.49990698645397186,0.4873014733638321,0.4602333069115622,0.453599485500133
-XXOX--OO,0.6447722622104888,0.5002142618584647,0.506685282220925,0.49613695815730524,0.4936899375468917,0.10415428134315419,0.49384662150440617,0.49106264588861315,0.5061154049234982
OOXOX----,0.5007305431738188,0.5061671800349788,0.5034208006821929,0.5095189091052005,0.5039766498843725,0.500071731598919,0.6872379594563126,0.1819273038591918,-0.31529231545340153
--XOXOOX-,0.6900226037782257,0.68716070780659,0.989421462464344,0.7241723451916642,0.8668444622604683,0.5180154873273758,0.8233953991864885,0.9095446345960849,-0.014887317829903823
O---OOXX-,0.5064616959573346,0.28362416141793056,0.6957699782193493,0.15796305759810875,0.4976045152391586,0.49850655929859383,0.504662922780428,0.5069460234194855,0.6873094920163073
XOOXOX---,0.0942874347224949,0.7716808169231631,0.08061538291509673,0.28923586068577756,0.6379944143477104,0.3180380858025028,0.6865407844929572,0.285623606666893,0.5796100622620834
X-XOOXOXO,0.5286688249917428,0.6872379594563112,0.5649479185414128,0.5574095122778808,0.4214182626987749,0.44207117971183774,0.4198764136553264,0.5978771327272808,0.5597367351870695
O--XO----,0.49677003612524284,0.5095263345788269,0.08557787333543032,0.5008359854233426,0.4953709369359595,0.1518184331557677,0.01760297495085017,-0.28847922712585905,0.042024979943936336
O-X-XOOXO,0.49230806654325643,0.6872377945639802,0.5453327053314321,0.545001110136125,0.44769960811402587,0.45276880010949033,0.579222049004093,0.4730861492777255,0.5946448682732123
-OXXOOX-O,0.6872379594561162,0.494807557186157,0.5035037903380859,0.5015660725377641,0.5038806733855753,0.5016175924837186,0.4943844138294256,0.23505072183955383,0.49512933684822497
--XXO-O-O,0.752428852823273,-0.26508055335413805,0.5032899250975622,0.5026757457956512,0.5029717188956357,0.14322673549192133,0.4965366804906257,0.5075224622460054,0.5094536487333852
---XXOXOO,0.6872375248031958,1.2536037471741994,0.6872379538463128,0.578611669097148,0.5500509899932451,0.42006785253243595,0.47492657062082216,0.4846333787506436,0.5364459773596653
--XX-OOXO,0.52319963798507,0.6451071371075888,0.4953142033347878,0.5091018318073028,0.4167969225324091,0.49220102688853495,0.49289735548910174,0.4923900549635971,0.5032577781991342
XX-O---OO,0.23456291372419613,0.165154382255564,0.6598304481375582,0.5141217344529337,0.14399885792175215,-0.3612869102378742,0.5310830093053586,0.10933896940857302,0.8413934218975894
--X--O--O,0.6780027584473545,0.2765675273996543,0.5097025974548377,0.12445223485780527,0.6890769183383766,0.5009853390333475,0.34921182107031185,0.09138809250317592,0.4972371578351465
OO-XX-X-O,0.4113156557486942,0.5604451647631199,0.6868785765925925,0.5714019787240466,0.5727182752604058,0.6872376604360798,0.46702958545526985,0.17039503798299116,0.40899598066074677
O-X---XO-,0.4964131723903764,0.6884389141925511,0.506930439811506,0.6924804889899797,0.6872379594561203,0.6866846219625209,0.49883045894151373,0.5027499366949353,0.09459399110375966
--XOXOOXO,0.14405829214633026,0.6872379501418454,0.49429550636765546,0.49461763259278724,0.5092563703074992,0.4927529355794642,0.5097931673484811,0.4972349432061942,0.49405705409507
OOXX-----,0.5052977179430183,0.4980746045346685,0.4935919168680116,0.49467297667889454,0.6853531788083191,0.6780306839730912,0.06323694297629961,0.25141682754586436,0.6782219297725128
-XO-OO-X-,0.3098100923838991,0.6588491677090066,0.09445744284615865,0.8577292119959967,0.13686218983395293,0.47071672506286943,0.52497918747894,0.29166850560547164,0.20008564382791877
-O---O-X-,0.009050780947685633,0.5015159616182538,0.15237006992398988,0.625879675451778,0.3156818840812458,0.5081151432131784,0.7588626717932043,0.4912246570027989,0.5790159711552526
--XO--XOO,0.15321290470881405,0.7859975307484837,0.5070123043211963,0.496065237049894,0.6872385285486212,0.16764507975972798,0.5026055318346895,0.49253791390352303,0.49668245646067627
--X-X-O-O,0.10653666061230743,0.03992797515586621,0.5043426606427092,0.04668684604938417,0.5040211749962895,0.693484976954604,0.5013277201981091,0.6192482378972413,0.5087662355761962
--XX-O-O-,0.6848356529729469,0.6261736057534952,0.5039197597060755,0.5083409518851975,1.0525674552798767,0.5047962976439931,0.6255456453037506,0.4942638453568788,0.7192181253717446
OXO--XO--,0.4920149346330114,0.50113957195053,0.4937010759570819,0.523420367011468,0.7036791187947131,0.5016864047557147,0.49539180318234277,0.08168885535523518,0.25560505565285674
-X---XOO-,0.6884987763437961,0.5023859588705244,0.4931069687802065,0.4916897763150355,0.5078968404477255,0.5012200660970683,0.49750342284285326,0.5065406468017611,0.8514781181690294
X-XOOX-O-,0.49658429128941795,0.6779310866838593,0.5037866528438038,0.4901305193587668,0.5015196540025213,0.5089639114050037,0.6568333519292553,0.5088803216372833,0.687238112135936
-XXXO-OO-,0.68716070780659,0.461945680021815,0.5796541589862834,0.5004737743367184,0.5060734181597109,0.8899502278658837,0.5153528672504734,0.42551215772337975,0.5406662710577125
X-X--OOO-,0.49307734565305394,0.6445351868907129,0.5021978546146956,0.30740997226582356,0.646379155173773,0.5072002928813479,0.5046637869217975,0.5074489670379052,0.7349260952171456
-OO-XX-OX,0.6872377772640508,0.5071593503437257,0.506413049981755,0.6872379594563112,0.4924564162815742,0.49084839904034894,0.4950493236696362,0.49219312730336523,0.5067689730093798
X-O--XXOO,0.4925996827553792,0.7057185252103614,0.4906181128171876,0.687237968582781,0.5270595425190322,0.49381747333142356,0.5093701469925468,0.5034871779287006,0.503160428348369
OX-X---OO,0.5079875396786097,0.5045411767981125,0.3799044356214506,0.557874004734322,0.23242681766337586,0.6759944292831074,0.47107184748227776,0.40522131557190355,0.4427572098400989
--XOXO-O-,0.6872381569987849,0.7811887925305351,0.5043421567689557,0.49639938027435215,0.49092180643586775,0.5020883914000804,0.5031548702197665,0.49406402211685496,0.8530962787852268
OX-OX--O-,0.798518220679602,0.8052961576576555,0.6654528067770038,0.5569021933167221,0.5795580220736304,0.24523971559006064,1.6499086218883652,0.8148970987573373,0.45166187515776024
XX-O--OOX,0.9725636458404725,0.4916628884389129,0.6812073833439283,0.2558089229137732,0.6513501383002744,0.6872453114294775,0.900595652558575,0.9688847839711475,0.16957919585096015
-XOO-XO--,0.09221256652173898,0.5006733015692714,0.5085309736308468,0.5010997666833089,0.30070670913490716,0.5023125224700195,0.5013518444911006,0.3159256148524836,0.5669174544738256
X---XOXOO,0.5708230653349511,0.19545722914664676,0.6872379591043577,0.6872379594557978,0.5477191710292029,0.5828629624900473,0.49869711227289015,0.45136011137397236,0.4034219597150256
-------OX,0.12970777754536478,0.6986896664804374,0.0636328338214891,0.009472237956116347,0.6872379607299124,0.6628932040852747,0.09207539203413295,0.4942195675627563,0.4906422513702824
-XX-O---O,0.6872379594563112,0.49817053711000925,0.49538768606016387,0.7900077893353376,0.5084721145978863,1.2021750173296653E-4,0.4425216642543115,0.3300203507148345,0.5034909865604088
--OXX-XOO,0.6872337620416328,0.807811087907549,0.4943027579958598,0.4928472077014245,0.5048894373015301,0.6872386697859963,0.4988299405801385,0.49689782464723037,0.49406256890315725
XO-XXOO-O,0.505546283187981,0.4947769857763124,0.7460678974588154,0.5004657614584462,0.5098160901522817,0.50255140797188,0.5049139216240697,1.0527912728611413,0.5061005644978196
X-O-OX-XO,0.49574260806761045,0.22691572307803132,0.5061553999981168,0.17400392491746475,0.49188347282254374,0.4967461188595304,0.6786964469689836,0.5028423022007328,0.501515607751586
OX-X---O-,0.5002858464882138,0.5046444749470007,0.40780697131778154,0.49339636446871993,2.025130561933406,0.42582302762603713,0.8858977058263161,0.5012361345845332,0.9792387211976377
--O-XO-X-,0.49182741325339163,0.687237967192071,0.5097871123931303,0.694742003377371,0.4907647893576098,0.49947461655229314,0.508620230192716,0.5066250709873461,0.6853364792177912
--XX-O-OO,0.320388079357086,0.775689022038828,0.6001673453145357,0.799164282952106,0.6757891983851985,0.7499561789792646,0.6794728163555717,0.37624535484401767,0.5678525633192633
XOXO--O--,0.478167482199359,0.45207502337249245,0.5251566558467204,0.5127246296488264,0.6758337799788798,0.6759531197626288,0.5791563490628436,0.354490946093535,0.6876685844060231
-------O-,0.0749968997792787,0.4782367912988398,0.3483155339942424,0.0029026280715194197,0.01554537322078342,0.6270495558263459,0.19972254810141066,0.49497318045347394,0.051699823165831715
-OO----XX,0.013347837192502598,0.5975317673400885,0.4506438263620768,0.026359104826357393,0.10944867485901444,0.7686636987853096,0.6872379594563108,0.5925782812034233,0.42627849031363363
X-XOOX-OO,0.4904992649517986,0.6872388785068312,0.49533903273251695,0.507689165554311,0.5053892925797371,0.5042401773588874,0.49614112178810493,0.4957687248675685,0.4986960633246811
--OXOO-X-,0.5062181220181021,0.2473231514282222,0.49500866128861665,0.5081433249588178,0.504952766237029,0.5054526224017877,0.6783103336864137,0.5037396273484238,-0.15256284041667567
-X-XOOXO-,0.6872388785068312,0.5244661902630053,0.652166548302401,0.4345259365930708,0.5526525691143498,0.4603387967187179,0.5761995689266761,0.5209743593315525,0.09967384435387527
-O-XO-OXX,0.5386178154946228,0.46777395202698563,0.5400078149573355,0.4742017970458249,0.527866771371984,0.7369870536962808,0.5239211128951738,0.573134083472731,0.5846303974321307
XO-XXOO--,0.5017931019839619,0.5092370955538471,0.6455573006812918,0.49713309796223726,0.509489000503723,0.5084430984044299,0.5091807319817422,0.14731620578150884,0.6872186819318378
O--XO-O-X,0.4967067756166303,-0.9312346494114554,0.14238688051915738,0.4917511631472998,0.5087442540547715,0.4990259081422915,0.5066139438737342,-0.5890265789429538,0.505900625445131
-X--XOXOO,0.4001170847848676,0.5021874298577997,0.6872338559214435,0.05265144229212293,0.5007024581849864,0.5036988058986785,0.5068668563568318,0.5075828154854405,0.49517221584532944
X-OOXOX--,0.4930042963280744,0.6465484013570395,0.5034061740227298,0.4995885454006994,0.49088001755424876,0.4954191808925162,0.4950472335286375,0.5018123403135204,0.6872379595323423
O-X-XO-O-,0.5032343874690932,1.0829147387231004,0.4912204235187124,-0.9042070787602883,0.4982138510322209,0.5063960985820259,0.644072743659023,0.5031232932042875,0.14794165017984362
-O-XO--X-,0.26631854285530177,0.5077611934515831,0.7247177190450045,0.5086988914635134,0.5075240487824328,0.13649404475447868,0.6872187423832862,0.4919554708725776,0.10486437644319369
OXO-XOX--,0.49966505919790294,0.492407665720664,0.5017481373225116,0.4962737880973179,0.5044099782878859,0.5031572038437166,0.4943139270189149,0.6473895830367541,0.7022197782569185
--XOXO-OX,0.6872379594563112,0.687237957636935,0.5056454435903424,0.5087715824924137,0.503641925634904,0.4996378529680774,0.687143766649586,0.4949070436469414,0.49807888396442207
OO-XOOX-X,0.5299140872412113,0.40453176388049267,0.26457862798344656,0.5844996623355236,0.5954103893422303,0.5748486025515408,0.49228223004312716,0.6872379591043577,0.4145796544655162
--XXO---O,0.5091203414540956,0.7339659091196242,0.4933620923307567,0.49090224325636905,0.5059200357268174,0.41487379271855485,0.7026692978348746,0.5671780856952097,0.49111237677696806
-OO----X-,0.15442223018053125,0.5021744866602355,0.4954637016264663,0.15985175920142075,0.09204837200677352,1.9797428928728846,0.8730144678157497,0.5034432528017025,0.1867228110677288
XOXO--O-X,0.49337079868202194,0.4956269187278759,0.4975328571548021,0.4915321431983924,0.4966514043371566,0.6872381569987849,0.5076106652270789,0.6472202008120371,0.5003849630315892
--OOO-XX-,0.6683514742256678,0.19900680845679208,0.5185121552790758,0.5650874805333518,0.4988464190779165,0.09335330377923434,0.5518311815143757,0.4045913740478563,0.687237729280673
OXOXOOX-X,0.4939947820877562,0.49405436307505324,0.5060014096659905,0.4943079409240183,0.5062881663417511,0.504893620784786,0.5037558670927224,0.6872379594563112,0.5010784507630662
-OXOXXOO-,0.3721264468518096,0.5502421039518706,0.4391296979992416,0.05028449070843666,0.27634583061400997,0.4802503647843286,0.8680221122296456,0.5508685520560871,0.6794728163555717
O--O-XX--,0.49730917215105774,0.4930737547963621,0.6888725488716878,0.4987883267617334,0.21765491994578012,0.5050067144056061,0.4945313153254793,0.15443714397198638,0.686633251545391
O-X-XO-OX,0.5078138276499982,0.5825608451222358,0.5040619582385375,0.8956823939010771,0.5081697057291805,0.49084719483666117,0.6872379594563112,0.4975545974958276,0.49611187133491885
-X-XOOXOO,0.6872379594563369,0.49080005274819394,0.08473427156369828,0.508160834828052,0.4928585399647798,0.5025452954137949,0.5048842407516859,0.5048300896003538,0.500443783935262
X-OXOO--X,0.49341665966776677,0.3092766512023164,0.4991389718189969,0.4985983780346751,0.5073799143693659,0.5098311573698497,0.6876685844060231,0.6380743937817623,0.5040237255330866
-OXX-XOO-,0.32377955958388904,0.8447946921818912,0.28626208207576753,0.2184781818437479,0.6872608189833906,0.8356806145373012,0.09106436817034425,0.6688055404656373,0.6250805192440786
X-X--O-O-,0.5648529781013241,0.6401684651004984,0.4712848229878573,0.6862651548411258,0.6872379578188762,0.475571382944906,0.43142227612979606,0.5975062396603549,0.6872096238567469
-OX--XO--,0.6853911203279168,0.5057218869360002,0.49942587561431534,0.5062914215112793,0.6872339696387458,0.503884505352584,0.4945974886122175,0.4903623708774232,0.6873094920163073
-XXOOXOXO,0.687237959457211,0.5027211746019726,0.4198870749055595,0.40961783125081014,0.5955656725020653,0.4372295741837132,0.4423249940520707,0.400322738083248,0.41477240188144904
X-X--OOOX,0.509836240519253,0.6872335958343687,0.5078006979806762,0.6455477836078274,0.6872379594563114,0.5033651092454807,0.5023848616897315,0.4970309646304324,0.4989942329190438
-O-XO--XO,0.7264685688553496,0.5010804979937676,0.4930028914730721,0.5083800579199129,0.4986790588494356,0.07697065986325669,0.5611911828112178,0.498685987286716,0.4996146886884341
OX-OX--OX,0.49621607218154573,0.490753238117072,0.22314748917812022,0.5087441493266726,0.5049883970740751,1.9815024226451006,-0.6619418965356609,0.5056895521064537,0.494503638718381
-O--O-X--,0.20642539713082075,0.49187549030624755,0.12602300955628598,0.8568086107026218,0.5016146769261476,0.03755107919867856,0.5002933484914085,0.6171018866757734,0.013571752188999253
XX-O--OO-,0.506737966021967,0.5096285000892106,0.6872187169272583,0.49244573501204136,0.5066285802290076,0.6303508045710059,0.49443033007247417,0.5068933667116207,0.6468970123083199
-OO-XX-O-,0.6868040888021932,0.5026497793856817,0.4900919501353709,0.6872379590690536,0.5047257483601446,0.4905209569139995,0.006079156406810671,0.49010519873051417,0.30531005532864874
O--O-XX-O,0.4951479605554634,0.29318470801410024,0.19718047503551428,0.49730630991512786,0.6994084120833803,0.502466633507193,0.4931625978324824,0.4991955959772875,0.5002945561070913
XO-OX-X-O,0.49350919724464104,0.5673681595868614,0.6872379148360271,0.4869658894840161,0.47546108976875745,0.6447300059252945,0.585407387824829,1.2166887837898375,0.5983996783449562
--O-XOOXX,0.6866886521686171,0.52497918747894,0.49505115408257416,0.6869807642615909,0.5420749926894484,0.5443754054040356,0.44879922071062334,0.5888563146658162,0.5662372505435287
------OOX,0.6742170193891709,0.8098353051644517,0.6876534523691019,0.17716453282801126,0.6925697989236488,0.08783561035768372,0.4970768169171816,0.5095172625934805,0.5060842275739582
-OX--XO-O,1.2671833210508219,0.5067112357512434,0.503804392837613,0.45925546886141433,1.1165895997815742,0.5071686518145226,0.509117532945028,0.48703606228688934,0.505431008825281
XXOOOXX-O,0.49007476826268287,0.5067080680729881,0.49232617058242967,0.5028737370752552,0.49964454857056717,0.5018289093555366,0.5068048667820491,0.5289552477216111,0.5081119939933854
XOXO-----,0.5085562302141791,0.49240658987833724,0.49630315099004774,0.5047791097249482,0.16231017087855704,0.8688546926160617,0.410487301393842,0.08414519591927538,0.15550332512480203
-O---OXOX,0.26218856410286845,0.49605386801387674,0.6135321415969495,-0.06555364250113227,0.6936108191436446,0.49011123432328535,0.5071364082007741,0.49192027308648084,0.5043061475390176
OXOXOOX--,0.4324918385316224,0.5097324609645191,0.45457354602524397,0.5615205062411353,0.47450036947900137,0.4318512012840965,0.5432352076336914,-0.4499617218529629,0.9494127804840145
O-X-O--X-,0.4973580901455362,0.5483691092996892,0.49583205284762816,1.0957464937634125,0.5088725542055268,0.5636357666874089,0.7488364260230528,0.49013570958190195,0.7322693605870613
XOO-OX--X,0.5037384615993834,0.4920765059842503,0.5057142884546642,0.4079700774786138,0.4945326221046763,0.5076842257853708,0.02274562304925326,0.2986645688181576,0.5077783608149888
OOXOX--XO,0.44041993381192945,0.5697221360665534,0.4027361319674013,0.565961048783876,0.4715818853049173,0.5064766721029362,0.6872379594400508,0.5304984534952969,0.544158037337198
OX--O-O-X,0.40928811405556303,0.44298576006632817,0.06547576518939308,0.5124973964842103,0.5093581086177588,0.31543632028528545,0.5748873058380354,0.37486787613959893,0.5087338166128607
--X-OOXOX,0.05528280402143032,0.07854179193303135,0.5024572093510606,1.1255134619381644,0.492304455719893,0.5066853843355154,0.4915650253570425,0.49509453313299917,0.4950714098476846
O-XXXO-OO,0.4596982310329015,0.5977478492006586,0.5242715992914374,0.5045701995164119,0.42036142142559774,0.5919168861366662,0.6871258003633804,0.5605545183481417,0.5911478796881018
----OXO--,-0.22560506660719426,0.1489422992683216,0.696661297975371,0.7911656027525644,0.49352866189001565,0.5060621716180279,0.49019127418687003,0.41676323204428545,0.14875399149504315
XX-OO--O-,0.49518943888340866,0.5009422586047427,0.6872379594563112,0.5040571555611345,0.4952572977002264,0.5957306784863693,0.4515898186027985,0.49588333620673725,0.2732456631518395
OO-X-XOX-,0.495400174157235,0.49971703403041234,0.6868113447664501,0.5093565343296926,0.677970188201937,0.501626235567358,0.5050216246489889,0.4996914820685758,0.4550688050857924
-OXXX--OO,0.04901805809914811,0.4950961943419602,0.502358259694935,0.5047083987420948,0.5075377128301808,0.6872379611020059,0.6871486986206856,0.4901650998859812,0.49927453975432234
XOXOXO--O,0.4389126814010417,0.46615801284127956,0.49855846250935054,0.4867320867358125,0.4241848472672104,0.4607374132878343,0.6871120652180622,0.2524167690088511,0.43640766315493373
-O-X--XOO,0.6889305535024819,0.49551253238544873,0.17515764189943894,0.49906170083997003,0.6434016864488514,-0.13556344416305854,0.49656687428086266,0.5077448578838393,0.4907629803282325
X-OO-----,0.4903751980105434,0.8422837597847463,0.5056749554646074,0.4942616863556954,0.7291163333416991,0.36479405179351043,0.5664421002002115,0.051314196994838746,0.6612041375472636
O--XO--X-,0.4938508934512382,0.5255432582464505,0.06002930558882752,0.5043585558072083,0.4957276037443534,0.49793240021040214,0.47957668983416857,0.4941759908732573,0.686833369719289
O-OXXOXO-,0.49269557866127217,0.9711334023357048,0.5056114908913544,0.5052487448479319,0.5086527928065093,0.5056293656262029,0.49181282088075484,0.5025652699041554,0.5090094527316416
X-OXOO---,0.4985057015349406,0.5462584066031896,0.5073129763734965,0.49771660701146037,0.4979255294933819,0.509791124007541,0.6872503667110297,0.4189212791560264,0.10794112200812617
OX-OX-X-O,0.5288738306775473,0.45108207634982966,0.6872379594563112,0.4661581337411705,0.46405122484272104,0.6773967668533879,0.5830024452299767,0.6855664826724073,0.4069737637571026
XO-O-OX-X,0.44982982149528083,0.4698880161306613,0.6604954541850022,0.5811705165567539,0.6331450647255303,0.4531635475687887,0.49017125159254443,0.6872267665461678,0.4305133751916931
-X--OO--X,0.2202891410862623,0.5066810971106759,1.1432262367659831,0.8085823479808139,0.5072550635812743,0.5095366847444128,0.31894474899283065,0.607405610311416,0.49752221632970517
-X-X-O-O-,0.4671160958268497,0.4164597185952794,0.5196874742645746,0.4179076020204418,-0.16245069488014208,0.5657409848569962,0.6485102812815343,0.5163612194818157,0.7301373666175106
O--OX---X,0.5080856504038705,0.14280367702189023,0.026725433567230117,0.4923337084137121,0.508075865768364,0.5786242159926545,0.6872379574770785,0.5511942405479222,0.4997232856098717
X--XOOO-X,0.5659351309400151,0.49205053630316464,0.3131204312546796,0.4253682798845776,0.513131260145386,0.5963850015650278,0.5270783378426663,0.008407914431510455,0.5259094012941655
O-XXXO-O-,0.505924666996403,0.3522543455361879,0.4959898953463862,0.5070481700467092,0.49666280875768326,0.49197788884611876,0.6872379595331294,0.4908195892598092,0.4902526138666664
--OXOOXOX,0.6872371032468276,0.23173081333262557,0.4913560327398261,0.5082880754959147,0.5030001778410327,0.5001002795689471,0.5008580152586983,0.5031429657357461,0.5062116348495318
XO-OOX-X-,0.50993817282345,0.5048620176486298,0.8916387628907878,0.4979825225942037,0.5040033333265955,0.5094209514364976,0.6436720472386044,0.5055154642381302,0.6875992173021154
--XOXOO--,0.8601352402651605,0.5094504676581518,0.49781009447625063,0.4990010419106822,0.5069771587661609,0.4989679338354158,0.49467571983410263,0.8713575562787369,1.174050662812003
OOXOX--X-,0.4984205523370326,0.5049856017089962,0.5017552215201295,0.49550210571592823,0.5085824384063712,0.5067188952326596,0.6965787141725782,0.5091828051656535,0.2906992749672459
-O--OO-XX,0.24715428892099078,0.7550526849750387,0.2193188007678697,0.6340151980974933,0.008646418061751482,0.14763444146078863,0.6872379861809719,0.2171935815006799,0.7023099669576177
-O-O-X---,0.35492098204059674,0.5071064301229602,1.388349275863185,0.4954719020095844,0.4172992516462607,0.4982985071384657,0.0023154763959637448,0.006008603306979332,0.2774886675314647
OO--XO-X-,0.4402264884538092,0.4516431239630226,0.34103011000927946,0.032527020445519694,0.4895527457376091,0.4386869564282387,0.49093230599554744,0.4906618871795425,0.046619871856664385
-OXOO--XX,1.0157419046031344,0.46654800245759603,0.4663809465358535,0.583093826026087,0.43684783126051335,0.6872379593916297,0.6855664826724073,0.4015456421563288,0.4157050952954669
X--OXXOO-,0.4943103044198449,0.708060253893969,0.572427042123496,0.4971079383309223,0.5019631375452994,0.49219107361033715,0.5069847285289099,0.49482311730369094,0.6965787141725782
XXO--OO-X,0.49477002479829396,0.50270886848271,0.504256033770401,0.029433092653535442,0.6873156036681,0.5003472111746733,0.4959786144930037,0.7030809925030048,0.5096675432243921
XOXOXO---,0.4980863870967071,0.4987436085314638,0.4907039751115691,0.49087260578827485,0.5039141305245657,0.5066237149995513,0.6868201195556094,0.6455834601133317,0.6872379594563112
XOOX-X-O-,0.9590552328717117,0.3885349993434267,0.8179933799840505,0.38228548951181895,0.5420176058524545,0.6524366417877147,0.68716070780659,0.5308402604384124,0.6712112250095805
----XOOOX,0.6780376526547763,0.6470544903033878,0.686818947042673,0.49987654300965806,0.4941165651723579,0.5056829550799937,0.49058479556861007,0.5095306409077426,0.5023399729262557
-O-X--XO-,0.6872181474156922,0.5078679719118168,0.3523308743803608,0.5068199776862055,0.5403704518596553,1.1301730075169931,0.5010075014714302,0.5067141462139362,0.6629446285635469
--XXOO-OX,0.9024970254046218,0.40822886327984176,0.49503142183887583,0.5088989727722077,0.5055456458091548,0.504569980173919,0.14681382875534743,0.502586050749279,0.4985799435924039
--XOXOO-X,0.6872379665101157,0.6435494312994904,0.49458055222037706,0.49793339389900226,0.4971386587176491,0.504752963915617,0.4914756251876684,0.6750722134618742,0.5006073479605222
O-OXXO-X-,0.40392676976289216,0.6855664826724073,0.4600580157699007,0.4575812553316734,0.4976909421515979,0.4622097142826801,0.04700796738237317,0.4262455624564466,0.6535443627033168
XX---OO--,0.44786045425831267,0.49866783965859357,0.6813707738250978,0.7044304240197715,0.7290159573458928,0.545288346160334,0.528937329989521,0.6756992010204859,0.6836110233928746
--XXOO-O-,0.3266907876783655,0.48312879921024576,0.5388331255724577,0.5631706519642543,0.4808296498776478,0.5248668631071256,-0.9624280956163567,0.5816554197840047,0.5488865604108268
-O-O-XO-X,0.6872339598662881,0.4916559150391337,0.6782254214086342,0.4907013882437785,0.5602419075683409,0.4978076047284455,0.49591231620142007,0.4961352181597946,0.5022516298376656
-OO---XXO,0.42112076313113245,0.5095631939927986,0.5010098680562244,0.17436521625255186,0.904156262787803,0.7645414755227624,0.5076018524354288,0.5045324742994793,0.4951367171458835
X-OO----X,0.4976971793858691,0.6900406334472781,0.4913924199310769,0.4958673370054393,0.6872379651197567,0.4156709583463408,0.500878544455313,0.6437062948852055,0.4905647617591917
---OO---X,0.3094252139914577,1.0820618206046086,0.08068158693501326,0.5048924372177401,0.5087193934982032,0.7020830247312332,0.808660761854029,0.7187409198449652,0.49242384380412973
OX----OX-,0.49612420915453986,0.4980842880307231,0.8872167970429605,0.6806650356909016,0.6437737674708566,1.0836742102282932,0.4991093669856164,0.4975100157475576,0.4635374340968184
XXO--OO--,0.5051912916370404,0.49336717907047684,0.5080320608800655,0.36858373298052227,0.6765805230019338,0.5046278600779622,0.5001560706971525,0.4460091706540919,0.1251439960992386
-XOOOXXO-,0.34703737653893496,0.49275955267705535,0.492710115786081,0.49501824354182555,0.506503667353829,0.5070151628485632,0.505384442272932,0.4958664954957733,0.502522362327813
XO-OOXOX-,0.49219213998373634,0.49578518214250267,0.9996463938558271,0.4987136210646455,0.4912800462076145,0.4912970684315066,0.4900798631866918,0.496749073891099,0.2665809162667313
-OXOO--X-,0.007553276964557987,0.5083103267400573,0.5001595787776608,0.4913870002875212,0.5067991854976605,0.3467072418931021,0.6430740918790502,0.4908480136919251,0.0764996902772116
X---O-XO-,0.4945335437180774,0.14291618484720042,0.5119344981367735,0.6872379594563112,0.5068310603177582,0.18980363308967774,0.500993844019309,0.5031971480595024,1.0346792511963028
OX--O----,0.49558523566185453,0.5018434818938513,0.07811110170902075,0.44789770418585134,0.5022893189047687,0.008500558614879916,0.6350725266494718,0.16180635385918257,0.79229604479309
X--XOO--O,0.5073757091547847,0.546482851451963,0.8489027312444457,0.4995126417739744,0.5079559601025238,0.5093476016612261,0.6780248270790645,0.5605207632961176,0.5016646061590576
O-XXXOOOX,0.5065091712622658,1.3670489612783703,0.4920044167150017,0.49798636272458197,0.49147234597556116,0.4920648416583486,0.504617122563433,0.4992839312856458,0.4935712748241235
XOOX-XOO-,0.5071041958563429,0.49119975147700023,0.5053402316387257,0.5071425136942909,0.69311856382006,0.4913857705837102,0.5007719120416094,0.5048504440391054,0.30351812599934547
XX---OO-O,0.5047794442909231,0.4925436662586248,0.6875083314164687,0.25778465132206463,0.5001019809200525,0.5066814043865089,0.4932789781316155,1.2662311379431972,0.5020851696862093
-XOOOXXOX,0.6120636054543259,0.5053567352408467,0.5021239242092987,0.5090485554043449,0.49313895322017026,0.5059050066863578,0.4933373904442016,0.5005156377284166,0.5066487588164132
XO-OOXOXX,0.5003866903149508,0.5067363974491663,0.6872379594563112,0.4974011517696182,0.5046023771486743,0.4982493021787905,0.5049238523799147,0.4984304244399939,0.4959439622907441
OO--XOOXX,0.5720127105129809,0.509856988895835,0.3769967169188435,0.6906536549091394,0.5963018285268206,0.5731146091012763,0.40816325188865965,0.5348064693877456,0.46743102173735257
--XOO-XXO,0.10454697633470889,0.18931150850568307,1.5443718141640077,0.918422566334117,1.628151686099383,0.5124973964842103,1.442268737392431,1.970894623971368,1.267741120185938
-XXOOX-OO,0.6872502810350247,0.506435846257948,0.502374918562535,0.5042825199752493,0.49290515069618107,0.4982658457056494,1.1451961688570258,0.5070840921063134,0.4999816582986756
-OO---XX-,0.6873163693675599,0.49864518241762196,0.5067344799206165,0.6476376359347049,0.5796193241051402,0.8795939197101298,0.5088084706556251,0.501603176778451,0.6778482143183502
X---O-XOO,0.5052200422786158,0.6872379595801021,0.6473632574432623,0.6872379594554592,0.5072031162418952,0.5011581686515466,0.5014215863696598,0.5050083008503407,0.5012361323813253
OX----OXO,0.4936254208405235,0.4949109693668517,0.2524292961957527,0.6371168479572821,0.6872194909819902,1.169850075500038,0.5047031884951062,0.4918244733747138,0.49178125224160857
OXOO--X-X,0.5004325559264992,0.4978588201363258,0.5018472411549675,0.5091033436298541,0.9754350378474033,0.7527999544223056,0.49350047079636955,0.6872379593642112,0.49014928333502455
O--XO-OXX,0.4916598798045033,0.40772632960352084,0.6652340528984573,0.5078419574784034,0.49045270724010714,0.6705608107380203,0.4948863442860204,0.49946726239765554,0.5066865481015049
X-O-OXX-O,0.4014166347199167,0.028383408492796358,0.42565800020272226,0.6868569423303068,0.45323809790088754,0.5218882985502987,0.49153047828762086,1.031245992477206,0.5729110569646653
XOOX-XOOX,0.5090931402319565,0.49641096966132053,0.498419813784066,0.5033259742279249,0.6872415794000771,0.4938240982328113,0.4933636249683273,0.4994076784398055,0.5029047699150688
OX-O-XXOO,0.5016941268027649,0.4978019151502665,-0.3295016448103314,0.4920004952974182,0.650663795061998,0.5077167838930062,0.5002375784193566,0.5069868048770528,0.493857226761199
--XOXO---,0.6872379594563112,0.6872379594563112,0.4946307628137173,0.4941819873318893,0.49677241211364725,0.5017383680840014,0.6872379190469005,0.6872379575406735,0.6872379594365269
XOO-OX---,0.49233814547769955,0.4976267391529896,0.5013050542901264,0.19545530833639613,0.5095686910989257,0.49822904448315486,0.7237344431441891,0.20240703463097703,0.4169864653493149
XO-O-OX--,0.5011885818575196,0.5075191243987092,0.45493490280530013,0.4992668719693173,0.6867089510540616,0.4993327684319867,0.496133985335183,0.25070324880333306,0.4785259683083073
XX-OO--OX,0.4999583093804401,0.5015474749209616,0.6872183601195931,0.5013980610296874,0.4956652945319442,0.6847334005505333,0.9346770171371778,0.49797199669212594,0.5009408507762875
O-X-O-XO-,0.42336793304961634,0.26999763681110933,0.42102888827116836,0.08002885208402011,0.5168078676068426,-0.23252968944347863,0.446227239977507,0.5151840115604861,0.06885603834527021
--OXOO-XX,0.5894519627390858,0.6707301598053735,0.39074320466898715,0.33758270171921023,0.3053570125608094,0.37087895893757283,0.6872371923082045,0.14243214848344843,0.7118035426608846
X--XOO---,0.5065262506819359,0.46008194940132263,0.6853037048816426,0.5066546423016983,0.506327420274885,0.49050970699189805,0.6872182838589622,0.04879761028551732,0.49060701138228596
OX-X-XO-O,0.5635570366290118,0.4720103472296619,-0.09550512859026417,0.41329137135689936,0.6855664826724073,0.47611287173184913,0.4472690921154091,0.6331327631087974,0.4841808887685694
-OOX-XX-O,0.502039744167402,0.49732826563369903,0.503831768033727,0.49854272831543744,0.6875091294259645,0.4973066442157751,0.5079057476301526,0.4940631135095682,0.4967498713096364
OOX-XXOXO,0.497797337835235,0.4963768721281505,0.49265882753192103,0.6872379594563112,0.502198576676938,0.49464990007337956,0.49140691329491976,0.504124875692699,0.4912884212474365
O--OX----,0.49570290009332607,0.01976884312042715,0.6852614640260817,0.4915152306988688,0.49541287258584144,0.21238251136625608,0.6872845080425827,0.0706784029154166,0.5073554623632299
O-X-O-XOX,0.4949274328276845,0.7337349698639846,0.49768543390081443,0.21780065985093156,0.49785081286489974,0.6872379594563112,0.49547624535854995,0.504482350727483,0.5056981334496898
OO-X-X-OX,0.4974691744838446,0.5086595047066454,0.6876685844060231,0.5013659825050618,0.6777382212977341,0.5066069604457275,-0.13242733523758898,0.500119921063161,0.5030282985658754
-XXOOX-O-,0.678506109318516,0.49267039622747194,0.4966320895039469,0.49705084908771807,0.500387455238817,0.5036201234046769,0.6872578523973438,0.49765871548051127,0.5010105614767939
-X-X-OOO-,0.2520329156563821,0.4904530677613276,0.6919540343338679,0.49710138210414057,0.2317928303625042,0.505828874491668,0.49725779518305774,0.49361169351805634,0.34881575626994127
-OXO-OXX-,-0.775445273664159,0.5012877895388979,0.49027801937760257,0.49177226777986416,0.6868155644326438,0.4978634840159789,0.5031051521977847,0.49457785392545706,0.687570779640889
----OX--O,0.2177717130933633,0.10465692386613656,0.6195080597847538,0.6089958914879345,0.49939615061251513,0.49539518660215665,0.7187747035515439,0.11599488702636973,0.4954450521944297
OOXO-OX-X,0.5057480487681616,0.4924371125535857,0.4986980495199667,0.4992694426562794,0.687237968582781,0.5050730650603237,0.4932502510700106,0.6868062208702133,0.5028890500738039
O-XXXOOO-,0.49900345476892605,0.3989895526269539,0.5067168038358272,0.5091172931236622,0.4949674841382614,0.4940304183463553,0.5065487303975212,0.4994837339140431,0.02810112229878836
-XO--XXOO,0.8317214353838512,0.4708733083915103,0.5879645505144357,0.6822818279956373,0.5028205423128564,0.5512957391989042,0.4392417870461428,0.4075364102672025,0.47440606044589284
--XXOOOX-,0.4851849300707877,1.1990507830844992,0.5027029587296605,0.4960762656565774,0.49264911177657433,0.5008055345591792,0.4904464562836178,0.4999524204604495,0.5096633567216412
--O-XO-OX,0.687221354596175,0.19936716750282546,0.5935960940217665,0.3814539690013333,0.5515777590845544,0.534755747275118,-0.06738524364236553,0.5386566188261871,0.5787028716666941
OO--OXX--,0.5042981869838868,0.49234730116762704,0.3935022637763124,0.22933498689187598,0.5068337969043277,0.5063953555730087,0.49475523490834494,0.23891556632046757,0.24952631144887527
--OX-XOOX,0.08316032743474977,0.19962967488207967,0.2282404882904998,0.9874453232913556,0.6872399877479556,0.6120486886335633,0.9464792405236291,0.4919081799818491,0.33849498841278614
OX----XO-,0.5036467254086785,0.496158021296087,0.21627969861246776,0.49408519237240467,0.9397949236513115,0.6797864610274287,0.49233898192369396,0.4919185378169394,0.29279461876348145
O-OXXOOXX,0.49292474170177303,0.6872379594563112,0.4926459278414826,0.49488617410498453,0.49023598056779316,0.5069676624555394,0.5072590835293446,0.4960876698809608,0.5006429362679122
-OXXX-OO-,0.41267490156651165,0.49149294305270796,0.4943167509294805,0.4947895913948177,0.5017025813990735,0.646293928470643,0.5090638739562794,0.4977737284193178,0.6872379161557235
OO---XXOX,0.5023771909827224,0.5040904389372318,0.6868180487749858,0.5533904498267438,-0.14303363682599446,0.49713391962426134,0.5022028305429428,0.4992809720933613,0.49070429673969373
XOXOXOO--,0.4938399647924498,0.4990530678701088,0.49908088912939896,0.49722221160752283,0.5079048737842632,0.502717711128158,0.4982619158764554,0.08676936978042582,0.687238738352945
-O-OXOXX-,0.6872380019164734,0.503517969719078,0.6440941790518846,0.4995718318909174,0.5068597393675452,0.49398940801392716,0.49599381162920614,0.4961219627443237,0.6872339688534995
X---O--XO,0.5001076190025419,0.10927958739987065,0.8754031591803855,0.6872355366936599,0.49145108296191803,0.21503408329553297,0.20726330913875612,0.5048713966483608,0.49897240015798594
-XOOOX-XO,0.19065608061336614,0.505748215779769,0.5076255556370567,0.4931930495599417,0.49665299460504864,0.5049611779183046,-0.09687927369889204,0.49165255162818555,0.4930215767750922
OOX-XX-O-,0.4995375568519769,0.49304148114099167,0.4934450332342434,0.685380265636498,0.5013628128400114,0.49342571254743006,0.6471357479281696,0.4996809889972423,0.687316406640199
-OXOO-OXX,0.36750681386618356,0.49618594587341275,0.5026152482089589,0.5032912350699477,0.5038193192495206,0.6872548010046426,0.4970804534941765,0.5099031882035735,0.5049073939621799
OXOO--X--,0.5035136857842003,0.4885283908641301,0.4677659071589585,0.46839744806559586,0.13624819508502606,0.5124973964842103,0.5674358120936359,0.6869674048796146,0.5215553180539929
-OOXXO--X,0.6871463614905723,0.5081118469546549,0.5004017197966867,0.4945912728863286,0.4999690944254953,0.49844849394538787,0.7080544456714933,0.2920295846260039,0.5092609996322436
O-OXXOOX-,0.4113256108062002,0.6872371923082045,0.59035934814087,0.4600301095377037,0.4308303205650902,0.5456066736175716,0.5999822434010021,0.5587245223303346,0.27118663069301385
-OXO-OXXO,0.01898512812536579,0.5862640161324654,0.5956478425201028,0.5119917749566113,0.6872372981659804,0.5607700757509956,0.5168467976346646,0.4232412073520899,0.5394535851906663
X-O-XOXO-,0.5238425849431384,0.6871674139951626,0.5567359363232319,0.6872101485554398,0.5109619154357481,0.43901805088768125,0.43665240742308703,0.5504100099177857,0.5589830793276126
OOXX--O-X,0.5011158838660925,0.490763752038243,0.5016471815594898,0.4900869529507993,0.535391416444707,0.4928573638262983,0.5073784443330501,0.2923220494367258,0.5039228983494096
----OX---,0.0685936487090621,0.063337386236201,0.4611080305560063,0.05385270657820096,0.502609359649323,0.4949266796490712,0.1740234583624521,0.5,0.6872379594563112
XOOOX-XO-,0.49249254776989704,0.4997737709739682,0.5072289373853319,0.5074188510561022,0.4988054127514783,1.398013106124996,0.4933078406401967,0.4983636840569545,0.6872379594595474
OX--O---X,0.5032718678227258,0.5089157910000279,0.5936483899497956,0.6451794050302133,0.49328769306521675,0.9816695900325395,0.5475831489244833,0.1398410143620249,0.5084717219481392
OXXOXO-OX,0.49770374261139055,0.4943599934987704,0.4920374201191009,0.5075611689283145,0.4954518435240991,0.49769181694110004,0.6872379594563114,0.5047950367855566,0.4905550395974192
O-XXOXO--,0.5094385917205405,0.501042085411166,0.49893652832296875,0.49612413498081614,0.4916857026543864,0.5051400586614408,0.49792343657518484,0.44137826228474497,0.6872192386297695
-XOXO--O-,0.5060754567793434,0.469248766310865,0.5106884017252367,0.40078908774319355,0.5288411453091119,0.7345551172941568,-0.08546694150088563,0.4563408186194542,0.12591611112347234
OOX-XX-OO,0.4148141868056824,0.5418926447665373,0.4072323680116138,0.6245381806708609,0.5684453853287881,0.4367015635477757,0.6872381569987849,0.5549509935634358,0.42822144984173527
X--OXX-OO,0.5990863268330625,0.751799944143393,0.6527682402164248,0.5429956545026706,0.4092543466376153,0.45767080175945524,0.5127357553430295,0.5255706927546435,0.5396543203521009
O--O-X-OX,0.578122177692946,0.6237565361228559,0.6483278547993946,0.5937968378432124,0.9251421369783808,0.43617621020949937,0.6871965069091107,0.5883070412596021,0.4155805249453718
OX----XOO,0.5083540591452359,0.4947416622881232,0.6758719220122609,0.00835796392178556,0.6872379536970529,0.07041196168795127,0.5033670360918485,0.4985464529956877,0.49439339753840794
-O-XO----,0.1547586460457272,0.4941853931706845,0.08359351135621362,0.4963862124978018,0.497979528594773,0.28896926318885097,0.4385669646200614,1.1743061988403274,0.09620887037233988
O--XO-OX-,0.49318523737687864,0.35041242904743963,0.5678641964345175,0.5042473310777889,0.49517998567362204,0.45738969779243593,0.5099678845136244,0.4949502694628573,0.32562844349706255
-O-OXOXXO,0.8712376946915699,0.49419647129412564,0.6872379164343884,0.5040843823870064,0.508094571199362,0.5003417294032467,0.5011560914533059,0.4982658653923823,0.4938454231878853
XXOO-XXOO,0.4984149709180527,0.5056075705754906,0.4918351158430911,0.4960174075213961,0.48147674297476667,0.5065393347303474,0.5009172839332071,0.49828541947054594,0.5097703718434237
OX-XXOO--,0.4938993096486039,0.4920263522002822,0.4960965521034831,0.5079019618747004,0.5074457552419429,0.5095914651944403,0.5005737932324293,0.6872379594563112,0.6852916096547702
OXXOXO-O-,0.47661174629119807,0.58035150673052,0.5938121183462968,0.41414450744973,0.5760722733619712,0.5672358284170703,0.687221354596175,0.5138858088654414,0.5098376159533998
O-OXOXX--,0.5058568899437597,1.103690806121815,0.5067084818300841,0.4986683206327723,0.4926466759673888,0.4920805052900869,0.5077901846540107,0.4025564549557926,0.4823746666719183
OX-----XO,0.49639302446805444,0.49651827152820416,0.0331072192171763,0.6793366465001978,0.6872379594563112,0.07675242163947649,0.17502705564007875,0.4957034536310375,0.504060686642721
--OX-XOO-,-0.21362875700312833,0.21862285198317377,0.6532228708395612,0.4621280337466439,0.6876687470724291,0.6994788729021142,0.7216053349499395,0.6836335952641543,0.06072505377526516
OOX--OOXX,0.501754743894912,0.5059220447236961,0.5087273116234121,-0.1620644386404726,0.011144885099657387,0.4924481613136694,0.49740431139111607,0.49402442914411965,0.5024182861828264
-X-X-OOOX,0.687165773975947,0.423350517860786,0.4753173647663334,0.5037757025328948,0.4025213584217986,0.4740563523045328,0.5577151192490177,0.4925867381368853,0.5443297812040031
OXXO--X-O,0.49483928374196895,0.5068088391577887,0.5078927558982036,0.5085183477645353,0.6872183721866783,0.6465335947957618,0.5092585791508024,0.4918389200464332,0.5078453807415944
OO-X-X-O-,0.5733959777990385,0.5061515817176404,1.131089851558625,0.45566163223538225,0.6859324280517017,0.40271291887703997,0.5365736980638647,0.4648907319044361,0.6520153460678284
OOXX--O--,0.5027373669898154,0.5018282730910377,0.5061024392374182,0.5032658802894767,0.6830308403924543,0.6464369643882347,0.500997935728951,1.353272193132973,0.2190848761277902
-O-XO---X,0.9297859471932385,0.47926248831303925,0.21665825882764744,0.40755627303235303,0.4620714633713353,0.08620087517061092,0.1641680544891082,0.6308081414406634,0.4829135097335576
XX-OO-OOX,0.4987179270746504,0.49319262185114116,0.6872379595124088,0.4955164229415673,0.4979357231199732,0.8487593440952548,0.5014245568788357,0.5029943636017936,0.49906456872034627
XOOOX--X-,0.5084964367062029,0.5098103563530826,0.4932661897026187,0.4939719617570755,0.501584821406164,0.11031683484645011,0.2557297284520189,0.5098155790265021,0.6852004341518073
X-OO--O-X,0.49199637512076544,0.3231274691364536,0.4907456361669781,0.49900501629249794,0.6872379594563112,0.6930518552274624,0.5004369964836606,0.060703443896676035,0.5051731687009482
-O-X---XO,0.41096835178616664,0.4939081102367649,1.3875075727330168,0.4944644712189578,0.7063621110783493,0.49093803856343055,0.3590091915832772,0.49939975355696997,0.4993857325579522
-XOOOX-X-,0.04377678445687616,0.49241035130639177,0.50739838304378,0.5074467675660551,0.5096425423452449,0.5040368806516851,0.8124568742709166,0.5014188933704173,0.4458148078695438
OO-X-XOOX,0.4115274297878572,0.5381761436764826,0.6871430670214413,0.40872182052635886,0.687221354596175,0.4369046882299137,0.53277747036993,0.572654228720644,0.4403341323591364
---XOXXOO,0.6873305113574016,0.43910012321396197,0.49628748521616545,0.5635108642640816,0.522570243759887,0.4983886267747381,0.5303272632431324,0.4285033290796758,0.42193871041531417
-XXOOXOO-,0.6872533345980624,0.5064509648011969,0.49971549889255634,0.4936498943865399,0.5020445226674379,0.505285590650643,0.509938623069598,0.49083291578151456,0.6783915894866953
-O-O-X--X,0.6872483165234332,0.49640882920224355,0.6872377782843203,0.506805886360072,0.49496122079841065,0.4932120679837539,0.6445085683918428,0.6782191307272382,0.503083334684867
XXO--O---,0.5017805570995378,0.5074294754450901,0.49133911668433905,0.08935909587162888,1.1677077713774167,0.4902428901703593,0.22383542401945072,0.4564709766546995,0.6750359301740008
----OXO-X,0.05264675532661689,0.003758460422331744,0.6872379594563112,0.19069321706732045,0.5098057529392239,0.5033439932009428,0.5042354392538427,0.4536415066155955,0.49531606432426806
-XOXO--OX,0.0691877633461534,0.5029065405595218,0.49640227155448796,0.4920991455973054,0.49007759159996056,-0.5831241316613718,0.4855168765383937,0.4927471754971058,0.4929687254728066
X-X--OOXO,0.5055259969647213,0.6853685247929671,0.5052311085116232,0.7402406166304212,0.46370755118856516,0.4971792849791932,0.49364588071081156,0.4945722065328763,0.5078094526054703
XOOOX--XO,0.5018027873927028,0.4974021864587079,0.5097520805957655,0.49504703390423316,0.5074121182264086,1.4040867534510233,0.9483969938228293,0.4926819060179292,0.4956397891877493
O--X--X-O,0.5082352449856598,0.3877648746828293,0.5558442503095418,0.5080611257090376,0.6827725023612405,0.4032457188770859,0.5025859409919808,0.4563127977543202,0.5010223994723396
---XX-O-O,0.2546494364645938,0.22326908496543396,0.44898081387733024,0.41092240036306016,0.48041730072451794,0.6867477956579591,0.5998047759192566,0.6871775060375346,0.5253702697537022
O-XX-X-OO,0.5902192837745506,0.17321505100177104,0.4442375336598929,0.4973291872400132,0.6872330473162198,0.5334205648734762,0.5049788300797823,0.4540221584106507,0.5667913842078447
XOOXXO-O-,0.49136191206258967,0.49313198192155383,0.5023597196150695,0.49609160832712257,0.49368556614013476,0.49288855464746645,0.687238112135936,0.5051747810523056,0.687237069573189
O-OXOX--X,0.5052516319707783,-0.28578630032243946,0.5078960582948904,0.500811397958402,0.4926333127973621,0.49125834561331166,0.730935500479207,0.5075547420236022,0.5064603119127866
OOX--O-X-,0.49393707269535114,0.508319398355592,0.4902550847589603,0.4277281533393272,0.5029568686995993,0.496278028384356,0.6871523310426276,0.4991790979392193,0.645177643778322
XOX-XO-OO,0.41978519817660126,0.5794274026333863,0.5644660540495611,0.033718825896351834,0.5914936301612139,0.5835325048567489,0.6872379578188762,0.5088588804761462,0.5224208274325648
X-O--X--O,0.4931973699152978,0.5082199276409155,0.4979191019475132,0.6871480766903166,0.7581499075552738,0.4937128807003595,1.1552190887137435,0.0223919392277645,0.5043210883352977
-XOX--O-O,0.5484213096546384,0.5447033429440662,0.5867770767792042,0.5819991389777873,0.05611981131554811,0.9344856487601618,0.4934936648373324,0.9697180877675511,0.5400677495867102
---OO-X--,0.052041640065075834,0.1607767993361644,0.49420142542851714,0.49289588671313045,0.49250770700753205,0.3471495967819075,0.49648285905091427,1.2102426237158466,0.605584726808066
--XXOO-XO,0.6868785765925925,0.4463160466813556,0.4026900295103415,0.4953823224332815,0.5710643220876742,0.5400055781838112,0.14511559838158694,0.44332507193453774,0.48089722497034587
-OX---OX-,0.33658629979182664,0.5006981626320401,0.4942994551800721,0.2985021444170254,0.1568336014257964,0.6911487153584801,0.5034004179892175,0.4959213866288976,-0.27325685177243564
-OX-XO---,0.6872379590486447,0.5072396988420027,0.5012634918138362,0.021185268445905736,0.5070926483681983,0.5023115019730663,0.6872379594561256,0.6997461453244456,0.0827507880024182
----XOOX-,0.687233940968513,0.6872379594563112,0.22234435884402187,0.687152170601364,0.49117528845897007,0.501053759516573,0.5082589100230832,0.5024527690304903,0.07486198171701125
O-X--XO--,0.4986291328424152,0.5785037564449407,0.4921821775397526,0.6683828605199522,0.10863442249752431,0.4990697041562874,0.4923936129242742,0.3513835176350152,0.6872379590468806
OO---X-X-,0.5016931720761517,0.5048533742205321,0.2751343750159817,0.45128902408191884,0.5078715053423589,0.49703849769945957,0.6852358720410281,0.49193391359425404,0.6854021432190983
-X-XOO---,0.13753452993208204,0.4862749091192096,0.42388910635160415,0.4045524908388612,0.5156600480973798,0.5081306681572387,0.8685280433618636,0.6263929490043699,0.4273327434608403
-O-------,0.008351289297862496,0.49185616071511873,0.25374995729962013,0.04217973757312676,0.6734728829502945,0.05228023013203098,0.043849379814829725,0.23331070529003423,1.0268560949043066
X---O-OX-,0.5015546806145401,0.6876939524435434,0.687211658240091,0.24179879693712386,0.4999610422554996,0.06293148300147478,0.500538640668986,0.498835779109512,0.7074051988146024
-O------X,-0.3522439126656647,0.49894112015399317,0.11665003293611703,0.28707420500891445,0.07214689217436704,0.01788441082395059,0.9986093134391232,0.07646357121890657,0.4957512196741557
-OX-XOO-X,0.6872340027508109,0.49516919002607057,0.5075159614999241,0.690564330350645,0.5030690227225239,0.5093459438978013,0.5038758979228348,0.5584725607381416,0.494944562133374
OO-X-XXOO,0.4804939302292421,0.5815483595383946,0.7201285523066487,0.5176771698713056,0.6872379594310435,0.5830796851314255,0.40723053657350095,0.42276016378453835,0.417635681280401
OX-XXOO-O,0.4076031178060834,0.5108681264330637,0.8728605623711313,0.4090639533501813,0.5756040974596158,0.5980635787786801,0.5810248361589722,0.6872343903642549,0.4072889411843437
XX-OO-OXO,0.4971132712878119,0.4915901759916062,0.6872379593649383,0.4909445781300816,0.4907652856272852,-0.20487719730448561,0.5030904943370986,0.4964942628731365,0.5097116616912934
--X-OOOX-,0.6794043051976242,0.2606756743442309,0.5047167516262766,1.3953382290649632,0.4926732340971863,0.5056166770381728,0.49858862760553857,0.507813853854652,0.46034725008463273
XOX-XO-O-,0.8087038596939403,0.7679548917873124,0.16760777226037704,0.6872381682047215,0.9860888969453705,0.8019867564877402,0.68716070780659,0.7873972656907747,0.6873702840622044
X-XO-XOO-,0.4587246990601954,0.6872371923082045,0.4571176164867611,0.5061619637099517,0.5062553189498716,0.43616461613309654,0.5434591741292897,0.5386248271618396,0.6868888514269992
XXOO-X-OO,0.4902675154584642,0.5058696582660765,0.5058902386984194,0.4926017132170834,-0.3581478692878638,0.5025940670739513,0.5239246354251467,0.49954241483303014,0.4964627699909645
-OX---OXO,0.0027827693834056033,0.5188026982545737,0.5947798514501634,0.03684039790340654,0.9627791112187634,0.21243408154721782,0.5913789348138196,0.5033423656475731,0.47899267030190074
-XOX--O--,0.5009835587915845,0.4920086397159633,0.49201903433009836,0.5040558248138074,0.564283241568913,0.387972929121694,0.49039220726872035,0.6868371236324795,0.6897305750486927
-OXO-O-X-,0.4968392678320807,0.506388366368156,0.4964634643866536,0.49999150199207937,0.7934734490203601,0.5009871139033294,0.6868282476692622,0.5006469924035533,0.20361736602539793
----XOOXO,1.055682003319942,0.6872379594563112,0.10989175237113458,0.6852947621724503,0.5085022195855478,0.49787172870589164,0.4964197913619724,0.4984576052443267,0.509389838857426
OX-XO-XO-,0.5091944026605935,0.4925529451032067,1.713587861194961,0.5012514899571336,0.5069639184441987,1.0987581059502904,0.4930727717072071,0.49424664301581095,0.4920496873818405
--OXOOXX-,0.41848982497786835,0.5279301309869114,0.578229888849342,0.40070991989156657,0.503033640647837,0.5179426975723216,0.5156049792691774,0.4100234710930242,0.52497918747894
-X-XOO--O,0.2824945289745926,0.4980777330285396,1.7894999499310111,0.5099007460433423,0.49447832477083703,0.5022652973603612,0.4101043690289592,0.1603275057055299,0.5095249358439536
O-X--XO-O,0.5014427843609612,0.3688679312575077,0.5048558443133322,0.7135871204791661,0.29273707465786025,0.4986942943148264,0.5007366886468977,-0.5363941893243014,0.4958374238311162
OO---X-XO,0.5059836262396868,0.4967092424344072,0.917040340338064,0.49205474695610096,0.5610409375244308,0.49873924762279664,0.25877874922427013,0.49369122633211376,0.4982754456998863
XOO-XOXO-,0.5088254089457123,0.505136147714279,0.4996590603265402,0.6872380019164734,0.49815629278433565,0.5038371046343408,0.49322318324860503,0.506134453214771,0.6457433673475675
-XX---O-O,0.6872379594563113,0.49831430972460544,0.5070463437755024,0.02878517414350401,0.0030389626355724064,-0.3582687158663592,0.49850997636662764,0.6857515906567174,0.5089507668258995
X---O-OXO,0.5094303350406938,0.4171048658510196,0.6097828774701527,0.5502593821108634,0.497200510686429,0.7119424819862914,0.4943444488803422,0.5049815127260169,0.5050222005709317
OXOX-O--X,0.5249478377735897,0.5633019456011343,0.8248517469849301,0.8300540751936598,0.39565507554590185,0.18441421384962964,1.3160912257554103,0.6875527019305726,0.4205148966450112
XOO-XO-X-,0.2282481938611497,0.6003366290343366,0.39428348609834607,0.74442682957987,0.4418527926868514,0.7781898484555151,1.361647129999437,0.5992540284352139,0.6794728163555717
OX-XXO--O,0.49666812471285393,0.4931698082591941,0.6462580919149706,0.493737612433728,0.5046692301361143,0.5057028725886199,0.4753544648533995,0.6872379594563112,0.5078039814322092
OO-X-XXO-,0.43793419104431297,0.547250843707413,0.5104860192225816,0.5247393849297207,0.6871771138353129,0.5095098502954449,0.45716933495749706,0.5473730066400208,0.4103467489307935
OO-XX-O--,0.49829776821815014,0.49732782669636305,0.1305153843935643,0.5068735950432156,0.49293141747534874,0.687237959438312,0.4902709354812497,0.41078781463819086,0.383852254974128
-OXO-O-XX,0.545389771481577,0.5562552270123079,0.4734278325214409,0.5395134945285838,0.6867090213258685,0.5324095366989532,0.6855664826724073,0.4955358448103643,0.5461054329149393
OXXO-----,0.49020761616488195,0.5018788083985707,0.5082684940330436,0.5099570894022136,0.49346235563422564,0.15448821421153358,0.6862603571880843,0.01807877178604622,0.6448770294048844
XX-OO--XO,0.5079173170176808,0.5036541529407133,0.6872379594563459,0.5089436030180715,0.5097661189432104,0.6099043291155725,0.49931602136350145,0.4933174302647621,0.49051390348484203
XXOO-X-O-,0.5024584419555653,0.4902932175989001,0.5026279067469118,0.5034832681609912,-0.32114880025630577,0.5081640662461798,0.5725649514899875,0.5066494851580801,0.6871466768627917
--OX-X-OO,0.504214420684906,0.5024690370447988,0.49436891913741343,0.5067177060995048,0.6951241436476245,0.5080669525177317,0.6455756994098375,0.5021866392426761,0.49871342766040566
XO------O,0.4966300432301246,0.49847088167460557,0.5702108541313932,1.1001053542259691,0.22530127651816556,0.12616403468832205,0.2064527260030502,0.3806648103215663,0.4941546414178711
-OX-XOO--,0.4662215740543837,0.4966225058388236,0.4975612485738153,1.1165879628378192,0.49774374528270343,0.5075079730228416,0.4992745034818697,0.4918452791919232,0.4030327612474891
-O----O-X,0.6804774177902019,0.5015665374740426,0.4032636639629419,0.49462716114848854,0.6871163082198865,0.7223437387111319,0.5098918913120379,0.1644412507767683,0.5055881202980773
-O-X--OXO,0.01737793682572536,0.49789262872815476,0.45262319147824576,0.5172848663927213,0.40864245321782205,0.8099648025767479,0.4087339710391304,0.5337517735238139,0.4344889735178796
XOX-OXO-O,0.40008807467997676,0.5101344107500977,0.4208870643729269,0.14831214979089363,0.4877862021109617,0.44895794941954514,0.5180142469697262,0.5285960121887224,0.44182944780243044
X--OO-X--,0.49461907701911617,0.07357399260907038,0.4008082753396139,0.49441333449113234,0.49634969302512744,0.265447961854257,0.49127139889785554,0.017648300663544447,0.37569604718920824
--X-OOOXX,0.40753312333807545,0.02662765164673736,0.4949140556698505,0.9288002299453739,0.49476880319734917,0.4927023581838386,0.4966971348235216,0.5020487747606304,0.49502957662179264
------X-O,0.07596268443037957,0.35428759802720916,0.6866517700798389,0.1943459796416765,0.1387249111214065,0.004128060520876109,0.5044285924455073,0.07957326329286518,0.5058590818948258
O-OXOX---,0.4990333943068758,0.8331346795989583,0.4915758533489145,0.4987600485760146,0.4947147936632126,0.49073772020826706,0.24402640521053465,0.9024363602200851,1.2861950038052745
XX--OOOOX,0.5083306890025887,0.49226663261619297,0.6872379610667342,-0.26076084845901837,0.5091595527943388,0.5091894866166882,0.496938332413769,0.4941663264522781,0.5038917996459001
XXOX---OO,0.5041658902125781,0.5057296166563007,0.503439134646656,0.491545708504216,0.01757308508266292,0.49836967436093055,0.6887868277746619,0.5035437292805074,0.491280862974625
-XO--XOXO,0.6288195193347729,0.4700721822748273,0.41539649486859964,0.6423030762260693,0.6867638313534307,0.5289959882297607,0.5915764037537177,0.5886627328936205,0.5934586491367759
OO-OXXX-O,0.5005671908565552,0.5063973178015891,0.6872379594598597,0.4957242068902896,0.49420345369609164,0.5079182796880611,0.49281801805966097,0.8242216063067489,0.4917369574036732
OXOX-OO-X,0.49169030444321615,0.5007072627085263,0.500655054609227,0.4984005650852967,0.024828214586202046,0.5067866479740216,0.5092474571118756,-0.3345411111606027,0.5029162356832715
--XO-XO-O,0.3936986836890266,0.10226102188638081,0.5096927779093299,0.5098010266856736,0.3944393979213957,0.49789844761789637,0.4935848617778643,1.3696722002585155,0.5019360256660598
O-OXXO-OX,0.5045214165620847,-0.3630746795793591,0.5090422720265555,0.5025746906850833,0.4987961288945687,0.502455402019255,-0.39756731604416673,0.4905099724659836,0.5084061016431571
-O-X--OX-,1.0018688982890835,0.4932469688705742,0.20435258513330157,0.5035921498310185,0.496484534227419,0.6255708534728714,0.4907911806470718,0.5057468739351693,0.6533097690978826
--OX-X-O-,0.4989308042973733,0.13705647228622775,0.503924819784135,0.5003172265806434,0.6871437035737415,0.5068681014167272,0.8799377535623873,0.5005727854518982,0.5005419177173395
OXOX-O---,0.6646752217547837,0.5101198801067766,0.2743833398228449,0.6037916460190038,0.5378108161740631,0.9505818622594657,0.22220982226083097,0.2838819991928967,-0.3458734915124996
O-O-XO--X,0.4916507513021942,0.455390256094854,0.4918010255469961,1.3453165171559922,0.5016651457277473,0.5095261292714554,0.21221630959166837,0.6785281156367126,0.5026335869139333
--O-OX--X,0.006331772043548178,0.7562978507332864,0.49272558172304726,0.11592726196993758,0.5055074888304281,0.5047216115978955,0.6274521621357316,0.7116958265880768,0.49553717861251856
OXXO----O,0.390756877953334,0.5189856438189873,0.45915396140684694,0.7378360832572453,0.3377343630963403,0.254881720625617,0.6880579568434066,0.29197389209677027,0.2345882690357609
XOX-OXO--,0.5396594719833805,0.5178010347177513,0.4731184433491538,0.5653945802173822,0.43405575045404593,0.5746333584752,0.45298784458533126,-0.1749645838104522,0.6872379147400846
OO---XXO-,0.5064828611687905,0.5010392907819039,-0.11252586908285123,0.46371204932147825,0.4298280082230619,0.5063003535965784,0.49926690418296554,0.5044306959281778,0.21902533817624353
XOOOX-XXO,0.5030387970419146,0.5047507059539016,0.5037016916424413,0.492753182790227,0.5097828938772729,-0.08623785095910808,0.4960069670521978,0.4910707179797539,0.5008697204291975
XXOOX---O,0.4915874444467165,0.4996220079798409,0.4909690791626367,0.4961511243761916,0.49705598432844855,0.5291568015721616,0.5353790662876511,0.6872379595328498,0.4926514809768373
--XXOOOXO,0.21764387322572704,0.8327958021981533,0.5032689811857404,0.4957415364036383,0.496974691006178,0.4913076206906787,0.4926430394774595,0.5092203395365815,0.4999745153307922
X--OO-X-O,0.5069520441996546,0.16386096903576314,0.6466588889963677,0.49932060084011076,0.49600450638606797,0.5051424533101525,0.49822947894060804,0.49009795621443203,0.5016770648173006
OO-OXXX--,0.417588010295286,0.5728174240917706,0.6872375065589831,0.5539844074439602,0.48487966327233856,0.5288102371725171,0.4112922839164368,0.23087633436661437,0.13969933100218745
-O-XO-O-X,0.3504541420095679,0.49777731698316685,0.41048780338514884,0.5347943300118067,0.41512650184836813,0.244078316131154,0.5011875059835692,0.5667268718483127,0.5828202781097186
OOX--O-XX,0.2386467472725281,0.7255979023095248,0.04510483752087502,0.6008352785969938,1.8448734652116838,0.6014342038679871,0.4007419556579781,0.875145721568255,0.9608303515841652
--XO-XO--,0.7011337891898481,0.5064713014869137,0.49448899915450056,0.4913512149067294,1.1794419682162873,0.5000414173007139,0.4967146169239893,0.792758202272355,0.6853342780867103
-X--OOO-X,0.06288495519351611,0.4863735538808504,0.10546642611048229,0.1416488349635141,0.5180365392911621,0.5053753841188039,0.41561087921866957,0.026609686193062643,0.5544756547587292
XOOXOX-XO,0.409842581464457,0.5640300038851742,0.43770695844784147,0.5480607699759836,0.4163963037483722,0.5373721463760524,0.6872379240140314,0.4348499991599515,0.4989093312475102
O-XX-XOO-,0.49816350864139297,0.05620520129383022,0.4900228740526098,0.5019227199653283,0.6872578523973438,0.4930270628435147,0.491415785846955,0.5036779503510492,0.6872371032999562
OOX--OXOX,0.5005338998523825,0.495932901527726,0.4973295967345561,-0.30730220518613427,0.6872379598124004,0.4954885126957931,0.509122665538559,0.49816000858951076,0.49919799041409973
XOX-XOOO-,0.49860073391561965,0.5012920849741697,0.49288096533746745,0.18737214582674222,0.5000724561197236,0.49258044248481053,0.49409568279768695,0.5066818450857709,0.687238730474557
-O-O-XX-O,0.5441534680363468,0.5998769895953759,0.02939600043497459,0.5009143053489907,0.16118496856876618,0.5857388585752361,0.480156711774092,2.0137342074606677,0.5888923955030945
--OX-XOXO,0.13609246821871257,0.4386079491438166,0.44672442443663957,0.5060638287894093,0.6513501383002744,0.5635667441671769,0.46676803104799913,0.5380372698953497,0.4258676784523023
--X-OO-X-,0.846059309308916,0.875723230835117,0.49009440951068034,0.5127219489730079,0.49376264941642106,0.4904966405508584,0.7403026576882055,0.4916436309096032,0.5342031317497714
X-O--XO--,0.5545040451325024,0.3053642672206699,0.534730881015566,0.493268746698724,0.6872344360731728,0.5861550682605738,0.43805383378863566,0.5620134778078525,0.17029584755360683
X---O--OX,0.5005778075613229,0.09666991510065015,0.19064654038504292,0.4224139215952613,0.4955463383729179,0.19322658485683863,0.1252407179853154,0.501316292709608,0.492635975026589
-XOO-XX-O,0.013240835137450446,0.5011091766266308,0.5029722558243177,0.5073752993420461,0.5281239666970061,0.49838991373160546,0.49624652975847144,0.6871941492502982,0.4943573082512877
-XX-OOXO-,0.6872379594563112,0.5859142523529853,0.4715256211236217,0.48133028771962194,0.4042323578853285,0.42114200220734177,0.4323569421746585,0.537033757962507,0.21779105102193685
-XOOOX-OX,0.878081673783251,0.49068128446106524,0.4905291589863888,0.5023075017521496,0.49284698339744565,0.5055894154205492,1.1886311900944906,0.4980181391825524,0.4909805554328995
OO-X-X-XO,0.500662078490637,0.5064976864833767,0.2620543519592534,0.49498058708690124,0.6872338581600252,0.5079827692997669,0.2534758291078937,0.5056843043847742,0.5076850924598272
-OX----XO,0.49942116014548693,0.4976945859807189,0.5030761742150295,0.4101813235649545,0.6782584089214538,0.7458702890733672,0.6890473095022431,0.4927775339303654,0.5018645334263364
X-OX-X-OO,0.4844684577238173,0.6872371923082045,0.599811533092902,0.5324837505153422,0.6278503041500166,0.5165559421923828,0.5359912693752775,0.5283414353809665,0.4653499992306598
--O-OX---,0.1918947965122491,0.2048337411989541,0.4931223626648693,0.15433603936849882,0.4945138767780874,0.5023112426223905,0.011105881865815792,0.0029290877509222657,0.7000156313015158
-OO-XOX-X,0.6781584789227623,0.5076416745445917,0.49422227052135975,0.0108140722512452,0.5081664022423606,0.5056067739960538,0.49695648220084776,0.6872380019164734,0.491973470420811
--OOXO--X,0.687237968582781,0.6868418732730647,0.4903917231327117,0.5033716284902398,0.4988739852057793,0.49051218689883747,0.6440390893856032,0.6779251408496578,0.4986739038418862
O-X--X--O,0.5077498341109575,0.09404036922546588,0.5052387643379355,0.1276844269379716,0.687237929549736,0.4933814618479865,0.27062189629332645,0.16223551878973752,0.49867372536329635
XO----O-X,0.4903309470989848,0.49798588008903394,0.4077613653828966,0.6436160266298466,0.687241471038595,0.6456310931855496,0.4962444927097027,0.9259509131042432,0.49280182997662153
XXOO-XOXO,0.4966433787100459,0.49500611179014803,0.496010440129992,0.5097000750568405,0.6872379594563112,0.4902139599822941,0.49840223599130756,0.49051487982478503,0.5001566972810126
OXO--XX-O,0.7124874274167812,0.9700597633111369,0.27509064406882555,0.8008697637708982,0.6855664826724073,0.4422985349379155,0.8994725682745569,0.6578539784823989,0.08687517360081443
OXO-OX-OX,0.5082799091468756,0.4900228421755723,0.5031620189659024,0.30162589754210445,0.5001874628329213,0.508896119449818,0.04976548264308139,0.5005210676515894,0.49844711122591157
OXXOOX---,0.4511665901600129,0.5248837640893232,0.4602292220728787,0.40949462577606055,0.48444958127983706,0.4605017340999327,1.17326805674575,0.479652918726599,0.6872371923082045
O--XO-XOX,0.5075138667545066,0.1472165814322015,0.8646855599466571,0.5006806659264457,0.49213218373321277,0.7962798710803861,0.49490942720891606,0.5088579058744314,0.5030905794759156
XO-------,0.5022237272514978,0.5099887811543145,0.6872171499835874,0.3100341287250767,0.0352309250416436,0.17430643772472038,0.15219523417644387,0.18202482042007057,0.6859282227516984
X-OOOX--X,0.5047643363140438,0.252314454080094,0.5004950299974118,0.5010352757401028,0.4930624842655297,0.505329206029652,1.2787184142582373,0.44744619748463,0.4922924661623147
-XX-OOXOO,0.6872379598124355,0.4957660680507578,0.49442177889614,0.874260092781396,0.5036596726449959,0.4955768832553037,0.49717502078870307,0.49883777753948755,0.509283424508618
X-X--OXOO,0.5024779163417146,0.6872339348231251,0.4993666256885986,0.6872379594563112,0.6852725957134854,0.5036674689503872,0.5094616800795172,0.5009147417534041,0.50674368088925
-O-O-XX--,0.04866877559537075,0.40881563573490975,0.5104249108459271,0.5521515361800724,0.4415808881289218,0.5514064351021283,0.5269555871405783,0.10100348012008642,0.6872342661378491
--X-OO-XO,0.44236735285641904,0.04221647410272378,0.5098011695109133,1.294638528262348,0.49294341519863344,0.4957852690662776,0.10202283720605732,0.4989971352814065,0.49868239900834355
X-O--XO-O,0.593722604733663,0.06327726644585752,0.5523236437004332,0.38865057127751546,0.22526953395561133,0.4761704110678315,0.5821590797195627,0.6877679652244086,0.5551953061436358
-O-X---O-,0.8648706026657063,0.4950413260394091,0.042370272906826045,0.49396336761454696,0.2868196516906898,0.4661906563300004,0.6887231770419632,0.4929109117106739,0.7955731079142863
-X-XOOO--,1.2925821870647036,0.5025177417989314,0.6377496428799396,0.49318447506292323,0.4982385879018911,0.49011387594008055,0.49866747400301503,0.022455762322525996,0.4911004445451438
-XOX----O,0.7991935383216172,0.5029209059783354,0.4921568246763847,0.4990538196439461,0.1592005629289468,0.16946333620338683,0.7048988732323381,0.4077731914458454,0.5070054015412393
-OXO-OXOX,0.20081851492398745,0.5087219712146097,0.5033829982608858,0.49221504148641654,0.6872377729646936,0.4997133520849851,0.5035579536218672,0.4905312011816677,0.4961982286912088
OO-XX-O-X,0.502600010649837,0.5086249440084564,1.7108625068773495,0.49024141855283043,0.4941086494391888,0.6872379574809798,0.49898469567327425,0.4970485296597004,0.502120658801384
---XOXOXO,1.1821973875788718,0.8933417019337431,0.23560560303569533,0.49246791982073584,0.5014883892111781,0.5061247455251411,0.5080485353140601,0.5056527455966771,0.5039125614193466
XO-O-O--X,0.5099628986819317,0.490532595291521,1.529810747888094,0.4999698261256904,0.687219117909651,0.49276250796971033,0.4943364674447529,0.4906280187201187,0.5081473045641159
OO---XOX-,0.5002000511275488,0.5039083548791277,1.2920596167930465,-0.12294581229241752,0.02959961870971395,0.5059110197124234,0.5089544928130639,0.5078884970518689,0.431109643812718
-OX---XO-,0.032222081946810976,0.5076607151883877,0.4905293358916881,1.0884156350800378,0.6872379594563112,0.8885825688775053,0.506223371915394,0.5055102504490847,0.5323221469055842
XOO-OXX--,0.5640787104850256,0.47404033818087227,0.42723682742556957,0.6872246917432253,0.45760017082153037,0.5309754318273407,0.5900812383791283,0.6850651879066063,0.7106518420899476
---X--XOO,0.6872379594563112,-0.3386894315124608,0.49023688074186844,0.49700538864414706,0.49023916291813213,0.6853024128534962,0.49716331235775807,0.4979508353205988,0.5022476863914557
XX---O--O,0.49232648092190034,0.5710327111053944,0.6872378656998084,0.6875596204977267,0.41264596462991,0.4049978861201647,0.6290919937349918,0.5147492075606728,0.40207784209100406
OO-XX---O,0.5071396849221614,0.5074450738205313,0.7554520477207632,0.4972198291061475,0.49051644904221403,0.6873156036681,0.49149886371445634,0.10766527538165888,0.5078506320996641
OXOXOX-OX,0.4959314387230569,0.49614488120456657,0.49347812675155894,0.5060672077514544,0.4963414349757107,0.5053827427944216,0.3980798022591793,0.5035537101600461,0.5088778517737148
XX-OO-OX-,0.4573843212830456,0.48363410615195807,0.6872379123068448,0.5872109474220617,0.5925007207523455,0.3527463349695754,0.4412159297257322,0.5496659478923795,0.23015530006045953
O-OX--X-O,0.5071033612828009,-0.14889337687390014,0.5066198826190356,0.4934341243983659,0.26926540695513557,0.6860333841168663,0.5018618359884329,0.49415365985356474,0.5026553807236199
-X-OO-X-O,-0.2988416602740239,0.49787503404140826,0.41286914283364406,0.49022103018878316,0.4932908789504941,0.034926080612088906,0.49151872424863235,0.3447587430990753,0.508322187684775
XXOOX-O-O,0.42664181236828647,0.5460794746968115,0.5394833311671076,0.4006293178124134,0.4480532018938114,0.5202792906493418,0.49927188559035873,0.6872379594561496,0.5758261747459728
XO----O--,0.506981666285011,0.5064943804068617,0.5666147582458276,0.0990219579441805,0.038236095498966005,0.21598955282602678,0.49548777244270725,0.6842181332668421,0.6693031582909562
-X--OO---,0.29424707503185116,0.4989992002302043,0.032601909711540644,0.24752237609830952,0.49871303628245023,0.5052036171370605,0.1217785872030564,1.0447543536109727,0.38931987022590014
-OX-XO--O,0.4956479645407732,0.49992854852231006,0.490507625214398,0.5016139551788966,0.49260274897622,0.49137826081744906,0.6872379594563127,0.9866409929545317,0.5022505974773069
----XO-O-,0.6941182156710303,0.5317983506246527,0.23845123095704784,0.3568385820987,0.5050708396072559,0.49241155136204856,0.649473894735493,0.5023419546812056,0.782830741812385
XXOX--OO-,0.4990432312634098,0.49134538694993046,0.509994996343567,0.5033493804486318,1.4049619836192573,0.24345056164178225,0.4912712933431447,0.49628305341718953,0.20316883435051802
---OO-X-X,0.5368129476993735,0.2171900584986199,0.32955280063437165,0.4978703943172125,0.5036034916736014,-0.11910776967965986,0.5093686306692887,0.6872379594563112,0.506600553938641
--XXOOXOO,0.6872380488347762,0.4692041192010393,0.8188735964438973,0.32414368301704943,0.31777725228629516,0.06510669600818209,0.9763943689577221,0.36364741645136023,0.8498226592892046
X--XOOO--,0.5021020469341085,0.27029888348026104,0.5514245082528119,0.4950686360388742,0.5079341288600935,0.4911916342665002,0.4927045935207434,0.0063005341572492934,0.2715908052991779
X---O--O-,0.4950460726442271,0.6858215513985844,0.004165882147679711,0.07774118636897948,0.4903802132314327,0.2180962354386471,0.009212738779030671,0.508877799821488,0.4875125949989759
XO-OX-O--,0.4923391077364877,0.4943425489030651,0.7281089430052017,0.5014877263938604,0.5098722268883007,0.6782407070834024,0.4916002644028993,0.45156457239634784,0.687237959456475
X-OOOX---,0.5048366250489914,0.5603547870655925,0.49474080315337343,0.49704500127242257,0.5039297723063796,0.5080885420094056,0.04233100317052085,0.33594264239478056,0.3025171622443122
O--OOXXX-,0.4914822116139374,0.7020954029585222,0.7038795730813663,0.504311752782898,0.5096141566838999,0.4974170124125091,0.5010983675586975,0.5061199409620114,0.6872379166228693
XOOXXOOX-,0.492960530320135,0.506901220046372,0.49486886633560945,0.5087490678684298,0.494930863302384,0.49577493974564546,0.5020648155047898,0.49672232366088626,0.6872379594565045
-X-X-OOXO,0.5087246543924763,0.5000839564392736,0.6872379576283068,0.5053166508094137,0.6465981268790322,0.5076596545177093,0.49324584852255077,0.5032942020540666,0.5019953997104818
-OX---XOO,0.13929265814318792,0.4927775126469324,0.5818420195185432,0.3264310191909908,0.6872379588657415,0.26275672071078904,0.5381969336982836,0.5115425018263486,0.5837304219011104
----XO-OX,0.6872379594563112,0.6872388320013516,0.7790334644149535,0.560581267876857,0.5061735014183324,0.5063275978893097,0.6872379594364108,0.4973012319689058,0.493810934219514
OO---XOXX,0.49794730872292664,0.5010956782732099,0.6872340305962931,0.6285071001897125,0.7277056586764575,0.5086962386434142,0.5049364196959011,0.5036364453937675,0.5061465204187445
-XXO-XOO-,0.6875072779379803,0.5004978968558251,0.500527195022065,0.4940373860488933,-0.2957305653617467,0.4937788677774146,0.5008044714797046,0.5010302875398144,0.49218843601819207
OO-XX----,0.49306149970237095,0.5040222303469479,0.6929479821939695,0.4952983520076526,0.5001784386453842,0.6872336026492739,0.8705683218669367,0.19735469452773713,0.1353464606377961
OX--O-X--,0.5611511224493982,0.5729670887716299,0.3644094021573671,0.09797292076774794,0.41304422795639145,0.07224652121486286,0.4068000377229336,0.19565842122793342,0.6872379553206223
-XO-OOXX-,0.49945051359650505,0.49111637389246293,0.507046267375575,0.14587885121192867,0.5049290899444321,0.49328700627868116,0.4951704328988413,0.4980795562114572,0.6873305113574016
XOO-OXX-O,0.512089850506058,0.5124753288526309,0.529357434637462,0.6872377991391154,0.5223476053781627,0.5917795605278156,0.4235397098240079,0.009670341082179679,0.46444848259827637
-X-OO-X--,0.07914639598355167,0.5029574905369967,0.7288560897566981,0.4946521146773505,0.5016189924467593,0.7249967764265348,0.49429094699639814,0.05175872388351699,0.7423998625423982
O-OX--X--,0.4973084658127735,0.4971158802043407,0.49408871425623413,0.5009753329283667,0.41911401250839964,0.06373723612180904,0.5073918684781762,0.5359673939924233,0.6724313204325459
--X-OOXO-,0.08123572513050376,0.23383350985574913,0.477571036799463,0.6564040948998541,0.4293854791118359,0.46901079425645276,0.4738260491101649,0.47849468073099194,0.8860293511984967
XOX-OX--O,0.49839483640595417,0.5071010543179022,0.49452948606512587,1.2961404135122914,0.5012917546334414,0.4917342947577589,0.01838900212085809,0.42198478067088074,0.5096647940052356
O--XO-XO-,0.8938166259888086,0.3373523277498469,1.0978294359542842,0.07991185309492466,0.24305257236136457,0.02597569069666572,0.8211188883481703,0.5659608553122141,0.14379196554837814
XXOOX-O--,0.4909001001794005,0.49882306945505406,0.4909218364962456,0.5069918888702061,0.49698810632268997,0.6871485726043243,0.5038913747336701,0.6457659058278317,0.6872379594563114
-O--OOXX-,0.25715805960400706,0.5046239630676119,0.18345633158681973,1.2267586566965492,0.4927909466187843,0.5076480157615787,0.49482150687071774,0.4987505441774086,0.6872371056936689
OXOXOX-O-,0.49838586232167426,0.49163727778666455,0.506725027612865,0.5017378779340127,0.5092744737616453,0.5053962203128757,0.8081795171330217,0.5008991870952874,1.379400741244759
-OOXXOX--,0.6872422352678528,0.5050750171927548,0.4903281788740077,0.49074895524046763,0.507891951951583,0.5033475270356395,0.4929649297669081,0.5009956306798772,0.6440804024471274
XOO-XOOX-,0.47060751111428645,0.4359322248424351,0.47243957292737776,0.8994320130781928,0.5853028813206698,0.5261793374121937,0.5706719815467657,0.5510779788261476,0.6855664826724073
OO--OX--X,0.4580029909834337,2.0248925890578917,0.7538308700705771,0.6254463716699428,1.6223199976546192,1.5682313363919842,0.5101463272013247,0.6026879030059913,0.923303743325024
OO-X-XOXO,0.49490013648822534,0.49021188808241917,0.6534890770877142,0.49795295612758883,0.687233745762189,0.508887157785463,0.4902617173792835,0.5044104416295252,0.5003960001634451
-X-XOOO-X,-0.026346358834192785,0.5065334528090791,1.0476890796317397,0.5013605025259723,0.49157522581380825,0.509132090651497,0.5078875036725403,0.03348090008759391,0.509782453308083
-OO-XOX--,0.6427314093707619,0.4001680795058452,0.456692365170729,0.07451952248098892,0.5450618581953308,0.44985910398675505,0.451461110996958,0.7927028630786781,0.2965284005859221
-O-X---OX,0.23956529652143688,0.49828359639054776,0.44326146167958513,0.49979864813517877,0.6872377706512407,-0.18552495947455483,0.5679105556975783,0.4942256239486057,0.49894570240746633
--XXOOXO-,0.6872379189344885,0.8211587437225245,0.4947228878215498,0.5006191144250989,0.5011908387200028,0.5058894754659902,0.4987957570637982,0.5017397099043758,0.29051935492462977
--XO-X--O,0.12325368129336944,0.15837657448055287,0.49060641823492496,0.5070219765781753,0.1614824721507071,0.49969413295221204,0.6309976295539778,0.4289935590828258,0.5029136863538407
-XX-OO-XO,0.6775486146305012,0.4255660470382397,0.5826627723629692,0.6614732243847383,0.4838269663910631,0.4139120954737438,0.067586887215632,0.5407584057567628,0.5643560290013285
OXX--XO-O,0.9755001860067449,0.2720053013701933,0.7641981014149072,0.95071252760412,0.4980261029106757,0.5540782149418129,0.5847784569811947,0.1393186601841676,0.3620673973173939
--X--OOXO,0.642331154683201,0.5018996805489377,0.49602698690510494,0.7424803709623996,0.4901479071611286,0.49027543272362367,0.5032847626001554,0.4950748245570928,0.5012718954528254
X-XOOXO--,0.76051297126444,0.2880628060076472,0.36716646116012563,0.4202346502273602,0.1721722657449507,0.4737034194866613,0.7702286528480786,0.6872397260958029,0.52497918747894
-X--X-O-O,0.289977314659165,0.5440172138142799,0.830830181433096,1.0059537632905866,0.4216522945104671,0.022096533062071932,0.4974445448798705,0.6872379594561496,0.5750071407688866
X-O-XO-O-,0.5056348228906025,0.41794831807734634,0.5053244842094337,0.7272877779999947,0.49313222140939394,0.5049638789177264,0.043418819104672934,0.5059261342087829,0.6872387139660131
-XO--X-OO,0.38631481538515855,0.49925631921324987,0.4214091922401727,0.44967803706747417,0.10997897497934894,0.4133143122977921,0.8493164241635999,0.4136505984173426,0.5285373804730886
O--OOX-XX,0.430499112000443,0.1507016343532921,0.6637293143729499,0.48950871379897937,0.41058495611147144,0.4309079006951018,0.6770481301096465,0.5124594676364644,0.4958829830669248
-OXOXOO-X,0.6872379294432829,0.42055234427133403,0.5948523702731352,0.4849517224417808,0.4635994116358731,0.48057347377241044,0.592110011740795,0.1734753429395013,0.5949526496887954
-OOOX-XOX,0.6872379594561193,0.5050497887422079,0.49494177448248783,0.4952914976047669,0.49060897233622763,0.11757816230816365,0.50262838836078,0.4952796912298692,0.4978583755937614
--X--OOX-,0.8523178459081178,0.6785286323609137,0.49542084996732666,0.556530074641038,0.7623804535810382,0.4969286313096115,0.503765722508176,0.505280461713215,-0.09145822096828715
O-OX----X,0.49050951528404274,0.7425887556523432,0.5093942303672147,0.5090557088898613,0.17283627160283954,0.24161023915272356,0.633686889082386,0.07977934105904771,0.4958623614034053
O--X---OX,0.5888937827916267,0.7141023445794593,0.5540101411924027,0.4134782798984603,0.6796766240419749,0.5207206857029717,0.42103920934567235,0.5505194429379667,0.5572331620375257
X---O-OOX,0.5074713570977512,0.1484556714331925,0.6445117299892911,-0.35430767094630344,0.5042694939189599,0.28705180518368956,0.5061024717620911,0.49296438114917956,0.4997445643529851
OO---X-OX,0.498948917374242,0.5004174498481025,0.685368717611465,0.0968544182940354,0.6838464020581799,0.506850281107603,0.03079954583121891,0.5040776432490094,0.5005404641537574
X-XOOXO-O,0.4920224232042688,0.6872380019164734,0.4928529777549795,0.49974129379583426,0.49480804594044736,0.5097740096899712,0.49233565852015343,0.5889199704917513,0.49456900109459184
-O-OXO-X-,0.6445469805444662,0.504519479853679,1.125705620015224,0.49715253028468537,0.5076019773800292,0.4913488490997595,0.6460204682466363,0.49658699714329607,0.7087264161238935
XO-XO-OX-,0.5039034026832594,0.4942726276028994,0.23030342229042566,0.4973119145650947,0.4994392326892759,-0.24751458019971295,0.5093789882944275,0.5010326091637425,-0.29600428748623797
----OXX-O,1.1363665804239482,0.18516824941826288,0.16293456193718148,0.17994092140094686,0.475771188484362,0.5354395987558939,0.4788323039199702,0.30452125841528277,0.5921025582468022
-X---OO--,0.01638831057698442,0.49994120525919367,0.04712836980528301,0.1916727231897134,0.06802573788786237,0.4942165512368104,0.5017829166629268,0.7680375199164976,0.5620862090476546
-XOOXO-OX,0.687118794078585,0.41031684748123365,0.5820128022721773,0.4294137224169533,0.5632200617155527,0.4486402937444687,1.602649040573288,0.5851630219880916,0.40056541457242467
-OO-XO--X,0.6871513189376688,0.5114619712946616,0.5810260854631173,0.08479361870394242,0.4075151329105344,0.5972523136938805,-0.3150277007655934,0.4953694352238507,0.4177760775943661
O--O-XXXO,0.49181571351047204,0.6478163412535175,0.4948603075661705,0.49032142765365966,0.6871467852513959,0.507487879904468,0.49981952587027517,0.5025963213468982,0.4912281492125292
-OOX-XO-X,0.4950646590042512,0.5054666023340167,0.5076295220954395,0.49224509625647445,0.6944537108801515,0.5055855517320093,0.4924660937381422,0.4956860106043427,0.49083714789586
O-X-XOO--,0.5071713272041892,0.1145665837926863,0.4979932894582156,0.2671275163823311,0.4941606915524878,0.5081782432795828,0.500009584542382,0.6083395059970669,0.24378694974219461
-XOXO-X-O,0.6872422352678528,0.49623029498353466,0.5096334066680709,0.4991960650238652,0.4930952806773263,0.49847036592883265,0.49631379853966157,0.012892339647137652,0.49186939663183904
X-----OXO,0.5091147215846501,0.7093646538154075,0.32803624234161893,0.26505491539085435,0.6872379595131982,1.052648123133487,0.5063145235452522,0.5095851138158947,0.500540053555752
-XOO-XOXO,0.3511079317561262,1.8614839283872753,0.7596673846921622,1.5302953844482179,0.6872343903642549,0.07985000760704714,0.7098236642155122,1.7931537794633468,1.3368438453601494
X--OO-OX-,0.49230963457452714,0.46084312256457804,0.4305525697126478,0.502949368807915,0.5027826380728371,0.07687795354128357,0.49010397375484616,0.5004397556198246,0.18062726163817083
-XO--X-O-,0.597513727502845,0.49871262162066843,0.5032374410505159,0.07229781736021507,0.6872379594519953,0.5042449798859913,0.04136934066695869,0.4925714991472789,0.27557504395985194
X-XOXO-O-,0.5093365652855345,0.6871497317181481,0.5066150028469141,0.5088990834125131,0.49305081529560746,0.4916347032123412,0.49260658041374333,0.5014982195593654,0.6872381251804497
-XOO-XOX-,0.07401123393301923,0.7944423722565855,0.37573516580150135,0.8903547170631815,0.6513501383002744,0.05561666417759614,0.2861569986913577,0.09510510219951318,0.5195605354652225
O--OOX-X-,0.5274447042933487,0.03115383984693698,0.14895487749414243,0.5164691956623638,0.3034653362786124,0.6352400444376023,0.08732726138885616,0.535401103503002,1.0117024453217174
O--X---O-,0.491157365448788,0.5110666221975485,-0.3627163682335022,0.49549526623667833,0.04157566059752643,0.6781613225835386,0.6879565871857093,0.502833534099912,0.022007029506326936
O-O--O-XX,0.5042139911539093,0.6463379431302679,0.5018704389302241,0.8787013755613334,0.40244184343389033,0.4922448906306985,0.6872377743350091,0.503309965225469,0.5045606164867793
O-XOX--XO,0.508294396024097,0.6474173253526624,0.49326884248866293,0.500572677518988,0.49627890999054264,0.6473832941359942,0.6872379594563112,0.4914276044537599,0.5064294804902788
XOXO-OXXO,0.5080456629421737,0.4935705329909585,0.5078456067256503,0.5074581658586323,0.6872379609724697,0.4958316304151921,0.5008110040405205,0.5024939902487837,0.4972257065826881
X-OOXOOX-,0.49190179454020494,0.6872370786902792,0.5019120861718125,0.49990875885866665,0.4916323677364987,0.5068190136892468,0.4948529567523631,0.5015728451651249,0.6872379665101157
-XO--XOOX,0.4991665189034952,0.49003870195510213,0.49739826905870427,-0.08347743687144049,0.6884887357262798,0.4954018400815856,0.5013867410969175,0.49227877578133356,0.5072287278537574
O-X-XOO-X,0.42462635260336434,0.4946032093685387,0.5123733826321207,0.3013730705865886,0.45001370136894403,0.5722097614866232,0.49530569899453475,0.09511738878844012,0.5451801366959377
OOXXOX---,0.4420622080865738,0.47227581392911105,0.5094543506654287,0.5804149874673064,0.44473756517218893,0.5871305648034044,-0.8911613642504055,0.6649275026736281,0.6869794150651289
---XOOO-X,0.49172864298327024,0.7037074822417781,0.079098275976629,0.44993044607853877,0.5637552483685194,0.5527129224792932,0.43436482940415305,0.8176039286394854,0.5263370559947109
-X-O--OX-,0.3717985175905003,0.3429346086433642,0.025650024153476947,0.152034596828316,0.6513501383002744,0.3310986589726198,0.4544916095722832,0.5695880458124891,0.4036827786710474
XO-XO-OXO,0.14600725106745116,0.6174053253953682,0.49034745287096004,0.9621243312554953,0.31847482693516826,0.651163137655199,0.644571795478301,0.8056962833574117,0.10926608005809213
-OOOX--XX,0.6872379594563112,0.4101865516961132,0.5116660866482408,0.5309126016653855,0.47650324308910813,0.21817358663249853,0.6868024828659566,0.48943699778044497,0.567826879613632
-O-X--OOX,0.0708433659339821,0.4220202026104741,0.04334059661005901,0.5492241409040628,0.5280966077752535,0.4852337083427387,0.5670979909667023,0.5714827342176847,0.4289297678022739
O-OX-----,0.5043725031626093,0.15257508443962864,0.492588640178992,0.494556952995862,1.108898366745144,0.7190783910469313,0.3223853773927423,0.9927577693807302,0.0761202359097134
X-XOXO-OO,0.5046612343250063,0.6872379609724697,0.506522630253312,0.49885275701711185,0.5094924961845506,0.49430558083189774,0.687144612250366,0.5007826700309497,0.49011820289699065
OXOX-XXOO,0.5043215501686049,0.4937288559059234,0.5087026214803128,0.49018326668145695,0.6872379594598597,0.496280694338112,0.4919567733427339,0.4989349911621567,0.5044020039561066
-OOX-XO--,0.14292683247133064,0.5397216441934038,0.7434027750790712,0.7851702429539117,0.6868785765925925,0.7742773443115141,0.34614631370579163,0.682694125137218,0.24354283917174546
--O-XOX--,0.6441430968723847,0.08240899087135956,0.5011654142999538,0.22530994377700503,0.505733857968989,0.5044521340935684,0.5065884504468194,0.2556541071502799,0.6872380836262737
XXOXO--O-,0.49768046548111755,0.4990214247570029,0.5082165668807044,0.49030103587629764,0.494085258195137,0.5104187351317941,0.6872338699734926,0.506987528491382,0.6979782305786276
O---O---X,0.5024712168613457,0.27297395140643055,0.5010771740348952,-0.16498598769456396,0.5004767189331604,0.18227131898465387,0.6662966506503697,0.05715468422417658,0.4966396589401149
OOXXXO-OX,0.49487458991286426,0.49444414591645813,0.5012944970396431,0.4920188702571638,0.49938767832136377,0.5068351837770668,0.6872379594563112,0.507130478033502,0.5022891909314788
-O-OXOOXX,0.6872339044948961,0.5023274175174969,0.5040877315187908,0.502038587127904,0.4968412402905247,0.5043422139224988,0.5017351605787833,0.5003945693405566,0.5035948464953836
-X-O--OXO,0.714988850928552,0.5058577538745768,0.5503276453514158,0.49889141260793163,0.6872381218053145,0.27699913454469044,0.5009127045762929,0.4932911668196968,0.49818754024683654
----XOXOO,0.496456132175928,0.509510113277005,0.6872547615255724,0.8169591665646028,0.5085673400533194,0.49699036547747427,0.49257071883576936,0.5006430378069313,0.4950684646771999
O-OOX-XXO,0.4856824050167323,0.6872379594561496,0.5150051643416083,0.4538804988960262,0.5304925274366423,0.030195700952878435,0.5824232768413372,0.42546356173644356,0.5297913485180401
XX--OO--O,0.5069192405579414,0.5066781851677488,0.6875992173021154,0.6785492758929126,0.5040976689188675,0.49765079414133506,0.49315854773103457,0.5798527296833544,0.5097000724931285
O----X-XO,0.581050482427836,0.20516563038715896,0.40371245336013417,0.5283516939808407,0.6872381569987849,0.4752914351454874,0.4956426229206758,0.43608126882829684,0.5909662827265139
---O----X,0.4587758274432046,0.18687418889042284,0.05264104074609538,0.4999131490906845,0.6995254841510109,0.8758991777825058,0.6867427316619622,0.6872306909827903,0.4903409303975152
O--X--OOX,0.49611662565336956,0.4964667419803687,1.155911816765691,0.5028948593010075,0.11069360503887893,0.6743405109481937,0.5072930551201356,0.5093855741567259,0.49027563070648106
X-X-OOXO-,0.4983713338625795,0.686840042984535,0.49699611345716754,0.6852271517338028,0.5071931200129022,0.4985741871421631,0.49667604565762374,0.5034033136003254,0.07263421255221642
OO--XOXX-,0.49932309333940744,0.5024416519207624,0.6872379594563112,0.6740716517631107,0.4912595504709455,0.5002563956975721,0.49362057126430564,0.5058726915495128,0.6470500395727594
XX-XOOOO-,0.4408262132512313,0.4671756524735625,0.5065058468867637,0.5622423354873144,0.5638914701429961,0.5443531851468013,0.4878366983957747,0.5280731771068872,0.6091883553065109
-X-O--XO-,0.2788598563155055,0.5002294945867934,0.4650570185196445,0.5047265225188692,0.6785652037060336,0.722712762193404,0.5098763390283078,0.490078390710093,-0.38877557997180245
-X-OO--OX,0.28035162546802006,0.56796709128715,0.6812680235150356,0.5929436472582823,0.4784838297034169,0.7766928656630475,1.2969351622658736,0.50666793959382,0.4532473759966032
-X---O---,0.35784287702898027,0.49357959485207087,0.5036116930643632,0.40519949555476903,0.031814520190591,0.5011563515233465,0.04173073914974401,0.6852833177182226,-0.23596190606760392
XO--O-X-O,0.5001078525205968,0.4963731186259729,0.6865521163207248,0.6872370379991651,0.5091310177853503,1.2836182752540277,0.5045109632463596,0.04326938581149198,0.5064282352457049
-XO--XOO-,0.21179491782390247,0.12851547384565154,0.8006239383486639,0.7131955958434572,0.10073140215291065,0.41305646328221746,0.4936543957504822,0.44089714378390954,0.6802460071818505
OOXXXO-O-,0.5058182588927093,0.5082894777264787,0.5028429702893226,0.4957338870105594,0.5006625802639009,0.5069554166506596,0.6872379611020059,0.5080170732964338,-0.3634011910907007
O-XO-O-XX,0.5094023995858247,0.3726673390066895,0.5030446179500629,0.5065924624507138,0.49975722589540805,0.49991976082589706,0.6875920143625965,0.5023796318891555,0.5081712582234096
---X--OXO,0.827965177963244,0.4540012233269295,0.6513372845810734,0.5087596962961616,0.30291461914610374,0.42999161911478173,0.49626000640969625,0.49066763377146955,0.49487727606292703
--X--OXO-,0.21509284263519746,0.7040366234234549,0.4969966326725776,0.608925183905267,0.6853703402979489,0.5042562470287018,0.4950545370760772,0.4919900768446731,0.6645553694781481
----XO-XO,0.5585467960094532,0.6872379594563112,0.20679244378970196,0.3796456767114065,0.4919695296163329,0.5079963013901077,0.1379688706318506,0.49625970102673633,0.5078655313910297
-X-OXX-OO,0.0720346770693433,0.537749957646327,0.05519294841363387,0.568396270269923,0.4573095587760063,0.43890488480655576,0.7488201868010081,0.47977456655162004,0.5676477007674571
XX-OO-XOO,0.4973318056431322,0.509474130372058,0.6872379594563112,0.501573536185883,0.4975886392812269,-0.22421624663602546,0.4908088385503139,0.490298630144472,0.5095078465795007
XO--XXO-O,0.4961821074155395,0.49463966155500394,0.3884030064380586,0.5066182617849427,0.5074644284989126,0.5070580382818978,0.5034058381259069,0.712362535526951,0.49491734680218147
XX--OO---,0.4963463478328758,0.4950293692769232,0.6872379594563112,0.4697617281380364,0.5212459355889685,0.5548105376861471,0.05129534871554958,0.4087273564923598,0.26176738418808354
XO-OOXXXO,0.49332303496847724,0.5074488171307798,0.2881925249509999,0.49935252649611533,0.5014077884231717,0.49384888951519973,0.49648040864580617,0.49723443069591317,0.49178339867235354
OO--XOXXO,0.5092887578053722,0.5077134113251558,0.6872183336463972,-0.1941735857179978,0.49298554298894176,0.5077003317865427,0.49518324584911955,0.49543222908091855,0.5049323182678779
XX-XOOOOX,0.49198887833870036,0.4923283734943481,0.6872379611170728,0.49977581455477704,0.49919089063893585,0.5080141405533717,0.49186489366660263,0.4907565163216081,0.4935113750707127
----XOXO-,0.6872379594563223,0.08655106899437648,0.6855664826724073,0.42672624851818886,0.5841348547167213,0.4717075752736285,0.5870271561267463,0.46728309599625717,0.6890531523229201
--X--O-XO,0.5421263087547115,0.6781209132367594,0.42053666706594467,1.045131929737734,0.11481428271259442,0.5548142505770822,0.24354481820905532,0.5129903205309521,0.4291986154340204
-O-OOXX--,0.21323115509043744,0.4027316711396225,0.8779223815432912,0.5291902358477685,0.40434833300710127,0.4116761253204294,0.482993010945546,0.022482624500265502,1.2246717094774195
XOO--XO-X,0.4922890789722355,0.5096817621255121,0.4909231508813013,0.7113498362505994,0.6873139881448063,0.5043965702556119,0.5001621673436819,0.6593881343707895,0.49131363102488873
O-OOX-XX-,0.5001115222019099,0.6872379184958423,0.5091347818091515,0.5092100658380659,0.5015995657096338,0.08774562269966735,0.494214260481093,0.4992183132323277,0.6852534828803122
OXOOXX--O,0.5080475440855383,0.4996701999436165,0.5057277967950892,0.4945261786924012,0.49188405302972893,0.49456070809516745,0.49180440713219614,0.6872379590599074,0.5051697955291816
--X-OO-OX,0.49187471633418484,0.41776752830370684,0.4963947650018407,0.08738470036497331,0.4901567106863569,0.508528670285042,0.607544017148655,0.4965986540415105,0.5065788433358802
X-X-OOXOO,0.5089523922201978,0.6872388785068312,0.49295451960997355,0.6853867690066684,0.493490800181181,0.498558141058958,0.49213252019880616,0.5040326587210575,0.49051493678001196
XXO-O-X-O,0.5057447442196282,0.442933513033129,0.5613393691707398,0.6872314860726273,0.5707622938312821,0.6373448415775533,0.5143219699315409,0.60039220925425,0.5439977397068329
-X-O--XOO,0.03469237045317791,0.29664309136406697,0.1867300045768615,0.5828392359711896,0.7273548600398063,0.49121625695391535,0.5864838975646051,0.5793078372057454,0.13414502488286772
XO-XO--XO,0.4945179347529504,0.4984738063629557,0.24019668341652411,0.5087731864984356,0.4930887063040904,0.6520836118937379,0.6872184157639858,0.4951971007606907,0.5050541024918646
X--OO--OX,0.9268034483849592,0.06776833887645067,0.0424643628691303,0.3561040047119378,0.6632099090492213,0.48196024611593613,1.283005879012281,0.8905573648716659,0.9354811323798866
-OXXOO-X-,0.52497918747894,0.6148332445730502,0.4992443946947148,0.31386879948908,0.0426001763426489,0.03188811185057183,0.548400237210934,0.02605782788551292,0.206077694267649
-X---O--O,0.051447778959329504,0.5040694092695325,0.6035665149820293,0.027405067834044727,0.31296178742718006,0.49795880753903987,0.22265571281383423,0.5345856915294376,0.5044376937660566
XX-OO-XO-,0.5052816271909562,0.5086989420110793,0.6872379594563114,0.4935892884668985,0.49812674605324936,0.34317679583488225,0.49022294962052504,0.5089555033061266,0.3314390289836473
OO-OXX--X,0.4978402343507949,0.4856468092796222,0.4175962757353996,0.5313137458520351,0.517349325888522,0.4368797782631936,0.6945821200753631,0.3004194856792097,0.5030322858069171
OXO-OXX--,0.49272604565291656,0.4951756434116625,0.4919028673261299,0.1470405558916955,0.4994923400486264,0.4939549695828484,0.5010367780052013,0.5034657998840794,0.710434316918688
XO--O-X--,0.49630852710807183,0.492240953522443,0.007382356390321476,0.6872379594568762,0.49959367837049506,-0.1897825348440656,0.499693873709735,0.1616587160351926,0.1851325564978672
---O-----,0.7056481780203251,0.06742857360218169,0.06296693573533257,0.49814996623431906,0.20063499795953454,0.2365095658055914,0.32289965335986326,0.2539522609831286,0.7312695394509795
-OXOXO--X,0.6852808116865106,0.49436577646090946,0.5091664849840007,0.5032246220602722,0.4910363701212657,0.5069408078178583,0.5070783236538796,0.6872379594563112,0.49984086825868507
X-O-OX--O,0.4914592761721159,0.3477366633561131,0.5048132415383982,0.6513236340745382,0.503524619137034,0.5047560244819306,0.9316744225183851,0.03740134111182769,0.5071573741718213
O--OOXXOX,0.4996629495255121,0.5116994454241349,0.6872379597186051,0.4945048413472515,0.5036691186303448,0.49535550276920504,0.4939077911595969,0.5041703589944289,0.49852983063185696
OXOOXX---,0.5084223455298115,0.49674949476356184,0.502513856264466,0.4964218142722191,0.5050558806339723,0.4925003981080628,0.7025259758642539,0.6872379594563094,0.08771233719915333
OO-OXX---,0.49465469680788116,0.4967663379841811,0.07295816611435069,0.5099101779356362,0.507228307084297,0.49878254476071476,0.12168633696703357,1.2630900234475213,0.6803859065415541
-OOX-X---,0.6447328828095836,0.5020273963233932,0.5072502040779028,0.5085750099512667,0.6875918856673457,0.5070899765109673,1.2727721728170374,0.2332176077648594,0.496398510187138
--X--OXOO,0.687237968582781,0.6919421043898045,0.5061772832723602,0.48612558926396404,0.6872178225559956,0.49640460316029655,0.5005677975515993,0.5007471499353103,0.5047634167120819
-XOO-X-OX,0.7953019800140184,0.5069441468633146,0.49811290854608076,0.49895848793131486,0.41397355494701227,0.5089956557120431,0.4419216659378716,0.5086906304897255,0.49164778580305707
OO-XOXOX-,0.49522151891209143,0.5024666737449971,0.010602913124001467,0.5019666416070111,0.49198007265877636,0.5003676283893913,0.5018709183619613,0.507167363827191,0.44834703463562037
OO-XOX-X-,0.5291006149674345,0.9470631272436969,1.1202301404935509,0.28918443085501366,0.5152064595700077,0.5508466917878919,0.0367618692010826,0.451466179368749,0.37080490791258236
-X-O---XO,0.7135084688308528,0.5073360516810882,0.7109674501722504,0.5094466238914175,0.687233656326597,0.6872377757335751,0.10984048584958861,0.5059927504807143,0.49063199039494954
XOO--XO--,0.5041378992186135,0.5081843442450704,0.5060336295074106,0.3922769026924804,0.6872952670133867,0.4915673085413177,0.5092379565646606,0.49369332158601476,0.49151427211184623
-OXXOOOX-,0.07022159499756775,0.4963883525888929,0.4964639326337565,0.5077719300960694,0.4907372023775332,0.5066725587593867,0.49748980662253356,0.49578362965249306,0.08380185494444492
O----XXO-,0.5061171136837939,0.46095441851246344,0.5217690888260151,0.42892092089542777,0.5618282758129586,0.49032113859331794,0.4907993412757059,0.49492823566947597,0.34099493430920946
-X---OO-X,0.6952906012568205,0.5071047110590999,0.6852972028825837,0.49081370047971945,0.4636591484860781,0.5089506106181264,0.5039540765131484,-0.389252997558711,0.49873089376469365
-OXOO-XXO,0.4138064017763551,0.5009240907557154,0.8180219704995482,0.5887999075359999,0.7317989495535769,0.15451522071986928,0.38587049107068694,0.007289320166585456,0.24582270464364764
-OXO-OOXX,0.2407004651801456,0.5016857842842886,0.4907728301539863,0.5035653348103868,-0.29328802689788935,0.5098515129528666,0.49646165187729646,0.49642363245407783,0.5010416345261969
X-O-OX---,0.5373999155527964,0.4723220473645862,0.4447918108674121,0.4419992004295187,0.4517802203894833,0.5936759021152538,0.8596577171232394,0.5786127720013923,0.17342016549847972
-OOX-X--O,0.6074300476255955,0.49466718042240737,0.5086650303807767,0.4942239570938672,0.6872387152922086,0.49086557867617825,0.49710549555699285,0.6470826708938109,0.5075581127256632
-OXOXO---,0.6318100627946397,0.5604296731699856,0.5212728978461997,0.4437841132900125,0.5508725102741219,0.5757400277715637,0.6872259410628654,0.6098444780174385,0.685298491826782
---O--O-X,0.10988791462742675,0.09613293676845924,0.4226389281734627,0.5080311671818313,0.03180490968147254,0.49524535014785465,0.49599814055740093,0.15919800692990937,0.5041228586159697
OXXXO-O--,0.5387240312223655,0.5745508998571676,0.43184695916998506,0.4415115921284223,0.5987397782608537,0.5291227933411183,0.44592340332487146,0.05395058291981908,0.08271191874724382
XX-XOO-O-,0.5097316122051663,0.49012780646596354,0.6873094920163073,0.5099058101429683,0.5003485958983879,0.496090998769452,0.6853982886450846,0.5049118793097512,0.6853964358189182
O-XO-O-X-,0.4354768578242797,0.4290649239559619,0.5684453887819412,0.44412705553597265,0.7551913061423982,0.44895216329531396,0.29017301101191495,0.42486266168076486,0.8186703455574841
--O--XO--,0.12573340403410527,0.10542707700064108,0.5042339597828402,0.7963572441253313,0.6943813739825822,0.4993139843043807,0.5047343442109109,1.1417473121290613,-0.11679981789084981
-OXOO-XX-,0.20612303543755456,0.595835714378208,0.5797502022787141,0.5104564215478709,0.5256530638273404,0.10949038623405094,0.5797282250302568,0.564691048848779,0.6872191103548976
X------OO,0.503425914490513,0.07633810072614933,0.6442353336370016,0.01339067883495737,0.4914853699232585,0.23712424968340745,0.6872379594563107,0.5061011054104934,0.5019009583244485
O----XXOO,0.503525354155739,-0.9262767537943188,1.369022266325068,0.21521285581803817,0.5189315164024877,0.5008459560445258,0.5001541662910406,0.4985301711990035,0.5045323319223216
OO-XOXOXX,0.4900050498316431,0.493485147057629,0.6872379598132785,0.5080062470259894,0.5095508616814849,0.5000124918690436,0.502253392291487,0.494737531646447,0.5076585081898608
-OXXOOOXX,-0.7751537904739902,0.5049786974071354,0.5010975028020203,0.5090014179358461,0.5041232737780357,0.4954441720104239,0.4958679779984974,0.4981024205072448,0.4955175593604635
XXO-O---O,0.4952731796354813,0.5050575713427173,0.49101505169521037,0.646730716861122,0.5056183386838153,0.4733743210570953,0.6778408055269468,0.4919108747951396,0.5015281911532308
O----XOX-,0.494915202894874,0.13224102760335155,0.19699456787983216,0.3154151931529604,0.6440437424804002,0.49286389200344827,0.4924235325604692,0.4911080598021356,0.0022604486623631903
OXOXOXXO-,0.4903931600662712,0.4961775291579091,0.5031764347084946,0.49237071858019726,0.4958948019910175,0.5056454208341252,0.5054583839922874,0.49392504138453247,0.65804878450895
OXO--X-O-,0.5336807527489157,0.46125072532886796,0.5391965123904627,0.4368414928949693,0.38727676160896235,0.4232406317897655,0.10477811284159677,0.5463239360176405,0.6970297551330098
--X--OOOX,0.6470192135574873,-0.2672568287057655,0.49509874729453374,0.40311927536433134,0.5044860368747428,0.5039223967207961,0.49322059891150855,0.4984453010016795,0.49580507430079623
O--O-XXOX,0.5023462080796909,0.7213880817809438,0.6441925089113263,0.5005562329358461,0.6281837011452023,0.5067986140016133,0.4910220593507962,0.49854215797149065,0.5004632057067606
XX-XOO-OO,0.491936350814408,0.49477293614492057,0.6872189273749876,0.5027743530468003,0.4910660018420238,0.49404366589196647,0.6889192118066049,0.4966496564736371,0.49128465238506863
XO-X--OXO,0.5013175356327813,0.5018933539265212,0.07255157982931182,0.5094304716566361,0.16615399003754627,0.66734151130506,0.4967004200773687,0.5003053842935689,0.5019945375165623
OOXOX--OX,0.5067013062854127,0.5004754771649442,0.49380144928478664,0.5060594005360657,0.49628990400236056,0.687237959475791,0.6872377746100072,0.4952480804788218,0.50433267162014
OXX-XOOOX,0.497184032939769,0.49615045506528166,0.5071999081486759,0.5780529107506956,0.49663517427470155,0.49671912610121943,0.49929176300800304,0.49429501684075294,0.5012795221895443
------O-X,0.7741935062461269,0.03183197231239854,0.09347283042425791,1.1759112964303418,0.01104665308784114,0.18825506768893185,0.4939665027930062,0.10290486439402319,0.4912696310329171
-X-OXXOO-,0.6467081734205058,0.5043242518228216,0.27244368079886594,0.5048064508061474,0.5004335323864046,0.5017221886098968,0.5040531745974364,0.4913799720869243,0.6633069329896616
-XOO-X-O-,0.42000272213685896,0.4922403014313261,0.506371663877136,0.49336450643920665,0.9255983566653099,0.5075966613305842,0.6347085318643128,0.4922960095923822,0.15431482915431338
X------O-,0.4981910059170177,0.0055605158771954155,0.02456769691026811,0.11813849265871174,0.6870344501975567,0.9383683088863621,0.6893403067444637,0.49313604491118535,0.014250594772673597
-O-XO-X--,0.6872379594563112,0.5073516570746827,0.10933464629963385,0.5083709937751257,0.490901824585156,0.637752802305816,0.49121533788289456,0.5109218875115347,0.6937831769563062
-X-O---O-,0.8583134732421335,0.4985534465684407,0.25689544058635005,0.49249480741839213,0.5746147998450453,0.1326272871665357,0.16274420165381964,0.4909185291772889,0.6252438338246253
------O--,0.05751045585214237,0.06583167488014424,0.6296712157709498,0.7103754611765168,0.1341934482128328,0.2180973310929626,0.49342982439401467,0.04662671662093976,0.10024377034699489
XXO-O----,0.4901000514351955,0.5095199602232297,0.5005348538833494,0.5014839120133081,0.49019314928999624,0.051526425076327764,0.43026058533885164,0.3098899191269019,0.12504932254184253
O----XOXO,0.5758568809084916,0.4039730705768868,0.4692661494320228,0.09943719370431225,0.565096490002401,0.49748195116151883,0.44315236086880966,0.49138250139756945,0.541675769177377
O--XO--OX,0.4938804458404367,0.05462143916969231,0.5718331023412869,0.5053480214571617,0.4900632602994939,0.19821970886489415,0.21374453226936085,0.5016078910554789,0.49565073458452485
X-----OOX,0.4933357541060831,0.7020019084457093,0.1413001548584869,0.5942913221555589,0.6868202131843628,0.7767896644276711,0.5053104968274066,0.49458499035478976,0.4912262659458284
-XOO-XOOX,0.5473474616333149,0.9470548266672975,0.27450372616091356,0.2397393146154898,0.23257439516308515,0.33373698707459043,0.2905376705103828,0.24845479406676063,0.4941223750453859
XXOOOX-XO,0.5096935334804167,0.5076837953385154,0.5078129163912728,0.5071850210509933,0.5068273822818375,0.5020864251337973,0.5648136673402783,0.5082864948621187,0.5000355246999272
XX--OOX-O,0.5022608209167368,0.4927226563781623,0.49588670512308447,0.6875075131071375,0.505067902977486,0.4957578432600665,0.49301552779549124,0.3049657641459977,0.4998865643292852
OX-----O-,0.505561822569983,0.5003063499630156,0.05284731707940682,0.7510578603647633,0.6459017088486948,0.06913343304182173,0.10349123743514949,0.49492218024061935,0.024431220771790385
--OOXOX-X,0.6872336630112714,0.6872340162647007,0.5035970279008024,0.5015627474026321,0.5081849439950447,0.5007870773207431,0.5044958006652487,0.6872379594563112,0.4966520498855949
-O-XO-X-O,0.6872380841817796,0.4918737249771679,0.2727885584624984,0.5064088443420744,0.4961469971042528,0.6852066979413419,0.49074134316675205,0.054691462837590854,0.5040534313407435
OXO--XOOX,0.5026627271513746,0.5018491455291617,0.4999313179532045,0.3526506994452315,1.2060802962220176,0.4905741027405335,0.4970410273540082,0.5041686703247591,0.4978744366688927
O--X---XO,0.4914256077129453,0.6749691453942697,0.83486844026157,0.5091940110333988,0.6872316042449832,0.8706224175049699,0.07559351551618876,0.49204030780292857,0.4903697842355007
OX-O-O--X,0.5685546158414944,0.5947424257151774,0.22733299349492908,0.531671822157721,0.15846482307091236,0.41659894102501227,0.48392657036119463,1.1579266201755942,0.528102849404083
X-OOOXX-O,0.5969639407991703,2.0483860215415235,0.5894627845615572,0.5342202919639616,0.5975600967458637,0.5485214318868241,0.5841597622600749,0.5941937602966363,0.5903160676548564
OXX-XOOO-,0.4938426465344928,0.4951725079833124,0.5031509878816514,0.7909036381218244,0.5050155373194455,0.49015834096415056,0.4937306669130517,0.5026132154393096,0.12736902645089287
---X---O-,0.46066528119470895,0.02654933298423995,0.04077034940561869,0.507964459599267,0.6872378544573763,0.03324976613806424,0.09203695208412838,0.5061555257305662,0.6758409536833692
O-XXXOOXO,0.5009038214784748,0.6872379594563112,0.4903785000658546,0.5063848596577252,0.4947627538719457,0.4901827822103049,0.49193245195015267,0.49241596034734925,0.508277792932304
-OXXOO-XO,0.07830309584774264,0.508394875650566,0.49364881113715336,0.500446373046907,0.49477830915719173,0.5081497598534861,1.3142528005497986,0.5018077347743336,0.5089169399795626
XOO--X--O,0.5018849263893128,0.5097076432326839,0.4940131616187159,0.6853243110273847,0.6032049697702022,0.5017329449721714,0.7015509443500513,0.5024138806615378,0.5070287544364546
--OOXOX--,0.6874278317515464,0.5370524512589494,0.5803433985629691,0.5275852114047626,0.4967763173648125,0.41615401132575364,0.5043646293921717,0.4010561344860456,0.6872379240140314
--X--O-OX,0.6785505790710165,0.8828863128500755,0.49146972308318454,0.551911732059277,0.6871503250336777,0.49772188540946705,0.5096343982009354,0.49727196526976164,0.5065071400671897
-O-OOXX-X,0.5256789297032448,0.5018797425763887,0.6846294981888084,0.4657257534885094,0.5113599038344765,0.5246070287766067,0.49383177641975345,0.68716070780659,0.5079442915128305
X-OOOXX--,0.5012329342973548,0.49359721950336055,0.5077089346814773,0.4998012034132896,0.4926402592768317,0.49223258705976203,0.4988537045610529,0.7323789471537703,1.091507750488455
XOOX-XOXO,0.5079979305525553,0.5033801988703258,0.5030615936856175,0.492423711741241,0.6872379594563112,0.5090470343784357,0.4912270858650899,0.4918420122915721,0.5033800095882776
O---XX--O,0.5082662187312693,0.5077085656975873,0.6871433834911056,0.49033209091585356,0.49637084825544214,0.5019961729147696,0.687152805719056,0.6872379594563112,0.502773985900755
---OXX--O,0.17102807850687923,0.12001575775144824,0.7383317572353848,0.44784324016597415,0.4387877541269185,0.4913546082232921,0.6900121225573768,0.9946750559920523,0.5780456946117437
---X---OO,0.39466394741345256,0.6759683729817885,0.08297717661051629,0.49937612875598975,0.6254239325640857,0.248699670789635,0.35317080263533807,0.5093759560662149,0.5071082797204538
OX--XXOO-,0.4912431757622845,0.492473016728522,0.5098286340161914,0.6872381569987849,0.4971993296505488,0.5002638100607174,0.5051008842499831,0.5013140989848779,-0.8369122056720515
-X-O--OOX,0.6872578523973438,0.5075965961999647,0.14775628594866774,0.5046988091826375,0.6474535756858774,0.8535806767871834,0.507959084867,0.5023512393142185,0.5085074233182448
O-XO-OXOX,0.5042572841678244,-0.1553953142227823,0.4980865091468887,0.4950055228633943,0.687237968582781,0.49125221577549494,0.4900632113010611,0.5015982772647714,0.49795515049782263
XOO--X---,0.4979004244322253,0.5069299103354786,0.4950990395891034,0.2062230660054144,0.6872513519450575,0.4987630460762281,0.1142995801205271,0.21544826521160632,1.0023436774178156
X-O-XOOX-,0.45232613189332405,0.441648302712191,0.5873872351597678,0.6874832025931821,0.5169664759477032,0.5699926638851812,0.4040179017178891,0.4646386828114957,0.6889192118066049
X-----OO-,0.5022673985756395,0.5528344832980328,0.6787995946823955,0.09072635994834599,-0.8546378349867432,0.05905792048080016,0.509093236711978,0.5008371825717203,0.5636148040032449
OX----OOX,0.55048934314529,0.4734270283958806,0.42287146314153656,0.29497089842825963,0.5329929920032827,1.272956429499593,0.548950367053037,0.4125347981953947,0.5029026018811343
OO--OXX-X,0.4960224254520811,0.49916051244901716,0.6872386697859963,0.36307988601142716,0.49644022643482166,0.49576108198697444,0.492122501590267,0.685316020074508,0.5061395562769235
--X-X-OO-,0.4171794470933289,0.1909674157847529,0.4959270891661908,0.6301627330488521,0.4932501297136345,0.4150705829668835,0.49778142032958606,0.5016895713633042,0.676624832105251
--X--O-O-,0.6899022040723288,1.2193087897761723,0.5052275832157115,0.6732670312515038,0.5086566198131683,0.5016760226096557,0.7040968233958862,0.5030285154568782,0.12806482025549426
---X--OOX,0.0188332031521819,0.6875442225596111,0.6875594679649238,0.5034767272336753,0.4475419115345908,0.7431904766244642,0.4966761337853156,0.4901291807807455,0.49439215445003293
-OOXOX---,0.6744269855706694,0.4922155535809319,0.5041494373532025,0.4945488159074202,0.4913305702382175,0.5007264738237739,0.5995593995768074,0.6312169103707894,0.18466635843736284
-XXXO-O-O,0.6872353027472563,0.5431715041070907,0.5869225163861986,0.5406026739832827,0.4206589725993403,0.4556142790502573,0.5847480141591099,0.6716379843132689,0.4495797050090553
X-XXO-O-O,0.4972936321391157,0.5079292933582786,0.5043135320728784,0.49138488010370784,0.4966730881568698,0.9965674831903009,0.5004286862288244,0.5720633273888877,0.4984580083297466
O-O--OXX-,0.5081115950469782,0.17608041149359588,0.5072113460405147,0.4941721589973717,0.20308358459598425,0.5096678179497316,0.503652678282252,0.4911996829623231,0.6872415832122833
O--O-X-X-,0.5051751455052467,0.16985617726891045,0.9398591217642931,0.493860464417751,0.44158481883202294,0.5016753969643561,0.471225799128933,0.5084209170586357,0.5741212008882005
O-OX--O-X,0.49860302518399113,0.024569014318992166,0.50637471199452,0.5054977209348307,0.5769474657913742,0.09697037153692833,0.49985997754504585,0.7191675962505457,0.5059706539502389
X-XOOX--O,0.5124374528455459,0.6872343374257849,0.5054999568796148,0.5012389727455976,0.5141446037671494,0.4129226352801907,0.3535687546978401,0.6663914118803306,0.5288777500472038
XXOXO--OO,0.5059780683242127,0.4969821243523515,0.508724464840425,0.49311923135412356,0.4973255146519443,0.28288419484026334,0.6872387150708276,0.49503637113529325,0.4960440203683573
O----X-OX,0.4998973626791917,0.44505869881598414,0.6872379594563112,0.5512594005035389,0.5005744662760991,0.49357529046212667,0.24025488986574683,0.5051280079630552,0.5063830615658409
OX-OX---O,0.4751823677736933,0.5395525483119978,0.41404885824690746,0.48535374722243607,0.42270159495851745,0.5557583064505682,0.42333611831791196,0.6872379598779543,0.5119958068115027
-XOOXOXOX,0.6872379594563112,0.5020733579532858,0.509610394994707,0.49287243313605483,0.49316276709660734,0.5001147551065958,0.4964434409167357,0.4955310934626915,0.5065354717078191
O--X--OXO,0.418014149249185,0.08643472283685244,0.03899785414267798,0.5743049195752267,0.6739190598527918,0.38747836579156814,0.400314041543879,0.5573823040167131,0.48648030700385403
X-OOXOXO-,0.4916375317146517,0.49134535363596976,0.5000345410287629,0.49250518275371186,0.4988666239694051,0.503256824279771,0.5053656499335063,0.49868390429650067,0.6872379594561263
O-X-XO---,0.5036078778166003,0.5511560836670937,0.5006475172150564,0.6498202661240576,0.4986105732087751,0.5000533256892346,0.6872379594563112,0.11407595694212791,0.5
--------O,0.020593040272157637,0.07600330685254303,1.1327183330288153,0.04359437461150395,0.023082779216627436,0.23688608975138276,0.1286968616053925,0.020567400602537866,0.4985458092315196
O-O-XOX--,0.4968051269340949,0.2688511686601518,0.49903274161968236,0.03963464933210925,0.5032159446891198,0.4900728493204291,0.5017814018153144,0.30139221232033575,1.10937254329268
O--O-X-XO,0.4915626416062431,0.7341318624091377,0.7919602532047088,0.5072346357253251,0.9758770001600006,0.49514790701374267,0.2054300939301824,0.5012219977479774,0.5060817944507499
-OOOX--X-,0.610942970515016,0.4921891123391841,0.4944282719073501,0.5074169193293716,0.5092790231660091,-0.18212947193775997,0.44144289055916186,0.49328921496127043,0.7275546845200999
OOXXOXO--,0.3670274831303708,0.09001181455499152,0.7161548527894359,0.5748229732444042,0.49650564166539,0.16585444868886923,0.18090668326977188,0.23099321756810337,0.687221354596175
--XOXO--O,0.6872391342828268,0.6872379594728204,0.5098389505072808,0.5096434063784512,0.5022823117325301,0.49498118129170454,0.6438387416484151,0.702665638896419,0.5029886593001767
-O-OXOXOX,0.6872379609724697,0.499769547848291,0.6872176414461506,0.4938132023706305,0.49643586987690846,0.4944347525738525,0.5033097380620192,0.4912929696700498,0.4914365249315866
OO--XOXOX,0.5038406902982829,0.5066839930075344,0.6872379595469399,0.031905741955396194,0.5098331260508233,0.4913163449359224,0.5021757507537143,0.49865300434428667,0.49963007535407283
-X-XOOX-O,0.6872380626946321,0.7204278229089306,0.2535847237047403,0.10185540547485405,0.7282268940206211,0.9218530049067654,0.9699287044475889,1.594800906352172,0.21418254940432102
XX-XOOOXO,0.5075835636347352,0.49922446320675123,0.6872379594598238,0.5087965341182498,0.49709894632161433,0.503601248222244,0.4941126453594142,0.5007853610427201,0.49024751020576063
OX-OX----,0.5055602404167908,0.4980454719694761,0.5014472860234623,0.49713274020768805,0.5085825586419291,0.5024959874451335,0.49708244645350097,0.6872379594563112,0.7269522054084309
OXO-XOXOX,0.5083543171827453,0.49878411078902035,0.4930817979955752,1.3429331027890907,0.49791250653054336,0.5055437209829646,0.4956631785563387,0.5022385787304184,0.505175344554988
O-X-XO--O,0.5050709021430951,0.6665968490798084,0.509748278338822,0.674325361025538,0.5098543721412916,0.5064576697804826,0.687316314545648,0.685399480875195,0.49424714855968144
--OO-OXX-,0.5652375830518772,0.6779816254777067,0.4939810332846542,0.49187244900108545,0.6956769482462967,0.4989059232701518,0.5036734551496282,0.5033246215962075,0.6868437793220247
O--X--OX-,0.49125539792629125,0.6455695728170818,0.7153301958728571,0.4986549613219049,0.4903376474468495,0.2603775122082137,0.49680169918575,0.5078068168069946,0.4988537865954601
---------,0.4723258510546344,0.4570119058187662,0.04409209958124305,0.4653427254163337,0.4538126245572497,0.6872379594563112,0.31933598910644656,0.05246547588851114,0.00632119417714988
O-OXXOXOX,0.5007059496726659,1.079636479263991,0.5089482087282994,0.4985785470965011,0.4993660900027126,0.4999815190029075,0.4905553454198437,0.4923115008563743,0.5012260890080905
O---XXO-O,0.49473884767781034,0.2939711258804324,0.010051467545581949,0.6872379598123979,0.49907005406614036,0.5081243908876857,0.4931053273984819,0.6026658867494523,0.49938721479588793
OXX-XO-OO,0.23763535946424774,0.7153367759141241,0.9130350351291482,0.7459797073426688,0.021062698628980137,0.15996816635365974,0.6869619935948097,0.6040501830301703,0.02894300604253197
---OXXO-O,0.07222424904503721,1.1869783762010488,0.06009976550604662,0.5042533643470922,0.49111266371875806,0.5064067443214019,0.4966277410111309,0.8802797007646652,0.49366938676421857
OO--XO-XX,0.5016743656423547,0.5054435351406987,0.22553994603520117,0.11823950114775783,0.4993328245346835,0.5049962543152136,0.6872379595263577,0.504085948285076,0.5023789060663987
-X-O---OX,0.750574916620467,0.4924165437090274,0.6853220042482878,0.49905146464172395,0.6853084533039921,-0.1891530914713755,0.24343400590004016,0.5054175211016946,0.5037565421610974
XO-OOX-XO,0.567082066261187,0.4102105079791565,1.1830974954652542,0.5310497506167492,0.4804224130406435,0.48281425719270055,0.11711654943963234,0.5606668903303936,0.4541239243414196
-OXX-XO-O,0.4982472343970422,0.5038150266400908,0.4907684675208539,0.5045298700019912,0.6445624153634467,0.5013436964260787,0.492400579207728,0.6959854264514266,0.5063192145777958
O-O-XOX-X,0.49250481168620114,-0.036211746980287396,0.4950072984406314,-0.28180515026639774,0.5059078581810658,0.504226040845818,0.5051868167720018,0.6872379594563093,0.4938161600205718
XO----X-O,0.5040713360363164,0.4906235230170915,0.05466882489124869,0.6872379594563112,0.6871097573657907,0.6851385739784518,0.4925165778946434,0.13822557164412402,0.5043139733939145
-OOXOX--X,0.020765966322348728,0.49158167673443387,0.547482787980495,0.5187971799209153,0.5668880371450693,0.485339337692157,1.1590494603184196,0.8555358981977544,0.5942881193188763
OX-----OX,0.5083544340219919,0.49008056904314146,0.6583191555295586,0.4953642869234201,-0.600383313398219,0.3201104701671582,0.2705368256461721,0.5097836955752959,0.5098872094970106
-O-OXO-XX,0.6872379594563112,0.5006020754100835,0.6477391185705003,0.5011684828344926,0.507315111366817,0.5049134614882549,0.6871457268358432,0.5004954549017138,0.4991684804824388
XOOX-X-OO,0.783750399236267,0.5294212138368846,0.29853914159580386,0.2839044351213649,0.6855664826724073,0.7467091902276918,0.6846408566523968,0.6272423332244937,0.12559166166493618
OXOO----X,0.4934644726916736,0.5067083938261882,0.5063448860381932,0.4955997340852131,-0.029657478863980957,0.5016927118018234,0.4900208183165889,0.7145008507328254,0.49203501595125276
OXO-XOXO-,0.509014743480522,0.4909401147164075,0.4966855424899078,0.602444757893522,0.49920748011855354,0.5079927564079848,0.5022550156632423,0.502977520408705,0.4918165282892468
X-XOXOOO-,0.4978729836391721,0.6872379598137037,0.4900281596491057,0.5003437616329001,0.5075249435367072,0.4938390260072159,0.49744524344062296,0.49833549101675506,0.6785930937955593
X-OOXO-X-,0.4979670742154829,0.6872379594564734,0.5074739554663384,0.49255885760383805,0.5092375195590962,0.5042319942892595,0.19754113033886989,0.5035874760226126,0.678057547287911
XXOOOXXO-,0.50171648565711,0.4941549840671167,0.4989023933920547,0.4938833814192944,0.49325258124500937,0.4904880807235321,0.4945361649322365,0.49552456753581947,0.9585050402135156
OXX-XO-O-,0.5050727194616538,0.4949143288903677,0.5002302684918762,0.5005383770883154,0.4992365222734579,0.4996057730342454,0.6944537108801515,0.4960977100376364,0.2229856018837365
O---XXO--,0.491486686424456,0.09887955584713093,0.017542615303405673,0.6872379594563112,0.5058322020263991,0.5046725886344052,0.5051292366285516,0.6677989244446244,0.25050888456399695
---OXXO--,0.10817528845557012,0.2622487368496149,0.4974986221199995,0.49872174917835577,0.5091266361414979,0.4943164531964789,0.5085188266297923,0.4691997139847191,-0.11272428390003209
---X--OO-,0.06947165347175221,0.05089463847251985,0.019732276338178867,0.5005620265073029,0.2771461142850431,0.6863089685974508,0.5073516051798944,0.5055068234722231,0.5929842915290964
-XOOXOXO-,0.11838241992018678,0.5085777189853856,0.5086109390052737,0.5067642417508728,0.4999586546105475,0.49381127632316973,0.5008751903707771,0.5068484457753021,0.46622473494571093
-OOOX-OXX,0.6872379470285523,0.449516362173883,0.5789982604601305,0.48775542552147866,0.5283149052963076,0.6055729748559632,0.5264994284015527,0.5258467808646324,0.4790421294689491
O--O-XXO-,0.4904363570100399,0.5012370365110046,0.6787294422685826,0.5044915948272072,0.5045467281282711,0.5074516327003645,0.5011086219098451,0.5021046866445125,0.9594880731224809
--X-X--OO,0.3645362813365164,0.49826982012945487,0.4969553250363305,0.2868311217660785,0.4914903861410962,0.6151752918350913,0.6872379594563187,0.5035557281167163,0.5063956042280844
-OX-O-XXO,0.05112429894019066,0.552467089381091,0.4164871131904229,0.7228298653225722,0.4248239552846852,1.3687431186002343,0.5933634629510753,0.5135379547105463,0.41717573335379887
X--XOOOOX,0.49038526961241735,1.201338760655661,1.334694118737601,0.49247935017688377,0.5037657553756698,0.4968718675864424,0.49099885562433027,0.49049926727817256,0.49217076886975436
-O-XXOOX-,0.03282271841479745,0.4955449881767189,-0.38781296759478323,0.49487371732182067,0.4947596062937771,0.5029171360822597,0.5094240903083734,0.5044556518824679,0.6823084119201746
-X--OO-OX,0.15641116128502264,0.5007027926026004,1.3273075291891057,0.11457893588362267,0.5063513990375953,0.49501892922268187,0.11057025615921456,0.5025885268108108,0.49518240850764667
OX-X--O-O,0.49471364520795963,0.5072618345230048,0.21885591383809222,0.5008733497260327,0.6800183910770199,0.026393627827698274,0.49790067755086886,0.5340859259789941,0.5053748849168141
-OXX-OOOX,0.40213800389620785,0.5053895774244118,0.5096936787923471,0.5096369477356287,1.3706827692838757,0.49379342091261336,0.4971539535843033,0.49694050725318084,0.49191130577875636
--XOXX-OO,0.8799947836519583,0.19525075486101762,0.5841541744932549,0.415138393441161,0.5522933686295636,0.5200296956229187,0.6794728163555717,0.4855748166091081,0.5165080468609295
--O--O--X,0.36960857411882164,0.6782706329851835,0.5059781363543844,1.0169184179186073,0.2535329954866049,0.4994906445178761,0.30978077894889144,0.6780749018746743,0.5034989512048869
OOX--O--X,0.5618308145026284,0.4338819582338558,0.5400634035940984,0.5689537280071749,0.4217178330023956,0.4769024296431024,0.6869650262141525,0.09492741232045915,0.5990253726735467
X-OOXXO-O,0.4952996900595318,1.1162130891081463,0.4931151354694849,0.49877099809655173,0.4944064100789066,0.4910900397826615,0.497149874393802,-0.9652827925271446,0.5054895115439956
X--OO-XXO,0.5638580963532659,0.9250863567784076,0.7655882454984582,0.4219964898629276,0.5139353803574466,0.004783618107294607,0.5234329976322315,0.4338064030872077,0.41314169384331895
OX--OX---,0.5041739170364197,0.4946091907935891,-0.18380054094852283,1.379497964875665,0.506664717683025,0.5077798707982144,0.2303777124083194,0.110012330937095,0.053932652205665677
-OXO--XXO,0.464473307025317,0.44397975646190735,0.52040725067389,0.4258484916646686,0.68716070780659,0.41375808182835877,0.5558696156007105,0.4736283746610457,0.46252310223673204
OX--XO-OX,0.44218148364656,0.5127376321970015,0.12107576607187698,0.7947284991224113,0.5534013888001601,0.45702707996233793,0.39120538367201185,0.5664305028239157,0.5520491946836857
XOX-X-OO-,0.6815176894342194,0.825954311456313,0.38890977061154164,0.7814763049269111,0.23635108560479934,0.6225015050156196,0.5606872502930162,0.5685338017858715,0.6855664826724073
XOXOXO-O-,0.49614689925209815,0.4972146013177404,0.5083841719956704,0.49791279462908783,0.49069697996191003,0.5096302821283806,0.6872339004890722,0.49504746724720955,0.6872379611020059
X-OO-X---,0.49647340882387764,0.6600970822202579,0.5027956064000807,0.5012091728224979,0.32064620765059937,0.495350260162994,0.4057255136981003,0.6313390423733213,0.7747432689883452
XX-OOX-O-,0.49956683424089054,0.491823875365064,0.6786200014600449,0.49233718000723903,0.4988565671478633,0.5079039984610875,0.5082781266494344,0.4996305899912412,0.6871525457314719
XO-----XO,0.5061767797466753,0.508996705344286,0.5026341218314767,0.766520021910658,0.37523598120491947,0.4446295557730744,0.11402748401834539,0.5061612897255565,0.5076841449183855
O-OXOX-X-,0.7130321011976793,0.5130830049923771,0.826189702005858,0.29566935463017174,0.02180204053475454,0.7915832336908084,0.20072478405199434,0.08668549093212818,0.08418091168860559
--O-X--OX,0.6872379594563112,0.6890701901988803,0.5093559833509798,0.4980895748967446,0.5064751572360678,0.4964093897992549,0.5901554446785787,0.49513301391672615,0.5006980713344567
-X---OX-O,0.6961310255094286,0.4986472375543865,0.676282518985866,0.634841189983917,0.696197567833538,0.50817433933862,0.49783310102279194,0.5695854689861286,0.5017652624911879
XOOXX-OO-,0.4962261502929319,0.5069410800056956,0.49610393686966986,0.5080540755820785,0.4901647486627274,0.6872336879337752,0.501742060446676,0.49967161434002827,0.6872379595331192
-OOOOXXX-,-0.060270841742819714,0.5069263185130028,0.49745410345498714,0.5045621926815819,0.5074413955056597,0.5093048371093846,0.5000783115669878,0.5086893820621774,0.6872422352678528
XO-OXOXO-,0.5005885591603499,0.49757422988083194,0.6787108993855403,0.5081645380362024,0.4962152454539962,0.5084543413773347,0.4971669472982988,0.49596831121242824,0.687237959457073
XOO-O---X,0.5812343584521324,0.4844926392735792,0.5084595062243317,0.4984580959238354,0.490547039993968,1.1369630489043878,0.48505937482163075,0.020897668340643105,0.5073099826270832
OX-X--O--,0.5083230639600262,0.5002984049454692,0.18450717242866793,0.4994732926335959,0.6871449794073328,0.6782115463022292,0.4903405746852442,0.4209538280930848,0.49621688107606265
O-XXXO--O,0.49521395656572215,0.6871516341430307,0.49765360634222305,0.5013590777644514,0.49389652628765873,0.5026400013697723,0.6872379594563114,0.6778446607968327,0.49413369844396465
-OXXXOOO-,0.24949297383119196,0.5560380067698268,0.413070270540691,0.5532529184410132,0.5817187757137422,0.4897105523141838,0.41673092322163,0.47279935125458317,0.06493134603214046
OOX-XO---,0.508484267916627,0.503157039832897,0.5085453048193973,0.824842121744243,0.5051791884012485,0.49516974995029966,0.6872379594563112,0.28565963286547047,0.157482467279414
OOXX-XO--,0.12425928505894157,0.5547436785564084,0.6747465199238951,0.22205607526337012,0.6960471571722233,0.18671873190570798,0.8691414155001321,0.6513501383002744,0.15561383316328792
XO----XO-,0.5058791371606379,0.504979200799225,0.7989166554191166,0.6872379594563112,0.6868096495651325,0.49539801189486693,0.509018268785153,0.49196716171739774,0.8518721700688942
X-OOXXO--,0.495342009793383,0.6868060026606079,0.4949296937890291,0.5040415897041935,0.5091432868672247,0.49590384531937715,0.49247408106840995,0.6872379954035044,0.687233813886621
XOX--OO--,0.5055642266976852,0.5066064363547874,0.5001823398105096,0.22435696481940193,0.9324508097730242,0.5063018599184758,0.5018136413450697,0.3222517243340879,0.6416733510172202
X-OO-X--O,0.5085735491088338,0.14209342624800775,0.5043043535594954,0.4981745691966639,0.6611203990371258,0.4982147925476978,0.08102764872533963,1.097374976545008,0.5089491889359072
O----XOOX,0.11205762614681924,0.20883791989989953,0.6267198118371997,0.6870786054404279,0.6855664826724073,0.6590009855355318,0.6046385871370314,0.5856138669806787,0.0049047919776431526
-X-XOXOO-,1.6184313887652884,0.49596220156596604,0.5353240984745409,0.020056515077506942,0.25332600895590995,0.14213433140196308,0.5754981483765105,0.17085137572152898,0.5539016166117132
XXOO---XO,0.4909332376244578,0.4944234501794605,0.5012736214213915,0.500847173386561,0.687237959456271,0.7666338973188044,0.49399864404606625,0.49392528442080447,0.49173227834677863
XOXOOXO--,0.5044779706099809,0.4966866796587719,0.5054186682176096,0.4939783672556283,0.49442915781959207,0.4930048587976162,0.4986515987047725,0.09800233471737624,0.6872406266301738
-XX-XOO-O,0.6872188641904954,0.5073978294222657,0.4928736195249224,0.6211103172812219,0.49683870988109835,0.49312425104115104,0.49860264485540334,0.6872379594564606,0.4949797706955326
XXO--X-OO,0.22349501992351428,0.30558700497565294,0.6595779831832171,0.3364482818457032,0.16389103645777425,0.26511293814067705,0.9261375918498183,0.28522287437127636,0.16063068784729373
-OOX--X--,0.6872379594563112,0.49606995522364505,0.5053963805800564,0.4912287964613742,0.6248834870394047,0.6968943174813884,0.5064052515146673,0.1251627756166579,0.058385549825040295
--XXOO--O,0.6988705747086461,0.7527507118369442,0.49080688186494975,0.4930515403955238,0.5045168517520102,0.5071798824229761,0.509942874157353,0.5037435350297694,0.49822261902424947
--O-X--O-,0.6520632407463729,0.09570724352598209,0.4925761179220068,0.6674061683411235,0.5048003343882739,0.3977745669523098,0.47730504197948964,0.5089827900881773,0.042014651290672556
-OO-OXX-X,1.0207638838238338,0.4374076390484637,0.4971927806788829,0.6198037788468618,0.4211114116361181,0.5936159481958131,0.48414623790774824,0.6872379463706311,0.5631037328291886
-XOX--OXO,0.5548686065956349,0.4469539069745737,0.5705747197100112,0.5559047306356507,0.68716070780659,0.5665899403833267,0.46434532681799645,0.5424780502351148,0.5057543524402913
OXOO--XOX,0.5035574097764501,0.497822555200934,0.5070003599988643,0.5073759988554609,0.07330649552579599,0.45700109517270304,0.506034491240677,0.49910899419613314,0.49784917566425846
OOX-XO--X,0.5029886715427337,0.49424964162375057,0.49911255386509573,0.5,0.4927791924886332,0.4987024183128439,0.6868346572128674,0.22222322669909145,0.49368566277504256
OOXX-XO-O,0.49729100241199875,0.4910065027607125,0.49955157308948933,0.5033633551295849,0.688930671847507,0.5075146825335968,0.5000873417920383,2.0304145476576947,0.5061805621379568
OO----XOX,0.49195021689852075,0.5048100299581902,0.14603484307746312,0.1193607906690155,1.1118099997932809,0.30590282186987916,0.5057347393215045,0.5089042844008023,0.5045356753064003
X--XOO-O-,0.5322497104752464,0.7680668881770889,0.7757887282379349,0.055533399674462136,0.03895866254031333,0.19091267716957983,0.027644150710774418,0.5115893146626843,0.2406234001126567
OXX-OOXOX,0.4984809107728253,0.4944013879413997,0.4960696936113456,0.6056080800995186,0.5069591376324701,0.5043976219456707,0.4920040187377875,0.5021329088869326,0.5040090811656608
XO-OXO-X-,0.5006414019864273,0.5063538218868476,0.5031414853439237,0.5034463475028572,0.5069172606952264,0.4918444792285065,0.6872379594563112,0.5082252003707596,0.6853200701678487
--OOOX--X,0.3717252055633604,0.4575304340021841,0.5080090660250269,0.4946060556509775,0.5041590433721543,0.5073530465288334,0.6694862002760253,0.6871477368682495,0.49327513918626703
O--X-OX-O,0.5051318469702485,0.49259634788131695,0.7302392408720114,0.5084778130224394,0.7084602958297657,0.49816029108126947,0.5026105244440676,0.7167502002483758,0.5015709604103136
XOX--OO-X,0.503024051528185,0.5024052249837568,0.5033769825791893,0.6779690606533325,0.6872379610694979,0.49859774518565664,0.5039495009190226,0.8499827115061439,0.5065415488817283
OO-OOXX-X,0.4968773416733384,0.49078297114517605,0.6784539084341732,0.4943218678165692,0.49352838454137943,0.5029083646519635,0.5004880871414019,0.6872380019164734,0.4903049394073042
XXOO--OXO,0.49200230287905544,0.5072080185721111,0.5058372618390736,0.49654028636480535,0.6872379594563187,0.1448705504807048,0.49360386285718566,0.5084349834214958,0.4961440024434816
XOXO-OOX-,0.5228095127462827,0.43870712100334597,0.49687328015534127,0.5998067498893005,1.0745964362417322,0.5991050160056064,0.461371261850111,0.5683646925627022,1.1549530473062388
OX--OXO-X,0.49998240730502624,0.504713451778154,0.687237960678524,0.14105143854625124,0.49326883191602133,0.493514067983755,0.5058125962262935,0.03817923061895789,0.49261127327556253
--XXOO---,0.6873156036681,0.34429081070643724,0.4921985499708908,0.5010607050670203,0.4925449017375619,0.4992819233157533,0.49359497517463563,0.5041966097115829,0.5376236205510021
-OOX--X-O,0.6872177580654707,0.49801769655679146,0.4991760024914957,0.5045036022067583,0.3334878047097938,0.6438625064286516,0.4917197276583414,0.6439579212356583,0.49683661595799444
-O-XXOOXO,2.072370455434039,0.4956927962742228,0.3828524665386109,0.4920944138096534,0.4966713473305892,0.5081459223094672,0.5030038391076359,0.4919313867344544,0.4966073581682306
OX--XO-O-,0.4910587113888099,0.49734983635168917,0.057976796195202684,0.012069736432502642,0.5037003169419345,0.5044626336804159,0.5094569630579675,0.5022988136199859,0.997549632829458
XOX--O---,0.9800317196811843,0.5498117323699571,0.9137483274236418,0.6534638395193698,0.33232465787570364,0.21470381598795318,0.6872379927203657,0.222895947325919,0.6872562578108472
XO-OXO-XO,0.5842324560624019,0.42387332294857727,0.04062385779994421,0.41570332641884666,0.5992681439020691,0.502732077866116,0.9847876157757511,0.5386498395409834,0.507305576737498
XX-OOX-OO,0.4792945951024502,0.5442588218333732,0.6872379594563037,0.4362521484695654,0.4535326545392918,0.5665078071522412,0.17174040819536313,0.5499424705330743,0.5584121622732588
O--X-OX--,0.5010407591418075,0.4396558621820244,0.6398870638589025,0.5097560350599979,0.2595217190017536,0.5055328621071622,0.4912591358680367,0.643930752240458,0.47297043005201705
X---OXXOO,0.5083744883139482,0.6447043613130083,0.4979452317824527,0.68723795100439,0.5063306782662311,0.5066254341909996,0.4939987203740202,0.49648166388169945,0.496170794121736
O----X-O-,0.4195485351638387,0.7657892313480752,0.2047839995226518,0.7097767329812088,0.6935512017013811,0.5262813122780423,0.0542816321548133,0.5411633419231762,0.3032439483546622
XX--XOOO-,0.5653041222860984,0.41627780094169864,0.6821088330425629,0.43698547025864715,0.46260253668233564,0.5744446643298894,0.4053878984972315,0.5469293978360374,0.52497918747894
--OO-O-XX,0.47480479957045635,0.6439189283467357,0.49796438121499664,0.5063492803810015,0.6872377778859923,0.49436118294104836,0.6872178320639218,0.4926158618085878,0.49346465767004416
O-X-OXXO-,0.408288043057486,0.07485162795587719,0.4385385685543179,0.2598467889093554,0.5538967422652941,0.4617098412639304,0.5731016526961851,0.5737734789560375,0.6872379594557039
OOXOXO-X-,0.5801685573325789,0.5038112825296333,0.4909383716149064,0.5275466187125376,0.4612669240826769,0.5173590891518008,0.6872378005030975,0.45876647583845187,-0.029824382849498177
XOOOXXXO-,0.49194582121573077,0.4960452877629429,0.5072049214396503,0.5055146298481662,0.5091211734260307,0.5093717150668516,0.5006169282867526,0.5013756093546339,0.6872379594563112
-XXOOX--O,0.6872379339541284,0.5725592171495119,0.4195908705579193,0.4759780881197878,0.42937001085577,0.4732322400212865,0.012588179344574124,0.6680503772755491,0.5065892751172851
---XO-XOO,0.687237950134248,0.80559253517807,0.07588432969381131,0.5065345500345382,0.5076859978849414,0.6934609886523807,0.4989839215729271,0.5009470245437483,0.5041878339735378
----OX-O-,0.5730003819154849,0.06529156981736395,0.03542390962756303,0.16063466365807028,0.4999272163231909,0.5098574898114268,0.7392529893207719,0.4997971725727722,0.12875101736376138
O-XXXOO-O,0.4975324733832315,0.014702974216143694,0.4975909739420487,0.5092043099036431,0.49260923297453835,0.5043338369087033,0.4927849649975911,1.38332570736571,0.4982208946068758
-O-XXO-XO,0.09074030423284218,0.5095995172070555,0.5834394938913136,0.5042044692436071,0.49808055925950856,0.496320474680542,0.6877982052493348,0.4980823461467777,0.5037282770566408
--XOXXOO-,0.3426512541473311,0.15051630825366025,0.4461986995159566,0.4785312709032249,0.4230724717730897,0.47520174809640764,0.5686995029302988,0.48532199740746634,0.6760177096053847
OXX-OOXO-,0.5319491591827433,0.19816747180097938,0.578461279754669,0.8157181288063434,0.5037468365921296,0.8435305017808514,0.8994742614869152,0.4350580475893083,0.6182994806052993
X----XOO-,0.4948782352029748,0.012868652044122242,1.0733131690389686,0.5599159676459337,0.2278541687950092,0.5709143753248153,0.5109146003379211,0.5799589134595713,0.0014964856527061032
-OO-XOXX-,0.6756281679506586,0.49715130726618495,0.5072616404376475,0.41932499805356266,0.4998331441487677,0.49544532092022714,0.5086174630510005,0.5093999795074269,0.6868414830935713
-O-XOX--O,0.1971220787415856,0.49126136986880975,0.03395426060987278,0.5042877768346758,0.5067501300010715,0.49251979215506136,1.2812902025170847,0.43691129527191175,0.4921868464393652
---O-X-XO,1.3368786073523098,0.5849133716594099,-0.7966054267467197,0.49056932888435845,0.6868312692082252,0.5079467902215532,0.4418866705693073,0.49434009335976703,0.49020831267365556
X-OXO----,0.4973666413857018,0.18155299311173417,0.4951477547369965,0.5062851221556329,0.5040063450097492,0.4733413856339753,0.6872379594563112,0.10218274093717561,0.7309397794807981
X-X-OX-OO,0.4936849539971545,0.6872415465586711,0.4938883081044003,0.29479322181384227,0.49986922462115935,0.5089502221547219,0.49206885676271733,0.4948466566974985,0.5030646173079278
XXOOXO---,0.5041079645560197,0.49872212617162265,0.502130891422019,0.5031733463364825,0.5082601428012432,0.49893622392429865,0.49194330426222105,0.6872178770696177,0.6872379594598601
-OXXOXO-O,-0.06433570539506595,0.500325727132909,0.4984998375072983,0.5096108200960864,0.4901481310418022,0.49660302064767575,0.4961035388311765,0.6522508258496257,0.493797369807633
--O-X-OXO,0.42151729348003375,0.4063949442143099,0.49859575072452433,0.40896898251657515,0.4248556498398455,0.6862914396224005,0.4796749703577226,0.5269807568239444,0.43678774670871534
OXOO---XX,0.5249652935909157,0.5357139480606113,0.4362473228963454,0.5508530079548113,0.630033567312008,0.302869890748504,0.6855664826724073,0.5790891125025301,0.5857416695289537
-X--OOOX-,0.3867641818418739,0.5586379987642042,0.5387268986649876,0.03817463767388529,0.5139811955611433,0.5112475866121323,0.5092273242923807,0.5781347929863405,0.22444508155842635
XO----OX-,0.5058377938161255,0.49960040194936417,0.7328829224793304,0.16813840292049548,0.12204717077951166,0.8730386897501394,0.501688145549251,0.49696163975534136,-0.15176030760071024
O-OXOXXOX,0.5005403410035744,-0.8186697254962501,0.4932727560745177,0.490986787517717,0.49662340214475637,0.5087561710560814,0.49770485317626045,0.49135184082273337,0.5026805582324223
XOOXX--OO,0.5086314334133775,0.4977139013411824,0.500062804725723,0.5007851856351918,0.4930418650159753,0.6872377699264981,0.6872379609724697,0.4950664595191195,0.4911639428604877
--OOXO-X-,0.23632184111916316,0.6872379671127727,0.5072128644585707,0.5027149190851541,0.5065003034623824,0.49827346890682783,0.6783337487551312,0.5040599782365033,0.6780816655336469
O-OOXX---,0.5030059174110538,0.19967834933114614,0.5075458134053518,0.49197476185492384,0.4980064445330632,0.5008846912655945,0.04226829682474209,0.39537101839133415,0.08972252648878998
-XX----OO,0.6867984464009664,0.49897338805316327,0.4992648541460739,0.5067691833588388,0.6448928429784239,0.49167351535971976,0.6872379595263577,0.49109950392372725,0.5063889066606055
---XO-XO-,0.6872379594563112,0.556641543954758,0.2643705862725049,0.5048956150170734,0.49302893333401987,0.25516149332599836,0.4926085971004478,0.507554262998062,0.4227754040343481
-OXX-O-OX,0.500508177735933,0.49980676183121014,0.503569937225046,0.4951916399006883,0.687591729695959,0.50244107032402,-0.07446106931880192,0.5026858287031235,0.5090879517071966
O-XXXOO--,0.5029527209374942,0.7747872759196246,0.4963116161022312,0.5027049189465171,0.4932371177063464,0.49501270461846436,0.49372135829609576,0.6095388137964175,0.20569296428650874
O-OXOXXO-,0.5049988366525976,-0.21663620603059686,0.5092821788276513,0.4926751728315787,0.5018677671121622,0.5069805643003292,0.5078120144168823,0.49474284202197055,0.20424247939349338
OXX--OOOX,0.49793768016197104,0.495730028609775,0.5087189872251977,0.5439619727387635,0.0889842262974323,0.50612894370752,0.4987721611791946,0.49884039833602684,0.4952254963279468
-OOOX---X,0.6872379671127727,0.5058830558106494,0.4962667502386499,0.5000171539120819,0.5031918776669327,0.04214603358679786,0.0031376569995959502,0.07815626830942363,0.5063262648034812
X--XOO-OX,0.50050887264826,0.6965787141725782,0.6478376441195394,0.5079146847437651,0.5051664004438454,0.5046341220367435,0.49084489780618157,0.4976984995607596,0.4924239530469874
XOOXX--O-,0.49167102256638645,0.5018419959605942,0.49834511762307626,0.5078970714050361,0.5087335311542238,0.6872379594563112,0.5091606843655594,0.5075943978133366,0.6778195590062356
--O-X-OX-,0.4901584864191328,0.6872379594563112,0.5054028589260354,0.5046472350985475,0.4980740414351482,0.6872388866840399,0.5058991388330687,0.5040519156965818,0.6463989863385402
-OO-OXX--,0.5157551083552658,0.49527354827486353,0.5096338966941207,0.0316293870527975,0.4981511689612958,0.5093645297862922,0.4994911199394821,0.49885187852836765,0.007978263929240947
X-OXO---O,0.5014929075248273,0.7154478899511808,0.5085536300687448,0.5059514243772918,0.5002681201360445,0.007418521301416958,0.6852845463169159,0.41611887229271294,0.5051619125628392
X-OO-XO--,0.0015965806923728953,1.7222020067864348,0.6762919537346199,0.14377385167946977,0.02710719425956898,0.527539021393825,0.03819805000353971,0.17314511070748795,0.7070948264572434
XO----OXO,0.49467827533153336,0.492910319534981,0.7267521848039291,1.5930313493302712,-0.4698492679440829,0.512881731885324,0.49844331334526243,0.49128231785319676,0.499472415023933
OX--XOOOX,0.5017033796695447,0.5094549884655566,0.6577714535513453,0.06985731091254188,0.4980537967511206,0.5066050558172028,0.4955613015582508,0.4930010712807168,0.5087631529266635
OXOOXOX-X,0.5024881874614535,0.4914158065942525,0.498027069265486,0.505531192879734,0.5002402987629756,0.5078166222961625,0.5025202926371357,0.6872379594563112,0.5066862950667701
X--OXOO--,0.49451300684831767,0.6872379594564734,0.6914253804441991,0.5033899849201444,0.49973194643489516,0.5030703875043493,0.5076576433477157,0.16573810854956306,0.6786973972585867
-O-XOX---,0.061052367929582685,0.5024143324853289,0.2820312482634092,0.4908320885181697,0.5293328664978716,0.4763898401113274,0.5172678291117855,0.12241515984933604,-1.1330417835386797E-4
XOXOOX--O,0.5070899718236577,0.4939957654162988,0.5060289316808864,0.5066275682173335,0.49965757979688374,0.4979973732559901,-0.13017391170551185,0.4948403148900584,0.50193367421285
OXOXOOXX-,0.5014248335501478,0.5097547007658256,0.5014142772272071,0.49876252544424743,0.5077239742595381,0.49571275007947996,0.49923736825727794,0.492938966233217,0.6872381569987849
X-OO-XO-X,0.4950354185853167,0.22841737741749257,0.49814102098596513,0.4928120535734034,0.6852927888906428,0.4946190349464977,0.4966078941544265,1.2596417696652986,0.5068018852700441
-XOXXOO--,0.0879175938181454,0.500739183585917,0.49375764100076985,0.5073827818937988,0.5043188784525129,0.49777541278517,0.5099517612617929,0.6459384848134053,0.6872379594563112
OXOO---X-,0.5038627328159251,0.4940252852356705,0.49719751756853453,0.5030634228341869,0.6872388785068312,0.5056490125577627,0.49637107319841084,0.4974174787858983,0.5065427119579871
--OX-XO-O,0.7502971761532581,0.319974513967912,0.5039807568165643,0.4905620352314,0.6853768495584507,0.49966603603462395,0.5008129830700246,0.4239925336941928,0.49253955165404373
-X--OOOXX,-0.3033188870952014,0.5047548878260927,0.7765732713206681,1.1073035756421996,0.5041657706117062,0.504959905707142,0.49368382568562685,0.49196440088473037,0.49373854710445214
--OOXOOXX,0.6872137058539036,0.6872377945639802,0.4583045834894671,0.5292960546532722,0.5351696083132359,0.44675375221310404,0.44298287383588464,0.5387267571774016,0.5060343593040497
---O-XXO-,0.14021106160880015,0.2885633249913605,0.20014903159114528,0.49332168655258846,0.545539416792929,0.5060025631304018,0.49245877358357976,0.5017040444566158,0.2528294139878473
----OXOOX,0.45497970768658647,0.5205342248022254,0.686797895662556,0.20150566686681304,0.499564155394194,0.5094510311128003,0.495870850499125,0.5098643127395043,0.5082132876871469
XXOO--XO-,0.4703089204617765,0.47585081530241413,0.40375032352259255,0.5567687102789874,0.6822668231862828,0.01028097115599802,0.5502497160306029,0.47533018514272374,0.6904060658722748
-O-XXOXOO,0.6843274310697693,0.5711384571666934,0.687237968582781,0.40799764162896884,0.5280789438030004,0.5947574828904065,0.5236075758444751,0.4100847257212284,0.4947753634239974
-OOXO--X-,0.25107939713706207,0.7060778473176885,0.8616085282012632,0.7555811270964472,0.12955828621485965,0.13283395306013995,0.30293020485360317,0.22975901028787493,1.343403917893749
OXX-OO-X-,0.49788880463405016,0.4921108994772035,0.5005579643473924,1.2352341892012841,0.5080793986836313,0.5091877586259864,0.8150032413777377,0.4971140062255117,0.7171553868629934
O-OOXX--X,0.40121260203162434,1.1801839526372817,0.5126131052104589,0.4621857216838038,0.5983666081157171,0.5129346248375944,0.03639969013682254,0.15815464352735248,0.5665672044230985
-OXX-O-O-,0.760108377619254,0.5071019695783796,0.4992401557334515,0.49150644895388873,0.0874800375403545,0.5007018448532646,1.4245769509103647,0.49732147087275574,0.8829803651393345
XX-OOXOOX,0.4986361795244035,0.5073427535587978,0.6872379594563462,0.4944002263333366,0.5084653861578965,0.4983620415410343,0.4966685660132171,0.5058675736576765,0.507077938259604
XXOO--XOO,0.4964693313030232,0.5010664401928263,0.5013720381206177,0.5089090558132948,0.3676248989049302,0.5604044545405739,0.49482814252456897,0.5017178282075663,0.502891758665204
OX-OOX-X-,0.5381313897969251,0.477920274115709,0.5698493004114416,0.42567224293683287,0.5055983888123656,0.5525292822021725,0.831389523112809,0.5919258725004504,0.9510876625864135
-XXOOXO-O,0.6872377692986674,0.49847774226310465,0.4973651438358971,0.49206387533531776,0.5044249756392178,0.49835957265538894,0.49565788074815087,0.020886907624011186,0.4904141789866549
-XO-OX-OX,0.3721539271732201,0.4977511463877878,0.4974971564352605,0.5104663700951525,0.49755989187160965,0.5095047650059512,0.42888068168225396,0.5042320428395322,0.4916276432198594
-O--OOX-X,0.6045905110271894,0.4528446801216827,0.8695181427678291,0.15851182821696252,0.42348027062657057,0.5523476956479264,0.48047347289705483,0.6872371923082045,0.4624050893493889
OXOOXOX--,0.4456961718673535,0.5002944826454389,0.5554362497328336,0.4343794818259471,0.5322734512719283,0.48957535939075425,0.5371642526385003,0.6872343903642549,1.0997905457163195
OOX-XOO-X,0.5151736862793221,0.4711531746186554,0.4222011861033605,1.1332108433367307,0.4347226942688161,0.4716519601684861,0.47288765171922487,0.0243353084785356,0.5545986912300682
OOXOOXX--,0.4495337501478336,0.42983741055731167,0.41737423030206117,0.45402972654750967,0.528669282806173,0.5156848630126725,0.5433545632278118,-0.13286098251842504,0.687236914983073
OO-OXO-XX,0.49081125077360155,0.5001722347869056,0.4545437449581212,0.5013293978662984,0.5005772488689512,0.5029657108491995,0.6892421596514203,0.4948428061984462,0.49980804880814583
---O-XXOO,0.40273139120328105,0.0496541826079997,0.40027794134155703,0.5580532746280187,0.6575892712182255,0.45524054374469547,0.4958500123269266,0.4458759042841808,0.4458437709165433
--OX-XO--,0.6784576190372157,0.6606925467709066,0.5811971378876258,0.5315862120605809,0.6509922174265494,0.50075666309562,0.4929608975694815,0.8388489114013916,1.3676941665090214
XOXOOX---,0.4903690906895528,0.5057215052802148,0.4962189753529984,0.49892839574908526,0.4900063968842447,0.5032975535940651,0.14477264036993004,0.21208401781826897,0.6872379594561209
-OXXOXO--,0.4976243528024076,0.5911254345893346,0.4069553111958049,0.5505839833285117,0.5278820148208746,0.48328024113907964,0.4832606679413715,0.07749209145724234,0.6848719001664688
XOXO-O-OX,0.7591335958967627,0.09795563995283052,0.001473671790305997,0.6977415559446708,0.527507748077415,0.29871342953625746,-0.5199742726768477,0.39003314746952766,0.46980527200690314
XOOOXX-XO,0.49176970188949626,0.5051705575601144,0.49602553943690236,0.5012018835242036,0.49856907874557027,0.5097445341036811,-0.2071362453614407,0.5011166550894153,0.49333743777245476
XOOOO--XX,0.5094246572070221,0.4949122197439173,0.5044062901033072,0.5055286371454513,0.5087551634154938,0.2124755798174483,0.6872415794000771,0.4991034888580427,0.49880541099889675
-X-O-OXXO,-0.6555952516477803,0.49182294237089863,0.49877854973221153,0.5088292945692102,0.6441541676436754,0.5091873818765796,0.501921162735152,0.49381663916274826,0.4911569748414116
XX-OOXOO-,0.5780946720136478,0.5381163889941301,0.6872379594563112,0.41550188229652746,0.4402709050942678,0.5364324548811902,0.471489444634927,0.5480721037070183,0.4517653033106638
-O-XXOXO-,0.6462775556968969,0.49395607973876066,0.6872379597821971,0.4949167956457268,0.49762069579806223,0.4926793314061242,0.49430642665797786,0.5049607503060694,0.687237116576934
OXX--O-O-,0.49072639902099663,0.4976868201210864,0.49999534958180425,1.1485324201307079,0.685875863621723,0.4990045690114999,0.023644114404848038,0.4972764066332096,0.008966650088007677
O-XX--OXO,0.4177107562856328,0.4591219532397266,0.40779686001220866,0.5875206886068176,0.6872379582692786,0.7087477583216305,0.5952529065356913,0.47438772857634537,0.4119343266894532
XX--XO-OO,0.504784685383684,0.49403858869693834,0.6873305113574016,0.5091199780093039,0.5043731515675433,0.4935776501440146,0.5051601321612782,0.5037135213275868,0.5057100890292182
OXO-----X,0.49307440563272054,0.49516238211484587,0.49835839785201824,0.7051666090377846,0.652573854627159,0.4905052367194626,0.6623913450746823,0.6890398712745442,0.5024698814625981
XO-XO-O--,0.8507597125416809,0.7600462878782818,0.26511131928514864,0.2865068605324237,0.5753542983685591,0.1133916061718287,0.4796042113718533,0.02559807555977789,0.712293698402269
-XXOOXO--,0.6869608794795505,0.5044349575676157,0.5718772673669791,0.4355888457283471,0.46614813902829816,0.5478292688255412,0.5738797881056423,0.7093361476492749,0.6855664826724073
OO----OXX,0.49901955418785826,0.4999555507310663,0.6100103735517318,0.03507878265909692,0.5608514814725126,0.14834175464709742,0.4900415552608832,0.4985178267644827,0.4958882935364921
-XOX--OO-,0.7005865753607893,0.49602947531380714,0.49475510840064624,0.4969969748737613,0.49834584318683195,0.4927246478813245,0.4956813092007944,0.49866378909820097,0.5024606170486182
-OOXO--XX,0.6457286665333652,0.4909207270259943,0.5034017938337592,0.5055744571432085,0.5063957531535828,0.5005900082511127,0.6875075173384784,0.49445102306357575,0.5088519334980639
X----X-OO,0.5521148481498956,0.13855841488030007,0.7093110430022754,0.6874753946589787,0.267067611062472,0.5872156615177258,0.6872378778471853,0.5732547837242408,0.5019336336120035
XXOO---OX,0.49771485065199017,0.4991678916284673,0.4984687955275435,0.49996477282847573,0.6852622723894638,0.2592374208979378,0.697664315412954,0.4974099470854946,0.5079409913614973
XO--XOX-O,0.4766747596854739,0.42275460969440287,0.6794728163555717,0.6778988462754411,0.5170988463407791,0.48363627973279755,0.5765315817948518,0.6935692573283072,0.44285405471425365
-OXO--XOX,0.5676054330293298,0.4909108121790506,0.4977182408863992,0.4951748735464026,0.6447723341819543,0.6872379594563112,0.49871060345232715,0.5004076916670529,0.4981852593663959
-O-XOXO--,0.2133029334538662,0.5016853283951557,0.8053890550775922,0.4910502359270328,0.5066947327635787,0.4917717137801602,0.4999738044102114,-0.4012889126358272,0.14503155732515394
-OXX-OOX-,0.40884319782689993,0.06688664115382259,0.3014747675110603,0.21650161175584215,0.5124973964842103,0.8420741289884337,0.3146459176658748,0.657854648874552,0.7976058375015895
O-OOXXX--,0.5445012346211247,0.7169651024075673,0.4656567639283915,0.5173444632118716,0.5335360966484742,0.5206693441835684,0.5423454113126062,0.3335539174022894,0.2609352189899289
--OOOXX--,0.2340489950356075,0.8892053144386647,0.4523323932704196,0.421453681840097,0.46805891503869534,0.5657300038412303,0.5114156287180048,-0.9817551112278751,0.0446698744067886
XO-OOX--X,0.40430535459202577,0.569360167430319,0.6872379594563112,0.4694993626575838,0.5591980524040234,0.40445075840642203,0.029843853640711737,0.6872379594563112,0.5922683462246818
OXO-XXOO-,0.4933775051664912,0.5070440521784432,0.49107177652180184,0.6872548010046426,0.5047264896728745,0.5086879857960984,0.5082061483090752,0.4935547083735263,1.3031408942471772
O-XX---O-,0.4983438065285486,0.42723598553925674,0.5055732881281276,0.49890697915451876,0.22420280794510178,0.4868706636763772,0.49356559143118495,0.4928632474908688,0.6539644716368637
X--OO-XOX,0.5051959831968965,0.5791125000616723,0.016653080338258575,0.5051462825432826,0.4978328978446116,0.03451213909186707,0.5056596387168106,0.5028192025295978,0.4916001838800816
-OO--X---,0.2600922488614078,0.49907552145048845,0.5062046946775843,0.11540062646569704,0.11690133101352335,0.4904334777964559,0.5697213260277898,0.12669187740250754,0.5006323251271456
-XX---OO-,0.6868131222537968,0.4984145734052924,0.4922249664316255,0.14644676878295865,0.7502750140183698,0.30287655122134577,0.4983933556507405,0.50809493111818,0.6892350657685863
OXOOXO--X,0.5627096082653756,0.4837833246803349,0.5630095264965224,0.5058390963338231,0.4174504852928801,0.529558755309592,0.2681057931394445,0.6872379589974427,0.48229084977932957
O-X--XOO-,0.49114406740903593,0.35335793754108413,0.49422861894404374,0.8899372747825616,0.2854765427131961,0.49448093871596205,0.5007555517301674,0.4964161438877437,0.6852345598530939
OXO-XXOOX,0.5054634775201203,0.5027519286303557,0.49439704839379683,0.6872379594563112,0.5051782749456795,0.5050167976520972,0.5032192425106957,0.4922867450613885,0.49861713675960845
O--XOOXOX,0.5617670556651876,1.0987176048904468,1.2926853954335518,0.45524620502356483,0.5274578380627537,0.5182851568044895,0.45828151266233574,0.46463260898432557,0.5025488663147567
-OXOX--XO,0.28533122653568266,0.49237894081909545,0.49361020667995864,0.5076148705551026,0.5081792977015461,0.5083328108228555,0.6872379594563112,0.5078181418281282,0.5067242976588909
-X-O-OXO-,0.9085740822360939,0.4928298688765528,0.3348319565630895,0.5763787123861691,-0.37240548139150176,0.493212050272654,0.4175771579330274,0.43791526269308334,0.5064523477230605
O-XOX--O-,0.5642809881247112,0.13650695240116362,0.5497280160056119,0.5575411089435109,0.5531635009661625,0.16125949912836812,0.6872379594332563,0.5730051744843184,0.020208878176499856
XOXO-OXO-,0.5036397282644247,0.5077480068568694,0.5068715007449853,0.49675175343593647,0.6872377608466946,0.5054391549447456,0.5071925655835898,0.5056345205171094,0.9492974477045599
O-OOXXX-O,0.5035551341966669,0.3845711419902294,0.5047371291291525,0.49762158593909633,0.4995548103595704,0.49321437977370886,0.4942449731994447,0.052864462482346775,0.49085543548294236
OXOO--XXO,0.5090765394098125,0.5021724432868147,0.4971524777705402,0.5014409450222056,0.6872379614179722,-0.35332752663752454,0.49209689240076204,0.5014439180270098,0.4916534283715611
X---OXOXO,0.5024366612685001,0.23808109945347194,-0.09156924842788405,0.03763816428598721,0.4927640528444318,0.5027856596829197,0.5095433152536205,0.4964823357053066,0.4996380565773904
O---O-X--,0.5002801681822512,1.398968392928548,0.04308935832823646,0.16488029029049284,0.49389956188331247,1.3705010443734313,0.4972624170129659,0.4367688389191021,0.0897224933649356
OO--XO--X,0.49543731137214453,0.504131320052926,0.5859690370441321,1.9418436581722363,0.5046221696351272,0.503251265150531,0.03171183619646967,0.061781171013880476,0.49260762082924875
-OO-XO-X-,-0.1530372404394491,0.6438249370573581,0.39940861672927463,0.44796562413564267,0.3943391907944036,0.5845590135608288,0.3537717538118063,0.6871343700735459,0.8123033627740736
XXOOXOO--,0.49781442147892396,0.49880897605385655,0.49536850205604166,0.4903264281402532,0.5065833006930346,0.49803582350766246,0.5072560824955784,0.6872379598136981,0.6853492717101094
-XO-OX-O-,0.9383565072064628,0.5025190968105306,0.49978233046888815,-0.07248407128280665,0.4946670529474156,0.5086605746850228,0.2032379683027326,0.49757780084896736,0.9697697112028053
O-XX---OO,0.456152977003383,0.12294698046930275,0.5704782084377916,0.4857665004542329,1.232990065874083,0.5901010630819121,0.4259004378855916,0.5066585208902736,0.48253814252398625
X--OXO--O,0.49752169966328547,0.7130602985572609,0.40675505765166337,0.5003695617429824,0.5087204493306073,0.5056172157887268,0.6871204935317099,0.6786406065922587,0.4935212226131185
XO-----O-,0.4905196981926378,0.5035382759246553,0.1428736875394392,0.2570638789188894,0.053227247476561046,1.229798946639292,0.011104176843599767,0.5068413425963535,0.6413342178256084
XOXO-OXOX,0.5061805274547821,0.49700434174552593,0.5018987738448174,0.506891075710842,0.6872379594565045,0.4975092485915067,0.4980121702507299,0.4980728648647765,0.5058171080067586
--XO--O--,0.6675303176799896,0.3057635340132433,0.5050086989253422,0.5008825128719243,0.22070202933878758,0.7958699054528601,0.501201567186685,0.34000853169774975,0.09991759933044175
-X-O-O-X-,0.647190539592712,0.5063906773403245,0.16199496743083286,0.5039950816532266,0.6872379598124365,0.49330116124717693,0.0468848338861938,0.5078634886717608,0.7135764057373255
OOX--OX--,0.5089602473348231,0.5009306715264213,0.4997072734751609,0.4906392027976533,0.5007024931663029,0.5098401844356225,0.49998932442955396,0.7333482306400454,0.645976035590191
-O-XOXO-X,0.45040464710546363,0.4994662862669435,0.6437356995818322,0.49423175903969496,0.49997477232165505,0.496087563384226,0.49427655692928546,0.08824269780055344,0.4969793792565997
OX-OOXXO-,0.3180027981430751,0.472166326976744,0.3847449532441086,0.13756216098755047,0.2834417731761274,0.3943662819342363,0.42927375355088593,0.1775722350932044,0.49232541138196206
-OX-O--XO,0.6361286618682193,0.5085554988719114,0.4970133214569206,0.26004207528855106,0.5035190297566707,0.4343961921870003,0.8187118549031798,0.4909194364834875,0.49423054413216955
-XOOX-OOX,0.6872379595307518,0.49729539656991184,0.5043118706880957,0.5016439217943278,0.5070344824002249,0.24197677097190146,0.49615632195986975,0.5061223260515088,0.5031915324010425
-XOX--OOX,0.08432158089528041,0.5098056578035988,0.4998879336542555,0.4948526202921019,0.6872371095618781,0.4201568713459761,0.4992009725559683,0.5066549864956774,0.5062040688304857
-OO--XO-X,-0.25235112556517825,0.5660952062337782,0.4623488914766623,0.0573370078536552,0.6774715907267603,0.4019928740428033,0.40764662784221606,1.0395508901834167,0.5702394325184389
---XXOO-O,0.8733605938030253,0.3331957724669513,0.4372338442346112,0.18130505690919219,0.5728307409515202,0.5147396398818362,0.7332192057020037,0.29149876174792755,0.12158423622893866
OXOO--XX-,0.49354100413054935,0.5004119634172597,0.4938989803576832,0.4975956810674387,0.6868380031681132,0.6872379595323423,0.4953361900116347,0.5075106154422723,0.6852662554719301
-O--X-OOX,0.6872379594563126,0.4995754833501702,0.22913848663041847,0.6846822996655219,0.5077904666081416,0.6872379576498224,0.4920224664409076,0.4945190008992647,0.5007978700237973
XOOXX-OXO,0.5022061310435385,0.5062361529382031,0.5061827675897475,0.49566034675044635,0.5007250052545725,0.6872379595469399,0.5016606662473935,0.4910005846037457,0.5045527712505197
O-XOX--OX,0.5099434413037696,0.03806466050395796,0.5019974984962222,0.5012169352171388,0.4948727977084631,0.6872379594563187,0.6872377611097757,0.49133499359654487,0.4939531756452973
-X-O-O-XO,0.6448343468679322,0.5054921790985091,0.6997974324463816,0.5020378894591885,0.7231527617849683,0.5050636477837331,0.24870180757701688,0.49762530808774175,0.5012514279234694
X--OXO---,0.5072141321136899,0.6698629480162096,0.5025858889613778,0.5086443731722835,0.4998937529832972,0.4971963209034398,0.5033911751273283,0.6872379594563112,0.6871473056141515
OX-OOXXOX,0.49604005775839893,0.500522893952231,0.6872379594563112,0.4937800094753491,0.5094102546289129,0.4906779033917849,0.49062612857901367,0.4910295891463611,0.5025055645747822
-OX-XX-OO,0.50578153594762,0.5045570133634462,0.4989629111955925,0.6876685844060231,0.5019496411137245,0.4989767769831303,0.6437739847233466,0.4982577863287528,0.5005248371950307
XO-OOX---,0.5619657745281103,0.559367013970896,0.44615474463363675,0.47386298153861783,0.4045097761263166,0.5471333479640512,0.21165710971370633,0.36946335399189856,0.6566874194370967
XO-----OX,0.4987240034816147,0.5066631489101092,1.0905617576005189,0.25401790706980376,0.6868407531366939,0.6457967095116985,0.3507051274730143,0.5087089003866416,0.4975885594118916
O--XX-OXO,0.8367413905149513,0.1914763220649025,0.6868785765925925,0.03931278394162663,0.517013951056242,0.6833577324982201,0.563533430515251,0.9677579350491935,0.07600025994590787
XOXOXOOX-,0.5002979695097797,0.49108341237363223,0.49642761516260725,0.4929300561937327,0.5018420782248663,0.4971927010502696,0.5000369133936297,0.4908618317265605,0.6872379594563112
-OX-O--X-,0.49611928131105254,0.49557731752877615,0.49758586027403684,0.5052360503635047,0.5075001568406904,0.317665069551167,0.6875047376678421,0.5049024218132557,0.6872301411100254
----OX-OX,0.49916014032862716,0.5304291913024843,0.6872379594563112,0.48106015072729214,0.5077154254746823,0.4902482508490907,0.46744330951503654,0.4917497309930081,0.5091585724397777
--OX-X--O,0.52497918747894,0.8135042479049905,0.5222007649343204,0.5421327421595838,0.6853733604946538,0.5706171245479494,0.32053924190746785,0.85334310667216,0.44230420931760595
-OO-XOOXX,0.687239005873519,0.0346751004659166,0.9459559719216517,0.7268919794752738,0.9468788278863223,0.5460190173183207,0.19106237595696007,0.9405268313704485,0.4199859387893704
-XOO-XXOO,0.30424810802336066,0.9719720279522219,0.4523027237726457,0.4066255245784066,0.5721358195287026,0.4945090902427567,0.692237717327795,0.15032901785076447,0.5148884870133021
X--OO-XO-,0.4489879217080726,0.22758155324722162,1.0693285797900383,0.4513565180700728,0.4580308451795895,0.5092391599260888,0.4098290200068928,0.5763886354630666,1.2262436868490052
---XXOO--,0.6826654695060833,0.08701514255263587,0.5703290188724306,0.505677902435984,0.5024593218685226,0.495848694662347,0.501127902410684,0.6881036102328727,0.647511641304816
-OXXOX--O,0.7141488927245773,0.49401235513442054,0.49755318971187423,0.5031727005931389,0.49273347758124053,0.5098850564573241,0.4327703689030965,0.5066145339701927,0.5082092434033497
XXOO---O-,0.9856040031469188,0.49668388505816374,0.3739476847183665,0.4523098652088474,0.3568622787860378,-0.020334873141064302,0.26204951079513417,0.29629902943299424,0.46697827102155565
---XO--XO,0.33902816572796296,0.42744519468671094,0.6410142148008969,0.49634269205399234,0.5090940013713796,0.30980853619306586,0.6195799052153308,0.5091528591765762,0.4981962236103533
O--XOO-XX,0.4131833302993038,0.004797345827899202,0.473231512999919,0.41243882206624094,0.5368404124539852,0.5670561189537724,0.6872379140884389,0.4458562197948718,0.5953249692355128
OXXOOX-O-,0.5971647598387348,0.48484218898910536,0.5690720434699063,0.5693016235136176,0.43676528056798897,0.48646126135052975,1.3053267241576585,0.4802590880276314,0.6863078323590456
X-OOO---X,0.8383854202332007,0.1659004706218502,0.8013447504570967,0.9732557181106987,0.3873313054731413,1.1876855719694608,0.4031781273233501,0.3325992682704072,0.19445155872062436
--O-X-OOX,0.687237952940633,0.6630392173881834,0.41498427738564564,0.3564840701941666,0.5812635982140798,0.6404422488098198,0.45278619058341507,0.41599953294841874,0.5466621681015559
O-X--X-O-,0.49428602030789076,0.05053520195554345,0.502702331036704,0.68804647997738,0.6276887613751879,0.4957330665841694,0.21978536336083632,0.501471092576505,0.4949008292759775
XOXO-OOXX,0.5064540880484981,0.5043399773771788,0.5014562271140627,0.502893494710716,0.6872379594563112,0.4989097099495943,0.4932244005473807,0.4961559791404073,0.4934337862094933
-XOO-XXO-,0.997004200919746,0.5089523058212898,0.4995168554749318,0.4932147745106888,0.22035229946773116,0.49982820484678786,0.505816893100914,0.49688665993584674,0.0845701003102654
-XOX---OO,0.14192294219290136,0.49925758361028616,0.503838540151572,0.5086198488971053,0.5302554537547067,0.5203410407823263,0.7532193538485141,0.4940942938620413,0.49971702576414256
-OXX-O-XO,0.6473310170782445,0.49616119730170827,0.5042889365020814,0.4948961687267531,1.1098580386870278,0.5096497565940513,0.5045564563499879,0.5022191247359559,0.5025050801160889
O--XOOOXX,0.49017473399705075,0.8514400997190228,0.04809556797244752,0.5055586695187119,0.5001603247628765,0.5079657474038629,0.4908422756141139,0.49539084179953674,0.49187293798568993
XOX-X--OO,0.3275653548345313,0.6692630532101866,0.3838112151662034,0.11305531360124244,0.7647489860489385,0.318218098007086,0.6872371923082045,0.47187455814160995,0.22537728329586837
-X--X--OO,0.04935813382196946,0.5005615495793336,0.1075773613702875,0.12601283685375197,0.5031026384938666,0.6785969037483249,0.5311363107721196,0.49180099982396447,0.5085865722705918
OOXOXO-XX,0.5051574659725016,0.497270139073538,0.4964961655337765,0.49202860397877024,0.5087112568138938,0.5022737402372438,0.6872379594563112,0.5084466306300726,0.509240939354244
XOO-O-X-X,0.4952374722514423,0.4995498813113106,0.5047289901394738,0.6872379594563112,0.5068908845998683,0.8556013833110314,0.5046532247334877,0.6852741512037513,0.49044514254042304
OXO---X-O,0.46407345501402647,0.4905167710048367,0.4251026646249884,0.041187430512331646,0.08545518535408192,0.5004672865526227,0.5711031740235739,0.6836146978280055,0.45114002031412964
O--XX-XOO,0.5043002568495275,0.6852806270166929,0.687237968582781,0.5055378996074008,0.5020110878860107,0.5022858152708914,0.49070477591247663,0.4994807978930434,0.4926701696169983
XX--OXO-O,0.4961118321251786,0.5018008007316601,0.687237950749118,0.09193257365400798,0.5050466593171434,0.49062482859678375,0.5087294446940859,0.7486758994000781,0.5030714917674076
OXO-XX-OO,0.5011783792421038,0.5083342160176111,0.49913687443591526,0.68723795981004,0.5089698602355675,0.5002462149339314,0.5955941841646986,0.49285416084216005,0.4973308172047207
--XO--O-X,0.7278575459200108,1.0037669950619108,0.4971543924735385,0.5062959411836223,0.08438903995380787,0.6872379594563112,0.5042715768705841,0.6905549047270119,0.5068865018953114
-XOOX--O-,1.844719257402198,0.4967089659793852,0.4976474318566955,0.5061606137120662,0.5090269371819457,0.4218837703831714,-0.8201125449115876,0.498743981882694,1.5513559313165233
X--OO--X-,0.4994490397407779,0.4325668331668372,0.29725662851302437,0.502817155494692,0.4945611923760332,0.09058574848408218,0.10057077752103771,0.4948090271366752,0.485320445122541
-OXXXO-O-,0.6872533345980624,0.49450769080425205,0.49452140767295943,0.5022507758073838,0.49641506434226734,0.49072926745951245,0.686797908538189,0.50955635091376,0.5070159838341403
OO-----XX,0.506978390983966,0.497099449608602,0.4799565648007086,0.03931872524271429,0.231922776747231,0.4516636310691492,0.6872379594523402,0.5006606315901335,0.49337829677843725
-XOX---O-,0.685246324988943,0.4993579525875531,0.497737211096007,0.4995063467566109,0.4973532905618123,0.6458528570662729,0.4985784840744954,0.5029023901294283,0.5043066508187317
OOX--OX-X,0.4996954328685184,0.49070778614386856,0.5097035101620457,0.643687013385608,0.6872179180813003,0.5036831185789951,0.505025438182257,0.6872379594563112,0.4921978881180689
--XO-----,0.8080534549536154,0.687143486162031,0.5033021200202132,0.5040080711687934,0.17533979184547677,0.20285689251356975,0.16979537299534325,0.668967110886908,0.0991784268594289
O--XOO-X-,0.48228164731322765,0.4317550436121462,2.0782393459523725,0.572421599540655,0.5934427844704984,0.4449237443157123,0.6794728163555717,0.4790638939131753,0.42588774935371454
O-X--X-OO,0.22179583792465474,0.1770088180206716,0.0222212237279642,0.8104764626130065,0.09120336794609218,0.536400671169218,0.4646047662383765,0.47090228687219915,0.7628199226006485
X-OOXX--O,0.5014303405143663,0.4083806874719199,0.49903686890834476,0.5083568907627438,0.5002507012397034,0.49977755037680444,0.5219623237403117,-0.36062993888873673,0.502172073096917
XOX--O--O,0.5036572446802858,0.4966767336956372,0.49611869729118696,0.9978839222586107,0.6872413441497931,0.5032410023427045,0.6852235860924558,0.15802570021214568,0.49862919368058156
-OO-XOXOX,0.6872256958501114,0.585874800210711,0.5049108744831211,0.4027800458837355,0.5082819747088849,0.4828471674499585,0.44580014030276316,0.4151676184219255,0.4508546571683114
XO----OOX,0.468826349024173,0.4725745619530278,0.6317581104779161,0.4002022159603711,0.6872141549774186,0.43011729218374145,0.5005569541522411,0.5976561302307213,0.5611079429780007
XO-OOXO-X,0.4455680213711967,0.4980411147206056,0.6872343903642549,0.5807181268109408,0.4981151967844809,0.5742576159808314,0.553318395419753,0.476309309352316,0.45328636370272485
XOOOO-XX-,0.5070858677252572,0.49606643891370283,0.5012525620295785,0.5034472136854088,0.5079868070578275,0.19561526222947534,0.49442354734943494,0.5047824895791515,0.6872379594570509
OXO---X--,0.49360674731534504,0.49104420262567766,0.5089121734974821,0.39576296095210506,0.5050262217102777,0.6872379606066786,0.5090860253741999,0.6872379600748735,0.5041905897469082
-OXXXO-OO,1.4768846357608774,0.5088320136860739,0.5077250426669709,0.4917007165445422,0.4944276537768238,0.4962101497622961,0.6872548010046426,0.4983939436339392,0.49191826840994396
-OX-O-OXX,0.6283590072548597,0.4410884793837503,0.4487925297133975,0.4784372026259902,0.5914698073772342,0.6872379591800789,0.474242731040063,0.40877253094045285,0.5097175220332238
XXOO--OX-,0.5789478217689826,0.5236890193700354,0.5869888868063172,0.4761385932254324,0.6868785765925925,0.5142272806963982,0.4685108794104286,0.4308726976051108,0.06686369401497061
-X-XOX-OO,1.637070224731662,0.5276784111456929,0.42700403382805113,0.5979721102590915,0.5659771632696116,0.5643058174231631,0.24220543924315674,0.5909138126347959,0.5148206700739288
O-XX--OO-,0.4904420832455135,0.2998355631220313,0.4924267469264598,0.5041132518830386,0.1131803193410803,0.6995636606519672,0.49755702345666675,0.4988891417837491,0.43134306619711404
X--OO--XO,0.501559429776256,0.04434819990710037,0.15779388646282155,0.501391747067574,0.5013934919200523,0.5808748963221688,0.15655976798254279,0.5045633528116372,0.5032446369420276
-OO-XO-XX,0.6785791322901827,0.49556622630274716,0.4977343621282185,0.49527744297731163,0.49937334508074865,0.4954070722141097,0.6872542929465195,0.5078957649081595,0.49607576184475133
-OX---X-O,0.4914387488132371,0.4998235943214396,0.5064442813024141,0.6961238674711799,0.6872379594563112,0.5189285160611045,0.492776449759303,0.10361643707227408,0.4982817278197388
-XOO-X-XO,0.6720952187442821,0.5322212372155186,0.5585356983492563,0.47086474033105413,0.52497918747894,0.4296138846833611,0.17203080038567675,0.4377151542064054,0.40085639973202886
OO-XO---X,0.49402423626159747,0.4952408228589358,0.28351749829393413,0.5016778196447867,0.5040832991317793,1.1699777515340335,0.10521532809647038,0.6803414859570528,0.5029445929350459
XXO--XOO-,0.4398662323192332,0.48084653758299606,0.4437112776316652,0.15775594084032585,0.1905748499622879,0.5920330643150838,0.492504264396428,0.5548412813640892,0.896739210095839
--XO----O,0.7199848310504798,0.6779743570279099,0.5027738069303687,0.4919546337389628,0.7180755235227962,0.5885329652767136,0.21767937928694037,0.5792920552674605,0.4902362884025941
XOXO-O-X-,0.5092745610495925,0.506075824548147,0.4954168612940447,0.49180653889798387,0.6872546482117018,0.49476884175995584,0.8808106095101795,0.5054522215373162,0.5057998840491841
O--OO-XX-,0.23467558323369775,0.5016218153401494,0.19465696196140692,0.1728975757604141,0.531636314015583,0.08583245176891707,0.5459148958009138,0.02307319958602383,0.6872379594561496
-X-O-OXOX,0.4073567095936921,0.3853416596063427,0.7254239242159125,0.11121239687025586,0.6900497072045028,0.14186914329957712,0.9794229959262479,0.5713974788352798,0.706996965537923
X--OO-OXX,0.48776205317448684,0.2863257565375029,0.7307363170731687,0.5741064993964522,0.527378495124378,0.6795918342884817,0.5972632994587682,0.47423194812492375,0.5802248175215708
O-XX--OOX,0.521000132856066,0.5439734135502904,0.40363718448469676,0.5031549827792785,0.70525259025529,0.6872379594563112,0.5338300954185412,0.569713735735543,0.5839788374509712
XX-OOXOXO,0.4966362293449445,0.5043710842546272,0.6872379594563114,0.5015894884265963,0.49584196819644616,0.5026348739009353,0.5075701887533388,0.5041400330571197,0.500119149331546
OO-----X-,0.5047961607236294,0.5077977885253956,0.7065654988369329,0.6701614898090261,0.09843268002792777,0.003536489725530556,0.06203712141652917,0.49401055988098386,-0.17460672224300955
-OX-O-OX-,0.6313808516351306,0.49275700908294223,0.5046959751267487,0.08032436504687479,0.49605171846136853,0.18133277033253892,0.49782360124276903,0.4991109045279334,0.40078717750564735
-OXXXOOOX,0.6872379594563112,0.5062354235481455,0.4992063082946434,0.49703472384833636,0.4911002719226881,0.5095608548985773,0.5000112121340428,0.4980038607749474,0.5079890874991274
---OX-X-O,0.1330521936096941,0.6850881801729357,0.6872379594563112,0.49032508477513875,0.5001886572540718,0.6872303975392504,0.5020935673100063,0.15585738638392155,0.5090178027513478
X---OX-O-,0.5977639309616464,0.5085027461136801,0.39382479900801626,0.15011620061816655,0.5903303523428647,0.5929280762434084,0.49086050295850076,0.5667822294562168,0.36339019716685483
---XO-OXO,0.010850679746514269,0.5580814184892076,0.8739515450490336,0.5389436570998526,0.47538105554338983,0.09595474168290485,0.5116379983502772,0.4018209167769116,0.5863925898476363
XO-OXOXXO,0.5017530011398312,0.4951459224566047,0.6872379594563112,0.5099161687113519,0.500730413874165,0.5020764489571653,0.5096486727860248,0.5057557589114019,0.5046299837141478
OXOX-O-OX,0.8405842371675265,0.628782509804379,0.700448749233895,0.6825385957879989,0.8935160595074969,0.13548858209753645,0.915444864051587,0.5360392612376804,0.12044144485102526
----OXOXO,-0.6881601446058401,1.535110526285796,0.008561010473323138,0.19522506295669795,0.4965889737852859,0.4954187957405173,0.5073252555311081,0.5034811833542944,0.5023834336854084
XOXO-O-XO,0.5915162374363032,0.45037006312979916,0.5220837314869567,0.4741432463173798,0.7410529292480647,0.42341955721047236,0.5010251115222407,0.5307221323287451,0.5910127326799942
-XOOX--OX,0.6872379594598238,0.494346844541974,0.5012052202763797,0.49918821868014807,0.491548266247006,0.5230097041839773,0.640623774643869,0.5070875949203674,0.4930447887743148
-XXO-XO-O,0.6872379859635142,0.5023648899946318,0.5076286787277912,0.495995317475218,0.5094320047975913,0.5006525236676469,0.5087013222898599,0.05173669680357129,0.4904561990240097
O---O-X-X,0.4999861442782938,0.15557249829884123,0.6607935448620782,0.33040532436952585,0.4959121306166285,0.5874865842989657,0.5068822093982719,0.6872379594563022,0.500258947780272
O-XO-O--X,0.49719209190108204,0.49800252914936616,0.5094074619381893,0.5069770999821067,0.4401830201603484,0.5029653151516522,1.0820511554550118,0.6944334376233116,0.5099564299938487
XOO-O-X--,0.49002485866748074,0.4996421609533222,0.4902915135860105,0.6872379922735659,0.49940185658052266,0.6450147978678568,0.5015327125508134,0.6868290142404029,0.7543763011217928
O-OXOX-OX,0.5090168566518043,0.4789419987347071,0.4912449685176068,0.4987971505783374,0.5098084594318709,0.4969796942224785,0.626789611565894,0.5055821309138616,0.49395696953832563
XO--O-XXO,0.49595512225069,0.5025539812502668,0.03843626757738228,0.6872379594563112,0.5031421730362555,0.35635971232742913,0.5082492270170769,0.5060816384937439,0.5094164962583674
X---OX-OO,0.49934758037547483,0.3909075247156568,0.1385223780449668,0.5331236241556246,0.4906857025561983,0.5013888589993623,0.7395301930564949,0.5015950994721164,0.49005536274518263
-OXX-OOXO,0.7752745945868647,0.35916415011270175,0.6465398852508837,0.7838176267600045,0.2686196917249265,0.590109780576788,0.7752624562545652,0.21808607878560904,0.9127940267098827
--XXOOX-O,0.6872379594561234,0.538343283681168,0.49773905329117346,0.5036568774620217,0.4905974467614338,0.4949805680899763,0.5003034845961359,0.6616324113410048,0.4933767650356228
---XO-OX-,0.6327998555262837,0.405827956920894,0.47631810500553334,0.41905362197996465,0.4864051379588421,0.4551459831540857,0.5792004501617243,0.4228079018848011,0.19684599556950066
---XXO--O,1.3436715714030683,0.7956451021531642,0.36909445133770047,0.4987789185605397,0.49095291646176614,0.5048873968581273,0.3281609800796318,0.16042913415519144,0.501065871185461
OXO-XX-O-,0.5090853263628891,0.5044247862674137,0.49550933348334764,0.6872379594561231,0.5050682782264808,0.4936194631207732,0.5016846052675051,0.5056143354285695,0.5456014450480207
----OXOX-,0.2593197775080188,0.6107889702814155,0.6869070532057702,0.2599421001837064,0.4940133351310664,0.496328210834609,0.49229953619304223,0.49278336778108905,0.5
X--X--OO-,0.49101896291119873,0.1382541948207493,-0.017072692880729545,0.509462132884826,0.5909354760166231,0.43134264526307325,0.4939428576840837,0.5011390148993408,0.6925615910773145
-OOOX-X-X,0.678866577809835,0.9696187465113733,0.8678905228565403,0.7290576553959622,0.6929393951541079,0.5377271114765867,0.7003840623852651,0.6868785765925925,0.6513910424192917
OOXXO---X,0.508332695684876,0.49870843858913166,0.5019605373722901,0.5010259523628777,0.4953626575375691,0.6889304301153787,0.4962753213654332,0.6868192733536727,0.5015786871995304
X---OXOOX,0.5008485853453499,-0.021082211894243863,0.6457816437408804,0.05549992566482276,0.493590483513417,0.4955130197152519,0.4982872651232628,0.4998158605513836,0.5000168118497988
O-OXX----,0.49272145307931464,0.6872405339047869,0.49032849970605263,0.4992222124771491,0.49402963328248994,0.6872379594563112,0.46208873287316465,0.45567857413553525,0.4909426068323618
O--O--XX-,0.49880303556050204,0.69647578755286,0.384682526024671,0.5041099000716993,0.5054331975163884,0.6869618941773987,0.4923654322053078,0.4928366144534109,0.6872379594563112
O--OO--XX,0.5007790748782336,0.49098778262691944,0.4043271722161652,0.49748055435061966,0.4957550044826905,0.40016253885818154,0.6872183647266779,0.49291243189693024,0.5091792080611777
O-X-X---O,0.4984110708066351,0.3917648215890658,0.49981708173970596,0.1679972800683351,0.4956122418683162,0.2561575189981875,0.6872379594522193,0.6872379594563114,0.4997165668690485
-X-OO-O-X,-0.06411175268014502,0.4986470526687267,0.6780975639104063,0.5020961138433475,0.490246199626583,0.4925746142222461,0.5028376267971075,0.1502464955695627,0.4959931979878326
XOOO----X,0.5782586865100269,0.5564237086335477,0.7068279663560966,0.7720985184053627,0.32903022421460304,0.6942395854012352,0.6794728163555717,0.6834911191795603,0.5509325093325135
-O-O-O-XX,0.6890668486031462,0.499962076820594,0.594894735098752,0.5099738471020666,0.502177987188618,0.49288849796144685,0.6872381262883243,0.4975288520531872,0.49737716478598737
----OXXOO,0.8283776171065182,0.03711946471458549,0.7166425769512104,0.7245600305399724,0.4980309507345976,0.5041485378295907,0.497332963658645,0.49836179357612514,0.5061525564211511
O--XX--O-,0.5040361871660916,0.02136696882782052,0.25625196092745667,0.5043794410459068,0.49032971492774197,0.6872379594563112,0.20705614119446347,0.5031804174147329,0.7608126542683735
XOOXOO--X,0.47636727246815364,0.4061985898093589,0.5273839716028164,0.4828882202283368,0.4066625266107431,0.49661280765378524,0.6872377945639802,0.1671664948860131,0.5044279622512228
--OXO---X,0.6392701218266388,0.08024771912024142,0.5044659860080725,0.5000723974404363,0.5051793194580955,-0.19059298798515623,1.1417811462245582,0.6959639999064802,0.5049044463888118
-X--X-OO-,0.8469844119081585,0.5759067535349328,0.8337447211873755,0.8791180642230555,0.5590832466930062,0.4238294076216256,0.5242924474210182,0.41825227447673496,0.6726335416500696
X-OX--O-O,0.5328359977995316,0.10640027838512456,0.7259523333721283,0.49859756281235623,0.005400935347838254,0.6708798730196395,0.015678229818018585,-0.3613061252483303,0.9964000517314616
OXXOOXXO-,0.4987578758137744,0.4941095853875218,0.5061343978205187,0.5088799437643762,0.5036759273716573,0.49138830166081865,0.5041797108115396,0.49580096822621605,0.6872379594563112
XX-XO-O-O,0.49815586033780007,0.49973976540096177,0.6872379611190483,0.5052794331002511,0.5092468681421175,1.2018468482621323,0.4964444298551747,0.5727743506538795,0.5006311828352893
OX-O-X-O-,0.433613503209888,0.5214688386753906,0.3816589706135896,0.45320103346114227,0.7321673497190729,0.5082039708612786,-0.10940371881421596,0.5968005737901668,0.5124973964842103
XOX--OX-O,0.5813160143481252,0.47419896999920974,0.5365359492824657,0.6872371375134974,0.52497918747894,0.5809132260520036,0.5282439285200056,0.6464391001179222,0.5001483728590215
--OOXOXX-,0.52497918747894,0.6473584435607274,0.41265609465200204,0.43096118822831697,0.5830095485860564,0.5141198499152587,0.4029031859938804,0.462228998244298,0.6872379594558088
XOX-OO--X,0.4915729682725072,0.5062671279207811,0.4921821983777362,0.36909179989998797,0.5030271220887704,0.4905635286188472,0.49915345296087105,0.9572836306416341,0.5036002860320752
-OX---OOX,0.8874385465241617,0.5096913882278676,0.4957016323487487,0.05384111619635268,0.6868325156954393,0.6872379610697854,0.5088960665288039,0.49088882015943874,0.49465681840558284
O-OXX---O,0.506744183618221,0.004019834604071626,0.49178484823768326,0.49884751856268106,0.4970146137211436,0.6872415711343494,0.7039830570222763,0.6817287156766811,0.4908579336771976
-O-OX-XO-,0.5063309678446839,0.4964884092295761,0.6868387170840605,0.5098188960095628,0.5097393971858438,0.6465447808186255,0.5051410339195067,0.4932537150651259,0.6889346105904114
--XOO-OXX,0.7055949083422633,0.16908660644777207,0.8892949451011972,0.4675889668539087,0.180195898253676,0.6869409088873452,0.26064936576588016,0.9559240327778377,0.6928689018482804
XOXXOXO-O,0.49809778760261336,0.49775279487826496,0.5029685669219333,0.5055512184780769,0.5049088312077685,0.4903650901387258,0.49482156300737495,0.6553345115768295,0.5024831795446174
-OOX--O-X,0.4927499704590004,0.5566132730218514,0.503231662174773,0.5747101405267416,0.5854007208005867,0.49041491726588515,0.5778844958084637,0.5033983010894255,0.43132358256064446
O--O--XXO,0.21607353281266828,0.2357873193410983,2.043537002128196,0.1495425151994102,0.2050836296942542,0.05584746761860926,0.6920823483294339,0.36491970669749674,0.5454141708418021
O--XX--OO,0.4930787145219636,0.5095148863826935,1.2060556062570154,0.5036466580272063,0.4990435995494348,0.6872194536448951,0.9711217500815679,0.49952952063326816,0.4970617374164263
----OXXO-,0.11429402981764114,0.4026225237578695,0.10378407172122961,0.07586075093368061,0.4973964103545385,0.5067073525226924,0.49786891493851143,0.4972030624470307,0.1715236128689126
-OXO--OX-,0.17084770133420724,0.44571588111949884,0.5608936792761021,0.4655489022003638,1.349565484010701,0.012992114169826818,0.5631853156006165,0.4392081437311292,0.02588976532025361
X-O-XO---,0.5027415033491535,0.21498281579443645,0.4979875831527905,0.35016097118071765,0.5073755960839976,0.49970204803242063,0.5408975910498653,0.5127529496897679,0.6872379594563112
X-OX--O--,0.496472043704383,0.8146493665340826,0.49602665999960605,0.5023393930829733,0.6872379594563112,0.7030734184682809,0.5003007729857111,0.5097310441603701,0.053067376425768975
OXX--O-XO,0.49314603845759236,0.49875995049903,0.4943998739239705,0.5890444797073705,0.6873305113574016,0.5068814391236313,0.49438513946159307,0.4902843648040725,0.49474721884253825
X-XOX--OO,0.49141845200835543,0.6872379594563187,0.49608377226411754,0.5047426955744746,0.5025243023335446,0.788935332028251,0.6872183768414944,0.5081015642753408,0.49055243358232953
O-O---XOX,0.49343857753122383,1.0123691378874975,0.49065395709697407,0.05947621030294675,0.5476024642118923,0.19848063514699016,0.5090523849695161,0.4949217625974889,0.4964348372584908
-XOO-O--X,0.1406483588278195,0.43779951440821513,0.46561734738358374,0.40107736512341663,0.674395172685356,0.5713497037698415,-0.3755022564767374,0.985947862752597,0.40830747997127553
OXX--OXO-,0.49982597504404946,0.49106051698791053,0.4963572203202439,0.04242842285200543,0.6872379594563112,0.5072077279202993,0.4958527309708781,0.507019788934437,0.9066214898904181
-X-OO----,0.3068946842314824,0.5068088184707882,0.7495222662833861,0.49266916970036817,0.5058478730582766,0.008717524573636393,0.39423446701941056,0.031836879878962776,0.6978090904028416
O-OXX-O-X,0.4541174837857118,0.6843100248977612,0.5449909741479638,0.5363527971487679,0.519132544580959,0.6872379594563095,0.48760685176562013,0.36757017015152893,0.4297234552834819
XOX-OO---,0.497449421604395,0.5074902497505265,0.5069573627870902,0.524278688710268,0.5037474792029699,0.49426676340040376,0.5842072750213618,0.5374496059581703,0.5511025211162626
-OOXO-XX-,0.6436708465559449,0.49141175855938485,0.4924687976266265,0.5005921206333003,0.5073118610709214,0.15147345291658387,0.49135117592820926,0.49706475815510603,0.6872385398503961
--XOO-OX-,0.4923935436714803,0.11786355897114364,0.49123593047547,0.49898289754495156,0.5138433316760471,0.03988057838467607,0.477714310333104,0.5957223261189006,-0.16210069801780402
-OXO--OXX,0.6872377945639802,0.49330726832308547,0.5118625665482122,0.4832568043316518,0.3810327882474745,0.6872342649527958,0.4974426336611538,0.42546869927988246,0.42024364076549914
-XOXO-XOO,0.687237959456272,0.49161402332730386,0.49946397109165175,0.4973952637289281,0.507174954753325,1.2690717663255922,0.5079690787710043,0.4940157185995442,0.5054470564747119
-O---XOXO,-0.24880750260358653,0.23096593639468999,0.029021923602709387,0.24142621682798826,0.9375323528937032,0.6371696639155111,0.07264444642406787,0.38374726905889645,0.7106346351725271
OXO-O-X-X,0.5306763162410767,0.5154406996126846,0.47309173700700835,0.6872137891006262,0.4739794960494054,0.023942541609402512,0.5762771047237066,0.6872379593806616,0.5893788531057809
-OX----O-,0.18080025931510957,0.4919759559270275,0.4906887973221919,0.021653840803263824,0.5911198473786408,0.21214598802182194,0.1905816058244757,0.5083450046641026,0.7098899419014822
O--XX-OOX,0.49256683868185447,0.11751632842848486,0.009647600650040278,0.5080495041763895,0.504427357722359,0.6872379598136544,0.49851588977344485,0.5001753666618151,0.4966579011509255
XXO-O--XO,0.40394110853204973,0.48865043888684956,0.4491915975199344,1.2416634240512014,0.5987082820342574,0.7762288953458837,0.8834402828904195,0.5207193434107774,0.44584928100928156
OOXO-X---,0.5479342244095531,0.3333184645803554,0.12601440694191246,0.295591513892972,0.14129828220459606,0.4096246445173861,0.7929827584251978,0.165793190068929,0.6794728163555717
XOXOOXX-O,0.49782768273341693,0.5049334928748308,0.5009495616749048,0.5074756576186921,0.5092094404267117,0.495889199640729,0.5015328253686084,1.9695263227416495,0.5039300353648418
-O--X-OXO,0.9171992247721107,0.566052426189066,0.17059593030053233,0.7348205451930383,0.42293158823077415,0.6840710223427205,0.5203838819396996,0.46887657553402007,0.4518024974289942
XO-X-O-XO,0.4990235344555573,0.4972354786102969,0.23157339353590312,0.5066376873496464,-0.30726679010169033,0.49480143683278227,0.6872414742233542,0.49232627093004133,0.500008343021445
-OXX-OX-O,0.6438756845771479,0.4908168902013545,0.49290868017306105,0.49698437138125984,0.6852590340813067,0.500493142419806,0.50552352385852,0.6872379598779543,0.5021281583993151
OX-XO-OX-,0.5089639646204236,0.49899439109940324,0.7989564025881887,0.5025950246236103,0.49161690809580644,0.4607503317506794,0.5037586121568838,0.5072508502136349,0.5069040861702703
--OXO----,0.2564950820889159,0.19453908644087736,0.501416600502589,0.5090907923431727,0.4941103824397148,0.37318440978267264,0.7259658114246259,0.04359929065683943,0.445899996250116
OXX--OXOO,0.49140585243302626,0.49297171361025494,0.49251074196440164,0.04443950831186816,0.6872388785068312,0.49640889731438825,0.4935010253422405,0.49545024162866175,0.5071189014882167
-OOOX-X--,0.032652306507043205,0.49580679677360345,0.5026111832900728,0.49428728909344344,0.49803102791249004,0.5006508353224807,0.4962110257317292,0.49975669000389983,0.009286908728049603
OO-O-XX--,0.4281449363586036,0.5914789415167845,0.7479870132456002,0.49876095249882735,0.8662732764907428,0.5724449150525543,0.5771586039674815,0.5464993148014504,0.3607437153923777
X---OXOO-,0.5367929291048628,0.4273855821016499,0.6705746820149739,1.122401194462806,0.9330254076819248,0.6952406274272497,0.13315329130614817,0.8704801360609332,0.2613342998707132
-O-OX-XOX,0.5069572995179603,0.5045459357753624,0.6786548388496689,0.4925624110220823,0.5037471620521305,0.6872379594563112,0.4905411753876467,0.5058421321697654,0.4910464077367739
-X-O-O-OX,0.8532705413868826,0.5374480614675624,0.9016714107042845,0.5361950560436608,-0.02964380961643709,0.5281116455489057,1.3255738424807633,0.4012149463992279,0.5021831212196003
OOXXO----,0.4931629799947704,0.5025992959586135,0.49611592670167753,0.49494177999667927,0.5016677400360422,0.31445090599061015,0.14501717134610492,0.14386316160806867,0.49306206525606994
-O--X-OX-,0.6970042265967722,0.4909028906563396,0.49724143182475533,-0.018486342640343767,0.5071845608993863,0.6872378791471027,0.5069368422823565,0.49076903966791585,0.043656358492298986
----OX-XO,0.8502331563932357,0.09269960184186032,0.10095610327726823,0.11219180211946833,0.5041742389254535,0.5068822955311297,0.03279193703402039,0.49668397751840615,0.5058021498668485
-OX----OX,0.4958200577526422,0.5099119953610177,0.5008918101336375,0.2585265346315442,0.6872340331225634,0.6872379594563112,0.5986604234965628,0.4912942846968944,0.5005222792520148
-O---XOX-,0.5886603831304822,0.5684806336423185,0.6374522043974628,0.663878815958145,0.07110499565082845,0.5579011127123941,0.43117246043020474,0.41878329493606037,0.6774347994172097
X--X---OO,0.49979127059071166,0.49794667865838527,0.6856619630025882,0.5098350668674225,0.7886965013595152,0.49746832204047575,0.6872379594563112,0.5080329590971037,0.49125871346112
-O---XXOO,-0.7943350663754303,0.5081823817360918,0.08595475202569591,0.86579261624169,0.6777940309164036,0.5032963069596744,0.5099282187225497,0.5033575805733,0.5049712081870462
OXXXO-OO-,0.49519243882352953,0.49328783690619127,0.5081742877574562,0.49261259502992377,0.4964300867145225,0.06007113566004002,0.4925276575003358,0.5050866165042069,0.3243776364920635
-OOX----X,0.03650395374425064,0.4602322261772115,0.5552861233337851,0.5993029527020184,0.0047365441814609666,0.5867673723104719,0.18427790984156606,0.6069777280816403,0.4296787349894435
O-X-X-O--,0.507511203742934,0.5674296141138246,0.5098097589891397,0.627102039476415,0.49048582288593967,0.05794457142180287,0.4963361929699906,0.17755207087356928,0.11015026253413152
X-O-XOO--,0.5048318207331396,0.5083594281591846,0.5077960586255617,0.7167338591856552,0.5090382403849353,0.5052595657065018,0.5000827232025037,0.7207258684462792,0.6872379862930068
-O--X--OX,0.4915290900506911,0.49994900084872657,0.6459152338897403,0.6869971176221392,0.49931392177152306,0.6872379183755211,0.6873687348831462,0.5098819826633559,0.49062357675877694
XOO---O-X,0.4900809656174665,0.5036909704810179,0.4911320382782624,0.14110325373807864,0.645939313396649,0.6915709185863743,0.49086832621871507,0.7144972041584531,0.5016249055191085
XXO-O-XOO,0.4911172663777433,0.5030941121701831,0.5050287017526935,0.6872379594563112,0.49616596306585664,0.5,0.5092022914686417,0.5082871822974607,0.5083345488000969
-X---O-O-,0.16787217681686034,0.5056407440495023,1.3743265083740432,0.11761637133048786,0.024792251056037884,0.5079275142967724,0.04970089463278238,0.4943903779704474,0.21274730629643512
-OXO---X-,0.07229698168700505,0.590006322009925,0.5908733197047722,0.4057077094762812,0.37470712820748625,0.6873411743650918,0.42222992890272626,0.4200755219682089,0.6872379579226757
OX-XO-OOX,0.5006414358653851,0.4938047772857204,-0.10443917885189125,0.49927369782073655,0.5049717888524028,0.30710130242670636,0.49976759222395645,0.5045148779729234,0.5089259981232408
O---O-OXX,0.4958782820242518,-0.33342689522865865,0.30355857842833567,0.21441799860155403,0.497970821557567,0.43832511968712595,0.5081398823848028,0.5003467094276915,0.5075477269284603
XX-OOXXOO,0.5077871685966617,0.4998201445709673,0.6872379594563112,0.497626298900811,0.49713150688559304,0.49238359815156013,0.5055441541010228,0.5083474222088836,0.49320254689021087
O---XXOXO,0.5001861874754034,0.6853786678984489,0.997715965063513,0.6872379594563112,0.5029586263361884,0.498355936827888,0.49706882787036627,0.500971520784403,0.4901245849221301
-O--X--O-,0.6154225507884454,0.5082438493120671,0.7061974932690214,0.6884845444359309,0.49870562189910983,0.14957354699874215,0.6937344058134809,0.5011591791562263,0.6871781966242833
X-OXX-O-O,0.5090049901243691,-0.009230944071302427,0.4964524169120747,0.4941942787259955,0.4958875018854888,0.687238730474557,0.49928512903068095,0.5023024116695315,0.49708380354244935
-O---XXO-,0.025153291263467437,0.4908212783707892,0.4960928886249227,0.2692825639346935,0.6872370469043038,0.49925524662056736,0.4924580380153191,0.4992087038913383,0.37215666864988695
XXOX-O-O-,0.500655035636421,0.49583870306054145,0.4948138258119574,0.49511744509728584,0.5191157829350381,0.4936737603841519,0.6852136678904769,0.49684413120552234,0.6873305113574016
O-XO-OX--,0.506895905151642,0.6460975448527896,0.49944697892494444,0.49000009482244866,0.687238126830018,0.5072326200460452,0.49270562597660983,0.053301319617804266,0.6779542703281268
O-OXX-O--,0.5756943716952978,0.35688000424695354,0.5477661741087986,0.46735287485147564,0.4083830444103548,0.6872371662053961,0.5709835858168159,1.058333159711947,0.6513184757120756
O-X-X-O-O,0.5272583021626104,0.016681266562181385,0.547382514956531,0.38425190200124304,0.5940874602265062,0.13287150857250296,0.46538292884357213,0.6838860283429716,0.5749485878150901
X-XO-X-OO,0.5060659194833415,0.6868182799743962,0.4924516601223311,0.4959971006367606,0.14054865169762215,0.500353661329832,0.687237968582781,0.5080535813299223,0.5024290236006744
XXO-O-XO-,0.4929453206834469,0.5072177799368324,0.5012443616586413,0.6872379594563127,0.501817298575979,0.49553189762738686,0.5067506849673088,0.4961217695112394,0.6563468893953452
-X-OO---X,0.7412369342908889,0.5085454853220164,0.688936629591972,0.4942049863475517,0.5000430668227352,0.49622499248864405,1.240086224922757,0.24365225202922547,0.4938862838607514
-OOXO-XXO,0.6873637149881643,0.15933932187454802,0.11258941811749124,0.4055334209279,0.2905318649895037,0.23411647237194017,0.4694107237516725,0.09190307682364818,0.38617007046991036
-OXO---XO,0.6399940931145356,0.4937372133587578,0.4980479078085381,0.49701855320127314,1.210146081431459,0.1946363696007477,0.49590943882833927,0.5043342620516938,0.5055066943868405
-O-OX-OXX,0.687237957521054,0.49328704115991756,0.5399640642103206,0.4964552612956402,0.5070349822950526,0.6455888470648141,0.5089253216108602,0.5007810473097002,0.49131973842036086
OX-XO--O-,0.4993279465002979,0.4947791330510715,0.22761357086025896,0.5068240016555443,0.49110567876780203,0.6984797910290008,0.2099720548342507,0.5052996509105706,0.11586286578127147
OXXXO-OOX,0.5017592516162274,0.4931110969637183,0.4979478784467227,0.4924765780059004,0.49811709370846713,0.6872379594563112,0.49637523962852,0.49096684427876386,0.503957463242111
OXXO-OXXO,0.5031462088982396,0.4956730519850726,0.49641784162423025,0.4957802323827719,0.6872379950773789,0.5067896398657911,0.5070805348017109,0.4919632017146845,0.4902661030394738
-X-O-OOXX,0.21772490116207494,0.6308685024959787,0.17641185996396236,0.8305818898018872,0.7296445866214116,0.054073968342750134,0.5478117054958668,0.2649506922975461,0.644389608163893
X-XOX-OO-,0.4956187891173222,0.6872422352678528,0.4911381973565584,0.5078349120632538,0.5046560905353009,0.5366755205328583,0.5071190851278052,0.4936867590992984,0.6868306480209534
OXO-O-X--,0.7452756399676225,0.07692188961885338,0.9668051693046458,0.88398041623256,0.7218047738539718,0.010315108378071869,0.05341799993452612,0.0711681428640264,0.6460291394141892
XXOX-OOO-,0.5081958728097128,0.49793523255022426,0.4983156728537012,0.5061881852552182,0.49960985121471835,0.49506822767655206,0.49892934808662737,0.5072564587783416,0.958929220343151
---OOXXXO,0.23026575293151186,1.0960352647769502,0.4671960263282155,0.4811529516692882,0.5986818064985803,0.5366565233578382,0.5189195511693998,0.4346009392226267,0.5919578466921512
O--OXXXOO,0.490152729225374,0.11684219877614066,0.6872379595331297,0.4999758780377849,0.5070932105532998,0.5039544385877462,0.5030250912652143,0.4995056596504399,0.5066449165627781
XXOOO-XXO,0.5073532818476277,0.49916103851648636,0.4987204916077007,0.5055515606802666,0.49318410775326976,0.5292109951742113,0.49969374445582054,0.5030032773456907,0.49652712762380496
O----XX-O,0.49383224157062366,0.5088348922468656,0.2271345547971646,0.8347051111191621,0.6889365515137209,0.5067050938554312,0.497099837048581,-0.1489616754465377,0.5089691327724235
OX-O-X-OX,0.5081009224870129,0.4945678032691547,0.49401873155486153,0.4921712887694259,1.3542473191995383,0.4940423213293734,0.909505665838061,0.49125447869611255,0.49396428644585905
-O-OX--XO,0.11804565492347668,0.504312333080491,0.6969782247371186,0.4985979627467963,0.49309718360417637,6.155852820789454E-4,0.03708223441153463,0.4988759288707892,0.495970117341256
OX--XOXO-,0.4914379429364116,0.5069869735827607,0.6872379594383959,0.6844453042350541,0.4956647116342277,0.5075885796612155,0.4985603544925902,0.5045061612877376,0.5985986056165176
-OXO--XO-,0.401769780850129,0.5698275479031261,0.4610515735903859,0.48981010509499484,0.686973452712746,0.5374595740129909,0.5225975027318025,0.4008820271641729,0.6277302708904684
--XOO--OX,0.5158877635687957,0.5996508488202494,0.5050842486562545,0.4923032933252137,0.504484327084765,0.6872380823118296,0.5378766215011275,0.49262743985433416,0.5040464875901016
-X-O-OOX-,0.45395937291033817,0.5074703866820812,0.18807304475961117,0.5092862393164632,0.6872379652226233,0.4960500497276163,0.5032152365692386,0.4972538447885212,0.07806222964011578
--OOOXX-X,0.6633522198264571,-0.10297024153471535,0.4359575782666016,0.5977876346891862,0.5419884497669939,0.59538350324489,0.42715155393387705,0.6872379594562764,0.5058550293084333
-OX-XXOO-,0.5384299909205812,0.5693792731227,0.5798567439420224,0.686664748172163,0.4985033725802407,0.4200437665569663,0.4122232727412961,0.42254892705443936,0.6872319215058661
-OOX-----,0.1281677386208223,0.5043206336876754,0.5045000560550428,0.5048217558880276,0.6803664890095866,0.18999708980822,0.01734911055962851,0.2561904709754945,0.12335425616827733
XOXOXO-XO,0.5019004409838184,0.5044736004635314,0.504085613728849,0.5016689595153815,0.4911194349467669,0.4972798259422454,0.6872379594563112,0.49042536718366486,0.5057476889237198
O--OXXXO-,0.48913172477434463,0.13155681327056912,0.6872250411422279,0.45162354703938273,0.4432303219505914,0.44975102932956523,0.4818483371474338,0.4202640618868585,0.5115669240983081
XXOX-OOOX,0.5004449302592008,0.5043532690791221,0.49510182448022844,0.49596932177908754,0.6872379594570739,0.5085134487397558,0.5087985474806427,0.5070357820637542,0.4978598195016802
-OO--X--X,0.7082442769687273,0.5079284307504692,0.49134718507534825,0.33352254016939886,0.0074511236983854645,0.503793894423106,0.3663391036994852,0.08169617155658754,0.4913873574746468
-O-OX--X-,0.6408948690350922,0.5007559236689606,0.5960487119027869,0.5043992861499248,0.500007844600611,0.2572016244795058,1.1877764078936552,0.4943409670104245,0.004117197129679062
OX-XO--OX,0.509528496697398,0.49432958052147297,0.5003826526498468,0.49723882466891073,0.49020150131896517,-0.9124023843450364,0.2551228504212585,0.5062409713392771,0.5009316426766806
XX-OX-O-O,0.4336326691555451,0.5368490859869334,0.675471044940912,0.595572000121045,0.45534856157636505,1.0220741530486823,0.5617190733591074,0.6872379598779543,0.4112737768884201
-X---OOOX,0.6880128711423594,0.42920036862183697,0.35426623565880255,0.378918795991008,0.1356133066951467,0.5020658895799202,0.484101579591386,0.5404639384201474,0.4637285849358959
OX--XOXOO,0.4924383976046827,0.498972817297598,0.6872379594563452,0.24342003054823824,0.5010675469211614,0.5005248503227131,0.499954149407867,0.4999586321413091,0.5056311934245714
-OXXXOOXO,1.0510109305112931,0.4998963142323654,0.5015784021192986,0.49064533762314655,0.4909772033487997,0.5058058903182647,0.4972283789926813,0.4976940078085923,0.4955244535129709
-O---X-XO,0.11788124694758462,0.4995516474899934,0.14849472563045968,0.686320777961666,0.6925999642278118,0.4924115506438729,0.03246878944828169,0.49206358761711466,0.4953984766572815
OXOX-OX--,0.506332398251895,0.5061325814630449,0.5088359685774272,0.5061571017141109,0.5016301833414377,0.49463491347768235,0.5034292539387399,0.5049126523669001,0.6759794227911481
-OOXXOO-X,0.6872379597821971,0.4921233413068464,0.5027613445949499,0.5021110746770038,0.4920059231862602,0.49845302538332353,0.5001091758289372,0.2712604016915303,0.49383370853584085
XOO-XX--O,0.5058026066169715,0.5099278802018847,0.5013046352322063,0.6872379594561147,0.4904740410220108,0.5062157727004772,0.6897214243338069,0.07399750245029063,0.4986782031748416
X-XXO--OO,0.5061975776073336,0.6876685844060231,0.4944668905300654,0.4959686650994547,0.4954493197994145,0.5060288594684751,0.6868252315599592,0.49267476707568664,0.5034929331594288
OXX-OOOXX,0.4984554018044304,0.5089042583403074,0.4965548150286763,0.2996367895752915,0.496845962955005,0.505952491975558,0.5017852945268055,0.5090786699209461,0.5015173067090003
OXX--O-OX,0.7175345977736723,0.4978973591020237,0.3761872867425575,0.1251986521018219,0.6513501383002744,0.981846540286922,0.050154011402747,0.8314556224723522,0.005963061808493375
O-O---XX-,0.4916330907818138,0.36113176715684114,0.5026541209921012,0.6882085321401651,0.6618080951014087,0.6446081840630586,0.49173616838994944,0.4968713191223207,0.6872379594563112
O--X-OOX-,0.5072421307348657,0.6759051970729582,0.42675289691438767,0.49681727759426175,0.4234441050430665,0.5048983104050355,0.4111542998782227,0.5197796131472024,0.4917492855455261
-O-XOXX-O,0.6305672399208743,0.5582571253264874,0.025589868020476914,0.4173796835929767,0.575558510074687,0.4854092893114058,0.4158621415237382,0.747786479400263,0.555571206111016
XO-XO-O-X,0.5063439015118378,0.5084834190993859,0.39822447340680966,0.5052722572207655,0.4900653125162656,0.3725670499842284,0.4939477839211925,0.20543431981672594,0.5045053715195471
-XOOX-XOO,0.4927592670964757,0.5068792010057305,0.49066772000190384,0.4904699637641555,0.4970861203215633,-0.11831839387895904,0.5038979392493836,0.49605428381415645,0.4997009073664269
XXOXOO-OX,0.5003849203080288,0.49280433161029735,0.49979887047914434,0.49450843828850954,0.5035937581546708,0.495584705384147,0.687237959456318,0.5010594080165042,0.49984952545401573
-O-XXOOOX,0.685307295790343,0.5067011293700671,0.01478645288195779,0.4985672034022418,0.49871289955317033,0.502446322402605,0.5066608777900966,0.5038356787794509,0.4937643964285667
X-X-OXOO-,0.492022870752717,0.6872371167247524,0.4959297480914234,0.3973253388292555,0.49575779100736234,0.5009199339139154,0.497016424023791,0.4904134380725005,0.6872379611170728
-XOX--XOO,0.6749510367511652,0.5770210191103181,0.556632166982915,0.562900568394247,0.4532980471020322,0.6855664826724073,0.4275902968030411,0.5024110408158636,0.4352145298642446
-X-OXXO-O,0.42282888308538513,0.49933804334975407,0.49512298554167194,0.49899151818079046,0.5002390604204585,0.5065234748072452,0.495339303315135,0.6872377633490232,0.5047587444342873
--X-OOXXO,0.49537842945599203,0.16373774767865612,0.8181396836220208,0.6797724277576064,0.15845683162573976,0.7034118181809654,0.24462348743208462,0.3624623068376357,0.7207647937172125
-O--X-XOO,0.660101403377599,0.490117854765668,0.687233654592518,0.6872379610685343,0.5022954662790486,0.6465961239788021,0.49793457264392305,0.49503912548633106,0.5036191363942599
---O-O--X,0.22504450860679504,0.7510668224506625,0.6290145548469039,0.5064039330531445,0.032204537516621556,0.5032688342094361,7.658397394776362E-4,0.7429939239466208,0.5099453209167432
X--XOOOX-,0.507872535863622,0.3990006000706117,0.5829723410130674,0.5030124496205621,0.49474052340583896,0.49742436749153734,0.506227845289984,0.49408786451506675,0.4837997242714799
XXO-O--O-,0.5717297716117873,0.5206613715958796,0.48730575649786484,0.7557884736739771,0.579189295366578,0.9122962026123311,0.5,0.4965200359901638,0.26442241953818835
--OOXOXOX,0.687237957640139,1.5553095296640578,0.4944322230253624,0.49471021443249363,0.49335547875839836,0.49369936434009526,0.5075293680097662,0.5043698733706667,0.4976387538464961
O--OXX-XO,0.5266892563427873,0.6357706031538003,0.6593606603340141,0.45469441263931915,0.5284250043027153,0.4689483733282414,0.68716070780659,0.5073187314807013,0.5259198712833256
XXOXOO-O-,0.4840637851126568,0.5424990871735987,0.4146972794097906,0.4509381420212791,0.48717802150973727,0.45204610195492567,0.6872379240140314,0.5474987312925879,0.10755578743305294
-XOOX-XO-,0.5965471081098258,0.49867413639651165,0.4985094037431319,0.49472936188588335,0.5005088651476958,0.018324487603543882,0.5085137964651262,0.5015755444116835,0.6890481153720033
OO-X--O-X,0.5060240062312759,0.49745055088796514,0.6871682336688548,0.5008523274888917,0.46769174540290165,0.6461633080272268,0.5007940518649697,0.5064496892020857,0.5060399643038179
O-O---XXO,0.4954568591190192,0.0484214399641546,0.4953447095574979,1.356961067756131,0.24055930390235902,0.5049086942831752,0.5077423396713843,0.49330441035015005,0.49567888893318457
XOO-----X,0.595533312958719,0.5359872103871067,0.48566026407609414,0.6868785765925925,0.682622504522153,0.7155867117959337,0.47143229030480666,0.730419681115474,0.5329819566985954
O--O--XOX,0.819158536495621,0.01223250794473607,0.4112761303502683,0.11603241453269098,0.49173408486678716,0.2229853930871155,0.021355821607818792,0.7543102079888614,0.5659611107120652
XO--O-OXX,0.49323310382261254,0.5015568489869401,0.13087838190847212,0.025593743791037515,0.5078761720777599,-0.3615814359918955,0.5085984358350862,0.509832122554841,0.5097104526103418
OO-O-X--X,0.6968835565163138,0.04840786144263187,0.18316187998953304,0.5294208244629828,0.5063734467667572,0.7854723590720228,0.902083348344906,-0.8844089817830394,0.6234873311002331
OXX-OOOX-,0.42035670909174355,0.4956170221686289,0.4391317440389395,-0.2483085963855205,0.47031032438437365,0.5964394541520771,0.5448947941650036,0.44576761412287097,0.736298256230008
X-OOO-X-X,0.4930689662990222,0.2419974336697549,0.5084517406041491,0.4930364920907853,0.5096107090512997,-0.3904358442015735,0.4986557569471623,0.6872379594563112,0.5002655503610314
----X-O--,0.2572093755330414,0.11324857677766131,0.026926908002435468,0.6868084353802189,0.5095194268549447,0.16714285149292352,0.5018703253954052,0.6894592705017615,0.7120978099214447
OXXO-O-X-,0.4225906181251619,0.4931375599922674,0.5040920771529821,0.4289201496783297,0.6794728163555717,0.41207040396716466,0.19154470649394184,0.48147202960253177,0.44929365175937697
-X--OOX-O,0.4667622669546421,0.4920014646333681,0.011455827079664749,0.09952758548974949,0.5067202560206946,0.4919519196417014,0.502942597883331,1.3362409949703853,0.4932143673365212
X-OOO-X--,0.501871546096168,0.5,0.4943530008002289,0.5030692296316724,0.5049189944215403,0.288932838948569,0.4988140248634626,0.2432220946737857,0.5480072043046808
-XO-OXXOO,0.5006327692471562,0.5089947626303069,0.5062343967842036,0.21286838249971252,0.4950022428184151,0.49248443343595316,0.5019941959620882,0.5015646658159901,0.4937979343260885
-O-XXO-O-,0.4078087065630135,0.16426270944702526,0.11355421715850755,0.4224974790679914,0.3986624732670536,0.8748528687910011,0.5543566723997405,0.2505225771603462,0.056825690416311025
---OX---O,0.5697591746588466,0.029953421011551407,0.05323905432717779,0.509716570768093,0.5011292854470759,0.13834227421219047,0.7082025069852635,0.2409450451291245,0.5097229519527692
O-XO-OX-X,0.5024391125508819,0.22063877075692584,0.5062293520103264,0.4956371129302129,0.6784696677552725,0.5056000785035151,0.49057867110243714,0.6872377709797002,0.49357709888692036
--O--OX--,0.07067917147621927,0.13334736197877317,0.5018983135938746,0.3125249023011743,0.6860706855922406,0.4934156148228064,0.4944887086645346,0.3143794462997734,0.2778705086687575
XOOX-O--X,0.4935054865124381,0.5007290324262174,0.5008771927304148,0.5068242959741509,0.6786743116989505,0.5051561015087057,0.5048064758570951,0.6872388785068312,0.4948193179357774
XXOOO--X-,0.500566970653425,0.4986461639806758,0.49096117014300894,0.5002174160699066,0.503818008765072,0.47825686936738504,0.3856882996408699,0.4973429085075865,0.3103945555515226
--O-OOX-X,0.4358477381014136,0.5471699535438534,0.47507189174736203,0.6775703988049433,0.582826032532372,0.41678658916022876,0.43941791079009024,0.4903754465168489,0.4908530673099439
OXXO-O-XO,0.5068629093501398,0.4921083051267617,0.4991297205915745,0.5038804108880656,0.6868142036587395,0.4979075113169404,-0.3826653664226892,0.5042816553828342,0.507110604549655
XO-X-O-OX,0.5903427616835467,0.5589557363984708,0.4619889665954061,0.43582989029809815,0.6454843933233979,0.5243321731897609,0.687234491781153,0.41669049558319327,0.5387023706814135
O---XX-OO,0.49289619427123355,0.47214733287553945,0.012085367706961003,0.6872338514159035,0.5061274811840316,0.5025310637735381,0.6872379593705258,0.49399018753661583,0.5073991010081512
XO-XO----,0.4940165869162333,0.5041043759737137,0.04110664740547487,0.49631532171879433,0.49886168261387104,0.13229841579917867,0.6872379593677982,0.5712256091018945,0.1327239996670695
XO--O--XO,0.4911547171406333,0.49663543717729763,0.11589997684918901,0.06473190969064063,0.5085393531068466,1.2836220922551336,0.6245412443440109,0.5085109874118168,0.5047790804046598
-OOXXO---,0.5646155102002439,0.497435919422807,0.5097656578993055,0.5073163606892934,0.4959273441615371,0.5092121683018566,0.49046929024711816,1.3556700682925766,0.7920860147454244
--OOXO-XX,0.6782725731469684,0.6872379594563112,0.5008321785400303,0.5021087608354986,0.5036446822744995,0.499549241785755,0.4976600565229731,0.5092620914579871,0.4996195959270175
-X--OOX--,0.052217793435292426,0.5012066680742727,0.40979317847343405,0.020321493835348037,0.49179650756533394,0.4930529147888355,0.4957909400665191,0.18308954042695036,0.6727323134910388
OXXXO--O-,0.46000135338798503,0.41472595219553127,0.5942240778142299,0.41378454905616197,0.41578963160145116,0.8120819942823506,0.481073180312335,0.5715833814329403,0.4316305957951723
XXO-O--OX,0.5055083034714242,0.5073657870689082,0.5020131414733673,0.1422311290669359,0.49591918571109767,0.16355532771474446,0.47250727238419604,0.5042311643588495,0.49757684051461004
-OOO-XX--,0.49706277035090396,0.4107118841026054,0.49713238366195656,0.40397640553354885,0.1428096281169149,0.5086128020145624,0.5486427263773712,0.4909743832284742,0.014140374157172952
OXXO-OXO-,0.4939971714521754,0.497281006239231,0.5023390323053423,0.507350487048639,0.6872379665101157,0.49963178811435244,0.4926261140465116,0.5076124446513324,0.021845313487082962
-O-OX-XXO,0.062018562244746556,0.4977707198783949,0.687237959456115,0.4911739842932056,0.49404755876373807,0.27100687211763574,0.4975736448159676,0.5081732514628273,0.5033968598636758
XOO------,0.4908526624293859,0.4945458485893629,0.4964164459912432,0.6196068128351157,0.7575500477908221,0.03586485535223677,0.0987778974879775,0.6678857184902695,0.1259742907788335
--XOO-XOX,0.08590809066789196,0.6574632416707954,0.527488151618253,0.561152999875354,0.42460166654873827,0.6872379594563099,0.4473149211926774,0.5930312740679629,0.45601746266206244
-----OXXO,1.0398720720529933,0.29715650109046726,0.6631901729959152,0.646017003481037,0.3764825406580112,0.49032015642467996,0.5042207958885565,0.4970097896623999,0.5099703864066023
---X-X-OO,0.52497918747894,0.46526869546544714,0.5292066096735736,0.46179331794985085,0.4236352941955486,0.45902526851610986,0.6871640531986376,0.4539486316785616,0.4093301949426914
-XOOOXXXO,-0.3255591694676504,0.5039707028991038,0.49031346780111873,0.5068744850809874,0.4969878750523122,0.4967984431235295,0.4920714456649084,0.5066518120841381,0.5090312803890611
X--XOOOXO,0.49913534433791923,-1.0841408452773067,0.5447051342020419,0.5021931042664145,0.49192618421913986,0.5035750123253955,0.49345525576049887,0.5073495876939705,0.4980501309475703
O---XX-O-,0.5002707293050401,0.4825616070255187,0.3809488425231473,0.6872379594563112,0.5062319524953557,0.5010064643146628,0.19364085973228462,0.498967901629631,0.6872379558486705
OXX-X--OO,0.4963216964903151,0.5030874866549994,0.5091124968828775,0.17153622911713207,0.5089988285503414,0.5175739454209995,0.687237968582781,0.5071509778605908,0.4968028089347861
XO-XO---O,0.5050565007288847,0.4921466197982639,0.4419267298901556,0.49538566194811995,0.49102303343610937,0.5081911426589166,0.6872379501522781,0.011664563216367219,0.5040688144386092
XO--O--X-,0.4989784939471741,0.4965831470693051,0.04974850270940845,0.14521406672547832,0.5048960535487503,-0.4472220198785565,0.5401153626262408,0.5075941411720392,0.06384532760333639
XOO-XXO--,0.4996564855940628,0.49508877702098886,0.5067310810883062,0.6872578523973438,0.49538150841554424,0.49393434477685866,0.5041301755809631,0.6872379509817288,0.4927614872258886
X-XXO-OO-,0.5094907295392389,0.7310585786300049,0.4943972373738297,0.49930018041587176,0.5017023926768509,1.0694512493864394,0.490412448339381,0.5045123682925943,0.5275065460392078
OXXO-OXOX,0.500935833124095,0.49627302620904656,0.49252519539878237,0.49296563741015753,0.6872379594563112,0.49832848585277995,0.49569213019821706,0.49311124319717475,0.5007374558784592
XO-X-OOXO,0.49447248090325,0.4993339512320509,0.2674925732634904,0.49062452549705915,0.513084023323976,0.4976077773681642,0.505095796198044,0.49342200386230306,0.4905716989944128
XO-O--XXO,0.49075075245363803,0.5096894644011672,0.3014631903579301,0.49228884391952454,-0.29552408705774247,1.8962750190426918,0.4967755173979655,0.4922068560497616,0.4912631563323182
OX-OOX-OX,0.22814813695333092,0.6807294470683126,0.68716070780659,0.020571127463134053,0.1922192988282797,0.5660604668519411,0.3081406080249078,0.06638371319555914,0.7896481299244449
XXOOO-XO-,0.4914411411427602,0.5003865420442242,0.5096407889667115,0.4987001761935671,0.4999579675342914,0.5551352140462916,0.5099308069194539,0.5014120093859102,0.03796326829366803
OX-O-XXO-,0.5059464518735909,0.5842663299958166,0.6855664826724073,0.5499637946048993,0.685287454048808,0.460781675720404,0.5612769709403731,0.4573132750769736,0.4646945284572972
--O--OX-X,0.6754983338684714,0.6830210792993205,0.4924525517730811,1.3406435951298077,0.6329558048866708,0.505993464240798,0.502830536499044,0.6872379594563112,0.5078233249817947
--XXOOOOX,0.9105715991120651,0.5284149524123357,0.4220065866973718,0.467534904966291,0.4130598440982547,0.5369317520703392,0.4962406669123805,0.5724232667831204,0.5628544026236835
-OO--XX-O,0.09334126112906427,0.6627073467062137,0.36356904553915126,0.6575679222152674,0.06955560788068749,0.2852828771942838,0.722273974458556,0.10548205567411584,0.2253924771020721
---OX-O-X,0.6872379594563112,0.5390971117008914,0.14586575280901826,0.5091329680678547,0.49719016535947763,0.593202785742483,0.49054900963491344,0.6785964160884995,0.5026715608375015
-OOO-XX-X,0.6871913074140826,0.4116802735344423,0.44851671402876797,0.5650397691297331,0.52497918747894,0.4448504635974404,0.48919467035804365,0.6765108861457029,0.5149989259805734
OO--XOX-X,0.5676334047224408,0.4742085947001506,0.6872379594061258,0.7318356343327674,0.49462792139977213,0.5711853031783142,0.40503502472632075,0.6868785765925925,0.5695682293633307
-OXO---OX,0.52497918747894,0.5772322865408365,0.41699769179613344,0.4111439836925559,0.6872141858823647,0.6872320506152831,0.7463997986568492,0.45268484425986666,0.598326749539142
--XOO-XO-,0.09011479199544692,2.087310255190909,0.4960746252161596,0.5016684679032286,0.49329864361907466,0.2282598642835914,0.506680536078225,0.5040107036084134,0.7631483216223529
XO--XO-O-,0.5068058748529255,0.5023612195866819,0.6461259030858729,0.6391364999785404,0.4948638365303156,0.49572459041962985,0.5095358571716662,0.5015825885206544,0.687238730474557
O--X-O-OX,0.5074040942834878,0.05523947012488872,0.4749527188212848,0.497646177237247,0.5046877395725107,0.49517727771281106,0.5022107836242594,0.49088389346455436,0.5041601505640073
X--XOO-XO,0.4946578964578539,0.4725783650796586,0.6855664826724073,0.5216315956140438,0.4466783665458854,0.4994715012463675,0.6811242183538282,0.4591399024672462,0.5997656370344298
XOOO--X-X,0.49047238007290045,0.5062062442089892,0.4900424136185051,0.5053331238494186,0.4998835909270539,0.6469666316494138,0.5024797639854698,0.6872379594563112,0.4955775371463701
-XO-OXXO-,1.4713482870190964,0.499477950745754,0.5028139246731065,0.4438825924141126,0.5005409047023591,0.4986920611112432,0.5016059225224646,0.5066261752729057,0.471717747546856
OOXXO-O-X,0.4980456703143694,0.4994629811263169,0.49306670767339716,0.49257450898169336,0.5080156861646569,0.6872379595330383,0.5088193606335857,0.19504794644728807,0.49091779162486626
---OX----,0.6867870589094781,0.7702026564608337,0.7719662130893761,0.4902800310911399,0.5098416722721021,0.1786411136172461,0.6905949002165792,0.05299028491772506,1.191729738758103
XOO-XXO-O,0.49359696199496905,0.5076468604011335,0.5087430722177263,0.6872379594570067,0.5093819006907835,0.5012608503724152,0.49874931372104364,0.017126841742345522,0.5050883827882133
O--O---X-,0.49825624590224116,0.15282537065657975,0.8693716932900033,0.5024919083361385,1.003077575271373,0.030099251491619794,0.10785321284324767,0.5070146926334315,0.15158615669529163
O--XX-OO-,0.49068163309877777,0.22529696213320205,1.0737456169902029,0.5093905388655736,0.5083224866569241,0.6872379594563112,0.49890624590911364,0.49508898625640413,0.9398004864436239
O---XXOOX,0.5037081164667192,0.8323683309641758,0.6872379594563112,0.6868235249027921,0.4934244198882029,0.49510284446259617,0.4925561593273023,0.49089854770831765,0.4907547479480622
-O-XXO-OX,0.6855664826724073,0.4972314937828939,0.6866801025577438,0.556509212635173,0.44140089429018686,0.5343781240925218,0.6414492077225146,0.42947427807223976,0.431933681694213
XXOOO--XO,0.4981187028827434,0.8947051359303243,0.1658245565567491,0.53008189196119,0.39224003852328904,0.4949697849827565,-0.06050543261536101,0.2701268108793242,0.40141739050336
-OO--XX--,0.11660756379356985,0.49331856465028184,0.5056599279663121,0.7009491032266613,0.0930996634074337,0.5065850166835488,0.5022522555234599,1.1741129433898032,0.1521754864690299
XOOX-O---,0.877674099428045,0.3015089051412646,0.9714877838528458,0.8560285317682258,0.25537928890979145,0.45442545844629756,0.7371131468045147,0.7000279198451614,0.52497918747894
OXX--OOX-,0.49003172682885815,0.5014015550725326,0.5091960379135406,0.10679742562753447,0.6852565707509746,0.4983741854090397,0.49695383899568407,0.5065925963688569,0.4902756926866798
O-X-OO--X,0.5086597684180576,0.111976314711007,0.49175275043233485,0.16998644187054135,0.509527646894128,0.508045717089902,1.43209488211868,0.6240859264409749,0.5065103554634225
OX-O-X-XO,0.5743665284241098,0.3428282732627609,0.004452443626098923,0.6971589281676074,0.687485531840144,0.4726919709663894,0.7569578610335583,0.4115534539403475,0.695507655501871
XOX-OOX-O,0.9619917088996632,0.7299069950492676,0.8333098279418103,0.6872379593806616,0.19602149074154973,0.9283056590957687,0.21018570526273006,0.38514958387470727,0.24908388717878882
O--O---XX,0.494132511616949,0.1152908828850453,0.6860850024027243,0.492914381934078,0.7293482400637806,0.42862263294008884,0.6872379575241118,0.49436830037219154,0.5037472870688049
---OX-O--,0.6876142484884162,0.49468536507049005,0.44247616665358613,0.5021583980560014,0.4920851020992926,0.1116740779901777,0.5021961131644165,0.997556728808151,0.2952028730754171
OOXO-XX-O,0.49753686696374977,0.4924337557305911,0.5059293016189353,0.502036407761181,0.6872379179120681,0.49214125399095293,0.5008391420339875,0.4901978643702081,0.5076791306779467
OXX-OO-OX,0.496684008308648,0.502663743627907,0.49755222366016216,0.4739196568669739,0.49434624602301175,0.5000247595402626,1.2473608900580468,0.4992881696472967,0.5071777361345986
-O--X-XO-,0.6872381251804497,0.5086559635952486,0.6872379171907673,0.8902927813615513,0.499093062206169,0.6839572027928595,0.4932869430149227,0.5014438033708157,0.31164915045004193
O-O-O-XX-,0.5631284656632137,0.7515331270223815,0.47252445199449883,0.43570518596561386,0.5933013717372223,0.6012024576936283,0.46159291270280584,0.5897111454551898,0.6872379589010688
-O-O-OXX-,0.02596419925669452,0.4324765715873848,0.08386015227450622,0.5352276907933249,0.9984598691027436,0.5113603200530232,0.5363698854648915,0.5352652083403335,0.6872377873607118
XOOO--X--,0.4736244942654711,0.5034860544327306,0.4699738558106402,0.48560138141572873,0.4926008538238362,0.5031391991398344,0.5036928665448173,0.503328405698684,0.7120407981392772
--XOO--XO,0.27514316439614167,0.07469719300768507,0.5024205685821108,0.4908081594147237,0.5058010782541992,-0.26571131817257587,0.4388844607984904,0.49202193688581913,0.5036985816405332
--OXO-X--,0.6872379594563108,0.10221497545779057,0.4036405841341053,0.5551807038668983,0.42829975353848126,0.3790890353269669,0.5674852233988908,0.6463150337262638,0.622863424368438
XXOOO-XOX,0.5022019068302569,0.49523545133793756,0.49961805499254913,0.49611047712253753,0.503220956211505,0.7333950098958029,0.5003786908556833,0.49592336661419334,0.5010428215858902
OXX--OOXO,0.4980346715231016,0.5028844676212133,0.49914824596461277,0.44427942224720796,0.6872415465586711,0.5072302272181457,0.491279495752207,0.5037322673313686,0.49874045959365904
O---XXOO-,0.4946563877814511,0.2709545243498972,0.43954236912797773,0.687238112135936,0.49367493663330164,0.4963734438586234,0.5058755675209411,0.5084689501816516,0.7783641350058936
XO-OOXX--,0.5337902287456295,0.4147577776309955,0.0821141798863465,0.4525018405451678,0.4882980091232766,0.46931944073334186,0.4152249184068568,1.8712793102914316,0.4319628564487643
XO--O-OX-,0.49333972951203386,0.5085258165516989,-0.08835985818613068,0.5918085830582823,0.49125149738099166,0.6900960427776669,0.49394700735806557,0.49783944476420866,0.43521232798132325
XOOX-OO-X,0.1415322925339485,0.9336921723326222,0.2685482990997462,0.3837248523052662,0.6872325493617981,0.2488060228172262,0.5209216216959696,0.3104824786878083,0.32119483780786806
XOX-OOX--,0.49227136205073335,0.495274762322338,0.5085354209481708,0.687505643942105,0.504697293596423,0.5030372274244159,0.5030623418320869,0.49286797587586145,0.8061033704701532
XO-X-OOX-,0.5863625225580669,0.44695742521073967,0.8180971313182719,0.44292900843545047,0.33266969789518724,0.557363954396342,0.498758448472292,0.4809335869276606,0.37919122086962365
-XOXO--XO,0.9185170123456511,0.492645932665261,0.4951726346455358,0.5030307656115842,0.5078972422332654,0.1877876418162127,0.19593761476033533,0.5054234218214958,0.5025878419517446
--O-X-X-O,0.025193396010374514,0.2805545042692724,0.49982971571381063,0.1460478968082543,0.5053125134879586,0.6445493291691365,0.4954991198072957,0.2966497360338505,0.5083308498314079
OOXO-XX--,0.5096671427464808,0.49726908773417616,0.5028617477697669,0.49500221813268774,0.6470551569456627,0.5026439956543266,0.4995150238822728,0.6872379179925089,0.687237959457211
O-OX-OXX-,0.5064199229617452,0.017164942575744357,0.5027350984776591,0.4940975868453476,0.643221532793924,0.49593496211871396,0.4986730733503,0.4901957638704928,0.6872422352678528
--OXO-X-O,0.6872381217633263,0.8253152411781717,0.49355677217580357,0.494322016545858,0.49987862241193015,1.2664434672522138,0.49353013335788465,0.5005723458289457,0.5064598933065317
-XO--OXOX,0.6855664826724073,0.5667756581183657,0.4573799473517698,0.5590601253734728,0.6734155052337532,0.5417755215549135,0.5642205881469937,0.5746212548879508,0.5690980742261075
XO-OXOOX-,0.49972186514338873,0.49224046534993443,0.34060109992512944,0.5090803028934167,0.5098859610986118,0.49336486453147127,0.49135776353163235,0.49021084374991875,0.6872379593732696
-OO-OX--X,0.2100369768462348,0.49141141639032804,0.5052991421371996,0.1945130230991431,0.5055074161795573,0.5068090497071565,0.540778568076752,0.5038064695308465,0.5010980998948014
--XOO--X-,0.5555263648600338,0.3172228509311147,0.495502248602228,0.5053711867288422,0.4981440357197498,0.9030411558883266,0.1911114723924936,0.4985937753775728,0.6736988693612936
XO-OOXX-O,0.5076303889327531,0.5023549398280367,0.17380871338720605,0.49964904365130997,0.5017657931026048,0.4963927811004549,0.49332042048486835,1.2989095509661748,0.49990840225517635
XO----XOO,0.49391526834735344,0.4943711413027707,0.4908089250649093,0.6872184108443599,0.6872379594522994,0.20625904449755061,0.5007225129246043,0.4941372547776508,0.4908847495771802
---X-XOO-,0.6467155418953566,0.5023968005872089,0.13837171272286708,0.4963452863226783,0.4966219171664571,0.49708610132408626,0.5054602156236194,0.5007118207570144,0.6872578523973438
-XO-OX-XO,0.25461500446890617,0.4985048264298282,0.5055197881451793,0.11230248671751064,0.5003489918292524,0.5084100612006718,1.3226382445102236,0.4961954224633645,0.4957110128918818
-O--X--XO,0.4527452081014586,0.4909207486821804,1.2786321403706218,0.6112035871274264,0.4926720030893664,0.404383592797874,0.7562442645680341,0.5075550295931924,0.4972493010844578
OO--XOX--,0.5039826895402758,0.5058218291256693,0.6868246407737606,0.7068607193804173,0.5043764202605109,0.4936434061153627,0.5084980307636866,0.49584609849406364,1.1933737561244575
XX-O-XO-O,0.49103010029258065,0.5008765572175884,0.6853007704520576,0.49801431934964957,0.7219485216884616,0.5037477559718333,0.49788630178546484,0.6868125326524794,0.502627235751128
OX-X--OO-,0.05124399667790602,0.349591781730228,0.18493813409220838,0.27852949990461484,0.9955381474737416,1.218243957040103,0.4117888021036844,0.5273934546397779,0.016259730831676866
XOX--X-OO,0.5005941491104059,0.5088864343841885,0.5094541765981171,0.45260755582693246,-0.088851565909696,0.5069344080848956,0.9125016995990638,0.499620838522368,0.49571308293198446
OXO-XO--X,0.50400931034007,0.49769786238403596,0.5024489977728841,0.41781345214801036,0.49633595389121776,0.49897997754875656,0.5008465275067823,0.6872379575061893,0.5065010073497274
OXO---OXX,0.5098455156907191,0.5001931648176406,0.5012091970439441,0.9866455007280901,0.6436035844925918,0.5057260428825299,0.506107079070304,0.5098356876125321,0.5022877688517228
X-X-OO---,0.49835114758025517,0.6479326873501138,0.5063896126620102,0.16199185993093734,0.4994069669167889,0.4961681656632838,0.6871455476647806,0.1951060722616728,1.0020152156017859
OOX--XOX-,0.4957623372072875,0.508029398486872,0.4942687895722725,0.6872379652244976,0.15642043596965122,0.49069370529740014,0.5034091239591532,0.4995814686222571,0.6872183566762515
O----XO-X,0.578104044909252,0.5022079469118932,0.6872379593673865,0.33196206165499087,0.17004736719434455,0.5769509788330328,0.4677129553939221,0.3893651156349197,0.583098130423132
O-XXO-OOX,0.4998390675983552,1.3263235845142938,0.5017716381703123,0.49121592895655547,0.49578952700960166,0.68723777594952,0.4957393115217943,0.5059017187796399,0.5095503235565317
XXOOOX--O,0.5397472172630499,0.5367570913534331,0.5057506066428755,0.5783656212439329,0.4888853902068242,0.5846248640046938,2.0205389634764073,1.0116264597607008,0.4377234856648631
--O--XOX-,0.5911711733072653,0.637341841111847,0.49633814118535746,0.09393272991089047,0.6872379590633967,0.5041682276080885,0.49610566029231323,0.4901452144089594,0.22609162549118267
-XOXXOOOX,0.6872379594563112,0.505230745605685,0.49309691864022004,0.5012568071500841,0.4968430472327857,0.5055483182693885,0.4969941910024412,0.5066154554544066,0.5018489389527325
-XO--OXO-,0.030147087341746814,0.4918155791406458,0.5073022724536348,1.5971718357373994,1.2913259213951571,0.5035138425129395,0.5093949092695191,0.4904081095734375,0.3546871647748585
XOX-X-O-O,0.4938578638729232,0.4989335880054331,0.5085407301427056,0.5224737365902195,0.4919828091087153,0.24984673271832147,0.5010674390544345,0.4981801621904052,0.5068641175167884
XO-OXOX--,0.5094016457345425,0.417989365421185,0.6807154297750667,0.5323073672510801,0.46664809475502866,0.5894860370478587,0.4849749804857565,0.6872379598779543,0.648120365101164
X-OOXXOO-,0.5296263148677767,0.3504789427505737,0.509839556861483,0.44371793675918153,0.5176110994741135,0.4674481744384274,0.43707197249047747,0.5534740299365184,0.6871452633968729
-XXXOOXOO,0.6872379594563459,0.5038552317431532,0.4998577696517671,0.4958129331239692,0.4944358767593644,0.49676695333645055,0.5095132134481176,0.5034409857791308,0.5065425168805971
XX-OOX--O,0.5095152357049504,0.49069140580423853,0.6852400425069739,0.4960561884014862,0.49122601505084956,0.503610380822892,0.028378209810409616,0.45491257471434854,0.504346120535093
-X---OXO-,0.6872392200037218,0.4769001548564524,0.6851998230586861,0.4561273827851872,0.13725045877906794,0.43549431340331646,0.4074891287228686,0.5885609167129845,0.08794254497557574
XOOXX-O-O,0.5079604751722059,0.49749476510330526,0.5000049399069337,0.5000254531484745,0.4984899374152336,0.6872379595328607,0.4922234066304602,0.5094894444176621,0.49352876663028944
XXO-XOO--,0.5701758944363307,0.5116743414522376,0.45916274773259613,0.6014571620934177,0.5668170620524186,0.5829885025046505,0.45151343308180053,0.52497918747894,0.6850765718924826
---OX--XO,-0.18306343753872356,0.6853339672645964,0.7858082361876146,0.4927882599413228,0.5003040013336478,0.33968023996424,0.09486401198163752,0.503623788260929,0.5009323881264808
-OOX--XOX,0.6872721380199163,0.5460153726119027,0.5303561566693085,0.6320460484383682,0.1786124065148722,0.16866853377215563,0.5982345370234486,0.4516936635134752,0.3628474831255901
--X---O--,0.6953968793898593,0.687237965265039,0.497179960342112,0.10458663028723014,0.010557571651468534,0.08141223845209922,0.5096350051612075,0.808531795796708,0.008298294504032855
-XOXXOOO-,-0.26469177813768263,0.4145506971421113,0.480651622918493,0.42188298440121264,0.4913283680583947,0.599819425229743,0.47349616081479634,0.4700375707943688,0.4999621962279051
X-X-OO--O,0.5598578755529635,0.687237958302627,0.45325829951990315,0.6597208684425868,0.43684623987576005,0.5516783359392541,0.6746162110959032,0.3972625417364207,0.5524648348341492
OXXO-O-OX,0.49227539244821816,0.5072759430989977,0.4903995615664918,0.5065404280496302,1.1340740574795811,0.49629842029697213,1.3996124402721746,0.5071512437667268,0.49493634206773984
-XX-O-OO-,0.6785137307270911,0.4990360438276459,0.4900624114236362,0.49030756678425313,0.49218148268001,0.2101647005406363,0.4950945685833798,0.5021847752584915,0.6872379594563454
O--X-OXOX,0.4675875790842567,0.6846898567331774,0.6745342789530541,0.453573345229516,0.43930483437285517,0.45241100336934975,0.44246236725130106,0.5266232148397088,0.5671745098508865
-XXO--XOO,0.687237959475791,0.5089173640798964,0.4989655221620656,0.5055997098973505,0.4968809969996135,0.6454535965553211,0.4990744052126073,0.5004842232688992,0.4994984685093166
-OXX-OO-X,0.5968747198170906,0.49429289667976684,0.492954315005409,0.4905370949737381,0.3133967462159638,0.49545209469120444,0.4906489760177601,0.029654263227572475,0.508180275370042
-X-XOXO-O,0.17033220695668538,0.7286154677260955,0.08669064428848161,0.15876439160626787,0.24909775521319077,0.17861307225216827,0.10468360238430774,0.06280846617593777,0.2899492341728632
--O--XOXO,0.08440783819111469,0.10038053339958453,0.5118547014839763,0.5432208455292488,0.6872266678289759,0.36164015249609327,0.8417092351226988,0.0030234168351850332,0.1064610204101818
XO-OXOX-O,0.504710243828768,0.49880128920456945,0.6872379590705376,0.491786866363011,0.5053561416555299,0.4947612276737,0.4993833115904739,1.2403458279754767,0.502269574089419
---OX-XO-,0.6872379594563112,0.3282101762758999,0.6872379594563112,0.5007938331242733,0.5056046134906359,0.05806209926437622,0.4969599291356681,0.4999950778372916,0.6859928444002947
X-O-O-XOX,0.49009128270202146,0.01661616356362927,0.5039628769798681,0.6872379594563112,0.4915338527448246,0.8404261573163645,0.5078800849043612,0.4904191816676381,0.5028612855712472
X-XOOXXOO,0.4926726988163429,0.6872379594563112,0.4966335824983331,0.5069487194016737,0.4910240848939466,0.5087299156367023,0.493693821139428,0.5067655655337895,0.4937703131281469
O-O-XXO--,0.5059142183483211,0.5707970528669651,0.5047226029378288,0.6872379954035044,0.4935501532566859,0.5017445881466657,0.4923196797678451,1.032769677709192,0.6945979479239508
-X---OXOO,0.07038193302294371,0.5088692956173936,0.7231948680462071,0.49624659387433173,0.6453935131890403,0.5036426572083378,0.493315373457726,0.5054316349011684,0.49211712180845024
XOOXX-O--,0.5037901839669392,0.5091739882191615,0.4994133141893105,0.5023595808001305,0.5089662757032039,0.499182015515622,0.4919521984122358,0.6868143983189062,0.6872379594563112
OO-XOOXX-,0.504673782603253,0.5082064263184641,-0.6684478420333686,0.4954723388234637,0.49741318809656454,0.49157827180541847,0.497407720488539,0.5043310512575897,0.6872533345980624
-XOXXO-O-,0.867547252491196,0.4922604094257831,0.5079651342032246,0.4990374260106231,0.4983791455241993,0.49781541720720374,-0.01704611225953201,0.49065209803535087,0.7702791365872206
--O-X---O,0.5825804128154528,0.6547771170258685,0.5015939465348778,0.7860137626203191,0.5053998408795466,0.6871444187538299,0.4696951422761791,0.29334300609957664,0.4978352208974134
X-O-O-XO-,0.49297867984269056,-0.2341303322189311,0.4932657270389844,0.6872379671653993,0.498206055063637,0.8170403023929669,0.4947097046244367,0.49533330402577247,0.5706057125004311
--X---O-O,0.14431260920526395,0.07016815067864918,0.49715927760052653,1.0821122473662188,0.0013072538350861196,0.20930164953929908,0.49224895868880325,0.032378320243272696,0.5063791048693422
-X---O-XO,0.40031943491599514,0.4379370690639492,0.29269664262472417,0.01881485940382821,0.6872379223975645,0.45088500526735376,0.06623539495015951,0.42970660432761687,0.5306489269050656
OO--XXXO-,0.5076541385227854,0.49107518687715135,0.687233855681549,0.687237968582781,0.4986886655207735,0.5097595841089394,0.5001319557510303,0.4966143674718055,0.3067684505344691
OX--XO---,0.4903277873113608,0.5073261788471504,0.6872370292906862,0.6457786750290374,0.5076059297934419,0.5050461440988907,0.6872191312212397,0.6872379594563112,0.1329793089479554
XO--OX---,0.5077242385258429,0.49652740904317916,0.5080764006400766,0.47396360974452567,0.5087921469607942,0.5009522789025143,0.4893093349231442,0.7960951997562613,0.4253264057341711
OXOOXXXO-,0.4936781539198359,0.5092336578773475,0.49707699700299346,0.5082421443128451,0.49574185982159497,0.5059519098667834,0.4944928998616583,0.50308257011153,1.3482929505960963
O-O-XXO-X,0.5078033865173448,0.07173644675748325,0.49636851056200787,0.6872379594561316,0.5084859408524348,0.49544237117385737,0.4942548831237039,0.6609331241280997,0.5004861423865082
X-OX-OOX-,1.1791592081355013,1.0418681378318913,1.8182646686337838,0.8908040879028164,0.05455414673283021,0.9945300126971596,0.16662567510630133,0.10997972294259628,0.7776123299030301
OXO---OX-,0.4974501767431253,0.49764007874788413,0.4987949750415771,0.4576102494302944,0.6872379594563028,0.33832599945641595,0.5089301362916991,0.5083298307688824,-0.04214455231503578
---O-OX--,0.6032469277416176,0.014146663045919938,0.4957790892164811,0.5023317728137775,0.6872392328846466,0.4960193228710537,0.503334282588221,0.37672190294275987,0.5030473503941648
OO-O--XX-,0.49320316613273324,0.5067275573539743,0.847253726436542,0.5046803021602025,1.3167332390140967,0.6437551527188691,0.4901884893642467,0.4992116604897026,0.6872370853203453
-OXX-OO--,0.5613377747112499,0.1695252509513051,0.9432813904281111,0.4445438842029812,0.5124973964842103,0.6633950477934597,0.34580364466362434,0.5547825990715156,1.457386318522523
O----X---,0.5011375445663475,0.07555814087219043,0.06274529038727117,0.4142787446597772,0.64775922575881,0.4966497722586611,0.7776789488048442,0.0030314445136292445,0.040617468657446976
OX-X--OOX,0.42926572579117483,0.5077537665491191,0.4483335829906003,0.5634590339825893,1.107411570410029,0.6871938169085583,0.514509393843387,0.48259465967169246,0.5802094998377071
O--X-OXO-,0.4493493889197627,0.43256118204031097,0.716597002988235,0.45818880174279547,0.27398289569813983,0.5045818332918515,0.416086032838194,0.5409432067052411,0.4256071759460098
-OOX--XO-,0.687233892371526,0.49446330756362156,0.5024039380935,0.497931928232299,0.03180611621561291,0.6120318166810583,0.49337967562262663,0.4918901476900387,0.49516608741870666
-OX-O---X,0.068097594063937,0.4930491822663367,0.5040817709973057,0.3385658025088877,0.4983287997971811,0.6872379594563112,0.49536124414401633,0.4164591567904807,0.49717405251107083
OOX-OX---,0.5237092514468822,0.45948040603383167,0.5256128272286678,0.630193610309627,0.43315822931623793,0.5955997449825355,0.06375709136706587,-0.06655205116087293,0.6513501383002744
OO--XXXOO,0.5048788487735028,0.4977053800383086,0.6872338736641445,0.6872379594728224,0.4963925711834364,0.4925909474165548,0.5047749864356834,0.49159416869065486,0.5069486243446114
XO--OX--O,0.5067351053324912,0.49976970868705206,0.04962945406011843,0.09976966475348359,0.49264757714202934,0.5001226105841678,0.9599672432014161,0.24017341108707163,0.4943602905938916
OOX--XOXO,0.5068861458113767,0.5092249435995855,0.4903345996009244,0.5037815094926487,1.2524845236979005,0.500487023962603,0.5035232764537041,0.4957385007790485,0.4923787934705749
XOO-XXOXO,0.49086842324320423,0.4903949244653406,0.498875423056355,0.6872379594563112,0.5065619663652657,0.5015968810719027,0.5041529285268552,0.5059497657835623,0.5036087418369243
OX--XO--O,0.5783274871768266,0.45632321039327584,0.6830167255919402,0.5429372356496603,0.40084984198751306,0.4172412499592124,1.1554879286766606,0.6872379518382784,0.43706265581309556
-XO-OO--X,0.13856196706810964,0.5068814241162145,0.5095550559041502,0.8331467468238003,0.5058898606056675,0.4973531137273917,0.09282228471823195,0.6477502468168723,0.5036029446953343
OOX-XO-OX,0.49195619074023544,0.4941840744018225,0.5023941223431927,1.0904381646545391,0.4973293675957918,0.5026427034411429,0.6872379614179722,0.4978913442237643,0.49307126256006806
-X-XXO-OO,1.4087983883473791,0.5025186702589507,0.3156324827873453,0.4921972478747551,0.4919046858869849,0.5030866913838281,0.0932852127897188,0.5059325857767799,0.5078246234152014
XXOOOX---,0.9106065025661154,0.05889707692179447,0.7260428671240244,0.5555602963026821,0.2832802472439212,0.07333835665270272,0.5775400140611419,0.970325941347072,0.2072106866559753
-XO--O-X-,0.1265556403017833,0.5084852234559952,0.492801084556542,0.09748000584196037,0.6872415832122833,0.5028863221856842,0.6475202230354744,0.5077456141017632,0.6825295011584297
OXO-XO---,0.5037994273719046,0.5076071699548041,0.5000687322098932,0.4921528818743211,0.49633090744783803,0.5036681811166391,1.3726071431946059,0.6872379594563112,0.6783442953861486
XO-X----O,0.5083041973858489,0.5025785466652409,0.6853719352139499,0.49357300611784377,0.5688741885868165,0.6780817539755578,0.6872337553717986,0.6454990132770301,0.5045204399645354
---O-OX-X,0.630189917442288,0.07053983014689713,0.2671625210214267,0.49249726903479113,0.6872379594563112,0.5033563434208344,0.5052898101932921,0.6872379594563112,0.4990088809177493
OXXOX---O,0.550251809037679,0.516450180219811,0.580153495062284,0.5979308692555186,0.5927967308876768,0.5179833660961468,0.6872319111499562,0.6872379578188762,0.4227767000051625
OXX--OO--,0.46571813021768826,0.5318840567560787,0.4079255791922826,-0.37590420593650054,0.41441248629053756,0.4111477882201906,0.4870956415233116,0.01796809196113891,1.5399426074445726
O----X--O,0.497549913026073,1.2343833636364336,0.03821265361470061,0.12419422564997074,0.696234217225407,0.4962439524713453,0.012255543387803436,0.8161637724486765,0.5036496887257826
-XO--OOXX,0.48481563962634977,0.8369310446886041,0.9904507632856662,0.6060648004033002,0.689352998995739,0.8818576506986187,0.3603912028749723,0.8529925186442282,0.08152123851418602
XOX--XOO-,0.5996999211544731,0.467894190595194,0.4006884671379393,0.4151760374570726,-0.3176820725911056,0.42712664594334365,0.40922424472357877,0.5419521271496344,0.6866440147183817
OOX--X-XO,0.5799208098739685,0.4496834991467818,0.511893856764557,0.40982148983827615,0.68716070780659,0.5961695357532808,0.20407903605902278,0.579960077866175,0.41287671967480327
XOXO-O---,0.5007085729789099,0.5097291514385808,0.4967290132109835,0.5072872231801836,0.7210242226249397,0.5022524774963372,0.5037000215206908,0.4990134684939134,0.5013567212014843
O-OXX-X-O,0.5036746879940186,0.08382298354330553,0.5002550298479574,0.491271538912791,0.49381207154558804,0.6872379651595187,0.5072242773175893,0.7165422458648236,0.4913495166979975
OXX--OO-X,0.3990516897005655,0.7313330516120053,0.9769347416722973,0.018062750396104388,1.0052136073893003,0.9838969045156308,0.7151436651425406,0.507839734626927,0.23487999181455577
--XOXXO-O,0.18982124113945475,1.3638576924607868,0.4507260084212892,0.5157725992103622,0.5343260855244881,0.542122292516353,0.5594276704184954,0.4927613695693304,0.41716140957198894
O--X-O-XO,0.5068728264238008,0.8160391960508707,0.2866459585393589,0.5019517561039317,0.6273875213257167,0.501426608991376,0.45855737034259914,0.49100984942196496,0.4998535536126216
--O--X-XO,0.6778634504710209,0.6230698539306824,0.47243212102300525,0.48884574461977415,0.6435836869760798,0.5711754390930616,1.874010126732328,0.5137717191282648,0.5349128140962696
X----XO-O,0.9474225999259807,0.350935514443527,0.16448439286281313,0.6529034090256645,0.9873407105842553,0.18674600212228187,0.3593109879002777,0.5879052088878647,0.8973164869215655
--XO--OX-,0.07429157116931295,0.6447190962734682,0.49193827596567774,0.5035090900838284,0.5066713603311082,0.060131223458609884,0.4998364330203417,0.5081779464105054,0.49859281765090313
XX-OOXO--,0.49537191885441445,0.5072138340908963,0.6868120177834249,0.4955041355220299,0.497596196014455,0.49179469201223047,0.5058729019380155,0.6804487126209616,-0.6737094554111089
-XOXOX--O,0.48327089303076504,0.5535255507895651,0.48207880717248647,0.5712775143074523,0.5620348121134232,0.5780301405537911,1.0574839449043418,1.1319318516712056,0.5127290896316784
XOOO--XXO,0.44777455286677126,0.5501472437159268,0.7705716256438585,0.8951011973439152,0.23511436443031097,0.3686411637105413,0.36283446008018017,0.37718152777715397,0.5919599845405621
---OX-OX-,0.627295567321311,0.6872379594563112,0.41512711825210225,0.5095441591958401,0.4963817520615196,0.6781981748388324,0.5075727198271306,0.4941441986143878,0.4917121287978556
XO--OXO-X,0.707928159633628,0.5246252348589419,0.5921593176341766,0.5077239361233694,0.6058984622262246,0.9311816239752955,0.10621929830859755,1.020635490523591,0.5992342577752925
OX--XOO-X,0.4944134905601511,0.4987279591672281,0.2572095249673051,0.3350435701519401,0.500904835465566,0.4930341235286395,0.49331995206577384,0.6852685236968347,0.5049351503691537
--X-----O,0.767332047652457,0.7602791235266928,0.503090541237696,0.7141723985632915,0.23123431545066453,0.026789394024212376,0.7937993153984145,0.2552132874965277,0.4921946674908136
X-XO-OX-O,0.5744725386353274,0.6871388034427627,0.5121824967843,0.45812938122231167,0.6872379594563112,0.554985309096273,0.4563950695745067,0.27634253021299676,0.5706119323422011
X-X-OOO--,0.5654221563857476,0.6872379594563112,0.4941507240655194,0.8113685767165256,0.5889185793681035,0.5384407149350192,0.5146511121740155,0.4288730096250839,0.2245082552154628
O-XO-X-O-,0.5246681463503131,-0.2557799567996555,0.6817326361938106,0.8186205013184106,0.8356969978017317,0.5395509991421488,0.6852541819213576,0.4980750674896336,0.6513501383002744
O--X-O-X-,0.49094242776741076,0.6770976238023961,0.13788929695630314,0.49610777983128945,0.4771210931897106,0.49154441703300983,0.6781036303659591,0.5086430827122567,0.49321757647373266
OO--O--XX,0.4914984824126213,0.49005484991232295,0.8511047976326844,0.5407012646818832,0.5007945594959169,0.2643888647206907,0.6872371031118378,0.4989837164141118,0.4984977777629601
XOOOO-X-X,0.8335124558933442,0.28473036831666554,0.9458879629232169,0.7792231063475618,0.8031728689081746,0.28848592405229795,0.6698828395263278,0.6872379578188762,0.2548619628249925
-X-O--O--,0.29326495389263296,0.5019989414749524,0.15821530241225057,0.4931953518860282,-0.1832924553181584,0.6081037601642698,0.49259443655263896,-0.19414435133013885,0.1459989949721388
OXX-OOX--,0.5007454630019679,0.4951654858748463,0.5005173736664074,0.0758184521094068,0.5026828350244964,0.5057791034141994,0.5053536942817661,0.06239487048680681,-0.3640775325872816
O-XXO--OX,0.9407022329729398,0.005579982485872326,0.8879310752633094,0.23424137372076081,0.3613361325229568,0.6872339000446963,0.5354050103780417,0.7479327037891679,0.23092113378119605
OX-OOXX--,0.5062027510422884,0.508651957164656,0.039147643566981416,0.5083163645268717,0.5083234948425839,0.4902768217529225,0.5060077779201362,-0.4088592326295434,0.6872381217792117
O-OX-O-XX,0.4442138227796889,0.6892421596514203,0.5477234735774039,0.4935670226107257,0.45284584638074804,0.5550556301369026,0.47410146623227467,0.48827721890506454,0.5229178132633938
--XO--OXO,0.4372103523548681,0.6874106357379104,0.5011121062606971,0.4920380786798636,0.28475882229795835,0.4939366350080554,0.5056892712210486,0.5076346392813799,0.5050101485801242
XXOOXO-O-,0.5467767273935974,0.5501589377972713,0.4049114268564672,0.548482328358831,0.5888196963461304,0.44189796780210977,1.2566109562133851,0.5267569842366507,0.684215538164269
OO-OXOX-X,0.8436474338774818,0.32848436767342715,0.68716070780659,0.9389339327020487,0.5171839116264298,0.5434200030031453,0.8353676524852582,0.39528389882271653,0.05160718679271159
----X---O,0.05677830769740466,0.09245070736036137,0.9803792804077692,0.1748382779277476,0.49463479389034126,0.20059969321839083,1.3243629823682839,0.29743570845495404,0.5044695622176867
--OO-OX-X,0.49616666241296775,1.2336318073515602,0.5762348433362011,0.5027206830580162,0.7271530590081965,0.4368191183448704,0.4846426367801931,0.6855664826724073,0.4022658883036269
-OO-OX-XX,0.6099784806336676,0.5033318968874884,0.4408622837758456,0.44138364341238795,0.5265900520229274,0.5485082356227007,0.6872379594563112,0.4627585744428403,0.44943367461843553
XOOO--XX-,0.07155780198647066,0.6782526735728543,0.19708712475220402,0.7035140673176111,0.10695366184935018,0.6513501383002744,0.9777878066544888,0.34949944422331025,0.6872884032065933
-OX-O----,0.36355861538900347,0.49604788721323173,0.5084606077670196,0.08533957369936918,0.5030154740421346,0.008880194249689277,0.6756519705135037,0.1508664442237838,0.09776481883122284
OO--XX-XO,0.5031881299878201,0.4945662564145097,0.6872379594726534,0.6778642087165786,0.4986616406505314,0.49427755662759,0.8927536747039385,0.5059660280838175,0.4942700564451044
XOOXX---O,0.5008136365754937,0.49750684779828874,0.5053435080734046,0.491725743459489,0.4936780194698232,0.6872379594563112,0.6458499131474853,0.8478181718492752,0.49416054640508333
XOOOXXX-O,0.4925448103978863,0.5015194987225856,0.5042922028211547,0.49203209203700404,0.5089810298015123,0.4984170555728111,0.5091852493286363,0.8296242132026634,0.5035792395912063
--X-O-X-O,0.07070884544285283,0.5873542092527201,0.4901525188964069,0.7591965501391709,0.4908867097345235,0.02605905219771898,0.5042167713664168,0.003331275312370763,0.49839496714688014
---OX-OXO,0.4468305325055564,0.6872379594563094,-0.6389920011779033,0.5007828172358797,0.45056566111826785,0.41415778424931593,0.4453807357955433,0.40495774955729913,0.4378030450547115
OXO----OX,0.5052486083004123,0.5020563805116168,0.505978561498055,0.19639524259310037,0.5008671852135597,1.3309396705480676,0.5053069631184713,0.5066276202127831,0.49283922507712347
-OX-O-O-X,0.8589945787379222,0.5028179514969858,0.5061624702966968,0.05985859206931543,0.5044873212300729,0.6872379594521436,0.49277621268761923,0.3719294872557627,0.5067255754462578
O-X-XO-XO,0.5072683232031723,0.6871474762442017,0.49193371135910563,0.6872379950773789,0.4988524647385468,0.5024948058397893,0.6872339440137771,0.4998168995773855,0.5051172751127461
XOO---X-O,0.49576423996163016,0.4915943804204391,0.4909536389576361,0.6872379593642666,0.4475121397205374,0.08977151133132233,0.4925326354708284,1.0101212470948262,0.5010464570126412
----X-O-O,0.22201004817944003,0.08046534380158543,0.06597906359488909,0.6952777681128935,0.5028335111392898,0.7022856430821498,0.5080703787122278,0.09573474485363198,0.5058147080116554
O--X-OOXX,0.5419626918397958,0.6856899658415803,0.693883499066407,0.5726782012704367,0.698673183278153,0.5065383599973559,0.5418560840621824,0.4762178102582848,0.5151126920876247
OOXOOX-X-,0.45091769525805503,0.5836931213799526,0.5031157878214172,0.5492015301372319,0.46639626978597026,0.5272314365335008,0.021897469644243106,0.40248349171128256,0.6872379465070093
OOX--XXOO,0.5037642693457921,0.49036292641514506,0.4933609283517002,0.023092893610905385,0.6872379669614633,0.4926563565150616,0.5073861363338191,0.49940559259369055,0.5071631262961874
-XXO--OXO,0.6868392538069028,0.5007340034008545,0.49461685502404235,0.4965590256311841,0.6872379954035044,0.21577982671065754,0.4911968858105103,0.4964344274731988,0.4980516402534281
X-X-OOO-X,0.4970931609404407,0.6872379594563112,0.49390375529546665,0.6444155971585692,0.4937792254284719,0.4917023454376566,0.5046299838805832,0.2454291256815157,0.49866282529438255
OO--XXOXO,0.5581130911052242,0.4301383467445027,-0.2565335492217822,0.6872379594550893,0.4556871247745224,0.46156342324772925,0.5368957498110216,0.4050723087258387,0.5623753509443145
-OXX-O--O,0.11644001965235584,0.5061411374025171,0.5003611091862863,0.5068410910604216,0.0775239362374357,0.5099161231658145,0.6946665773151287,-0.292264681686322,0.5081347083982524
--O--XXO-,0.7065286406624351,0.767400564436883,0.4964297065057412,0.5043028232293307,0.6872379503487067,0.4930736271729777,0.4974670213208536,0.5090424103835101,0.49478113360939957
XOXO-O--X,0.5207497153260815,0.5476342983551197,0.5452093897163042,0.42970265896287396,0.6871361044492408,0.4160014346357565,0.41885343059011204,0.6584300509197268,0.5211366648709691
-XO--OOX-,0.4926411491235052,0.5084644486665452,0.49024267081665823,0.052958427485485016,0.6872406381318422,0.49874740356267444,0.5088433157685952,0.5026905390896652,0.6959703205603176
--O-OXXXO,0.4529864849238904,0.5722042083414628,0.4815066838724387,0.6508311318536731,0.5070060462256423,0.4418054915888059,0.5046632617272996,0.5600842133171252,0.5892498570778153
OXX--O---,0.5037870434072076,0.4937795829181207,0.49462869845342067,0.08972421587759316,-0.11114016356036438,0.49769347713684753,-0.11217782406496235,0.07379378469019182,0.14858461777911036
O-XXO--O-,0.9062188561773492,0.8677644550407941,0.49623494433141946,0.13712257478706236,0.287412274305901,0.08074774876567026,0.04423710792505092,0.9620122321684674,0.1424534324256964
-OO-OX-X-,0.2526056868865849,0.6369505613522365,0.47641305014394497,1.2613436086538292,0.8773622093654512,0.19035145824561295,0.0591660794784406,0.7854522882751347,0.16708588131877666
X-OX-O-OX,0.5034099814438355,0.5081904174370778,0.4948007175307438,0.5017086900363129,0.6852391606769697,0.5029610023910374,0.6892421596514203,0.4904422706550864,0.5038053540721054
XO--OXO--,0.034170264770030934,0.6840279286777826,1.0551406265826397,1.5319012740159186,0.5926694962093263,0.4985122842502536,0.8748989715673348,0.1648669642410977,-0.35089556977288805
-----O-OX,0.7440131720333956,0.13277788960384418,0.06633581737946115,0.7115654790702362,0.29323509718080876,0.49171340531487323,0.4378319630482988,0.5029294702710199,0.4908160040053695
OX--XOO--,0.49313578755734405,0.5066403443954866,0.5459485554732825,0.24994112904508248,0.5073501536287767,0.5043124615098273,0.5049658660668249,0.6871509628563831,0.03595567224155505
XOO---X--,0.5830340335360834,0.5988644755505451,0.579945891643337,0.687236024936973,0.40180862645796944,0.3296415704412634,0.5942758175692954,0.5108716996461137,0.6800434826724567
O-OX-OXOX,0.495789496514191,0.3447188071079056,0.5019689463344594,0.5010558439110211,0.7269344238850013,0.4902725539464728,0.5004173478462758,0.5023674214795164,0.4972127963365447
XX-OOXO-O,0.5218004296218124,0.4840798746956823,0.6872379484890786,0.5971811214092724,0.4832791564769986,0.5132578346012399,0.4631568874741495,0.876682494622143,0.5653783893873391
-O-XXOX-O,0.6873156036681,0.5073375416004373,0.6786857696838879,0.5059324616599932,0.5040312899614864,0.5008215266259085,0.5031792572788905,0.7426337700534578,0.5015960537842348
O---O-XX-,0.50987243017466,0.8185452522293524,0.6179255182511936,0.15939876241310635,0.5018032191865256,0.6036484353323083,0.5065989684654146,0.4968289381030261,0.6872379594563112
O-OOXX-OX,0.4955272475177657,-0.4079918914275207,0.5033626884881166,0.49924161088268215,0.4923462145960522,0.5010119087160746,0.7588670290841641,0.5070637920350285,0.5051254303829077
-OXX-O---,0.5725793344293257,0.5799057587122474,0.47559618874037235,0.5826321462604866,0.6871831856109369,0.4166299754760566,0.6861765044129637,0.042918275331505606,0.6263270022276914
--O--XXOO,0.4736015280248477,0.4380643828578825,0.5795982108583029,0.6872414378659386,0.4419844103722935,0.5346108581794895,0.4306347688381307,0.45621685380252813,0.5420912002898572
XO-O-XX-O,0.5091987042688744,0.4911631137148464,0.5652362199179628,0.492564866641766,0.4020564585638624,0.4990623970855491,0.5014188782573327,0.5801096789782173,0.497616482256336
OXX-X-OO-,0.5076847243631186,0.5076030568605947,0.49175990469827613,0.004844793756145882,0.49884879445439306,0.5058705659328878,0.4925395765763591,0.5079268423672186,0.13586630870966804
OOX--XXO-,0.4951498869394553,0.4987445918670773,0.491163694968081,0.5298778965933931,0.6872379594563112,0.49794335902154213,0.502411548691662,0.5077721325557671,0.6872339094755838
OXX--O--O,0.4921581664974735,0.506993703298047,0.508243233163679,0.44966978273699426,0.6459451669030878,0.5091455852238568,0.8520753649799366,0.7002971573239738,0.5032718948161464
O----XO--,0.5005678758660671,0.11616002672775128,0.9527021597391994,0.04138836787601574,-0.11253230572818473,0.4905512813432202,0.5005866117513236,0.062279495958538544,0.257230763049234
-XOO-OX-X,0.29504970954069953,0.4762485210404776,0.41742590596614315,0.594785767098072,0.6872332048840972,0.43940094476738467,0.5913830270156756,0.6872337461762785,0.5379541400749024
-XOO-OX--,0.15464885686046187,0.4214049638130111,0.49803551605079477,0.4990012458384025,0.5236416789855861,0.5557829270045656,0.425484615852843,0.8923679627767616,0.524635470789818
X--OXO-O-,0.5004272172466383,0.6781624682976336,0.6872379594728226,0.49234103111487076,0.5020947310154045,0.5034596827402555,0.7089907477849948,0.49410146550838363,0.685192089397275
XO-XOO-X-,0.5041973009055076,0.4930979368414824,0.8110477760330774,0.5083023888441015,0.503040516735479,0.49686118709034566,0.687238730474557,0.5039935844340282,0.4015030182392889
-OX-O-X-O,0.007276088914401901,0.5079933186290955,0.5003202072790344,-0.34478983382612527,0.5047411879313299,0.13603186337466117,0.4966727755360257,0.20430710172526712,0.503371079267298
O-O-O--XX,0.4389578975764625,0.00342247993978817,0.4060381866124273,2.004329416002838,0.5245126785067574,0.40203138079706835,0.6872379594561496,0.5759385256786163,0.4338181515219117
-OOXO-X--,0.6872379591043577,0.592642855781794,0.4491309372763593,0.49658621368678424,0.5234463067456874,0.5287019004077378,0.4092437460507118,0.8910376785736402,0.0025377017970435456
O-OOXX-XO,0.497842835106433,0.6872379594554441,0.4971423626834487,0.49338363817772063,0.49830097136865414,0.4963911193126321,0.2408893221347791,0.4936628687121415,0.5015831678267845
O-XOX----,0.49196544835395545,0.24817277773586688,0.5009090795635401,0.5007417315094245,0.5077693018985941,0.43049215723849094,0.6872379594563112,0.7328417218355774,0.7310046991791864
O--X-OXXO,0.49305079092402276,0.4948188356657558,0.6931416945170618,0.5019992200748608,0.646463185024309,0.5093267446931538,0.4922838599386207,0.5064012730328759,0.5018614991383943
XOXOOXOX-,0.5066436521721863,0.5472507532864949,0.5058134153725918,0.4644067845741834,0.40760483684065,0.5166548290075343,0.4272037013970191,0.46564842692800734,0.6872379594563112
XX--OX-OO,0.50038604847509,0.5006583642473076,0.6872377778362676,0.5036642696774088,0.4939480423467764,0.5023178424338588,0.49060478408504565,0.4982033988947918,0.5029857826879007
X-O----O-,0.4972930286138458,0.5740660997275083,0.506239699194974,0.14333428303698675,0.029555915599805138,0.13886408819387075,0.687404355094132,0.5086002301854012,0.017319044795750083
-XOOX-O--,0.6871452913878989,0.5061739357739106,0.5009436579502696,0.5020628433545961,0.49049678809750236,0.5049551359685103,0.5041516704955114,0.6872379594563112,0.4972736936042596
-OO-OXXXO,1.7015147599234948,0.5025238687995583,0.5007271158778398,-0.11957558492193177,0.49841126443686473,0.5014441361291937,0.49703968724509817,0.49666929961945716,0.495933268965941
X-OX-O-O-,0.49025863363220074,0.50556388842908,0.49618677308250775,0.49033499155285887,0.6355011747884274,0.49552694559992955,0.4907151691887406,0.4966417097537977,0.6951984465652381
XOXO-OX--,0.4942060563024511,0.5008157717562043,0.5059735709453266,0.5061271960461847,0.6872379168403657,0.5005395211932943,0.5014030059501404,0.06791306932240548,0.6886464748691098
--OOOX-XX,0.5438697052371203,0.4967648689077933,0.49817617949573895,0.4935822036955069,0.4928536055623364,0.5078679686854118,0.67840443936305,0.5042231709949999,0.5059151332258649
OO-X-OOXX,0.234448250932627,0.3729675866749992,0.07235554604844896,0.10565093485023558,1.093542202037422,0.3781042240740867,0.43572663212391616,0.9235547613153746,0.48784448535740066
-OX-O-X--,0.22907167459417332,0.5078507920168465,0.496649939116759,0.039967412457367735,0.5083039288846898,0.060041440484726205,0.5091065359227208,0.2036600304212819,0.13777148826362517
OOX-XOOXX,0.501118930674888,0.4987598374486605,0.5077051787636054,0.9019424539987015,0.49521737093862717,0.5006121418469348,0.4986042125823521,0.5024930495385681,0.49035418620345506
--XOO----,0.007563905719096153,0.25824686929721025,0.4991890939052819,0.49261973368099066,0.4970292147824858,0.16910656166927934,0.15074164896587633,0.24257027844176798,0.6858764119090874
XOO-O--X-,0.5055355669830984,0.4981976801044656,0.49018339602508987,-0.09645549391711905,0.4937037231714129,0.9854834277099944,0.15634604682326314,0.5023617616645895,0.01657156921336511
OO-X-O-X-,0.5009026296352005,0.4997867040881236,1.3527878733394174,0.5009187417620634,1.0578840598413728,0.4983413936490755,0.7025852505002514,0.503481470689627,0.05695666654782372
-O--X-O--,0.21728245036635851,0.49935180548578545,0.4162194759561108,0.8071188154803632,0.4927972631281775,0.07157220186137869,0.5015380454013614,0.8538630741100901,0.04186129856054632
OXOXX--OO,0.5083449976585511,0.5077157572189622,0.5092165583105946,0.4960940369511939,0.5041347849095987,0.687237959457211,0.15666454505059974,0.4945293747404918,0.5059785045562302
-OOX--XXO,0.673815294839667,0.45287945772060384,0.5720110115058742,0.4220861596238345,0.07707862705001689,-0.15508170333062277,0.4557340528083428,0.5563287195965344,0.46788097281561136
-X-OX-XOO,0.656684516883433,0.4037699870553013,0.6872344556492123,0.44574266885971114,0.43998758710256847,0.52497918747894,0.48378156507330305,0.4358506095901434,0.513791919492211
-----OOXX,1.0686614332317719,0.680059084261599,0.4076501963499253,1.0255912327667454,0.6872379593642775,0.4957419300972863,0.5062892904725881,0.498775451720124,0.5040310990412977
O---O--XX,0.587613907153475,1.6639851228991958,0.5867298997325289,0.6849731117078691,0.5553083575290767,0.5905280903915748,0.6872379594726534,0.4813144564823515,0.4801129053294902
O-XOX---O,0.5192129989661062,0.8505752535575887,0.583376207429128,0.48723830969871634,0.4221589378781072,0.3886693858089909,0.6872379031894391,0.8451896860456222,0.4104407805463575
O-OOXXXO-,0.46128191665839635,0.6012290642372777,0.5974101862982878,0.49921748298242735,0.46663413015882715,0.5662400765572975,0.4727361769405099,0.5205778138639509,0.3935093207432301
--O--XOOX,0.08427672140034864,0.5864927225312547,0.41294571460409785,0.07757887013679843,0.6872398146945126,0.4383755725745616,0.4251370017552747,0.45958356597887917,0.4244322129415339
OO--XXOX-,0.5792624116358827,0.41526470767525325,0.6202256673370373,0.687236659729031,0.5615660947387374,0.4135203026314504,0.5774937216843623,0.5816355530220484,0.4674176731482139
O-OO--X-X,0.4021158076315484,0.5149665269625823,0.5920028590205499,0.4632072288703918,0.6342534341455847,0.9898237372598602,0.4077060763989505,0.6872379593806616,0.46596236698174287
X-O-O-XXO,0.5096607294730076,0.29704577250753506,0.5008913900552053,0.6872379501782996,0.5079616049371061,0.2745789569838102,0.495479072409721,0.501536516814326,0.4975470786140723
XOXO-OX-O,0.49464111637940256,0.4976795773437448,0.5025219887630071,0.5056133254543993,0.6872336526432603,0.49725427601209066,0.5042816267110971,0.10865088260481592,0.491047729708331
--OOOX-X-,0.496394500600962,0.7523324004491101,0.5093587409125488,0.5095242012682705,0.5097911796945238,0.5079504452584302,0.7638059425414111,0.5097040795004811,0.8189632668401853
-O--X----,0.512056013084961,0.5070573604500754,0.31742685713309965,0.08976386997145691,0.503696088864323,0.13213509148397462,0.448563593946462,0.11385311417794025,0.6872261627915582
O---O--X-,0.4928429654191662,0.43361602258868565,0.2803045532673609,0.5309163014041102,0.4944818410858201,0.13239331729203624,0.009520291188837016,0.4917543399155721,0.3656961605589487
X-O----OX,0.49333162532474273,0.21252381323401148,0.4964541174046722,0.6781397180044628,0.6868321399435593,0.1712047962103086,0.6872386697859963,0.5085797010119604,0.5007162978408274
XX-OXOOO-,0.5011552857720665,0.49702817854427356,0.6872379594595474,0.49349479348801045,0.5043454598172875,0.49853387300986257,0.4947433383626018,0.4905732939969016,0.6868248024143272
-XXXOOOXO,0.6872379594563187,0.5025125120494406,0.5002785347584595,0.5056793796992348,0.5094812654288207,0.5090073929347135,0.5016221375114388,0.502915694095021,0.502280776324741
X-OX-OOOX,0.5062430880146781,0.5341274687524564,0.5012904643067552,0.4953700004388692,0.6872387381469781,0.4957212650478784,0.5089942846021878,0.50462230006563,0.5039360707080615
OXOOO--XX,0.11572596915645461,0.7963330331455588,0.30260865444115614,0.6273966933980301,0.037580078129977657,1.3864721889284972,0.6794728163555717,0.5607505008141553,0.5842500486044523
-XO--O-OX,0.6473811060743212,0.4990186405538038,0.49832042808025234,1.243840501308971,0.5047689316841746,0.5060535417035228,0.5090164720247929,0.5020911121086815,0.4949820235922849
O-OX-OOXX,0.1947914970483252,1.159333317420265,0.058101928060343644,0.53241782815875,0.1215174916199015,0.3888949338013058,0.48658529930472594,0.4681227356763552,0.6860113666896537
OOX-XO-X-,0.4911043821417226,0.5048330319846794,0.5090199265028907,-0.06467236389182784,0.4965713589131766,0.49069869482389183,0.6872533345980624,0.5071316386987472,0.6868418973819862
-O-OX-OX-,0.7864353845996734,0.5310690136982695,0.23297431876300045,0.7689629237450966,0.25160434574288026,0.9443257250517892,0.4217580860407625,0.9549093169715814,0.07249264904797514
---XXOOO-,1.1535586498384718,0.04962887094815471,-0.9255310495203659,0.4977828405780329,0.49960442908113023,0.4923228059382798,0.5054080971484136,0.4965676484851657,0.7275826162279344
-X---O-OX,0.6891422906919874,0.5098556571601767,0.6868170940606668,0.6457877778968281,0.1687774145151073,0.508914642453932,0.6648496838515712,0.49224482813177245,0.4900456837297251
XOOXOO-XX,0.9497201442760882,0.6471223565473867,0.37501269943553595,0.23733581523801173,0.9480568506255492,0.6626636936496664,0.6872379594562764,0.8830753676784365,0.3672292778973064
--XOO-O-X,0.5683279018585768,0.6231604166448514,0.503190104886774,0.489676546707649,0.4898423439253356,0.687237959456434,0.42799120512187416,0.47552461504613264,0.5675819644135197
-----OOX-,0.19718415020014124,0.7756720841427007,0.11648036277509038,0.33967346221345895,0.28010569395868035,0.49359789248665253,0.5050321632235666,0.4946386573985604,0.7593036997176051
XO-XOO-XO,0.50067505636379,0.5027902811507149,0.6884537438390734,0.506911836822142,0.5029122493356635,0.5099715875521362,0.6872387144076515,0.5056103096469886,0.5031774162295765
O-O---OXX,0.8003727488485685,0.06268382026163366,0.47000806349118296,0.7661469024873928,-0.3138159943548815,0.5818732867887946,0.07789175125193193,0.9453615174347615,0.45865872460280477
O-OOXXXOX,0.5033462225175488,0.436377103758211,0.503278456987832,0.5009860859100019,0.5051337926345039,0.49414018922511266,0.4971305625504457,0.4948019920752652,0.4915581906300414
-XOOX-O-X,0.6872379594563112,0.49699048413222735,0.4914830102419719,0.49085267653455883,0.5022238716235308,0.1328994486324907,0.5061278104334023,0.6872176401079687,0.5004966614045155
-O--OXXXO,0.0241679428095104,0.5284209115779178,0.725853597595325,0.6638271503676989,0.4431261159199428,0.4161537959703563,0.4472869424403986,0.41859042183080986,0.4570930123645485
-OOXO-X-X,0.6454152032359926,0.5053726248218705,0.49420034477756397,0.4990624774792793,0.5047267731067182,0.786589665572698,0.49776730524960694,0.6872422352678528,0.5018541412605072
OXO---XOX,0.5067157546058851,0.4189451390849137,0.41858901702955925,0.5124973964842103,0.05309831436327905,0.5031167130790493,0.5941883111639632,0.5387359381448272,0.5364685638437867
O-OX-O-X-,0.5210363851153247,0.8576463347462921,0.8829883118161349,0.3363931284957784,1.403221232231148,0.8714002397719439,0.5492109218902916,0.7634836721553351,0.6513501383002744
XOOXOO-X-,0.4509468791817065,0.4031050554313528,0.4368791601094203,0.5416388678835338,0.5443874427187289,0.425979276329709,0.6872381569987849,0.49262002920790077,0.34813149450897674
-O--X-O-X,0.6872379594563112,0.4980232088873847,0.6872912160733952,0.5869027624513823,0.5031282228363618,0.47604632566492683,0.4939063536935638,0.3728604389363359,0.49544492345728525
--O--X-O-,0.14040939516266854,1.362616586839411,0.5055282191541621,0.22243585362061075,0.0634992780288593,0.5048559108856905,0.06915800273456801,0.5011964252518449,0.09450828301525682
-OO-OXXX-,0.6757257263870916,0.4968633623119821,0.4939776167747877,-0.023176894080830124,0.45895563398633854,0.4313291383481692,0.5758694023730371,0.4913074601943762,0.6853505618302734
OOX-XO-XO,0.592023756809062,0.44209275295481454,0.5305086726669879,0.4904724255821729,0.4463017707215834,0.5860960772604065,0.6872379576258064,0.4373948425360391,0.41097287654095804
XOX-OOO-X,0.5080439136006885,0.4936092224497717,0.4951966152424067,1.0820707084654966,0.4926655450796557,0.5024976381509745,0.49618241552971676,0.15810450885910765,0.49321223569229705
-----OXOX,0.1597899928673761,0.623870730694992,0.7358567749783267,0.0020382972726814552,0.2808159324465379,0.5059101929940741,0.5055470822636184,0.5055022954686658,0.5021473878924831
OXO---XO-,0.5062026639147246,0.496849171179131,0.5026804314858454,0.28368415341808517,0.14588400741145202,0.30230713238300116,0.5028007418642215,0.49252352912360087,1.3747676685308998
OO--XX-OX,0.1490473530692995,0.08697778078118201,0.6872378396070474,0.5271688229163494,0.6677468702996765,0.7219866006432794,0.27576353153608846,0.5399765535453356,0.36752002019650476
X-OOXX-OO,0.4968154664248351,1.0369597399253556,0.5051346000306597,0.4989200212248446,0.49582031769661816,0.49932333076857804,0.3569753157575739,0.5002123364119234,0.49560390235303453
OX-OXOXOX,0.5012447596927486,0.5021881127249185,0.6872379594563112,0.5048821307368792,0.5009427287027934,0.5025933707757483,0.5004103330128263,0.5042014015783415,0.4908816106182494
XOXOOX-XO,0.5079743726018213,0.5043975787729305,0.49568449397650777,0.5041491488651147,0.5013669827713574,0.5027110682455014,0.4570774360800727,0.507997869782928,0.5013090742385465
XX--OXOO-,0.4926812548325414,0.4964986297848918,0.6872962538882174,0.4900027650415304,0.5082105631102363,0.4938918017064325,0.49848173144586716,0.5043713871515645,0.6480114882372283
-XOOX---O,0.2995914422717135,0.5095082030210876,0.5012580204189728,0.49003037035741653,0.5021590487011612,1.0367029342069682,0.6277647141650481,0.6872547596134507,0.492753082584634
--O--X-OX,1.1271706310165905,-1.005766555151931,0.4951955137067183,0.6868433359816933,0.6877229705681259,0.49519257636543923,0.07993986538375952,0.49101739897040925,0.4910122942229506
X---XOO--,0.4923333991410179,0.6468465451930951,0.33312281519540743,0.5022193666693212,0.5046370837126077,0.49347328789227624,0.5078168908090459,0.6878113751378561,0.6872379594563112
XX-XO--OO,0.49966285949956235,0.4909812296673417,0.6889307373964204,0.5058599749325284,0.50053655166177,0.6449262131245496,0.5061847359236757,0.5014052752971552,0.49739279015211296
-XXO---OO,0.687295847693869,0.4974826415114489,0.5055771762123283,0.5083108186120011,0.502166153515617,0.5095076488075112,0.8984023413164368,0.5005859380471936,0.4993318963570834
O-O-XX---,0.5099846652643185,0.6888300537466124,0.5076012257153538,0.6872379594563112,0.5085536297717784,0.500698253426462,0.6776676118405868,0.3725303074283671,0.14874993665228575
OXOXX-OOX,0.5002533007035015,0.5095127880103095,0.4946317994150298,0.4935576272396283,0.5086536120754143,0.6872379594563112,0.49707293261952096,0.5018599579810983,0.5094972167939831
X-OOXX-O-,0.8611308399606131,0.6513501383002744,0.38872684029663274,0.7970807735369382,0.2577258054732193,0.38836129062981406,0.8630123183717449,0.6311899656190803,0.6871073437002005
--O-X----,0.5241101255905202,0.13527709619296246,0.49447776222419165,0.15447523774152433,0.5014521207481257,0.6872378041471169,0.15657309240659445,0.2221585141839616,0.4404489809963203
OXO-XOO-X,0.46725409047363253,0.4417864193510885,0.5023190851940421,1.3806397092841964,0.4459101613149327,0.5690311770721064,0.4296583912570287,0.6872379518382784,0.42047581082073127
--O-X-O-X,0.6872379594563112,0.4949011503177737,0.4912018870245602,0.6427781971983653,0.5090295543780178,0.6868137197324001,0.5007414623402137,0.5037660963300881,0.5005305983902679
-OOOXOXX-,1.0439838940168689,0.5022448996846718,0.49331428248501713,0.49844535131387147,0.5096010048653355,0.49148338156583316,0.5000257260053854,0.49638435642689704,0.6872379594723198
-----OXO-,0.2562013501140218,1.1740170534317957,0.6881560650591119,1.122573651563732,0.6812377872761792,0.5043830367028025,0.4941177741354329,0.5000467392219599,0.2967721742349977
---XXOOOX,0.6872376861158958,0.33215153062040503,0.5273835350929144,0.8018828316286369,0.054694475223347694,0.3622732175099942,0.3635415841635452,0.6794236733134051,0.9600662483161347
OXOXX-OO-,0.4960567289025565,0.5015539755337075,0.491170666873137,0.5028923388138463,0.4940752845077707,0.6872379594563112,0.4954183875969191,0.5073323220273684,0.5508321102482994
-OXXOXOXO,-0.24450496796979293,0.49117031715542936,0.5073508888012208,0.49467079311369383,0.504215325784408,0.5018806114087397,0.49407071955209214,0.49335356300615374,0.49726014628869597
-XXO---O-,0.6872379574795866,0.49638680427195697,0.49251892622249654,0.5063926210219772,0.16543994419600616,0.6459135746911082,0.00782685007248185,0.4932132976817297,0.4456781461052639
O-O-XX--O,0.4967785805338082,0.6872370897880076,0.5095238430345652,0.6872379594554878,0.5076973633252285,0.4915497411734708,0.5826012090966073,0.46513018449050436,0.49085292876868264
XOO-XXXOO,0.4959082633065101,0.5092761938479533,0.49298538679283094,0.6872379594563112,0.5039075194259167,0.5035073598046524,0.495994482137258,0.5005264008173916,0.5055806369569722
-XOOX----,0.6403803402329217,0.5015622914211908,0.5067201968927563,0.5023604594990372,0.4919307511804908,0.6880777391612063,8.702657457460017E-4,0.6872379594563112,0.49990829356937905
O-O----X-,0.5064789634093608,0.02914838632640837,0.500156231927303,0.6492417657674734,0.1267228232196464,0.004506614249482177,0.08278352546341194,0.5044317629727765,0.10794627436414966
--XO--OOX,0.6872379199035145,0.5230301219032748,0.496030490781135,0.5097133500591926,0.49970020947717514,0.6872379598779543,0.4926288194790769,0.502477221077808,0.49858156234900636
X---XOO-O,0.4329472901521031,0.2186500311554933,0.6126128871139431,0.802692978153519,0.5161434253351314,0.44669161571713445,0.5660881141493503,0.12841502196219168,0.5322149877050946
O---O-XOX,0.49870181719808454,0.8294995008572006,0.2655372246543428,1.0114604551250754,0.49057071897928767,0.131936953984656,0.5074092670761977,0.4989552293557234,0.4972578373622585
OOXXO-X--,0.8046909232828962,0.5175413709237516,0.10609187066908277,0.2453352819535365,0.22251142606509222,0.44083893096848503,0.47070199073204,0.23812877574435765,0.38226193289262855
----OO--X,0.190974685544072,0.18262233797844662,0.1229793004548026,0.5771649516313495,0.4909456010220098,0.505551749613017,0.6005783420860991,0.48519774594516274,0.5000588548650515
XX-OXO-OO,0.5927653397346178,0.5744696536945205,0.6872379591043577,0.5528802419708718,0.49604239968850516,0.5292409204550232,0.2449735711448885,0.40337608098995154,0.5440543687243504
-X---OOX-,0.5779016912217816,0.5693460248553075,0.7159806130261381,0.6867478064618584,0.6868008444627595,0.5132985481664197,0.4134010280743461,0.5058427948508553,0.03719481429381766
O-O----XX,0.5054439887384583,0.2401509746665823,0.4979254398834759,0.10243126216740983,0.1873849888728064,2.055150326366505,0.6872379594563107,0.49751190115984295,0.5026912991473697
--XO---O-,0.6046136327038691,1.1188316779135676,0.5072902628259739,0.5027925512618976,1.2624487197793066,0.4658013304679393,0.6389997225178983,0.5064080750951064,0.621617090138459
OXOXX--O-,0.49786411396714925,0.5020322369040844,0.5056486441301301,0.49257894309289535,0.4961005837227289,0.6872377783818013,0.4946829294059872,0.5015073527600976,0.6672378215956295
X---OX--O,0.50995061678487,0.46983911428475056,0.20037833232275226,0.07077429768303567,0.49119970219269127,0.5077117018268752,1.0165456476157044,0.08792667975617918,0.506395306413296
XXO--XO-O,0.4971522543905561,0.4907864405835649,0.5082567527674902,0.062198475818414756,0.624697531933501,0.49612418177235906,0.5097877391476618,0.7914846967269424,0.4918695397155294
---XXO-OO,0.4871875109531313,0.14966369075499358,0.44585166217387817,0.505220747017228,0.5057136962912285,0.4960499046037393,1.290193323985081,0.4986703908539336,0.505292104997208
OXO----XO,0.505441637114327,0.49290232945168505,0.49951738230227444,0.34719861179701406,0.6872379598124673,0.2804894526522824,0.49524387575341017,0.4981823677221683,0.49715705797405785
OOX-OXX--,0.37476082185609894,0.7582306945103097,0.8691563135879499,0.08357580456254288,0.06529699700627611,0.19874082545630867,0.35045440330903466,0.7212865824510266,0.6956916403794653
XO-X--O-O,0.4978452118508079,0.4959357928929964,-0.032235339066268076,0.5063358888735958,0.4904315987043292,0.2461944650968178,0.509285435010281,0.05917432648489551,0.5083878255333437
XOO-O--XX,0.4912919493495568,0.5049415838864505,0.5000113449722876,0.5049450590143616,0.506523491237287,-0.5660501451345206,0.6876685844060231,0.4914352316495455,0.49912037220274025
-O-X-X--O,0.4359335770699903,0.5065437730996433,0.8772789323709146,0.5045401708927759,0.6452380294234908,0.5092250602352063,0.6229029798909854,0.6777456432181925,0.49996841518111446
-----O-XO,0.11865564484066127,0.05365211076809584,0.4168091581984026,0.37557251845638295,0.5269139733648731,0.4909306042665045,0.1438320795107798,0.49946018975373696,0.5074950676618908
--XO---OX,0.6773760022967878,0.6885815713006054,0.5065812926906104,0.4949534388033318,0.6853345758634029,0.6465816252107269,0.4935184690397635,0.5080754394958917,0.4903729752387794
XX-OXO-O-,0.507485102218401,0.5026423565714329,0.6786871513508435,0.49244691717162503,0.5059056076643194,0.4951747926199262,0.687237968582781,0.5071568585807118,0.6435099935043711
X-O---OOX,0.4973654661383868,0.3833118257831438,0.4983212180207982,1.1467359908754147,0.6868012535854249,0.49989883163030613,0.49246575415606597,0.49673673215844166,0.5074224897361984
-O-OX--OX,0.6872379590462028,0.4974333454528807,0.6872379510332547,0.5021978936034018,0.5094985526002732,0.6448274591608335,0.14568096599017205,0.4901530381094556,0.5040227855731629
-XXO--OOX,0.6863722937137613,0.02358381313856972,0.900709559875249,0.8554688794741464,0.637193269168575,0.44900506026552267,0.9527408477949002,0.6256638540833936,0.35089896641466445
-X---OOXO,0.686974415806629,0.4285348595203885,0.2332874539313562,0.6961649769725067,0.6872379594563102,0.5725053335416485,0.5084861959379776,0.45989837900502095,0.5683160562614878
O-OOXX-X-,0.7959450882360468,0.6683632435339232,0.7893570150457143,0.3721606627183873,0.478098031613289,0.6173443270152503,0.5026954991472056,0.7280960940984602,0.0075509148291516
O---XXXOO,0.5057623269378961,0.5044635388913722,0.6872388785068312,0.68714627520366,0.5000173995253627,0.5087368315965003,0.5082556155877888,0.5027533348329232,0.5007337903511289
-X-XXOOO-,0.47800661449319404,0.50897362421229,1.2047293253042608,0.49267065532056087,0.4918180370458439,0.5007601137858908,0.5041943168149573,0.49126975146432034,0.7820817951462776
---OX-XOO,0.20752273999009463,-0.3997055184848567,0.6784331907869865,0.4946857648787396,0.49016046212121994,0.40001393609386005,0.5079582033540914,0.5003854967874697,0.49201147061873146
OXO----X-,0.5018021172392317,0.4967123694293879,0.4914716399484166,0.6447643469043677,0.6872370801368208,0.5058939662704549,0.45028084335431096,0.49927085592674364,0.3270750784869847
---XXO-O-,0.6934361011311815,0.35640254317049924,0.49952088156787444,0.5012340391590114,0.4964071812681315,0.4921230208264677,0.6871458584660175,0.5067702161967693,0.0359193244264957
OO--XX-O-,0.5017632556653041,0.5008703207071575,0.687219346357267,0.4983724642729983,0.4927092286926321,0.5012469900710677,1.2761335838005765,0.5057733974582361,0.5475345378188479
XO-X--O--,0.49437603154461246,0.5079826081247677,0.15977247355439733,0.4959969286227138,0.6872370328330073,0.23804149760720628,0.5098499246866821,0.33516191804991935,0.703179199852631
--O-X-O--,0.4024707294347055,0.6991910151285335,0.5016121133917584,0.03572590343695836,0.49346540523653704,0.879927028811981,0.5052649808791347,0.47931234371865955,0.09353659871316711
-----O-X-,0.022793305324388724,0.3729490572908576,0.15860491409961597,0.030835369918963407,0.6872402890282933,0.5099845991328333,0.43202341236825204,0.4988689427471014,0.6305208639327996
OX-OXOXO-,0.49086505261284763,0.5253810071102241,0.6733473038235278,0.5418605162376694,0.593758841202793,0.5454798686093745,0.599958429908042,0.5581507446512779,0.18355206749341868
OOX-XOOX-,0.46382210097678334,0.46727918168150245,0.5799570149142846,0.23527390916786867,0.5875910084233855,0.47001662564474506,0.5929003448019473,0.4497728460393048,0.3973885146638192
-XO-X-O-O,0.6453569840279514,0.4952701838910529,0.49749183129318464,0.4908402268038057,0.49696964002653193,-0.19679984259309635,0.5037177083531817,0.6876029594137232,0.5030388574481038
-OX---O-X,1.2214528758052587,0.501322296318807,0.49588641297341146,0.44455171404294136,0.6924136899639994,0.6872379594563024,0.4978200056800291,0.6513827505242421,0.4983843715096437
XOX-OXOXO,0.4966571567902323,0.4982482671672599,0.5071605478039877,0.5845560019581107,0.5000923178837454,0.49764569504801964,0.5070990193437335,0.507101056381017,0.509535520205944
--XX-OO--,0.6869164717423365,0.44237666001522796,0.5381951694906305,0.5549153077364188,0.34248414092457047,0.5658605507628437,0.5738846463187065,0.4863465832923396,0.5616317850979595
OXOOO-XX-,0.4947136736862028,0.4922674283294197,0.4991598264762213,0.5019637194855531,0.5076823864276289,0.5079238288085218,0.5092281564597656,0.4952264734252861,0.6872381569987849
X-XO-O--O,0.45593419049759976,0.6872379472232395,0.5779118206541716,0.5074593043761612,0.08196254220292298,0.4950196509318139,0.8406642389523864,0.7913231627651229,0.5380378712920708
X-OOXXXOO,0.49661966101791777,1.404537622740922,0.49619705464178854,0.4976985729922327,0.4900982371952614,0.49613940363033976,0.49350816013643445,0.49991319743239204,0.503591864750794
O-O-XXX-O,0.4911694822942929,0.6871490503368197,0.49897881993187204,0.6872415822156854,0.5023182807769755,0.49514373332362166,0.4927884891952188,0.5305538831112419,0.5025415075941368
-XX-O-XOO,0.6872379594563112,0.5062894733985924,0.49036081172566537,0.6785277550754034,0.5000500773244345,0.6778048164055182,0.5077000122689671,0.505390224997104,0.5038367436880422
OX-O-X--O,0.4909116870854191,0.5079103678974939,0.16690921447106,0.49736269457059257,0.04067983468529268,0.5025286850816704,0.09148872809654185,0.536958231036534,0.5051212924779556
-O-OX-X-O,1.101325770494482,0.4907372196713995,0.6872379594570711,0.4937836637863799,0.49500627154492094,0.2730542239485555,0.5065015752355154,0.3509030444819662,0.5022409044356451
X---XO--O,0.5038340721760055,0.23210625981743904,-0.04146213142285338,0.4423750038513349,0.5004326772335341,0.4903989829034584,0.0730980311398961,0.8627156819291673,0.509975477102804
--O-OXXO-,0.6025546749073994,0.33532673852902994,0.5669650909292292,1.122659105454406,0.4384318969804606,0.4414882395944836,0.4631986467136232,0.4057156741027868,1.2259868231253876
-OO--XOXX,0.6912307308866453,0.410993020461393,0.48546899183945424,0.7228890297103414,1.0744510172878767,0.4116765568018321,0.5138949796210901,0.5831979273923433,0.45987781674419265
XX-XO-OO-,0.539351142906485,0.5018451566961389,0.4313892866077553,0.5651447773234386,0.5656964678369881,0.5064662070372417,0.45169474911839325,0.5721888132036488,0.7288065579110625
X--X--O-O,0.5007473116547327,0.8950192159174138,0.2598748532910867,0.5094632377366677,0.7903430708495106,0.1008302719023555,0.4990996104036066,0.6852620672734162,0.502610920691101
OOXX---XO,0.4968089082524311,0.4909968482352503,0.4923500470920551,0.5044367203474206,0.6872381251804497,0.6463099863663789,0.3660829277689032,0.4929494850386234,0.4958362699992392
O-O---X-X,0.4931403868524852,0.8170103281945088,0.4906947941692364,0.6870384674909031,0.2944715007955502,0.4945392847949218,0.5090326092271646,0.6872379594563112,0.4938408538265305
OXX-OO---,0.5016480582146604,0.5092770307512717,0.5089674985085785,1.4637692313491981,0.4958873351782393,0.5060971587627721,1.4009946982412576,0.04348005620845785,0.22975395906534202
O-XO-XXO-,0.5070843100600894,0.6871511205980997,0.4902426881744127,0.5035465346194083,0.6853634898689178,0.5073882641215762,0.501411624746722,0.4992258654203445,0.6872379594570661
OXXXXOO-O,0.5092776793264155,0.5016768783980167,0.4992730045326657,0.49427482813571544,0.5013140377806586,0.5058410132088977,0.4913398544913713,0.6872379594563112,0.49266423305104173
-XO-X-O--,0.69096986473786,0.40037965375613466,0.4843398246966276,0.30299066386166706,0.5964942362468044,0.41283677753082226,0.5010789746339305,0.6872379594563112,0.39311409475473336
--X-O---O,-1.0451985116531315,0.04487862252915531,0.4915867015806495,0.23444437822575093,0.49838661072880014,2.057737234361396,0.8458382841420232,0.04796279461341657,0.49213838985077984
--XX-OO-O,0.373746587404142,0.2903270920958435,0.5026360026525981,0.49183981496827156,0.27853838947727827,0.49288352212775094,0.5046397055372781,0.8655241551802134,0.5020954614947299
XOOOXX-O-,0.5025036964615818,0.5051644601728662,0.5029226900235615,0.5025366018861184,0.49164267472532414,0.49279214287099166,0.3608667297750979,0.5064667899120006,0.6872379597821971
--OXO--OX,0.2719157882429777,0.5018324484140231,0.5046139819596303,0.5098548650620014,0.5057921192551511,0.23133282145103595,0.12276460319022708,0.5037475077531446,0.5015809038849058
O--XOOXX-,0.4167515938498439,0.5691984413329384,0.04062948999829241,0.5246353977210979,0.540664004868592,0.4753076038412547,0.4095667539598834,0.5653291767755808,0.6872358148001468
O-XO-XXOO,0.4453695073571219,0.3355684757380437,0.4304351621054988,0.4968512636344186,0.6872376953774207,0.47145215493191894,0.5733969568820227,0.40980134438015314,0.44894659837651946
-OX------,0.7202983033433795,0.49252585815781874,0.4988818863953947,1.5732895217739231,0.688170024185756,0.8923846903845615,0.27712728171257694,0.6561888329971438,0.06978766618395904
OXOX-O-X-,0.4906617979318596,0.4908788757483556,0.5053997784211323,0.5034145390367336,0.6853706576475149,0.5065505781318779,0.4948565403675431,0.5048817934477651,0.6887868277746619
OX-O-X---,0.5083657486054074,0.5028509816968355,0.2391692595637528,0.49019947634458005,0.05082068191682898,0.49931261151352485,-0.9910715563588373,0.4385119182755909,0.20993697823782453
O-OXX--O-,0.49444781225088347,0.6475540124142982,0.5073519824628037,0.5037897033386638,0.4914685357129648,0.6872379594521355,0.9865699232794605,0.49979502836677325,0.42502952348539297
--OX---XO,0.7235626045352505,0.31680193399693735,0.4940050639322616,0.5080326771364659,0.6652527900047023,0.4954551638503188,0.5051528790309349,0.49787503415549017,0.4934271161726305
O--OXOX-X,0.4465638912363308,0.674809346775481,0.6872379594563112,0.49186611280369,0.561303699034191,0.5331703501306744,0.5940666164620461,0.6872370090548069,0.5008484438400577
--X-O----,0.07207505181341317,0.5634397222076977,0.4980070322964821,0.2779988211417983,0.5084989941728124,0.6872377096427518,0.0035650646591914303,0.19538584606867387,0.03721095514944178
OXO---XXO,0.4934642061583042,0.49383998001551976,0.5088509840761691,0.14942057035614675,0.6872379671828708,0.07676520837732043,0.5094531780843072,0.5047528738303678,0.49493280697350894
XO-O-X--O,0.611129641222548,0.4562976604705773,0.3477199934716443,0.8868272191792921,0.1773053070749634,0.8396804420954932,-0.08687912318920255,0.3080559799322379,0.613393867721984
-OO--XOX-,1.1205832610869457,0.4952924496988474,0.5018724129413197,0.7310704310595607,1.5593581950084958,0.50754380200323,0.4954145743347983,0.4965864020418011,0.3539801160599597
--O-OX-XO,0.5403220196714431,0.4352607815566825,0.5062167788384325,0.31308999777666036,0.4974926704295119,0.5053938578382781,0.11593939245461293,0.4989845456285057,0.4938521543333559
OXX--OX-O,0.5034924759240932,0.4969399450351531,0.4982920655230988,1.3412572527246749,0.6781030833222704,0.5095260004866534,0.5074401976007296,0.5669568858438807,0.5022832278747407
OXOX-OOX-,0.37025524369581186,0.5326219028352825,0.0562587947494535,0.6633724410882811,0.52497918747894,0.570391064425137,0.5109284188453055,0.23184171242046359,-0.0224670189514512
OXX-OOO-X,0.5075870755857421,0.4915296464247221,0.4966386880321946,1.049412612213103,0.4980880709453198,0.500973059604767,0.49875419664862514,0.5612070638463049,0.507619032429829
X---OXO--,0.4169087209364256,0.4840896629464558,0.6887724778066989,0.4002654271470938,0.4175324109460753,0.46644421038291795,0.40726379439365107,0.39511828786128644,0.03182667507317438
X-O----XO,0.495956741516445,0.5771212827590693,0.5074594798037252,0.2925041725956934,0.5030256938930457,0.6778915166904727,0.2390990555336902,0.4962020301361113,0.49338474890085404
-XXXOOOOX,0.6872379594563112,0.4910975858607197,0.4980326659614951,0.5087553897620006,0.49877299785958384,0.5018705204406315,0.499187299412513,0.4941288117026207,0.5033548212441181
O--OXOX--,0.56448562823053,0.6820790577455041,0.6794728163555717,0.4382029899058714,0.41440272980695836,0.42534229603740215,0.47535230080317864,0.6872379594563108,0.4186407481684955
---XOX--O,0.16517763570977023,1.2182785159616814,0.30141624735920725,0.5098795156660659,0.5079698714904539,0.4915386338908664,0.3005158407095525,1.5440915957069323,0.5044488453134652
-OX-----O,0.05048462542807253,0.4919647255552973,0.49143797245180054,0.45636426950048686,0.08157966189773952,0.18729265180027,0.2800376384749076,0.5829975674310349,0.4946682103478383
OXOXX-XOO,0.49751981434174886,0.4985889453027575,0.4920665189314371,0.491280213128036,0.4991677480262237,0.6872379594563112,0.4963231318966054,0.5039837490250912,0.5099055447468035
-O-X-XO--,0.11630699791078869,0.4925834874634586,0.6896219479155923,0.5028972244682023,0.49809108857539447,0.5053553359814814,0.4921770996084088,0.48924043880759815,0.6349044458232941
OXOX-OOXX,0.49865706591294034,0.5033366333106121,0.4942814388616661,0.5000163918063383,0.6872379594563112,0.5040781410942071,0.5000335628105232,0.49302080233521073,0.49308016236123703
OO--O-XX-,0.4913659924252351,0.502432203584032,0.8777708091560718,0.5040765035971169,0.5056010246890611,0.5149303176718262,0.49366443951851857,0.49365444778666084,0.6872379178733539
XO-O-X---,0.4996778464683956,0.5093286642150416,0.7282276350832869,0.5006187114506947,0.6781821867538154,0.49202918219674296,0.35241291199663005,0.7173491183777034,0.5095673177009606
O-OXX-OOX,0.5070600241045131,0.6595589589919164,0.4916939653909191,0.49635641734892383,0.49795763287153466,0.6872533345980624,0.49794931230914263,0.4920551423286967,0.5065731532523842
O-XXO-XO-,0.457112269247656,0.4709228758948978,0.4214863569834372,0.5362243693144733,0.542571766218067,0.4606642481588322,0.47717679800342927,0.48245923940212554,0.35118905353724583
X---OXO-O,0.49077298887856985,0.3677675881217394,0.45119890740182683,0.7350873810802983,0.5001181332170312,0.49490007663024604,0.5027452102844855,1.1568799416402245,0.4980815015742959
O-XO-X-XO,0.4952899878558917,0.08639576997630205,0.4940510926656016,0.5028152623516972,0.49719271275378757,0.505301453782077,0.9197851475884242,0.5070001993883961,0.4962403782898324
-OXOXX--O,0.4166196122198753,0.49464342426910524,0.49889179220618973,0.4977146108462468,0.4958435545046554,0.49958925715191893,0.6853514212970687,0.646102674150704,0.4932425728132373
--O-OX-X-,0.6851958779996475,0.4540399727652307,0.49623533753460897,0.6352493764973157,0.4913482782023751,0.5088489013144375,0.6337030661859758,0.49208971403533475,0.4962298982276305
-O---O--X,0.13716106463461852,0.4932307476407372,1.3089062505722102,0.05951876840964565,0.7274067065092372,0.49332692632408826,1.2429182451330838,0.04017152453260364,0.49965346176722225
-O-X-XO-O,0.10525655269171907,0.06990782152769348,0.04137284984747125,0.23444058743968899,0.6865251182369683,0.8012107615245602,0.10678514450389787,0.7712272132253535,0.8811713370974832
OXO-O-XOX,0.4924649645555016,0.4954913338853703,0.4900228799496532,0.12266459095775167,0.5078454216001304,0.4724346990506849,0.5098389054585158,0.5038871119297398,0.507999750874589
XOOX-O-X-,0.5017608215473144,0.4555841154230699,0.4510567307332472,0.5118121359881905,0.4130187803114107,0.44333081089748616,0.6872130371550099,0.4489458139399488,0.6871590504953418
--X-O-O-X,0.035311856384269924,-0.20753075604877047,0.5044856161773209,0.6478956781537255,0.5073513326374052,0.6872379594563112,0.49447067402612066,0.6857023609935903,0.5095594745393499
-XXXOOOO-,0.6855664826724073,0.4269031302124289,0.531114504672253,0.4059899711065329,0.48382855261881924,0.4346452839565528,0.47783036104446275,0.49822375439200345,0.6531871846283522
OOXX--OXO,0.4017073177586858,0.4275739641260492,0.5567435105003049,0.5099845097653103,0.5042194332573381,0.9182909214507728,0.5950892690205714,0.5664265121618546,0.48912651502992527
--OOX-O-X,0.6872379598124315,0.03904915143700638,0.4943035029187465,0.5025182125845102,0.4909757903056295,0.16843680139326445,0.4907288013243075,0.6454589494251785,0.4910405789627378
----OOX--,0.12570098475912117,-0.3852479682346027,0.02382604671188593,0.699633433245559,0.49864255151468334,0.5001389075978192,0.4910365825956764,0.02578906335121134,0.14834555051070575
-X--OOXXO,1.9745244331195524,0.4955665441334308,0.4544455962815076,0.11888291394393097,0.4967870306856656,0.4938734041390205,0.5082662433456826,0.508221545870301,0.4976265588511263
X-OOO--X-,0.5048360784505818,0.3562469040206029,0.5020419800040199,0.49169800285177384,0.49095553847499374,0.1413821958448177,0.6292034366278751,0.4926800962749365,0.48523926312491855
X-XO-OO--,0.5052438029448045,0.6786514147863926,0.4900588859250182,0.49543089713518074,0.3099108337877313,0.5022714402222671,0.4973679455495181,0.7496912850507214,0.49872778900308484
OX-XO----,0.5038867305192539,0.5015512807826606,0.4587062143470918,0.49850949804196565,0.5006406162084283,0.4310521845430901,0.1857825025621727,0.5060437902056443,0.17268238815183246
X--OXOX-O,0.4431897741894174,0.10312806086484105,0.5560911526687591,0.4035119284278066,0.5673506036342664,0.5768289971708013,0.498693762447539,0.6870676418583566,0.5926444739880049
OX---XO-O,0.5014229051867231,0.49493988718855064,0.01210841836144716,0.3046364842484479,0.7407260408519322,0.5035445493687748,0.5077923816467139,0.100059232751607,0.4952175698468256
OXOX-OXO-,0.4981777687028221,0.49757315837923055,0.49631981383218143,0.49026282779059976,0.14171597456992935,0.5046016034697497,0.507213138723245,0.5092360584814604,0.6605860988134287
XOOX-OOX-,0.509319077196718,0.5998472764401027,0.47798528679932206,0.5956617915138511,0.4789592266890907,0.4251002006400924,0.4813252175090837,0.44025706544519927,-0.08234672743861637
XO-OXO---,0.5021501672618364,0.5087782303916959,0.6852787837708195,0.4902498762359988,0.5099572560297344,0.4964463435493987,0.678642082548253,0.5074491179272184,0.6872548210581296
-XXXOO-O-,0.6872379240140314,0.5844141138113704,0.4196241377165153,0.41716014323372325,0.5493981748521564,0.527482638594799,0.2880590448261957,0.45855590837163274,1.977145797618568
-OOX---OX,0.4002327723102352,0.5518535269042054,0.5908715219517284,0.40383481768864604,0.16159952012812184,0.3372914416311841,1.1646194759817075,0.505235807490187,0.5050756442560712
OXO-O--XX,0.5064483185660185,0.5099425845452715,0.5056050948151823,0.49589389596741157,0.5068260687372865,0.4262170489959266,0.6872370962723398,0.49815251755992956,0.5098256375805219
-OOO-XXX-,0.92748335540353,0.4922453232292178,0.4991181651978833,0.5043071401284743,0.5030237192471411,0.5027638484146777,0.49812413646041487,0.5044153201792855,0.6785391953461777
-XO-X---O,0.9116885228277051,0.49263193928942334,0.5030073100197299,0.6778073052016159,0.5017899928111224,0.6859403322447098,0.17619471480764526,0.6872379575885914,0.5071794028174146
--X-O-O--,0.320706048407681,0.7819075612914133,0.5065485620526682,-0.35405945470822475,0.49589135933610307,0.6488066405162112,0.5089228405138289,0.0935377542184539,0.4702725988888735
X-OXX-OO-,0.49346472991022805,0.678656756643077,0.49204427325695804,0.5046631449024939,0.49237811548951066,0.4986745716782141,0.4934952674013572,0.495976388146524,0.6872379594563114
X-OO--XO-,0.5002081008716832,0.08064033304580742,0.491127941883174,0.5018944891564007,0.21795850194487298,1.144681155245823,0.5026814370660121,0.4913534675838683,1.8185775469489251
X-O-XX-OO,0.5077957742989392,0.5345421073657649,0.5023443374533908,0.49216170145416366,0.5011901351224671,0.5088476376069457,0.7003980214171394,0.5097027936461417,0.49427485489363515
OO-X-OXOX,0.49029461212872816,0.49641726974686723,0.34690219886889384,0.5010480296773548,-0.3684879344517027,0.49060799201073163,0.5006320973030637,0.5068120631909938,0.5032618107535397
XXOO-XO-O,0.5011988760110532,0.5077048654697849,0.49731651120715126,0.4940035278415233,0.36544876387635516,0.49356489474159015,0.5076191193056057,0.731579939301137,0.5057327614776853
X-XOX-O-O,0.49888804548931764,0.6872379594563092,0.5046590541071102,0.49683014943364207,0.5051621980722807,0.4159336496774291,0.5043599877571335,0.6473598717783438,0.5031926807785965
-O--X---O,0.4025209597684103,0.5023672738383732,0.04210729259636059,0.2033365145483696,0.506807973295302,0.36191083301264415,0.6715527727906038,0.6566937090679821,0.5042316637496042
OX---XO--,0.4954434118802953,0.5030415955083019,0.014206453857073753,0.17006343177688577,-0.3221381971289998,0.4952275419919327,0.4941139020621091,0.11752187740882863,0.32729242948225584
O---XO--X,0.4947492817653135,0.4294120487917431,0.382321543865194,0.047464599952281805,0.4932991760826986,0.5060038864272149,0.273363764968261,0.606773945870639,0.49117641595534856
XOOX-OOXX,0.5005711631500741,0.4946938785543761,0.5082760015158813,0.5068002404186827,0.6872379594563127,0.5060785608754412,0.4981730607266015,0.4959282299807918,0.49564240385714753
OXOX-OXOX,0.5097306044090155,0.49025903429818546,0.49835165468906123,0.49844950906611796,1.2966526883318252,0.5098930013279385,0.5053414651327708,0.4966244717444562,0.509518695095107
-OXO--X--,0.2732222464941092,0.49717704195532164,0.5028927657245937,0.49116140783270223,0.6872412642096936,0.5103816153279338,0.4913394206390927,0.6873537005021189,0.687150232244569
X-O-O--OX,0.4996062785288434,1.5690946799010668,0.49873142591762,0.16319220832193215,0.5011600191792874,-0.2563509754782879,0.06846339858334882,0.4907736324747633,0.49763848826023654
XO-O-XO-X,0.5020250356749545,0.49966686940071237,0.5097326532225476,0.4968942231756851,0.4906711425735592,0.4954782918042645,0.5053326575565216,0.6950713623111818,0.5070543598015789
-OOO-XXXO,0.02128656051764599,0.5079044649844935,0.4969650698500075,0.4931141624202037,0.547024733986763,0.4998408340572254,0.4960577435806707,0.4996857106879066,0.5034246778029777
OOXX--XOO,0.49940139424456464,0.49432610646343506,0.491947979151247,0.49464918747203634,0.68723795981004,0.34823843067125454,0.5085245131187227,0.4923591693996644,0.4929149234391808
--OOOXXOX,0.9009803473264866,0.6584859157013311,0.9475279782545544,0.3767660507610763,0.735714148531236,0.08353033153170741,0.776611986392385,0.027458446239709056,0.776252121273626
-O-OX-X--,0.6878866026591572,0.5022394284793753,0.6872337878489561,0.4936061424336372,0.5026205477545064,0.6861325547567794,0.4908187760660638,0.6872196046519565,0.6872379575995322
X-OOXXOXO,0.49532862754359575,0.6872379594563112,0.502718206971497,0.49456904733624435,0.5086143675215041,0.49147062866377983,0.4924175930569285,0.5004060692592456,0.503987236482303
XO-O-XO--,0.5698955002628285,0.5451671147181086,0.676006761770683,0.5792531922874976,0.6744651846854246,0.5396093798697458,0.49318643169002724,0.7147224782732623,0.5056113289669185
XXOO-XO--,0.5385396866240179,0.3220125668881677,0.7988005954974841,0.6473626551399297,0.6847926654236041,0.04334220687842216,0.3561100639451108,0.52497918747894,0.7198264453466199
X-OO--XOX,0.4919407453905255,0.1140364861105867,0.5025756374932367,0.5046263745780364,0.6872379594563112,-0.27317811118288937,0.4915546428737793,0.4984813741853716,0.5052128382271099
X--OOX--O,0.4957192388783262,0.6852920823058294,0.687233910961027,0.5023648590051633,0.5023900345958058,0.4939417023510993,0.42052081085437054,0.5353694994825472,0.49608385454478465
--OX--XOO,0.5255130160860125,0.5536507080804706,0.351181167382844,0.819244483905278,0.5560533327402652,0.6876901191291528,0.5451086823874355,0.32406972374015575,0.8978028425692803
O-X-OX-O-,1.700778190883927,0.07145480350382627,1.897218590495426,0.9637232996719376,0.9266838657494536,1.1702117481359011,0.6931630318775199,2.052432410868932,0.7209883118975351
-O-XXOO--,0.685191743407956,0.49173232796070004,0.4487736472099377,0.4977399243864605,0.5065375290154931,0.49234947242265004,0.5051142561229173,0.03424926284000274,0.6465890171964418
X-O---OX-,0.49188377918161535,0.23731947942129517,0.46605980152079596,0.9094695528244269,0.14723177573278362,0.6267425641961839,0.576298823999222,0.4346644073608813,0.033656886438970246
X-XO-O---,0.5076974694112063,0.6868403736159171,0.4905970103415211,0.4959317138522454,0.6872379594563112,0.4963342790805312,1.2311754805842863,0.13438312570307143,0.25946689419347707
-OO--X-OX,0.48004476112941113,0.49780783557950226,0.5019927047349095,0.740051221886155,0.43483559210566813,0.5066570985433314,0.42982229026355256,0.4954339256679004,0.49224951599790573
-XO-OOX-X,0.6844523930402833,0.403954615014306,0.4280268489884731,0.6872379594442125,0.49144060958498154,0.5616213377002879,0.40645118325722573,0.42015671708106317,0.508067727355467
---XOXO--,0.005335586917410762,0.2545303957913886,0.831294925499744,0.4912591349769753,0.4992907010322446,0.4949667822882804,0.4941847938057753,0.269303958202045,0.1202533668659363
OX--XOX-O,0.5030640505588272,0.4919359960298814,0.6872412642096936,0.6186158470889438,0.5076961766127845,0.5013113186450033,0.4991629243217478,0.6871483040811533,0.49098322617365764
X-XO-OO-X,0.5933399685458897,0.6872379594563112,0.5707731768772881,0.4224733927030319,0.68716070780659,0.40219762311148965,0.5515223000307587,0.4138195272493331,0.4459475734032067
-XX-O-OXO,0.6872379186843705,0.4957218418847038,0.500128894544335,0.26287463616691187,0.5023357679142962,0.16611211054434033,0.49001022823937695,0.49695244703318314,0.5002881791666921
-OXO--X-O,0.18486496623673176,0.3246647256704007,0.5630407026814511,0.10349588431534829,0.687221354596175,0.6648435934868576,0.03822098592402223,0.6430224040145228,0.5906371465784742
X--OOX---,0.4905066460238964,0.2644858804738915,0.6829962143497983,0.49617861051732476,0.5095854112935411,0.4959626759274102,0.18595005637519973,0.09755995571105919,0.6781226307726155
O---XO---,0.4963170292849804,0.1917496276947126,0.6877165051183797,0.31609332308486826,0.4942587200376852,0.5091283872894421,0.12018676834661829,0.6744527268416128,0.2541228390869009
X-OXOO-X-,0.41364371244660664,0.4335052440575687,0.5575045942866473,0.4115093500826027,0.5400244122274585,0.47811265223802546,0.6818884791287481,0.41205055996755907,0.6529546351880409
O-X--XOXO,0.43378373376259516,0.899829664415873,0.46622804106462734,0.23525319583264026,1.2385758193797212,0.8767298890134236,0.9429586799243836,0.09047578296619163,0.8101998288981906
--OX--XO-,0.6872371108750945,0.6512140966316258,0.49815630815216344,0.4921394719041536,0.553449151175815,0.2550791416771294,0.5095619617628426,0.4921865307768941,0.36688936262261174
-OX-XXO-O,0.41212237990080836,0.47906201914303226,0.44082187445615884,0.6855664826724073,0.4223910424162353,0.5010678841376721,0.42824165362186534,0.9315190528040913,0.48291837279594596
OOXX--XO-,0.4907150473437558,0.4976901353251174,0.5076811246641769,0.49194820276592904,0.6780775220578751,0.6102672783187058,0.49807997019499434,0.5010704068816942,0.025683125006347562
X-O---OXO,0.4992771909508659,-0.6158473138172085,0.49853822672540227,0.3034685323567853,0.20748472183987687,0.25572201366374225,0.49588833651532543,0.49119819918164287,0.496110536514126
OXO-O--X-,0.4934417081583638,0.4975830579599282,0.49192163115960785,0.5562653145936751,0.5018895733101987,0.4428194914964607,0.11502921076990025,0.507394000331967,0.32173121556248796
-O-O-OX-X,0.4143871252922504,0.568713966400952,0.7565522664901253,0.4128881577899183,0.6872143020845916,0.5026419895524546,0.4048218469716039,0.6868785765925925,0.44976428364594
-XXXOO-OO,0.6868785765925925,0.4604358979456835,0.5723163774579694,0.5439387962095525,0.5667474202013114,0.47295151746316094,0.6644859713413712,0.5235397658082779,0.5320989257928483
OO-X-O-XX,0.49463042420490094,0.5025307492583119,0.6877648275631537,0.5053005915085411,0.3920243758244436,0.5069306136186116,0.6868144122885548,0.4994169039337484,0.49320704963283696
---XOXO-O,0.13589374228964723,0.05873704308529232,0.22104649901304652,0.49418969816937675,0.4998465885554564,0.49707338146462227,0.4951067021634628,-0.21714170928744958,0.5048715788006308
--XOO---X,0.40781737126363415,0.532983047474158,0.503405363078855,0.49501695592725653,0.49884917127892725,0.6872379594563112,0.6379618498294921,0.19193345659065608,0.5030228087016756
-OOO-XOXX,0.5232463446674654,0.5840178163708434,0.4905209899074938,0.5490084371539752,0.8016296720797149,0.5384965575436689,0.4319494604690406,0.5658981752213242,0.45782592701542335
XOOO---X-,0.491451711009794,0.49132636544414604,0.4963246755146051,0.49714399648575364,0.4928939963330462,0.0479428326207898,0.678199464405509,0.49163396269686405,0.6441736789872642
-XXOO-XO-,0.4913792933832032,0.4957003156400078,0.5008357384637926,0.5032270126375166,0.5047076357193608,0.6872379594563112,0.49385666657199445,0.4928448734498326,0.7030467512037615
XOO----OX,0.49595669927873937,0.5007851936831255,0.5034308806675339,-0.393107839963459,0.49516777692621,0.01802301574234344,0.3091935322699026,0.5020433002522879,0.49043156590010195
X-OOO-XOX,0.5008458496787136,0.5343228239245125,0.5093105597504124,0.4993752779993126,0.5053944885019492,0.5778492114411531,0.5039415348203675,0.4910310024701162,0.5095951224365789
O-XOOX-X-,0.5888152119533488,-1.0779230962181008,0.4689951291756812,0.5883183433921105,0.4365300767830757,0.5151453456844997,-0.9839645153717627,0.5703129279310309,0.6872343903642549
XOO-XX-O-,0.6696831381376426,0.017013495716921345,0.9443803537587302,0.6864793848107281,0.5613995543958553,0.32818042274313486,0.6855664826724073,0.7129059602181009,0.6878109385671791
XOXOX-O-O,0.506355893744418,0.5090336892453367,0.4945807422990759,0.49127940328295305,0.49338410682417866,0.31861267405228855,0.49144970258411896,-0.35284020360572066,0.5040489715981179
OO-XX--XO,0.47042594550855865,0.5302436915962911,0.6872379594400508,0.48572913502931736,0.46903156330054774,0.4137155075463166,0.7224867553857893,0.49243250238154657,0.5773008796055684
O-OXOOX-X,0.4928356327920304,0.42400645809430165,0.5096122381104908,0.49009721741402607,0.5099184272886175,0.4928096856088535,0.4907810226716844,0.6872379190005861,0.5032940408311145
-X--OO-XO,0.5077091232393631,0.9180723948934608,-0.28878794297315324,0.42038012311177975,0.3497218369295124,0.8992566549613281,0.734009288567809,4.406773893991245E-4,0.2215712596471735
O---XOO-X,0.49829057069329596,0.8852565424283236,0.35798653596313856,0.5,0.490982909900269,0.5088750246998769,0.5025925464116681,0.1752832422483327,0.49920574613591734
O-XXO-OX-,0.49387701780941856,2.0232229355510363,0.49996857743738615,0.5010282464684783,0.49921189188589443,0.1572483899728594,0.5084803857403747,0.4969884215169617,0.38015758596593996
-O---OX-X,0.6449368658187218,0.5093267457468464,0.7074007120598663,0.30886885598781494,0.6860332205538086,0.5049742872553495,0.5074073064833335,0.687237959456311,0.4912247078540194
--OXO--X-,0.3954967990327817,0.6553385747458969,0.5093524199450408,0.5082204868726071,0.5093767411022249,0.012264271669945148,0.687237143959648,0.5026066409431293,0.015200538665552432
O-X--XXOO,0.5043872268487979,0.009983968861307035,0.5072971834672995,0.2515009056459714,0.6872379594563115,0.4935446970856881,0.4912790673793525,0.5032558582179428,0.5028760981572037
XOO-XX-OO,0.5076415075255192,0.4969041174378356,0.4925447331429241,0.6872379609724697,0.5094520555306947,0.49149586598454353,0.6802037259466726,0.5042756164854464,0.4938686081845283
XO--XOO--,0.5059455686183901,0.49621480668668,0.6846746870715897,0.47037785719090797,0.5047720325310572,0.500754445751211,0.5095997049365378,0.5107992417748864,0.6454857363154898
X-OXX--OO,0.5076318890239699,0.31002818181261427,0.4932811937278754,0.4959592909993617,0.5070145980420468,0.687237968582781,0.5031243025298946,0.4970262194595862,0.5076406300503533
-OXO--O-X,0.5061374825136883,0.49916984759235117,0.5089307438492076,0.4900332261476159,1.3652693866522214,0.6852514360572047,0.5043948372637129,0.802919326345128,0.5076931045048789
-XXOO-XOO,0.6872379943460297,0.4917566414134968,0.4982398063180529,0.494036969744082,0.4933714773392989,-0.6029910442769335,0.5010664351066412,0.5045645188194818,0.49153147748082443
OX-XO-O--,0.48744532883102326,0.49733543994566864,0.07719693808382733,0.5838678695148726,0.47314549237353776,0.43071864655056535,0.4651186147856731,-0.3192619201810406,0.17994637781218653
X-X--O--O,0.4147147227453366,0.6872113849296604,0.5047301446815136,0.6914464942588902,0.6854026778835294,0.47629170430800066,0.6470721347272647,0.3527533851100869,0.563148369664707
-XO-OOX--,0.6491985769456335,0.43344554065141966,0.5406214786272644,0.4133770442345296,0.5932550622451787,0.5757809086804376,0.4382613098087119,0.8817062515056499,0.4474750800059096
-XOOX-X-O,0.3653577657693753,0.6050392581411179,0.3906430756083126,0.11938842547807171,0.3864320899578648,0.49862889650527265,0.03838727351101978,0.6717488022641321,0.4942576947147439
OOXX---OX,0.49860966761549513,0.5051868134625331,0.5043687372603453,0.49141300645616265,0.6872196611832723,0.6781231046654839,0.4136223067870176,0.5041674889620444,0.5038422323290016
XOXOX-O--,0.5476097709842638,0.45347827054797507,0.4280030830511846,0.5252549405339008,0.42762063122352756,0.2297797779998637,0.593051430647163,0.40191153059160106,0.6872379594400508
OX---X--O,0.5039175282321465,0.5042047610304621,0.4392120237724752,0.4552124004480504,0.21733627194545907,0.49186261474260273,0.6872154259310441,0.43625926562905293,0.4995621260074586
-O---OX--,0.016148355985220075,0.5003183164209141,0.15960530117260824,0.2192764629835227,0.044828961987433025,0.49202744074354093,0.5007046774870483,0.1172946706370126,0.6872380096137719
-O-XXOO-X,0.6872337606315787,0.4958845724544903,0.02384849023507296,0.5052944736098687,0.50328568449502,0.49231053492034066,0.5067850328593387,0.21398054534734795,0.5052777508834285
-OOX--OX-,0.7438493699008042,0.5614979108842778,0.1089006502851223,0.9206821944305255,-0.3167010305927105,0.017811505001890215,0.5258004530260065,0.7485118908874825,0.28333340229047255
-O--X-X-O,0.6441419519799901,0.49383187215056706,0.6872379594563112,0.6777844199781047,0.49078330889332616,0.19471308792460212,0.4908063817751288,0.11840015135543447,0.4924243248487115
OX-OOX---,0.5003525962705887,0.4905232098677353,0.33599224621648305,0.4930529388643483,0.4935264486736128,0.49687011259539443,0.08120098334828729,1.3075993706664895,0.27577153412406674
-OOO-X-X-,1.3261227990681945,0.9482306800340101,0.15024013784867896,0.9332440576818746,0.1392203004254603,0.6883751124048306,-0.2811027573103937,0.13340448970728502,0.5851357245880551
-X--OO-X-,0.3226254386406559,0.4987406613253847,0.0088710471005774,0.2198999924051359,0.5077843669820276,0.496135635105149,0.5473313814042711,0.5055191248874817,0.6525059086850266
--OXO--XO,0.3721172392773312,0.5079576430934504,0.35698574568501584,0.5474627255508167,0.9698100883945375,3.774153966615845E-4,0.2300374984467755,0.3118458500616038,0.1346128609639896
OX-OXO-OX,0.48334795598290514,0.5053020326368444,0.46513425607917935,0.5119488741691236,0.5080488583997207,0.5195127798508766,0.9930041881037363,0.4099447529672057,0.5124424806190905
X--OOXO-X,0.4904323401363784,0.5874458948788005,0.6872379594563112,0.4936709540433623,0.509854165409265,0.49400428461731655,0.5081619238769223,0.1764502125638664,0.4921049421202711
--OO-XXXO,0.5751581377156565,0.6825180360377899,0.5252677083276954,0.5700168955033983,-0.35890792935349225,0.48360610815523075,0.5499204620609898,0.46533256375126186,0.4314397571869536
OO----XXO,0.5054544863387079,0.49748079144625695,0.05281747241864465,0.08077267355815176,0.22423981149578404,0.6654998477507867,0.4940913675158851,0.49052661738751135,0.4909624841660403
---OX--O-,0.7853484064660604,0.04463502498208871,0.6750723483580103,0.5013039324343865,0.490036561716321,1.0952158677319015,0.1254873425687893,0.49999667586292323,0.07041627011531759
-OXOO---X,0.11560195552426256,0.49244278094460947,0.5018142001608505,0.5072510140431457,0.5039067080597529,0.68760294214255,0.5062478576380803,0.5028514999818234,0.4956284911323162
-X--OOXO-,0.25942992282880695,0.49491644260386547,0.12005756745418983,0.03224074471054228,0.4910874145350517,0.49383433462324894,0.5045886668066929,0.497160769623212,-0.27655679807756384
OOX--X-O-,0.4894687326700128,0.46946819251849237,0.5200778768491322,0.643932254555805,0.6855664826724073,0.5280384300820327,0.3054458391324315,0.45274861293469,0.6869736298959017
-O-XXO--O,0.5031802102291002,0.505546831344782,0.0994874294260284,0.49038639481807794,0.4989608943201965,0.5015018228703269,0.06925180204881143,0.5924826611930234,0.49921440179755333
X--OOXO--,0.5976870120037893,0.7985730889429382,0.5,0.4042146924811437,0.4215918226071276,0.567362507973982,0.5081428681936219,0.6939986831795995,0.5835896722625783
OXXO-OX--,0.5653026191958632,0.4314874624422851,0.4356958777692321,0.5971123932451317,0.6735296062796406,0.4629008575676139,0.4893518484649405,0.08129130299685872,0.48473253827198937
O-XOOXXO-,0.5196519952758909,-0.2643353615153142,0.525967809743895,0.5018833416299764,0.5463655668603038,0.4793087783204136,0.5050884083798908,0.5750091170914511,0.6872388785068312
-OXO-----,-0.1660755997035187,0.507367700493326,0.506782490722673,0.5089258812050088,0.1846560438796076,0.22930025080994865,0.012666046741079628,0.6278438553645536,0.19378239403696895
OOXX---O-,0.21127143239155277,0.6101332508912813,0.44625159240870327,0.5250155692738517,0.3004282820901696,0.6741155251272997,0.47529487411798654,0.2518418468789392,-0.08645434012166309
OO-XX-XOO,0.5075958628808899,0.5000821825577,0.6872412642096936,0.4926642804016125,0.49880723700897694,0.687233845342433,0.49863266786856186,0.49245780045405135,0.49031162412038326
XOOO--OXX,0.5507558647533335,0.59671086272216,0.5492383787147019,0.5611489867417181,0.6845608642403299,1.153453146149499,0.453651788414384,0.47458217538851416,0.4663985466383934
--XO--X-O,0.9038084255921938,0.6870459687772016,0.5086773795978907,0.4965776103654226,0.6872379594563112,0.6873087137795331,0.5080010885648997,0.07460211433573816,0.5007916168344881
----OOX-X,0.8022420031551143,0.1892381797171777,0.28710302646190444,0.6859432376189323,0.5061038023696848,0.4920583880018442,0.4907133132279413,0.6872379594563112,0.5078898177385436
OO-X-OXXO,0.49758448802093674,0.49163641595938024,0.09010445971635961,0.4968816218678265,0.26845203603375556,0.498085946499988,0.4925323048336633,0.5054098940171042,0.49774542275274125
OXXO-OX-O,0.5079663382553282,0.5003161040741502,0.5001338714227935,0.5012510696565602,0.6872380827690746,0.5081896483084959,0.5005474001674022,0.6236528873890803,0.4998618329636926
OO----XX-,0.5081386405421192,0.49804015302864024,0.18657334860915464,0.6335848510063633,0.4568909642216544,0.38186924730696636,0.5093533317522347,0.5003270939077759,0.6872379594563112
-OOO-X-XX,0.6852939765638831,0.4922528603304214,0.4918973007872689,0.49965666032181594,0.4691417381894304,0.5072997630503543,0.6853739861037144,0.49312761718500076,0.4999198801883678
OXO-O-XX-,0.5361574210346219,0.5308451978031802,0.4515246083465303,0.4602131419229803,0.5036007123160395,0.6289170482235297,0.5137685884162737,0.5063284246639665,0.6855664826724073
-OOOOX-XX,0.27697127036812796,0.8794360583358505,0.0838648907791526,0.24838057183201645,0.1868311397993171,0.14208967315135979,0.6872371923082045,0.5774529771888951,0.33212316315872004
-OO--XXOX,0.52497918747894,0.8727009831451575,1.8082734344415252,1.921225760108661,1.735021034248275,1.937926583268652,1.110439664892084,0.7334562081526557,1.8842088662912642
-O-XXO---,0.6950713623111818,0.5086345896258985,0.6768333543255313,0.4927796117180626,0.5059944804644672,0.5044913187189587,0.4966165137633386,0.5093170492791386,0.4401713036193853
OXO-XXXOO,0.49523225848770147,0.5073887433887927,0.49826033377371615,0.6872379594563112,0.4918166498712616,0.5021839317124374,0.49660609445237747,0.5067731299126041,0.4939358545038457
XOOX-O-OX,0.5078698673941451,0.4956019434788391,0.494998817678902,0.5055937101571698,0.6465268649478695,0.49142815796193995,0.687237959475791,0.4904359203190552,0.49115860129509703
XX-OXOXOO,0.4982080877888534,0.508686945089893,0.6872379594563112,0.5072947989604419,0.5070804246170769,0.500201207052595,0.49911928395684724,0.4926507107272122,0.49591856263343276
---OX--OX,0.6872337429654181,0.7893563943654532,0.6856187020447886,0.49118666758226986,0.5012543586090956,0.7701908255686305,0.5713040842735324,0.49956537409322,0.509334355248994
XOOOXXOX-,0.5005230371682815,0.5018398298134725,0.4901427500610211,0.5076024467613383,0.4902233906363986,0.5066781268653087,0.49642772761160375,0.49273300662743813,0.6872379594563112
-XXOO--XO,0.6872379594563026,0.49057267637469204,0.49957121881564137,0.4989814209015918,0.5057068550870708,0.09124644857951514,0.30443649628777647,0.49132447516009226,0.49864283303607143
XX-O-X-OO,0.5033141906291738,0.5065308692798481,0.6872340087987435,0.494012187372385,0.4912720740445666,0.5050943709616456,0.47804514967228706,0.506514366338602,0.5025432064916379
-OXO----X,0.5010406680833115,0.4970866436892049,0.5074576179047697,0.5004509958520219,0.6785725134968773,0.6872379594563112,0.50062419054855,0.6781117057030955,0.5035918913076938
OO-XX-XO-,0.5058413527168618,0.5137669543606244,0.6844563219255202,0.4836074875707679,0.46012698683381614,0.6872379594555599,0.406088978585058,0.5506356732977087,0.2388034910867013
-XXX-OOO-,0.666343240221883,0.5355639904304518,0.5438496198878768,0.4766186868853505,0.40226005775544127,0.5574793305025277,0.48255042280329824,0.5151711755251734,-0.22077812841905764
X-OOO--XX,0.5012719755749745,0.4957705633200213,0.5045630709104808,0.502874912362703,0.4987412826225166,0.6440789172182448,0.6872387356606589,0.5044221958379681,0.49052444232568065
XOXO-OO-X,0.5072627649184489,0.4930069485923758,0.504579704087534,0.4995665947467811,0.6852888292305229,0.502086456166947,0.5086212098657147,0.4912315645321608,0.5028099773864667
OX-XO-O-X,0.5913056832656376,0.969713957628076,0.5262491971117669,0.9564820222658463,0.4292764649410493,0.011130130206098432,0.39603126517192466,0.09728047811722307,0.8347475971551354
OXOXOO-XX,0.49007585486422944,0.4937108733847386,0.4997109096185501,0.5081937459957706,0.4907477611126424,0.4950940811839762,0.6872379922735659,0.5048966923607888,0.5041479321844989
X-O---XO-,0.5009617444654615,0.6888233921384513,0.5056675443298533,0.6868195308974172,0.686824909803284,0.6875538576138409,0.5097697036583301,0.4996887975399864,0.6872379175423692
--XX-O--O,0.40624387318872357,0.5051962564077637,0.4911464824224274,0.5002566582217075,0.6853435195621143,0.5079545064806269,0.6886926522051106,0.27750070312897,0.5064520130293368
XOOO--XOX,0.5237528590700331,0.3980152074948494,0.2966287884019203,0.5241968167127616,0.68716070780659,0.8231560137012447,0.43631673626163847,0.3050975814285717,0.5538399060222947
-XX-O--O-,0.6442282377610976,0.49386053016487613,0.49454632509035473,0.5725212433602399,0.5080721601433286,0.8085963457193663,0.4312934006740852,0.5079323566623607,0.6872890845566625
XOO---OX-,0.5000297065705823,0.49451752057484366,0.4948145034353492,0.2596970022268227,0.3522744287821201,1.1527801240358302,0.4948359622669649,0.5085281645608196,0.6868076173585405
X--O-XO--,0.49320718602671604,0.6777806566832317,0.9479108945267496,0.492984392955761,0.41880444276246653,0.4964215160839785,0.500443064656557,1.2374744538572304,0.41978360789518737
O-XX--XOO,0.49483594433896333,0.2651148535722877,0.5366160410453487,0.51069210846897,0.68662463541716,0.6907388720331136,0.48326309512926574,0.44384607930639486,0.5392574988068876
O-X-OXOX-,0.5074005762074968,0.3968385325867543,0.5043768367483661,0.19219785428473446,0.49215269991440536,0.5076587776552701,0.49676110802576734,0.49269794409018897,0.677971537943133
X-X--OO-O,0.48419384366983415,0.6872137180401475,0.4757903810046592,0.4006234976032257,0.23746093866298923,0.4760744420176205,0.4932907284432544,0.26676357334297107,0.5552727676819059
X-O-O--X-,0.5038899933533082,0.9389495040939824,0.49023434732659205,0.6863265689949195,0.5022223062518765,0.6316425436563415,0.2513258151702168,0.5083392072866083,0.11570789623296196
OOXO-X-X-,0.4600939899383405,0.5228838279600839,0.14248890433497574,0.9843087704376129,0.6877408384837268,0.9915666929963932,0.6872381010271328,0.2363571249777786,0.020747514613107865
OX-O-XX-O,0.5026989849052258,0.4122758280511638,0.05768032396390588,0.4595927126461831,0.6855664826724073,0.4737881590882585,0.5372240007675754,2.0162234652649484,0.4896369559854711
-OO--XXO-,1.1733875135251464,0.4945827718257859,0.49874043076276237,0.3647164057529276,0.38815917405791395,0.4930423343648939,0.5009046139089176,0.495554003868476,0.1044531000570103
O--OXO--X,0.5055229293935571,0.8644862041958814,0.14229212729513846,0.508063019801496,0.49038067408747005,0.49737437982034666,0.49997440383039565,0.8115397251098788,0.5051522306394514
-XXOO-OXO,0.6872963278400717,0.5047291272483525,0.5015161236288174,0.503317995182699,0.4919024951930337,0.4927497811890513,0.4941266812666948,0.4954554736282705,0.5084110279325403
--OXO-XOX,0.6944537108801515,0.19826636881031195,0.5004518016431684,0.5093698317343801,0.4950998237377238,0.2185379322576786,0.49547226652481513,0.49582940409845633,0.4965313770446822
--XOO-X-O,0.24799111697180198,0.18263027424505002,0.5075188417368042,0.5064793280990326,0.5005622355731996,0.3361755682572135,0.5093736647663941,0.7742950761111528,0.5096476595408614
-OOX---X-,0.49894384784065077,0.4990978063213047,0.4979383189890941,0.5025577922973733,0.4454136183132682,-0.6287120456731097,0.016833961165508282,0.5056630809568743,0.296044084560651
OOXX--OX-,0.5875505655405977,0.5159957296827129,0.5627694273522749,0.5570459284591581,0.13341016994115795,0.687222883998188,0.4994938396082455,0.5040860384599734,0.7298874863207897
XOO-XXOO-,0.4986901876792631,0.4905324387017661,0.5082041885084676,0.686837567101671,0.5001175294570168,0.5076341676008544,0.5049984740623601,0.49251416848307983,0.687237968582781
XO--XO--O,0.15091825460123465,0.8200250231284626,0.21763804646360518,-0.2232598153864367,0.7726368903359011,0.8168907289471885,0.2564232535298716,0.2461840371271954,0.8277684983413941
X-O---XOO,0.5042311848772181,0.20338419455243345,0.5048218345752207,0.6872379594563127,0.09524909753429556,0.6767844333971708,0.5016072228844631,0.5078112860975516,0.5005729663110243
-XX-O--OO,0.6872320548754389,0.43264233689935283,0.522083655710365,0.3192607415433518,0.4679221606285175,0.4110010315511666,0.42142944592417025,0.400582573701185,0.44111371648764397
OXOXOO-X-,0.5023064607303417,0.49712737716195726,0.5089019077761006,0.492104444854884,0.4914260289035771,0.5047814546055254,0.4395699704234844,0.4996464847898849,0.4426148805637169
X--O-XO-O,0.5269000484838908,0.04690692915662331,0.08894330978372966,0.7850077051377286,-0.05570505154203609,0.23320008074500165,0.6774996041379238,-1.0797165779515305,0.9209272561196684
X-X--OO--,0.5059755331518739,0.6778094686684637,0.49963849624525886,0.831881430434663,0.7140139219421417,0.5030372820372133,0.5091840333021526,0.024708088020676644,0.6915032449137799
OX-X----O,0.5088133263656553,0.49361630771902726,0.13264478016438896,0.4966937042961458,0.6872962653370852,0.21743362888620116,0.48428527191980464,0.06117760566325159,0.493097416546922
X-O-O--XO,0.5481400895918922,0.17816845888060173,0.4980664955509709,1.4226440198363062,0.43668903014927907,0.4254791104013016,0.22183370966666183,0.476243484258885,0.4688141081718262
---OX-OOX,0.6872379594561179,0.7780293843124747,0.647937909687514,0.49998043689671845,0.4929034067421808,0.6478147244777896,0.5031670199871462,0.4982152589195098,0.498188825009491
--XXOOO-X,1.7305969398816796,0.6820423177479433,0.4990879804495618,0.5070869677012352,0.49112324952082687,0.5099543987848559,0.5005379866788369,0.012723284764370346,0.506115392271659
-OOX---XO,1.2153716336769336,0.5263376564976647,0.41608757349182707,0.5878010452121734,1.5489702495387145,0.1556100671552575,0.03982992490426274,0.4457354773496233,0.4185179027769854
-OOO-XXOX,0.029720380196649243,0.4986626831201107,0.49227152565638477,0.5012263762834935,1.255192384871373,0.49183863544184414,0.49257505456351586,0.5023765769469838,0.5055489106379678
OX--OXO--,0.5051963525433883,0.49619645527055495,1.3834228112164197,0.7671833739671965,0.49378177608983737,0.4950071565238243,0.49879733876249266,0.020734069871662486,0.1650854804272246
-X--OOXOX,0.3754617294864001,0.4907684871354247,0.05207674251265049,0.5859492718918654,0.5019939009234357,0.4937429127833879,0.5085429459602963,0.4941170139452476,0.5006207746602096
--OOOXXXO,0.2357988490218731,0.6382576785094229,0.5793073218453682,0.4124006120157978,0.40082892986797247,0.5368115587553445,0.5480186965959254,0.5513938002697789,0.46552686850057784
--XOO-X--,-0.79217361170799,0.6766423900194476,0.49732885536755456,0.5006212690478377,0.4988963186923554,0.012713060521589381,0.49350233302755253,0.10723180939084431,1.3187120609684275
OO-X-OXX-,0.015108812530769566,0.4553085823853169,0.68716070780659,0.34782870836333113,0.2130711662610395,0.915358872369496,0.9466313687982006,0.4751901780843951,0.6849518119075064
-OXOXXO-O,0.9956086074614504,1.7036756002164015,1.1145720249513626,0.026882167307266835,0.18431433755620358,1.1186697435303614,1.7139851089084137,0.9740200737818319,1.687712556499255
-OO--X-XO,0.23588541129510432,0.4944917127115223,0.49959269315398275,0.02838094532041513,0.33972081354484474,0.4938366565132721,1.9128213941124845,0.5011601661169599,0.5093868483700789
OOXO-XXO-,0.4196471271452581,0.5274281466271069,0.5872382940687967,0.592056547308758,0.6872379240140314,0.5187797021150381,0.5154621617193117,0.5334943273317863,0.41806584121088
--XXOOO--,0.2286371602202127,0.08793506578651145,0.49870194471402024,0.5099238473144238,0.49510727404397953,0.5029787099720233,0.5079522439124681,0.3872611667595356,0.40002098444961837
-XX-O-OOX,0.6872379954035044,0.503710593158924,0.5046968049609906,0.6471928597585317,0.49349482844434867,0.6872177780587135,0.5008765092158165,0.5083844541933857,0.498378762433054
-OX---O--,0.10704540145740427,0.4928481425018391,0.4901365433366828,0.0019913737250138452,0.11416239300327125,1.2203101155002725,0.4912726456588255,0.3158590698391347,0.02721922087183326
X-OO--XXO,0.49074970199056034,0.5124973964842103,0.03788643761726318,0.5592985889177803,1.0355436081318432,0.5447646337848906,0.2233998752347749,0.3733792718350808,0.9031661880972219
--OOOXXX-,0.6878055767007957,0.504401552039148,0.5140417055140984,0.580184632966267,0.5527167451111256,0.5107987417998064,0.41487594653396875,0.4879377749719724,0.6794728163555717
-OO--X-X-,0.4552194850093224,0.49019299474149897,0.5009820817958702,0.28821215463153194,0.8749453652431651,0.5062705588139965,0.6103222306119285,0.4978571142279143,0.5013806873790536
OX-OOX--X,0.4922538091999441,0.4907213365902523,0.6460660891392588,0.49171656817353004,0.4943227422023704,0.5027675458962195,0.6871475044560612,0.3065129566832208,0.5008483877059826
OXX-OO--X,0.5037322738958538,0.5072029457685194,0.4933799475310624,-0.12995220415043207,0.49288023873031894,0.49911484094091074,0.9146672221759105,1.497949671094993,0.5037533475606131
--OXO-XO-,0.6872546482117018,0.38147886149252075,0.49383069082614584,0.5047060075099766,0.5021560883913327,0.1512139170329091,0.5093111697831765,0.5064624543926369,0.07653680705574806
-OOX--OXX,1.154318414902046,0.4912189807630248,0.5056300625246394,0.49420921257282197,-0.2272538142311561,0.6167100628528598,0.4918849087518652,0.5020588754273356,0.4920935289215343
-OXOXXO--,0.7374162242309359,0.4885152967518239,0.5162415187771097,0.42558721332966454,0.5041012305930577,0.4987266581174354,0.4130128946862236,0.4049891650330213,0.6872335959801589
--O-OXXOX,1.2577934651293523,0.5900680686746603,0.495126641381864,0.5100591176199649,0.49052165421965715,0.49432332251125033,0.5019145447786403,0.490933729637268,0.5049772357483866
OOXO-X-XO,0.4994435780136033,0.4900230395582196,0.49772329750615824,0.507709893740693,0.3867549009572758,0.49127297025235805,0.26086670221831076,0.5077905405176584,0.49491644837880855
-XXOO-OX-,0.6513501383002744,0.48067951702813005,0.8015729335109376,0.7852050824649572,0.6773052891005998,0.4183460196098676,0.5055530342145744,0.05703792692737519,0.8936706356894136
X-OXOO-OX,0.5039271214460902,0.8781258044553275,0.5058492407554691,0.5030262745880711,0.5068846823516222,0.5044426963685964,0.6872381569987849,0.5040401810498336,0.4906333789544926
XX-O-XOO-,0.41714366312260215,0.4299467597090687,0.4671657296500286,0.44965400534376826,0.08579848776011323,0.5732005391759769,0.48091014907211155,0.5361527961912224,0.6872291500362067
OO-XOO-XX,0.49362644574166253,0.49425435223147246,0.4943758850284818,0.4967331869198127,0.49351998422478927,0.49821956489254593,0.6872578523973438,0.4962978045257364,0.5098884201077354
---X-XO-O,0.5502375990363358,0.3848382188918187,0.19657028799665677,0.6191597621074157,0.13981923582904054,0.7616967154074998,0.6114584595523253,0.4817507554133115,0.5540367999546336
XOOO---XX,0.4978651271147579,0.4919108020165018,0.49736359921688206,0.5097203400067818,0.5029829828757094,0.6887868277746619,0.49912497748858653,0.4921471460454374,0.5057033624830919
-XXX-O-OO,0.6852826165859573,0.5067210324841046,0.49764415775584203,0.4900499558755434,0.495565123895956,0.49254038678540296,0.6873094920163073,0.4970576939594554,0.49492122059220023
XO--XO---,0.5097290802183398,0.49254093772518387,0.3737389789336019,0.5272697219871603,0.5030792577882035,0.4910560179851155,0.6871447971160151,0.6270652442521504,0.6872379594563112
XO-OO-OXX,0.5039695998546703,0.5019543454319786,0.48897570345918945,0.5000902964639188,0.5043888641809045,0.5775093244541156,0.49514053703952243,0.49021084713663954,0.5051503877320409
OXXO-O--X,0.4911722367098286,0.49741392822016883,0.4907003085140017,0.4996737735192275,0.4077823131231132,0.5078906019913728,0.7263078872454979,0.42217011502655455,0.4996664279704892
OO-XXOO-X,0.49106830626837866,0.4972180302877619,0.5651932481064329,0.4995584467915259,0.5093846497321272,0.5039937262501585,0.5040004942041163,0.42036553181360564,0.5078209352730134
XO-XX-OO-,0.4052740690489812,0.07939646993317473,0.13088439387037287,0.4428355977698072,0.7698135497460725,0.6870436416257458,0.17037865939720886,0.7240365150692801,0.6414523324721848
X--O-X--O,0.5097609296539021,0.15643326293620502,0.6266634334199305,0.5049372867244348,0.8663871601280855,0.5049594804446613,0.20817331939693307,0.6952777019488166,0.49253155428740336
---OXOOX-,0.7287309031334954,0.5016889609359838,1.2174715524132953,0.4906385257199312,0.49181497252936146,0.4961683735152043,0.4946710455072581,0.506414022160182,0.4177810193233199
OOXXOOX-X,0.5029018828663427,0.4954849521719783,0.49362780358984154,0.5045951944898134,0.5032277000058347,0.49875395601599676,0.5039171793990229,0.6872379594563112,0.4919871695127686
-----O--X,0.03547113148520925,0.05250400177759862,0.23579889444668395,0.6872379794688533,0.3881907334479592,0.5031687307093381,0.687918973853471,0.11047121512682767,0.5059799618562552
--OO-XXOX,0.23356617213213593,-0.11924591322520273,0.5075531010234694,0.5054183098932559,0.19106059855793156,0.4910357528921775,0.503235803913108,0.5055405353974949,0.5065097789809301
OOXO--X-X,0.4959799202393716,0.4934327425352716,0.49627463787838216,0.5080044352618316,0.687237959456313,0.6868053122360902,0.4990461349888151,0.6780189891393054,0.5059587788065382
X---OO-X-,0.4936643035377323,0.15168256257072477,0.31084245743442485,0.11079160834611468,0.5063274832613127,0.508594705678909,0.7171339226377542,0.5018485618194127,0.5541535510516737
XXOOO----,0.5036755406319936,0.5084134044364318,0.5029985574375675,0.4984753489085567,0.5044368227357321,0.1590822941510659,0.39632740193504845,0.4238144407125888,0.0053766115849727125
-OOX-OOXX,0.6431746069590568,0.5064010425324534,0.5070136847839873,0.4983167856009797,0.48236469670396004,0.5040770862078113,0.4967328518894945,0.4915364103416612,0.5005913561969889
-OX--O-X-,0.6515015331551772,0.4790006903081825,0.47674128932715076,0.46473981413410315,0.15111789540991682,0.4413697756852334,0.1418230660503621,0.541919518722368,0.29306063528276133
OXOX--O-X,0.4956505296011605,0.5064837216191038,0.5076675992243754,0.49391723072321503,0.6779632256147912,0.7512961533630304,0.501422795822318,0.41029422098503443,0.5060601165051535
O-O-OXXX-,0.4149976691538597,0.4816899940048699,0.4195515495273581,0.36607425777028757,0.5643920115093096,0.5605617963353036,0.5630084290268715,0.46216478584158144,0.6872343903642549
-OOX-O-X-,0.6962263503565486,0.5341197092149987,0.43664592593841867,0.5579164988002978,0.526472240966435,0.5066715751542872,0.711198188707761,0.5483928910152076,0.7606806456078581
XO-X-OO--,0.47149783194943634,0.5252390955861124,-0.046107125191116705,0.4145599415376142,0.6890066941941725,0.44673045945667145,0.49788349209042215,0.42558548218117864,0.7890493712841471
O-XXO-O-X,0.5658072976215487,0.8188619064645929,0.5740567964083848,0.522828893856574,0.5253063755941998,0.6872379526755619,0.5046086476488219,0.08909434499665114,0.449028162277365
OO-X--OX-,0.5033228824485801,0.49127838802629115,-0.18989470784587137,0.5004071680247827,0.3810598231804317,-0.3972785757711783,0.5060455173872623,0.5036385722270778,0.6369093720932395
X---OO-XO,0.4964480261142465,0.7287455684272637,0.43997077405041995,1.300641886629526,0.4959387850794975,0.5053382686503339,0.4020368101635845,0.5063167503645165,0.5094490414639705
-----O---,0.04063499199946785,0.478418489244892,0.45456423899788495,0.009993412227210174,0.5059101453229803,0.49076463984334606,0.005220842795802372,0.4827914587390048,0.12506885452899924
-O-OXXOOX,0.6872370608608853,0.493412493947065,0.6872379594570661,0.5065116255226138,0.5003119326362615,0.49820330791354117,0.5043164637869123,0.499381321657325,0.4914458674801867
XXO-XOOO-,0.5022049746319501,0.5079736834954163,0.5081229251196423,0.8679532010742292,0.5032718522115447,0.504174225722257,0.4902111436469618,0.5038272038128098,0.6872406201324094
-OX--O-XO,0.778486517776663,0.49018423668970995,0.5058053348903575,-0.062255475687038264,0.21422129381691019,0.5053897424866138,0.5516229047318314,0.5001609042437626,0.49344488280941473
-XX-OXOO-,0.6872336858362657,0.5018606247932035,0.4969633690966923,0.5001013876807348,0.5049990438148967,0.4999322408440349,0.5038319136061908,0.4962485471139697,0.6872379594376742
-OXOOX-XO,0.5022590371354142,0.5060974087743852,0.5018736150761726,0.5088865440347851,0.5051657928204742,0.5047690905821929,1.2102316604401442,0.5059937168835116,0.5049123397825461
X---OOOXX,0.5189230737284775,1.3122680113959628,0.20711632017203369,0.142626618079139,0.49257797859089814,0.4057481384674316,0.41853888463820765,0.4157328900678201,0.42617259332872665
--X---OO-,0.07091453164172168,0.010838469102588622,0.49475467423804065,0.002613107362878009,0.10017745250915039,0.6165206076105858,0.5053089246841455,0.49775420014938504,0.6835222897570911
O-XXO-O--,0.42630968867967234,0.004777229891679391,0.5914158820492615,0.5147811023146543,0.5290663314811118,0.08813299210561243,0.4325215744848366,0.2273338219760927,0.20158074835533313
OO--XXX-O,0.4924357212458719,0.5005873309689011,0.6868297142537763,0.6872379594563112,0.49693296785437263,0.49855293166104675,0.502188997226757,0.6693566525192584,0.4911319648247517
-XXOO--OX,0.6853552065376575,0.5070649579324233,0.5038711208114702,0.5074613181007362,0.5058471772722688,0.68723795945986,0.36134357912422543,0.4978089360982468,0.5019855516560843
X-O-O-X-O,0.5038164273283752,0.2816409152356405,0.490151361328141,0.6872379594554084,0.4974511138533018,0.5,0.5090492904389494,0.7643631420988918,0.506499952916344
OX-O--XOX,0.574242315109699,0.49327510948545716,0.6866198468595706,0.40670689588219977,0.34746502829314374,0.5686983350464762,0.42418141811512183,0.4064957967802859,0.49372471886200314
-O-XOO--X,0.006449295019738677,0.4937808487655572,0.4091726057560304,0.5063198541539651,0.5097099583885297,0.4933817445033507,0.68045701341887,0.14675098464311442,0.49454907130689246
-OX--OXO-,0.30342724885091216,0.5543517326278554,0.5980700284955361,1.3829364277790432,0.52497918747894,0.5956508544468303,0.44078767113855033,0.5635354253642167,0.4629919613101393
OOXXOOX--,0.5013373596237208,0.4954336771071351,0.5068063431935709,0.4911320120967534,0.4964356206996416,0.5099978751445404,0.5003768059861614,-0.3620953373581741,0.4974592984500709
OO-XXO---,0.49212859450126856,0.5052864544347774,0.1569796978718475,0.49730304113938767,0.49739116827911967,0.494002533543986,0.49707562260778554,0.0039008237510310684,2.050760403511835
OXX-----O,0.49281767271918797,0.5027222736781408,0.49026043057026586,0.7214840184134033,0.686010349273112,0.5036612103104944,0.19586351452539696,0.0077248283408658525,0.5083663869140903
XO-OO--X-,0.41579711772502204,0.43438463410620964,0.044715011940587135,0.5517061981964154,0.5713205320982107,0.024421689928893486,0.6394604932373984,0.5657300139565078,0.44713611096702405
----X--OO,0.16993177496316458,0.1637685271209225,0.687130865031273,0.05596455505727388,0.503581640796346,1.261664428231239,0.7477900029646924,0.49511543443605893,0.49465906358585965
O--OXX--O,0.49060401761406686,0.494081851442918,0.20865834224505292,0.5048259870521015,0.5004408768522869,0.49804036033718924,1.2656567504863119,0.38696245948820096,0.506863160619027
OX---XOXO,0.4918898215179229,0.4915295016978693,0.5056581805057022,0.47917985204429514,0.6472897177564719,0.5012187637381699,0.4935489371769903,0.5075888349969285,0.4941333703812856
-OXOOX-X-,1.0958173274067653,0.5982454019422575,0.249436568496061,0.39864199508968,0.16396744344568626,0.4177953498742093,0.9667984687043674,0.9138954069213373,0.52497918747894
-OO--XXXO,0.10871560108034173,0.4200630687938935,0.42199245945892366,-0.6887045203246505,0.4430996025388666,0.57795346780097,0.4406487710696258,0.4568039620998431,0.41815317392743784
XOO-X-OX-,0.49936682003518046,0.49137738113194307,0.4919444489874954,0.6872379665101157,0.4939345131940524,0.643476814033612,0.5052808612123394,0.5003324413429071,0.6782239905576897
OXXOX--OO,0.5053806397043136,0.5063262003770962,0.5073455070369002,0.49523735497363097,0.5047405441469895,0.09979197090497005,0.6872380841204683,0.5076672392865392,0.497186119877125
--O-XX--O,0.6862623224565988,0.6872379594563112,0.4938488300353861,0.6872379594373567,0.49953355614555023,0.4980130519756374,0.08836786148805409,0.49973775291106637,0.4980073572864998
O-X-OOOXX,0.5050437775921599,0.4147115244917572,0.5077153442249717,0.8739075567576298,0.5009931503421434,0.5009897645478777,0.5032401873334259,0.503637225992593,0.49765199778486136
-----OO-X,0.5676479055349322,1.0546846205825244,0.02743708123508737,0.32292301238177146,1.2764952882465943,0.5047729190096119,0.4942497582208057,0.7719866262297718,0.5089314617432775
X-O-O-X--,0.506758024652874,0.06369784551713442,0.5045971514327097,0.6872379594563112,0.5081187987924136,0.66095910682863,0.5084769164552225,0.009689632367562262,0.6411046408720014
---OOX--X,0.6872379594563112,0.4927396867462407,0.6872379594563112,0.5071173033128129,0.5004152944360831,0.5099046558012027,0.6439061060826686,-0.10143733021143087,0.49301502571155054
-O-X-XXOO,0.6871466637790012,0.4967828677065491,0.6764109041191149,0.5088313884156707,0.6853376478029913,0.49067942778124723,0.49921019735580147,0.5032753818390296,0.500764290901274
XXOOO---X,0.5089506169645345,0.4945652181819831,0.49128666467362425,0.49022213749603355,0.5095512664275902,-0.4006345219156642,0.47773424686302024,0.10038696666006675,0.4950361663197935
XOOOXO-X-,0.4990958258618897,0.491681530591845,0.49858053825286647,0.49806739980450365,0.4954015096205822,0.5033852391443995,0.09660322931043908,0.5009026207526801,0.6442539740762814
-OXX----O,0.6778769722275887,0.5084522996576811,0.5078545775721768,0.49793773637938105,0.24280153221629097,0.6448626774004059,0.6873772908885477,0.5023327636817867,0.49365620139253963
OXXOX--O-,0.47240013797591907,0.5738359390955475,0.4388799664815118,0.5964267716409195,0.48637590258122054,0.26494165450514606,0.4333026984698315,0.5598358211324246,0.5495244951422059
OXOX--O--,0.5095516905941955,0.4938714415873893,0.4968642905478772,0.49601239824038157,0.6782887201364666,1.2469814380829072,0.49815111242773263,0.43478466752889616,0.26135558617432353
O--OXX---,0.49962016852790553,0.20394441691194948,0.16566002287640724,0.4758886281565296,0.4789714204745126,0.5291402623673434,0.6813670934277517,0.4165622231069154,0.6692432057584152
XOO-X-OXO,0.49667480120895213,0.4987562697107223,0.5086845459957742,0.2647326319244989,0.5002700843293608,0.289803705349042,0.4962135911619133,0.5005678396288724,0.4953356083662496
XOOOOXX-X,0.4887590903948583,0.5970861959536999,0.47938006380935133,0.5654177807039396,0.48816228898813485,0.4220385296917934,0.449018566679694,0.6872379594563112,0.43303381002998165
O-O--X-OX,0.948369754006605,0.2197868934315339,0.970862801120594,0.2824401964140181,0.17835350491528662,0.37474533747559624,0.8399816211004356,0.6579097913254391,0.22186453134252893
O-XO-X---,0.4966448706011733,0.7310290776846621,0.5008850437429044,0.49488988271795853,1.2833176223903728,0.5074388748722644,0.6867426781085106,0.7534371308047821,0.4927491429099682
X-XO-OXOO,0.5001047946993993,0.6872379506026646,0.49050919289746187,0.5053153630634655,0.687237968582781,0.4960199172111085,0.49469045935959705,0.49170148509253303,0.5053837357902946
-O---XO--,0.1932548309168396,0.4902906509834186,0.7130898920958418,0.44586430584175396,0.7089416250066947,0.502263158619513,0.4974957758589083,0.6119986803397157,0.7411914578799143
-XOXOX-O-,0.7446874395624807,0.41784365321934225,0.5614457612171747,0.5523255558722632,0.5038711926448597,0.5385805032302873,0.9900521701876865,0.4223028353840076,0.48725015855802145
-O--XOXOX,0.6872371020233509,0.4936950133687898,0.6872379594563112,0.6868013488098663,0.49512302110726986,0.502105699339588,0.4938607735139597,0.5068400445777115,0.49149727697093215
XO-X-O---,0.5094366742557894,0.5066254192356012,1.1633048370078631,0.49502784637068376,0.5009526496867835,0.5059380378432675,0.5036861099533452,0.6867497643331489,-0.027892756491319948
--OX--OOX,0.6494104121203237,0.40702604886193416,0.511047800873741,0.5992822526816959,0.6794728163555717,0.6750363808439628,0.44470550650438645,0.591940514332751,0.5076151222233535
O-OXX-XO-,0.5978213560063574,0.6874620917851665,0.5007380370817824,0.5850329616875498,0.4353420533409089,0.41883196812887885,0.5451582288763578,0.5941229756450951,0.4797469070412801
----X-OOX,0.6872379575383807,0.006123798840709294,0.6797195950385062,0.5367898742473768,0.49540336447528766,0.6874345108058291,0.5042888688477288,0.49272502810696805,0.5078133894771992
OX---XXOO,0.5021524785182649,0.4978276466304893,0.581186532343524,0.6841938702184365,0.6872960635858723,0.5024244048804877,0.49069855205913676,0.49882169820165306,0.4921064873205686
-XO---XO-,0.6861574990245063,0.5098607783922391,0.501746442879331,0.2635031219675822,1.2695129016922229,5.030711742571858E-4,0.507169436029102,0.5092596036674295,0.636389179661363
--X---OOX,0.5016555106301912,0.6471420034854206,0.5076263618671535,0.5095850401914441,0.685342461379423,0.687238738352945,0.49830158911658595,0.4905706519239209,0.49947288841544896
-OX--OXOX,0.6887413336476856,0.8882076768677032,1.4118213031546323,0.3280495804598428,0.6513501383002744,0.5876668965635371,1.8872250395776722,1.926156100335283,1.5003517711423537
--X-O-XOO,0.6705817740293238,0.6712779906798276,0.505155563089138,0.43191411990784484,0.49949326745105516,0.1379916548309168,0.49317121347206594,0.49503660516816034,0.49457961407412715
OXO-OOXX-,0.49598197036618025,0.5097571499434906,0.502800296665988,0.5259088743938543,0.4996105628042571,0.5024315020313366,0.5084846543598538,0.4923529450775842,0.687237968582781
O-O-X-O-X,0.45042874380929504,1.0131991560723064,0.444155716555811,0.12913500030178626,0.4256648481305917,0.2018017714867425,0.5177978004207701,-0.1749113722572404,0.49333761199213094
OX--X---O,0.49490031695893344,0.4981084136468956,0.699229302301519,0.4119170466359323,0.49196440969886573,0.02946807920161254,0.6872379594563112,0.6872336010715453,0.4929840159198629
X-XO-OXO-,0.5018761204465957,0.6873161374880915,0.4958195804371488,0.494358744529091,0.5082281484027126,0.5068609457789913,0.4951303512162427,0.5034811592082412,0.7302690384409455
OO-O-XXX-,0.41241023237957397,0.5983965140832375,0.6809697853406406,0.46558806657200397,0.6502809261768387,0.44607558849303963,0.45778455848881905,0.5190346530954569,0.5226317153058099
O-XO-X--O,0.46665967375258266,0.06707449107059926,0.4806204422967964,0.5644476450622993,0.10209171654263527,0.48317507870818965,1.0325807900096944,-0.2334472598006132,0.4098695674078946
OO-X---OX,0.42928906947423484,0.49288923543245605,0.40444633538375074,0.5810409019199297,0.3690668351108047,0.08670475957271784,0.5157571948828215,0.4084540310629515,0.585466839204609
O-OX-OX--,0.9760240481302396,0.11370670278414036,0.13338264993172722,0.47399884237162737,1.1575018909794266,0.6976565720671868,0.3197692190395842,0.09715273017637094,0.49259910347090285
--OXO-XXO,0.6871674199818065,0.414711038357099,0.5681966586468985,0.43295901388550273,0.4107844684187037,0.6461420139767468,0.5848022363687012,0.5898185021920774,0.4706666263145035
O--XOXOX-,0.21574024576401174,1.2572399547120234,0.5631158224242488,0.3054933339942919,0.3535561838642812,0.6114142333202034,0.08428332671277916,0.7121733171556339,0.14990251084290562
O-OXX-XOO,0.49710912838893107,-0.24004027964352248,0.5062232683778076,0.4929831216397667,0.508981537780087,0.6872379594563112,0.4996808151936667,0.507851669976408,0.5029088079607639
--X----O-,0.03650887448148016,0.6614633633238212,0.5072754349763775,0.5892434299938262,0.07568929760911841,0.22593628141580407,0.6871821977180874,0.49211820271163603,8.021762871912586E-5
OO-XXO--X,0.4966439992142176,0.5064599047963174,0.32354467665434966,0.5066828927084206,0.49697099426612085,0.5014924789359857,0.8878084642554565,1.0886076845288577,0.4917315808371677
-OOX-OXOX,0.6871456837785404,0.4957137551105448,0.4900385641919075,0.4946200323163392,1.393922481304515,0.492503831866053,0.49334105668502876,0.49167982394118703,0.49741581474243346
XX----O-O,0.4998934335788761,0.5011461057243094,0.6872379594563112,0.20068607964061047,0.7193346019792743,0.03945987448716615,0.4972743199499402,-0.6200025469381705,0.4917643517213737
XOXOX---O,0.49188686032822154,0.5045424869912118,0.4987426202843578,0.49662959349958435,0.4985209190307945,0.8072522710888378,0.6872379593702507,0.5651346861562001,0.49542987879434397
XO-X-O--O,0.4946258622965608,0.50586885173245,0.4179310991305971,0.5002400271184454,0.4972628135227499,0.5054029050616894,0.6872377689871066,0.496514445910315,0.49239923235043304
O-X-OO-X-,0.49544028126227074,0.15365938398669254,0.4946847302172141,0.35958960172767174,0.5096772510968918,0.5082587745636667,-0.30593871375584836,0.5087692572078238,0.01101670533160326
--XO-O-OX,0.5084210250712039,0.4976590356907351,0.5075765725307243,0.5043494694817188,0.6872339808000134,0.5026291233856,0.7260355721385953,0.49034042314107545,0.49408547784052514
X---OOOX-,0.49981714814369993,0.044134022696964426,0.9846831185915512,0.1305606462406459,0.497165118684556,0.497404746891442,0.5064149262227268,0.5028002422198753,0.4600226140582657
-X-X---OO,0.6513727435417976,0.5041270399091841,0.09309301080892451,0.5053943349897232,0.4645270184255901,0.04503392276728557,0.6760517567634892,0.5056344547509857,0.5074484181995554
-OXOOXOX-,0.7051160174370866,0.5109632043609806,0.5780546654181238,0.40821427554706663,0.5837577879188992,0.553680893225371,0.5133563009666654,0.44583378496117404,0.6867101302162294
----X--O-,0.6837073331254071,0.6740982849116948,0.019415320266022995,0.7145061344440695,0.49067722747937775,0.6988756965173062,0.6874967605420571,0.5069221227845337,0.25223815736137245
-XO---XOO,0.05538672779858911,0.49036371575231985,0.49022541792755714,-0.2315567365264226,0.4918471271612973,0.0819102849115495,0.502271917291017,0.509062022172116,0.5022421482391365
--X-O-XO-,0.2833176906941025,0.686830455702421,0.5352691670289208,0.5436181666726455,0.5462551139387872,0.13970707829969553,0.46214563200910636,0.5852433806560459,0.5161187075561408
-XXOO--O-,0.6872379594563113,0.5082881016979646,0.5082077775451115,0.4936878232404039,0.49563280042433294,-0.2834662697121214,0.25115740609678827,0.4918395132187804,1.1473767603181897
---OXO-OX,0.6876685844060231,0.49865368183963504,0.6158029259326641,0.49590104980970207,0.5059460785483394,0.4994185302040907,0.6853562966259437,0.4979194553389923,0.4970089024201601
--OOX-X-O,-0.12361326529317196,0.03858341716951408,0.49761807155978494,0.498187367909378,0.49119084249257416,0.022429988887501806,0.505669255986629,0.5710029405219718,0.4937790973788548
--X----OO,0.006949060572238985,0.10797534650105045,0.5084648948543525,0.10153196138748544,0.8178765004617548,0.0781292759185836,0.09414723129687602,0.508996196561658,0.5099717367481865
O-X-OO-XX,0.6725332208286162,0.20726503433593063,0.8929266645030752,0.6571433125875372,0.03529789413830742,0.8990867042194713,0.6871074224943403,0.278099827201281,0.3567990313829442
OO-O-XXXO,0.508062029062275,0.5072254808798385,0.07395699465149597,0.5036713713192036,1.016726463614333,0.5011538494382108,0.5011349453479584,0.505604693632087,0.503115065538953
X-OX--OXO,0.5017755908452999,0.025619194031686332,0.5027208742450091,0.4944663821161619,0.9974086732218694,0.6782106403249799,0.49909233244139994,0.5064146886234778,0.5040693488863773
OX-XOOXOX,0.49935709959894403,0.4956374160296118,0.5212445309876343,0.5089111511600835,0.5075929763604347,0.4953850167398896,0.4928581180131392,0.4956270983742521,0.49814978102755125
-O-O----X,0.08852330965926636,0.49533861554237635,1.0138372257629211,0.49631398256297593,0.6803693929519822,0.054158652852865696,0.6602801131484092,0.6622431431315958,0.5027339316383528
-XO----XO,0.1285192094965678,0.494631570342614,0.4926257865951911,0.5009035499653685,0.6872379614179722,0.4950729552602237,0.33409770581376486,0.4909506381239008,0.5089398255658986
OXOX-----,0.5037611338191352,0.49554403722547447,0.4956819619497656,0.491703371538573,0.687237095023476,0.2699925031220265,0.4633203151697616,0.4645993293605425,0.18466294471121725
O-OX-OX-X,0.507118040423604,0.6890708534336082,0.5079539696354444,0.4909452443596208,0.42396097524082454,0.5018412669483189,0.5016468265806729,0.6872379575097053,0.4964010260189377
XO-X-OO-X,0.5041050623042712,0.5040157378049674,0.17720448044571002,0.5090289951095178,0.678508888690312,0.4980225672002634,0.49515024053575607,0.5044886255208622,0.505799843964059
----X-OO-,0.12425508246074579,0.133669570378945,0.21776316551286745,0.07988577148358755,0.5097288491436891,0.34793644694676984,0.49893745776115034,0.49028238308247557,0.6923184598636227
XOOOOXX--,0.5092988169591183,0.4953142850914194,0.5093419099026941,0.4959662791354607,0.49661330631108175,0.4995748038916823,0.5013627918727248,0.4927247442037275,-0.04308404325078996
-O--XOXO-,0.6876016720618668,0.49908941460211736,0.6786842497901824,0.6437002181248146,0.4925986369251793,0.5046281899397997,0.49331912551588575,0.5006035187459056,0.7005523516344541
XX-O-O---,0.508432499833352,0.4974540759630139,0.6872379594563112,0.5062519693593853,0.6468485138956785,0.5024326577595228,0.6783917880697037,0.6447992368432537,0.5002862465799726
-XOO-OXOX,0.43102978321391594,0.5249014973302396,0.4533490024651959,0.45246074296334665,0.3618113282341416,0.43588563889323884,0.4410783709097554,0.5044546320118746,0.428108227428235
O-XXO----,0.5029790229092638,0.2774335867030271,0.49547264708147326,0.5092278570221068,0.49631737942712606,0.12338920042354706,0.5089838286931077,0.29669599810956526,0.6456563062257954
OOXOXX-XO,0.4937519721254404,0.4948278603786375,0.4908308999562006,0.49887248514162896,0.5031784267426722,0.5031968868365114,0.6872379594563112,0.49631051854559927,0.4903598938162761
OX-XOOXO-,0.4974878577050857,0.5017412798338452,1.005976493322254,0.504529898376224,0.5039432633908715,0.4958705319640355,0.492538776256833,0.4928632879031108,1.2261191654792123
--OOX-X--,0.5882692390438042,0.09389008434362633,0.5074915354647819,0.5094108302331022,0.49698200145303956,0.30735058749260113,0.4936467358397607,0.15152538533960924,0.6872379594599471
--X-O--XO,0.5758661726797207,0.19415288158703298,0.4917908272973849,0.2735976651614076,0.49348739296807276,0.16301585570493193,0.7377067367883094,0.4909453331909298,0.49352349992645966
-XXOO-OOX,0.6872185885495192,0.5004502555215068,0.5046999207821837,0.4959860437408383,0.5022590407007084,0.6873163970638075,0.5085655643836458,0.4918820032344952,0.5006761528316307
XOXXO-OXO,0.500889038903267,0.5052692781848087,0.5082275861986425,0.4922176751809932,0.5004299723406912,0.662564329516384,0.49865962060085056,0.49601914414953824,0.49030910647628806
-X--O-X-O,0.7282601289257591,0.4945429136652246,0.5528232057407869,0.12651217373892265,0.5055389696242639,0.23535614956859785,0.4919383251321915,0.061116168059695664,0.49353439345553685
O-OO---XX,0.9091349243404758,0.20636726805544658,0.06952497944569991,0.9860049866619358,0.11919028417296063,0.09510723281877753,0.6872299612601688,0.569692905816845,0.946694144039717
XOXO-XOXO,0.4954537901827866,0.49827501562030263,0.5017622741502196,0.5021262032499588,-0.12014719461998313,0.4925670198450356,0.49470622134484116,0.5054717995469091,0.4932338568951646
OOX--XX-O,0.4930817136656237,0.4977221865783373,0.49316905776693987,0.8398220762627072,0.6873305113574016,0.5028121732082877,0.5027012653134466,0.6449738076038256,0.5047050035978221
OXOX----O,0.4003242526912027,0.5926427875683948,0.5225672115355317,0.5198250756659966,0.1487305906339338,0.40997382189520715,0.06798275512559293,0.060581482344159276,0.5478694585606176
-XOXOX-OO,0.5566400227433941,0.8154803958639784,0.711620398515972,0.5818868809261809,0.06058386205129562,0.4709213907225607,-0.20622881941071436,0.2320643866653067,0.8543875317788747
XX-O-O--O,0.5772118463613234,0.41939215678898595,0.68716070780659,0.5924713013667093,-0.948147813192701,0.4600213174079967,0.4015373617559242,0.40960347360954197,0.5783357763462251
-OOX-O-XX,0.6790223901916438,0.49900458579677465,0.5158634470004932,0.5263603602978838,0.6126873861902997,0.4289206629768519,0.6855664826724073,0.4529330558078007,0.49426350604600994
XO-O--X-O,0.572803122439493,0.567986762943294,0.36341502758641614,0.4105994989392875,0.07668613139437352,0.5134616165367819,0.41073058020764,0.18406391688688423,0.5587853256177455
X----OX-O,0.5028681334944484,0.696488250657758,0.6872379594563112,0.6872377579671922,0.03822894129448534,0.5062154521699814,0.5020218921533285,0.32041702129114347,0.4928544941174848
O-OXX--XO,0.4529027697016713,0.6872533345980624,0.5759010117633574,0.5927030255095556,0.46613246264674546,0.682288222476068,0.5301697047084065,0.43121562389115714,0.44060118469910053
-XOO-O-XX,0.48343867567962084,0.5905136776387478,0.5605375401506358,0.5660889800165289,0.6624371926426478,0.45769315472622807,0.6854863230146604,0.5681575834375464,0.515339269604075
---OOXX-O,1.0913504681675583,0.02826299654170228,0.04262777718754418,0.5082846597788307,0.49832698868228575,0.5065177162826797,0.5099005882072798,-0.2882942033855608,0.5087440257264616
-O---X--O,0.09626228258996405,0.4984258273814358,0.02839781625061144,0.6515125002696175,0.7532173167305671,0.5022187563054485,0.14609463055856908,0.3447800641230647,0.5049598371481724
-OX--O-OX,1.2513362871225278,0.41380174061572317,0.46000837674211414,1.292228167740269,0.6872226306803224,0.5294708398265117,0.006898725900146729,0.456382490165493,0.40382379484
-XOOXXO-O,0.2844286673633181,0.49468581526867444,0.49931913166428654,0.49073878991700276,0.5010619602663134,0.4942553936967156,0.49820804890570625,0.6872415465586711,0.5035014618658779
O-X-OOXOX,0.49629840434826755,0.7514114288143017,0.4923473386783239,1.4265737906487086,0.5039240389707231,0.49599884844472447,0.4940968804588216,0.4919070233242041,0.49362256118143355
O-O--XOX-,0.4260819011468995,0.9803348174003852,0.4238408721960323,0.09854658884227296,0.029667826421354238,0.42570421916208967,0.4546666433692742,0.4498346107422118,0.23636905683181159
XX--O--O-,0.5081113615569647,0.5032631931672754,0.6871484480294314,0.3243763706330648,0.5040461882112375,0.6916542710290411,0.6872379594563114,0.4908292046353791,0.09968548281539308
O-----XXO,0.5015880539943393,0.5819741261115413,0.6860183857762775,0.06395824811662998,0.2707987346806389,0.4222264676999178,0.4927121538537469,0.5008972450679273,0.493175268076021
OO-X--XOX,0.5979711585205941,0.448157853746325,1.0981899968443893,0.4848270729589995,0.08781336325379452,0.42231204867345395,0.4134818838707316,0.4344747031027058,0.5229450131148341
OO-OX-X-X,0.49356173169502005,0.5027341432058134,0.6783130527493587,0.5026361958501139,0.5015686590595405,0.6473965129174744,0.49296437862049175,0.6872379594561285,0.4974467379884672
X-O-----O,0.49864164548903994,1.3036450555389838,0.5040811338272142,0.288235865114876,0.005814133990493853,0.43089102638443455,0.6502642067489364,0.4003135913876811,0.497051792647815
OX-XOOOXX,0.5050879038649384,0.49896441036536054,0.2529316704658793,0.4997464801997081,0.5053005451415297,0.4954547768837835,0.500078211001768,0.5054144254153402,0.4913314289366571
O-OXX-OXO,0.5052744512365508,0.6852030916185652,0.495712024124517,0.5027058734793552,0.5045510556431121,0.687237968582781,0.4990880294878784,0.4981397128675118,0.4948637696569225
OXO--O-XX,0.5373607214288412,0.44362159823787434,0.4818036924374851,0.6845858600598879,0.6794728163555717,0.5819913541080127,0.6872379334005487,0.4404059983863853,0.5880890911231502
--OO-XOX-,0.3323726724461976,-0.16066465783456862,0.4900936854673851,0.4973831793117338,0.724183030477747,0.4996034289424582,0.5050160019691474,0.49440382874765615,0.5088693865690957
-O-X-XOXO,0.6991519248526987,0.418042649304737,0.4724366490835045,0.5145130929924614,0.6513501383002744,0.40416356651440666,0.5992724303156368,0.47377451996870146,0.5738153698564865
XO-O--X--,0.5051491275838124,0.49486999501255136,0.6951400346415348,0.5003913310045658,0.6760927746408455,0.0485541918469799,0.4975176110545575,0.9856240414513909,0.09813601567849517
--OOX---X,0.6872339807492704,0.687237959346705,0.5007395065218125,0.4961317303276497,0.4936030058557959,0.006495980832120218,0.6207032039468935,0.3547445901692356,0.4919049540982033
---OXOXOX,0.6871476498987659,0.6872379594563112,0.6872377575990852,0.49017142487059523,0.49416860552163494,0.5060510449157197,0.5040612829575335,0.4926577063250689,0.4905792068762817
X-O-XXOO-,0.505132955237338,0.27648771885848755,0.5044201858601822,0.6852513359847732,0.5066055653383482,0.4972880935096679,0.5061135147079429,0.4969234929847425,0.6887868277746619
-O---X---,0.5759461798116704,0.49937822096276385,0.687287540060393,0.44233896125236793,0.6874875916182422,0.5058798743390113,0.06090004201936061,0.272420776867836,0.7728898787463289
---OOXX--,0.4818793970288864,0.6914105415807351,1.63132096049656,0.4946979512293285,0.5080970763586224,0.503800168005782,0.5094881641675486,0.7020071321846301,0.4262377825548136
-O-OXXOX-,0.5440797348478611,0.24898060105141573,0.02748544470447234,0.6942403773788486,0.657545496758884,0.976481388687714,0.9550123345553547,0.6265206178504518,0.5636794042946045
--OX---OX,1.3911742764110562,0.6790418565094565,0.49791602537597174,0.4995863459332643,0.6872197539207804,0.6287744091147133,0.49041317442640925,0.5098850707002567,0.5047924208900166
XOX-O-O-X,0.5031289745166411,0.5096426551880373,0.49716117740127125,1.1353247706258085,0.49124652820362086,0.6872377776505316,0.5003201435141886,0.6754729274111079,0.5088141014383593
O-O-X---X,0.49168433464784855,0.4745518906751425,0.5057108850441214,0.5102108857540305,0.501508146021231,0.4156484548647759,0.2794213058746373,0.5377259973199403,0.5078223704777117
-X--O-O-X,0.54263074114289,0.5085378096582268,0.7138454315226511,0.022550620086170814,0.49653176153102985,0.9316879255776336,0.5008116436436725,0.16881425660019045,0.5070475023753015
XX--O--OO,0.51276779820109,0.4331338631177518,0.6847776348346943,0.41632650639780877,0.599522622316373,0.006013992262676737,0.8189719429796859,0.5076742285904061,0.49785211426807846
XOO--OX-X,0.5055294251420572,0.506461386688484,0.493380101293721,0.6782639510093931,0.6872379594563112,0.4998862517520837,0.49053626687619556,0.685396695231674,0.4968493272938975
OX-XOOOX-,0.5416390287353829,0.5687145575396243,0.7494200258900192,0.43507714161192235,0.493867170365617,0.5284198926811715,0.5913803548567402,0.43935170553621883,1.2467518326351965
X---OO-OX,0.4996850024994985,0.15603022409974382,0.3415870498723361,-0.2826903796899032,0.49905249480577857,0.5078653341050144,0.03397767011260511,0.5053824148471763,0.5094941184663325
--OXXOO--,1.258284834511243,0.6630444730086126,0.5238268427118524,0.5137695189576396,0.5396096285843035,0.5655757760622472,0.5901342404313563,0.1541916762432527,0.5515988025415951
--OX---O-,0.4273015314814355,0.8689000386621984,0.491453180023352,0.5001826402470733,0.7122650001002335,0.9371772825406335,0.6853643125352636,0.5050895601600668,0.6028350183035932
XX-O-OX-O,0.4653101318099896,0.5669310063299735,0.6872379594454078,0.5944218593515587,0.7007813132186408,0.40469357094296654,0.4201351124061632,0.9165081814800164,0.5140680418804404
OXO--O-X-,0.4994581964082776,0.499473013053656,0.49117452433375614,0.40104088954835754,0.6780147984389382,0.4944380008092837,0.6965787141725782,0.4949412801630655,0.6460308495413316
O-O--XOXX,0.5056861680926366,0.19773788309218043,0.49461820253552663,-0.026261541408068134,-0.6638438830775819,0.49490622335849327,0.4902735407567385,0.5039403231650511,0.5081118642964826
XOX-O-O--,0.49193488146169717,0.5072622189028357,0.49804056952332043,0.03872332462960637,0.4987325454150301,0.6681534627344908,0.5045250553624355,0.018473642783544797,0.5
OX-XOO-X-,0.434440688447925,0.5805347330276388,1.361239411660549,0.46152342734512447,0.5042077665827479,0.44618920031502884,0.3480291524136082,0.5492654475624477,0.6776964741395328
OOX-OXOX-,0.5468260233345519,0.4968683499638383,0.5160671832475593,0.04847056247842796,0.5535386322420555,0.513712850290538,0.4510023533489964,0.5036159375998602,0.6872107376796317
-OO-X-X--,0.030038140651961753,0.49010280013027924,0.4905474471135242,0.3032593417914632,0.4953923991773631,0.07385780029263106,0.493637914217784,0.45163490171200577,0.478511971269177
-XO---OX-,0.4972288116107251,0.508782238627238,0.49060155744269274,0.6434819559668481,0.6872533345980624,0.5520970995939511,0.4966311053786168,0.501031419490288,0.6966052292182019
---X-OXO-,0.6872339127152521,0.414456112629403,0.6871948606760004,0.4901448769357481,0.44099841697496245,0.5031042235521425,0.49977001097296686,0.49378158237406666,0.8431920139118818
O---XOX-O,0.5308340197234119,0.7251589610068689,0.6872379593683358,0.08649580065409912,0.40421519125410876,0.49490305395432616,0.4871531553492696,0.3978502014845428,0.5216975431467912
XOO--OX--,0.5035458580856486,0.50786872609316,0.5057768719036432,0.6871473968306837,1.073044824532305,0.49683223506188845,0.49499146669968674,0.646595719520744,0.6872387384230543
-X--O----,0.4436109831149918,0.508663207242273,0.2982859033461356,0.5318213776858061,0.4925449852957102,0.20668035614397073,0.07719875623654177,0.32709802583208486,0.0941798109871903
-XOO-O-X-,0.004070788869960762,0.39847750943353677,0.5902378025669464,0.673908434296741,0.6872371923082045,0.10363262270816398,0.09046102205899076,0.07367294231658228,0.3518992196928482
X--XO-O-O,0.49111599559750274,0.011963941547875279,0.5735092645012291,0.4904923862124658,0.507092546231003,0.6054957610259725,0.49917332686889687,0.1803024250403023,0.5056893797326062
OXOO-XX--,0.40390911006783414,0.42987097754974896,0.5476792844596993,0.40791950313207515,0.6537575419285047,0.5168301758869017,0.5015775684840531,0.6872379593806616,0.5
XO---X--O,0.5096677893214594,0.5096117923982167,0.7409932162719693,0.6275978000543703,0.6873987602169572,0.5083554882093348,0.6267943566243281,0.07106840724061003,0.49476934934951117
OO-X--XO-,0.4967168756778788,0.4988523460529765,-0.3106329101354628,0.5033764628541874,0.7856314122113494,-0.1907214196005722,0.49509912072849316,0.4913320188571367,0.24081250582282654
-O---XO-X,0.6931228207807416,0.4998614992366739,0.494739626034837,0.4922540019499302,0.6477520771363311,0.49359637138992746,0.4999549695077182,0.49711213548958755,0.49031199342437926
-XO---OXO,0.3980326174771694,0.49234068628527483,0.4941519370011653,0.5009160429287632,0.6872379594563028,-0.18841543893897583,0.4937240058711293,0.5073433581994081,0.49218214556402695
OX--OO--X,0.4968691872193132,0.49781927752093813,0.022895751152100074,0.42745032569519054,0.50582922826378,0.5067253706057112,0.06269530707494098,0.9559999994646318,0.5058076415957958
O-O-X----,0.5029380334568648,0.08109175763083853,0.5076099731663694,0.0889837533769054,0.5062277090801995,0.3130109157247428,-0.3586255543401825,0.5281733164956712,0.1669990033408264
-XOO-OOXX,0.4310872385558497,0.4952791445349431,0.4926657491427406,0.4966806048977576,0.6872379161402821,0.49894383404606135,0.4900196973878734,0.5043052116045501,0.4989280590297456
-OO-X-X-O,0.1749649051751182,0.4707737955438016,0.5877092234116522,0.2426926477975938,0.4121850538029174,0.5933935878859576,0.5128690602002063,0.8022508948036026,0.4589225833095363
-XOOXXO--,0.6872379594563112,0.49458565619798217,0.5007596361048197,0.49403383996643163,0.5056379219405827,0.4908590928956636,0.5030735386990913,0.6872379590301215,0.502015980282788
OO-OX-X--,0.4970422946360383,0.5052067530379418,0.6872379594521242,0.498618868646873,0.508890171847146,0.3664821315740608,0.508276275652705,0.46713016155941267,0.2008367607941154
O---XOX--,0.5080987004859531,0.644108089082341,0.6872182464654013,0.9574190949836686,0.5026231531738168,0.49864125294914946,0.49304280310298143,0.6808204683308183,0.7481345044269843
XX-OX--OO,0.49248500759711394,0.5559069098840157,0.6852882251140298,0.4674065303553461,0.4075528341978216,0.5384107052640857,0.539334453095348,0.5543484742666415,0.4486479639927663
---X-OXOO,0.6872422352678528,0.28654542738648203,0.5154543076233252,0.40946399321470006,0.5888631511852164,0.4243676339009119,0.42291129447793174,0.5842621644272159,0.5058307927644774
OX-O--XXO,1.1252283163232568,0.8628813697162214,0.40703406278826965,0.048859660553358664,0.6382589183777128,0.11172333464925227,0.6920898660825169,0.7015740421031789,0.875706258176116
XOOO-XO-X,0.5068863489343781,0.5051062296320253,0.5053873330389961,0.4935361410017269,0.6872379594563462,0.49271966557200064,0.5050636023604785,0.41969309520891473,0.5094854137071746
-X--O---O,0.6879640432539106,0.4928088898126513,0.21445914897135693,0.15804602657275524,0.4905323182840619,0.317705960446553,0.2356455972845165,0.17555421572334423,0.5023403248150913
-XOX-XO-O,0.362329506457286,0.17490965688253057,0.6643955366675249,0.3637023788822704,0.6876751112236077,0.833222898647315,0.3460740564854208,0.1769996149064993,0.7202730543270984
--OOX----,0.044587710595489494,0.11119179732922624,0.5028548298043592,0.4913281190216562,0.5062139853982606,0.13599903460046037,0.13070828885304664,0.6878176069634172,0.687237510660426
X--XO-O--,0.4980244388134552,0.6608780675527209,0.12668653502414973,0.4979887093490846,0.5050089973036797,0.11148320237670717,0.4957309969482934,0.5772636219782982,0.24448128260602964
--O-O---X,1.0470191265281683,0.09908580778514497,0.5047199834864412,0.17254616918037313,0.5014126312780827,0.13886578027748686,0.009024211016267936,0.10865566119083447,0.4957650423121539
---OXOXO-,0.6783620811781628,0.5073970935153118,0.6871513830801159,0.5065444896293488,0.5064598847171147,0.5061280700837062,0.49797216673916544,0.5072471250111329,0.6226776068566067
OXO--OOXX,0.4862338217557247,0.5093357549908866,0.44766269090411376,0.24944825269389137,0.6842160548981822,0.5657856567990085,0.42874082234848376,0.42851752226232576,0.48027792334094765
X--OOXX-O,0.4969259611593432,0.6549781147125161,0.49267947482778235,0.5097756209689642,0.5036338118727608,0.503495408900301,0.49803747545809696,-0.40902383352394256,0.4980483916042325
--OO-XOXX,0.2939867850557265,0.13865446425438888,0.5996810618453827,0.7339513009779888,0.7958775349796338,0.11089790719599901,0.6279575758780596,0.9845823099719658,0.845445051942047
O-OXX-OX-,0.49103137870287006,0.6872343903642549,0.5755220662453022,0.5650483471729151,0.5891773280685167,0.6420415416392844,0.5603677538097347,0.504568012241284,0.12732713467287976
X-OOX--O-,0.4978863391154477,0.2547810520684124,0.490979019755937,0.49390968450420936,0.5038409062177637,1.0469415730538363,1.0362803848129198,0.49983270818249015,0.6872379594563112
OXOO-XX-O,0.4531312421380685,0.41961013085365056,0.49670825898713633,0.4270013674999049,0.6879628208197677,0.4670590671339721,0.4897646633988698,1.0724217559492712,0.41631670916309027
XOXO-XXOO,0.49288045312155004,0.4904644174930758,0.5012286464658482,0.49643674567441504,0.6872379594563112,0.5001635257656792,0.4942712063066012,0.49551332084073396,0.49182590411564586
---X-O-XO,0.2860001366330437,0.6324664757671441,0.5055635059940182,0.5044712446413653,0.33288096443660986,0.49694716107284354,0.5361071616307648,0.49838162983826084,0.49750400003226014
---OXO-XO,0.40036823150867373,0.6872377645306466,0.693910643664346,0.5039265074071663,0.5067579977862714,0.4969918057213273,0.8291797214732852,0.5095662718388126,0.4922323165366999
XOO-X-XO-,0.44745787194239445,0.44255301587305435,0.46780232951276746,0.63548952606775,0.4112724819871345,0.6842294071385866,0.5436158362574356,0.48409766788722147,0.6872343903642549
--OO-X-X-,0.9597241160314222,0.21431699361225587,0.5094179050325921,0.4906608731306117,0.8132002773641013,0.49907999228601735,0.50249200956891,0.5071724934652979,0.4199205249530491
X-OX---OO,0.5067354258433011,1.204273787479996,0.4927518329063148,0.4906861972015756,0.7632902309931553,0.6325192977307748,0.6872186105795878,0.4985612245696555,0.4925819935079093
-O-O--X--,1.0869744168601985,0.4945221044579582,0.08459532799715463,0.5094971600940138,0.30247166426074407,0.5337250075817438,0.5024194221988743,0.4978216536858107,0.6872425696499004
O-O--X-XO,0.9213227236894757,0.7463517490476759,0.42213917114107113,0.6491353239943843,0.595482013010279,0.9766321629422584,0.45456223309263966,0.3838616078942043,0.6726269098425801
-O--XOXXO,0.6797310024509263,0.7152864356852602,0.6872235720770925,-0.5948349629126548,0.8182633587896455,0.10738075572453964,0.3810138235914087,0.6588145318587263,0.8963367973816759
OXOOOX-XX,0.4999654023351145,0.5012292076753377,0.5023015083161426,0.49906783967177204,0.4986635423383416,0.5034817599157855,0.6873163970638075,0.49354295374906765,0.5074019862653182
OO-X---X-,0.49122650957653746,0.49354680506682147,0.3832841564424109,0.4983277863973141,0.8798149483449834,1.3048139483843841,0.309868106405791,0.49163832667888435,0.5726208494721298
----X-OXO,0.7436141176053995,0.6872379594563112,0.20236902391354727,0.18955437554011711,0.4978682164984998,0.6872379594561193,0.4935886730492638,0.5043005284811392,0.5061946559205602
X-O---O--,0.49850815261171305,0.005631182034368187,0.5021027919141808,0.006498206369632387,0.10096343021335985,0.18265710930700935,0.49030851627253447,-0.05549382211421694,0.21277618439702517
-O-OXX-OX,0.6872379594563112,0.49131927809942927,0.6872379594563112,0.4966882760210921,0.49375893636866186,0.49344198172379183,0.6872379594563112,0.49363710092339647,0.5087070957730279
--OX--OXO,0.017015117481170683,0.2917298944863326,0.4938416033762451,0.5026211453764834,0.2242762389764213,0.6794008928668376,0.49839844538889466,0.4985039953830717,0.49265403713737393
--OO-X-XO,0.7120310451579246,0.833081411209589,0.6256421977285649,0.21219688983819118,0.5257540170389876,0.32391228035411745,0.6613673015267337,0.246396423317652,0.7373103297486021
OX-XOO-OX,0.5027971776348765,0.4974141716296079,1.1555740232823215,0.4972469447412694,0.498062568244708,0.506655155479932,0.21527790193250584,0.5052423379862219,0.4972111741796165
-O-O--X-X,0.2743902881894831,0.4453548211127528,0.5389023579587167,0.5771104179967615,0.6850591834741967,0.27400187675217835,0.4225963337684366,0.6872379594563112,0.5182492073521602
-----OX-O,0.387650939119108,0.3780947941194331,0.6883345426661892,0.6657246485374272,0.025064352269637657,0.5044732747532451,0.49121162221464226,0.11126140492942366,0.49521926358415
-OXXO-OX-,-0.511508631841139,0.5190364414225687,0.48475949933365065,0.5687633024349258,0.45706621633114886,0.7273074781279416,0.5227144036853413,0.5478815007008472,0.4405354594501565
---OXO-X-,0.5019672767978167,0.6853064021296855,0.6460524938969674,0.5045727095370764,0.4982837761756694,0.49883935349917197,0.3999065234554433,0.4977037354391394,0.6872379594563112
XOO-X-XOO,0.5067389903008168,0.5016444793043963,0.5045980550200394,0.6872379671127727,0.4969636936426484,1.0953201844009635,0.4996564064622341,0.5061785811651045,0.49828371413927325
X-OX---O-,0.5018730174774124,0.40584574624660225,0.49928121451556967,0.4907961278879544,0.5020008007891381,0.6783572767759103,0.6872379594563112,0.4978524761852185,0.49292427953043133
OOX-OX-X-,0.5035917776222125,0.5030321614766314,0.4939532318706905,0.09009382570286795,0.49046693321150137,0.5020977371457872,0.3340029366177232,0.4942659485954395,0.6872379651070541
OO-O-XXOX,0.5079909606971736,0.4909163159367005,0.6873305113574016,0.5076855341673608,0.5098431608900205,0.4981827731914124,0.4964031298313363,0.49094180089548833,0.5049955745681532
XX--O-OO-,0.49743952815691383,0.49256372794996295,0.6872379594563185,0.5014306221074435,0.4991281425148545,1.3765622919841,0.5048177579358334,0.49966117028730295,0.49404528966140737
OXOOOX-X-,0.5008443784298573,0.49319084103957267,0.5006695359381612,0.5004336724515858,0.5068942430883137,0.4959813967216168,0.046347271936169665,0.5036199965511278,0.45887418317977413
O--O-OXX-,0.5094622810373206,0.4933009245846837,0.03340382753582738,0.504386315596184,0.687237959460498,0.49782254295805384,0.5008797947520617,0.505937402770426,0.6871513768530723
OO-X---XO,0.5199096987345829,0.4983578931052538,0.0063534650662472325,0.532479079536811,0.6601924744135758,-0.3276031378487587,0.4493368549127247,0.4109161443176195,0.563257650667082
O-O--X-X-,0.5014861752356057,0.6881605166464659,0.4923420024271908,0.2530097335659218,0.6306150424004521,0.4944849121287786,0.27749341702208963,0.4948766096615112,0.021855254999932017
XXOOXXO-O,0.5039868018279156,0.5088926492621447,0.49700838488695975,0.5050473566057311,0.501496396179172,0.5015821618577138,0.4999180653442049,0.6872379594563112,0.5034638064188368
--OX--OX-,0.35904893878124233,0.010669171554879842,0.5038508985827695,0.5091063577701059,0.681654280025472,0.6586786042076614,0.5062024615447908,0.508578596346351,0.041992079300716356
-OX--OOX-,0.1500522412445891,0.5015823437522321,0.5083667824384959,0.5087705734611776,0.4935778260215042,0.5081703472349663,0.49913900695535374,0.5092905975062032,0.11745377926754136
-OOX-OXX-,0.3500163328139718,0.35304734691627926,0.8699300630221041,0.08503729627082801,2.0521379739594483,0.9989068742406089,0.8713757925706875,0.23060358909519985,0.687345586674686
-XXO----O,0.6872379594563112,0.5074022014675591,0.49893077617757353,0.5047935066108573,0.15154759056769462,0.49674820465690966,0.32651716660090957,0.6872381222076897,0.49338070587975313
O-O--XXO-,0.5002623756712714,0.49718314543534065,0.49906426107930973,0.14058241076833278,0.643769580114512,0.49260860965517156,0.4936693444249698,0.4983910504104044,0.10242376418440186
XX--O-OOX,0.49250474994652416,0.4907383223819177,0.6853225414080044,0.7662760269610838,0.49343702787375815,0.4544221335503089,0.5026555540559907,0.5078730309985233,0.4955633000042342
-OX--OOXX,0.8401662163021653,0.505298882773895,0.4929991205266177,0.36134267321154306,0.6908872007016859,0.5019331723773925,0.5069014105453256,0.5045558018064915,0.5015485148598778
X-O---O-X,0.5055597703057523,0.063986894421738,0.5009736178237517,0.2628146986579871,0.68723775898405,0.649526188779072,0.5063586522824115,1.0008541585320816,0.4980021762709424
XO---XO-O,0.504661345046674,0.5096315522227464,0.36079820497601045,0.08262450683948264,0.07144362227546197,0.49877488593007263,0.5080963685816854,1.0873400616732103,0.5096075270517797
--O-XXO-O,0.5092046494093273,0.0473111523786931,0.5833985917120792,0.6872379594563112,0.4687351327395393,0.4831516303017959,0.4972572979123779,0.6503011211278121,0.41201874449153814
-----OX--,0.2999111111771243,0.5861589057005131,0.9461651019704044,0.610452115743064,0.24108257847911402,0.5021634536784978,0.4935363939032493,0.04644015301856813,0.014970531696724243
O-OXX--OX,0.4963404056820049,0.8524766706479363,0.4985367928820084,0.49932923624598163,0.5052787562913035,0.6446251709061629,0.32486451684032513,0.49456877604709115,0.5033362751848559
OXX---O--,0.501948078323887,0.4945586302839787,0.49310959294079826,0.22205383075250146,0.27729587896629865,0.4477340090104728,0.5024638641551599,0.10292986610206045,0.8829098088966255
OO--XX---,0.5862367210085286,0.47026412518419386,0.5198745218222558,0.6872379594562764,0.5289964603251648,0.5094470043948425,0.19903886319010405,0.49463558135438207,0.41564934023875455
-XO----OX,0.5054140494910314,0.49536129085823905,0.4362680710857737,0.6572549495288114,0.6871808404252494,0.19945193388642152,0.813657579675733,0.5171650749484162,0.45360308950553674
-O-X-X-O-,0.24228569197028982,0.8308725982498163,0.7705921293771254,0.33753262678548623,0.6872034617010974,0.28185806955143167,0.4302758739495068,0.5186706191525908,0.3912111248709207
XOX-O----,0.49002627440467755,0.5053121296572223,0.5057165391337847,0.6234489713548607,0.5030802923967056,0.15773001962084154,0.4064371956306435,0.32886163845660354,0.8012171389550165
XOO-X--XO,0.49839281036740085,0.5037452668064845,0.5006321517365766,0.537721480519196,0.5061019263163689,0.6983738972641271,0.5542854093380303,0.5052655031074668,0.49953915690373535
OX-OXOX--,0.4882138905278059,0.545607966785787,0.6872343903642549,0.4404657495483557,0.5783234344489157,0.4087129214813152,0.481019398078932,0.6872379594563112,0.6872379594035939
OX-X-OX-O,0.5655162466444159,0.5364787201971163,0.0953554899456397,0.5364423433391621,0.7301352304928436,0.5250870125944161,0.5008977840218396,0.17461522959942788,0.5576172439524493
XO---XO--,0.5015474885709916,0.5065538566571147,0.4600304715134917,0.1674901888019824,0.5871348406278069,0.5007409024626862,0.4944702877655475,0.7250166709302899,0.16427503468080829
--O-XXO--,0.6872370264987088,0.5420704918466615,0.5050219554331246,0.6872379574661561,0.49780415002418205,0.49633030998700295,0.4957296429869493,0.4076043994718552,0.458393376669989
OO-X--OXX,0.5417605720653381,0.5322650311682959,0.5175647247409645,0.5191158430681916,0.5432275440447272,0.8499724279404309,0.4699175105750815,0.5123275417842239,0.5853890044176316
-X-XXOO-O,0.8216138310964662,0.5043929949104691,0.7746903737673269,0.49932264612043864,0.49353570756588255,0.509710389429122,0.5075079819695367,0.6778154673652261,0.4932462539027786
-O-OXX-O-,0.25757797169907626,0.5091954279543177,0.6779112744124492,0.5090727071097716,0.496731572235852,0.49990216009438787,0.4929168418029368,0.4963700097636078,0.6872387375335431
-XOOXX--O,0.6453989180335967,0.5057879122640212,0.5041679855410357,0.49445465112712966,0.49166270843599214,0.5071221935753643,0.008148240273026519,0.6872379594563112,0.49413473048400547
OXX---O-O,0.5738884380010941,0.42553888507564663,0.6682808927790114,0.7479332960995342,0.017327123836949454,-0.37622906391271993,0.3073686539485093,0.3047290235576553,0.0020086301240415105
OO--XX--O,0.5095698759061692,0.49446221652762834,0.8751603328986663,0.6462675177665034,0.49968352606651134,0.5022912497405853,0.646205198778014,0.49772229396217843,0.5013892998704692
--OO-XXO-,0.18378968801879847,0.16629313152253683,0.5825419722565218,0.8651141397136733,0.3202782142916968,0.9306978040549801,0.44848215187794105,0.6789791354824721,0.14741939135517262
OX-OXOX-O,0.4981341468458355,0.4954783519160288,0.6872336571953613,0.4949089106114276,0.49738083286605195,0.5098404520336812,0.5091237780874592,0.6872386697859963,0.5089794855287911
X-OO-O--X,0.4917300564915801,1.3179895932048666,0.500642645587882,0.4951185409158774,0.6872191991858801,0.49210267942338937,0.500169320736891,0.4814671018659247,0.49381119116567657
---OXOOXX,0.6872379594563112,0.6853380562501118,0.5002570015230678,0.493024358150515,0.49604940981561374,0.5049009971232007,0.5079993511177109,0.4954080333501275,0.5023008545578307
X-O------,0.4914293194775388,0.14102746543180156,0.5062644456008407,0.6786484962631638,0.011615327644894202,0.015233398463004422,-0.34589344375699194,0.06600433458687321,0.687236664849157
XOX-O---O,0.49534705757555714,0.5009603793747295,0.5076195949323147,0.5031418489632711,0.4971132737278156,0.4360098891522821,0.4475417710559256,0.14007842734673515,0.49200813478006417
X-OX--OOX,0.49960553276449954,0.6333148003436606,0.5051039921711014,0.4948805826977879,0.6872379195276386,0.10404814730545053,0.492926479616972,0.5015225404279195,0.5070555301604573
O--XOXXO-,0.4944353823304533,0.1849324313298405,0.050697743932110795,0.4912012770249468,0.49511415023034644,0.5046254526628374,0.4936513199405896,0.5043235513570873,0.564250467645073
OXXO-O---,0.5047674666628734,0.5032400503783748,0.49564866957937975,0.5073435315479582,0.9658752837526272,0.4969032348859489,0.5056993689138732,0.4268079242609719,0.49038016100326387
X--XO---O,0.49446959725298456,0.6876028062478488,0.6778825222639413,0.4924890457861036,0.5055638825696696,0.678245229758251,0.4954662999943265,0.5033009529857851,0.5032547416391533
-O-X-X-OO,0.42870607023079865,0.4627053422841707,0.0922310762482601,0.5409995214576109,0.687221354596175,0.5199875049370647,0.46284333161252833,0.5378019691987445,0.5774008465799532
X--OOXOX-,0.43618445061690175,0.10488749757495985,0.687221354596175,0.4414809421169601,0.40715995185383025,0.4446182312367851,0.5875756075321773,0.529137237297899,0.9183929584124602
-X------O,0.07218552511365373,0.5071212302091082,0.7748622378148685,0.5259508975731112,0.788332674304153,0.019568364643216873,0.7262175800376289,0.09200607566337976,0.4956381526642478
O-----XOX,0.5001072393919221,0.434243535457154,0.19798411224293477,0.20220794787895835,0.2932330518087959,0.3345342761555531,0.5078445335742866,0.5061877419747633,0.5052588495643134
OO-XO--XX,0.4973893881496874,0.49936450673241706,0.6872533345980624,0.5003067731342796,0.5083759136340841,-0.13910301537663972,0.6786955272047188,0.4907066021741718,0.5048928382844216
---X-OOX-,0.49618350687696006,0.678534573011941,0.6892421596514203,0.49462335675587643,0.49673014179346353,0.5065535707081206,0.5069764228736142,0.4987965290306338,0.491867975982257
X-OOX-XOO,0.4924816797384796,0.7876386305259047,0.49681546669798204,0.49660396237068294,0.5056039090257243,0.6262949001170355,0.49423916843404087,0.4962944930879283,0.5079705949630723
---XO---O,0.8420957626952653,0.1874056809028612,-0.19971243017330387,0.4923220286556082,0.5082721215808418,0.03786296356296681,0.02663034039011747,0.399806759730456,0.4934491018582334
---O-XO-X,0.8651601938479564,1.2233309330947326,0.6872379594563127,0.5066240757884736,0.1081769816510405,0.503495911662266,0.49128650414914415,0.05870735444142938,0.4995059742131634
O-XO-XX-O,0.4974275236368123,0.15959420358431953,0.504477067888148,0.49686396267988137,0.6872379943358893,0.4910693493226893,0.5048124565499041,0.14047978922423138,0.5083545954361174
O-X--O---,0.4967065758161331,0.020249731967714235,0.5049861609848537,0.22214004492154044,0.13328078676509192,0.49790230570730537,0.3635466229247474,0.029430258641000573,0.5284156463971472
-XXXOOO--,0.5606569926551369,0.5526155721034154,0.41465338456988016,0.5202375836140088,0.5175276241397644,0.5121174303140312,0.5001932427510024,0.6246824638609425,0.6485102812815343
XO-OXX-O-,0.5929053236250224,0.43761085550258716,0.6872360652366853,0.5110618398772077,0.42025677293546587,0.4025856458586446,0.6794728163555717,0.5368906475194599,0.6872379594083639
-XXO--OO-,0.6872218029805572,0.4458842586113334,0.5922681099220617,0.5372417465058181,0.21835863838972824,0.4722246288691583,0.4918951667410996,0.402860986523294,0.6854708593785159
O---XOOX-,0.4971784578610758,0.6872379504490106,0.7486803735502323,0.42214870060383286,0.5015866912942388,0.5048226727046516,0.49678514834917986,0.49184640475487,-0.15276486650045162
OX-OO-XX-,0.5084976324386015,0.4943069686983703,0.19205085241386843,0.5045209447672292,0.49759925086766893,0.06279258321951531,0.504522773442323,0.49220210614068804,0.6875920054800321
OOXX-XXOO,0.5086298912585799,0.5070715012261824,0.5081161843169023,0.5041377038572227,0.687237959456313,0.5002154354995718,0.49166662030766856,0.5070742101023601,0.5068881600705554
--X-O--O-,0.7438563970121947,0.7366682662522316,0.49523438705910716,0.22449432442023215,0.5059002708578286,0.9554339507062442,0.9792996857236822,0.495041069533259,0.27099608494285354
-OXXO--XO,-0.03806553461955675,0.5680556502401999,0.46591836744342785,0.5377551085871289,0.4437144504676036,0.06230379846896594,0.041634480723189204,0.5291874298216632,0.5792391239712182
OO--XXOOX,0.5006580677244219,0.4941212886686698,0.6872379611020059,0.6467505034119309,0.5033480589321592,0.49052960347589913,0.5052893221661872,0.5068628098736603,0.4913992553655512
---X-OOXO,-0.29087049288713185,0.11847719078568775,0.32065118928114344,0.3345843944306396,0.4225216973804127,0.8508982394272958,0.6701530926453161,0.978950193045734,0.5072072580320197
OXOO-X--X,1.3840542164310086,0.07738162822432065,0.5038781414826922,-0.2538418670953819,-0.11972765825258869,-0.21355724458423675,0.5124973964842103,-0.3729387695524051,1.2348045925821907
X-OOX-XO-,0.5063109061835723,0.8772995408465201,0.5071594358974099,0.5058673751774114,0.5015077656887043,0.6778051512506175,0.5033614292335917,0.5057694234196636,0.6872379507342764
OO-X--XXO,0.49600047734705355,0.49216295662626164,0.6565751144731766,0.4950359879573354,0.5008019176519447,0.49069706504509736,0.5013382037494859,0.5072632376341063,0.5083938888117249
---XO----,0.0072082390909107286,0.4605904952489455,0.6399334615994695,0.5040920808565973,0.50491011818888,0.054707784190692665,0.2381050357243195,0.03265584315203701,0.19276610988228238
OX--OOX--,0.5001398141261671,0.4991571398027332,0.1485657419522698,-0.10961381392354308,0.49093946464498134,0.5015050673081453,0.49101338861167154,0.2819180563049606,0.5006522382968365
-O-X-XOOX,0.3658828549630767,0.5056095995999528,0.6461288829223414,0.5032612575171194,0.6779604536444438,0.49011976294443893,0.495522280886826,0.5086734347660287,0.5067660509977387
OXOXO--OX,0.515106493679395,0.49224742427918966,0.5758317597464707,0.40326930460814103,0.5677762702609598,0.49193246536829693,0.5099446253385769,0.5405242015793151,0.5762266265037647
X-XO-O-O-,0.5076843557891841,0.6873140200700195,0.49039237455466145,0.5096787964166292,0.6781261480919727,0.49119367792271235,0.2429287473604067,0.4991206334436342,0.06326893559989127
O-OO--XX-,0.4949279186496548,0.30488496978161506,0.4943252113382304,0.4966268747474493,0.5832443267598777,0.49024200314822935,0.5055295776830839,0.49004352613516744,0.6872377716186443
----OOOXX,0.05446938346886565,0.03289233366327882,-0.2746932627001333,1.6520684417486997E-5,0.4936832390886063,0.5036389675065545,0.5078787478899931,0.49960236104153205,0.49394205894262494
-XO----O-,0.6687509410223683,0.4967831185665959,0.4973608313908775,0.10967733077748631,0.06077852638433434,0.029281946933367387,1.953842266697166,0.505013804311115,0.2370916708153944
XOO-OOX-X,0.49414647209390006,0.5058714140259642,0.49700800459636457,0.6873156036681,0.5014339033810704,0.4933317362383342,0.4926492870241145,0.6868131039033698,0.4924335565761252
O-X-OOXX-,0.4139553413960819,-0.17253124746699045,0.45523421490015537,0.6499994369529762,0.5940372535065159,0.48214045310946674,0.40207521201507523,0.49963020783970563,0.687237866750157
OXXXXOOO-,0.5074310074261349,0.5011679931123161,0.49546384447729835,0.5085782585862403,0.49353207429670215,0.49849619677870355,0.4954464186011705,0.49875954292263097,0.6539450238193442
XO-OXX-OO,0.4900950518248252,0.5080758788689177,0.48264169157248665,0.5001817482479115,0.49432428462366074,0.49000430105849335,0.4269863805524635,0.4936566385708943,0.5017359977488366
O--X-X-OO,0.45222990529725104,0.19089801910608262,0.48109618680644417,0.5455262381318329,0.6872350888647423,0.5316265242314498,0.7762997188996082,0.4329102156435243,0.5861391565667671
X----O-OX,0.5065159821268578,0.6872379590577368,0.01820913228667176,0.6871459753609819,0.6872379611170728,0.5011210318001078,0.6868415771294403,0.49921540090698907,0.509147508563882
-OXXO-OXO,0.1484194535754934,0.49499211602257204,0.5064533277510632,0.49494439017598607,0.5060149016980624,0.1236919223191289,0.5008917717463381,0.4907113672692409,0.5086851635216506
-OXOX---O,0.5059092739943032,0.4962104717160129,0.5093991325791467,0.4913409304268996,0.4911161527954945,0.495404292287213,0.6872548010046426,0.5012653305893202,0.4932896291220257
---O-X---,0.12609838799973283,0.6936097938566287,0.7106218382013627,0.4999812345455727,0.159402020878731,0.4955440463950714,0.18614396353658802,0.029418818934996094,0.21814072705099136
OXXX---OO,0.5020900190797806,0.4919571591437808,0.4982002353565864,0.4947696277767654,0.10367269943661528,-0.2450898330726301,0.10123565440171867,0.5052215948940867,0.5062112284540874
X--OXOOX-,0.5073022680080118,0.6872379594563112,0.6872184485240705,0.499128904925283,0.4930212359389993,0.5047789184661915,0.4928553863405106,0.5063539339139465,0.6872337292775141
XO-O-----,0.5034998617059108,0.5054875929678975,0.8931135197524225,0.5008492253297148,0.4556075030095542,0.689294961701464,0.26964830069951995,0.09073541533687646,0.7172611988231726
OXOOOXXX-,0.5057653807097053,0.5014488946761316,0.5062070560868094,0.4901976500929474,0.4965785369313845,0.5048056287886284,0.502348776329863,0.4941314606467522,0.6872379594563112
--X---XOO,0.6896893987958934,0.09794555296593377,0.49054818963828023,0.2034768811697764,0.6872379594563112,0.19412219086140853,0.4994917593744991,0.4943108133739796,0.49160434061849556
-O-XX-O--,0.8739141893092344,0.5011456860888989,1.7680913960942382,0.5048591742159434,0.49418444757743957,0.6872340460370723,0.4984937420881273,0.5438494385055352,0.27939396006332656
-O-OXXX-O,0.5337771207693909,0.5641055001816717,0.6872379578188762,0.42461506951549916,0.42234197533949686,0.4034218067951402,0.408161556370188,0.6844902925146201,0.5388240192308275
--X-O-OOX,0.5480245649005381,0.7420903695616705,0.4903588131313297,0.6942686396440205,0.49112684666489687,0.6872379594570507,0.4990087720571661,0.49884917821021507,0.49407724270023734
XXOXOX-OO,0.4014103827051312,0.4915315013207436,0.4319742793656121,0.47763800813867624,0.43502104353202514,0.4136080227165886,0.6872379591043577,0.4144147484548072,0.41480719967246904
---O-X--O,0.14285524330817917,0.15512851330838617,0.5184632062938153,0.49258374583841935,0.062306306304878545,0.5030811726759775,0.038067723619345184,0.7590739165586551,0.4975618585268582
O-X--OO-X,0.5071900332488559,0.3723336934990773,0.5094514047258785,0.4514300340733155,0.10109086046647081,0.5081421252306495,0.49338762164479133,0.4508854123609529,0.5070336071059857
X-XO-O-OX,0.4998168234165495,0.6871449906188305,0.4949017928031083,0.49087953528956824,0.6872379594563115,0.5052676766834978,0.667897717134868,0.5065508079225509,0.5031127607721494
XO-O----X,0.5086050427379665,0.5017404821395599,0.7158413911508711,0.5024880782430378,0.6446251167945873,0.6906192232499169,0.6876685844060231,0.506778305724523,0.506512033376778
O---OX--X,0.4900691667638926,0.7625280981835898,0.6872379594563112,0.5028181417730305,0.5041997003504527,0.5074786743544553,0.16058605466735787,0.3558309587911319,0.5054752158371508
OOXXX-OXO,0.5054092138169786,0.5070679664927573,0.49388959807313926,0.5099190431071664,0.5057697621448868,0.6872379594563112,0.5073402177799775,0.49101962614392336,0.49462835342918654
X--OXOOXO,0.4927519562405534,0.6872379671910077,0.641924411607766,0.5096050766844994,0.5026046951708295,0.5014016412333343,0.4960761726588689,0.4990276145862701,0.4962778977289952
O-OX-O--X,0.27285274863606357,1.0180182835688036,0.4529966260775127,0.3827121470300191,0.45672415694365875,0.8314428750642189,0.8229872701225184,0.11823202849133152,0.6051618623437887
X----O-O-,0.5051023471313251,0.6439161464625084,0.7800980538560908,0.23381647074037948,0.7770157772817825,0.4971659766684103,0.674350514729433,0.5033296499653751,0.6725789418797177
XOXXXOO-O,0.45238915466964397,0.4697185935274881,0.46927621969486466,0.5305999198780259,0.48496405015663757,0.48890270191634594,0.40802400976989917,0.43324962438299136,0.5260602029965191
O--X-X-O-,0.5038189665738373,0.47775471504055517,0.6889192118066049,0.5078514104272525,0.6868358820917523,0.4993076660999565,0.6456999099086316,0.5027958588908875,0.49097378662992613
-X-O-XOXO,0.6777758280688992,0.49130039841881973,0.3035983569786076,0.49721739408373145,0.6872379861909963,0.4968884330390556,0.496531955860693,0.49332096792872,0.5048701746228424
X-OOX--XO,0.48766895895411805,0.687237959452842,0.4713232892829853,0.5272394845412678,0.5047175130862638,0.6275634815548865,0.42693611132569664,0.5439987408555658,0.42503268202840067
-XXXOOO-O,0.6871488557644037,0.4901033193841863,0.5013684952993098,0.504562471311579,0.4957540130405032,0.49033155535052864,0.5083251267356672,0.03684519555373511,0.5052063914762833
-XO---OOX,0.03661712502454395,0.49991933155379137,0.4971421316245255,0.12811641507347316,0.756117046274462,-0.5506208943441742,0.5012718115498032,0.5080310561250532,0.4942286565392498
-O-XX-O-O,1.3873178520768223,0.5119250730182346,0.5040722069261979,0.4056544871272769,0.46881006981453976,0.687196636732629,0.532848021322359,0.6849191567013508,0.5538397534022762
O-OOXXXXO,0.5019875725158178,0.6872379594563112,0.5038153347472105,0.5074166070745539,0.5002543023230066,0.49131605754201113,0.5040421179958912,0.4958446261401856,0.5021413412863953
-O-X-XOO-,0.5146241937915227,0.4990615243967641,0.6443193786963743,0.5096819036297563,0.6871491587536361,0.49760871406834756,0.4976067875662019,0.5040967333785512,0.4938456355524799
O------X-,0.4901988144813933,0.11224550032988201,0.18280678449622417,0.044884137013964986,0.03332610214848075,0.028366681701663954,0.6787400518666258,0.5082713125742959,0.3459890773486819
XXOO--O-X,0.49408018007158927,0.5021614108393199,0.5036410100152161,0.4938029868430246,0.6872578523973438,0.5034630634523748,0.491103902047447,0.4905443301689822,0.4962923040854784
--OXXO---,0.5665331808777581,0.49193489193985407,0.4959487674992454,0.4943355196694005,0.49286597569358004,0.5022154068850058,0.5667814101504149,0.503287337437133,0.0644904986930907
-OOO---XX,0.3374741123849385,0.50894244881253,0.4920829492426106,0.4941143990342232,0.6963995811199325,0.03472746231615281,0.6871526360833304,0.5015370627367901,0.5098985303456448
-X-OX--OO,0.22554483473449694,0.49869582738018686,0.705031238269561,0.5006849638786816,0.5030598129465309,0.49560465746209564,0.4196861793693619,0.508872749487557,0.50467008008911
---XO-O--,0.07414897766418183,-0.045410543855939456,-0.3398032988510411,0.49209233196209035,0.49715599792784765,0.4427988655483244,0.49881282163818547,0.017916887972624806,0.3084450523739509
-O-XOOX--,0.68716070780659,0.5750269049027644,0.4320367204227929,0.42780365472213777,0.5951904027980158,0.5081740247627576,0.4322783299212015,0.45571789135915347,0.45915539730008526
X-OO-XXO-,0.49032726038571023,0.45022823072884244,0.490470052208132,0.5062970164357299,-0.1927222468987817,0.4931456192927004,0.501909732567486,0.5083312575345955,1.3397855667893672
----OO-XX,0.2982057462321581,0.4683250529414426,0.20346985574883614,0.13856970077004443,0.42502535199612335,0.5078655904103234,0.6872379594563112,0.5675817563054648,0.4257486626033405
OX---XOO-,0.5075525578620401,0.49667659320265634,0.25897260883562934,0.6726457190307871,0.364034228336125,0.5007276786201303,0.5083411391095406,0.4957387151600832,-0.32005460220136783
O---XO-OX,0.5706258022070354,1.140745235859682,0.008402660970381448,0.1845702038333944,0.46434430630729895,0.423987241184717,0.6271965909321673,0.571708801391622,0.4399090877499657
OXOOX---X,0.5033658600452696,0.501716603603893,0.5071510681649736,0.5015430289069607,0.5079219540250911,0.49473531233431667,0.6458898118826847,0.6872379595330383,0.5015848756968061
---X-O-OX,0.6777853696635883,0.6784836343030078,0.6472453005433668,0.49478410814698975,0.6872337310736382,0.5028350245162686,0.6917246649873325,0.4948842225209153,0.4985301004972652
X--OXOXO-,0.5658953487751466,0.6854147283578579,0.6872378193848986,0.546390009158199,0.5406520351435616,0.5011384313043011,0.4183093618298177,0.5876790077049459,0.6872379591043577
X-O-O---X,0.4962333722899584,0.3368254017338873,0.5098746637888923,0.2756529203702792,0.49142830298502144,0.10515162533154843,0.6714123255957358,0.6405349218683045,0.5027015307891539
-XO-XOO-X,0.5036092637922668,0.4942431363465068,0.49577149825027866,0.6872379954035044,0.49022972589389635,0.5093890537557461,0.5029636629903884,0.6467585593033418,0.5048779332149286
O--X-XOOX,0.503036076486389,0.6853314981814131,0.687570779640889,0.5079233752156289,0.6458319927328016,0.49937655968557626,0.5000405337604641,0.49084579133390216,0.4996390761420647
X----OOOX,0.5077984269046965,0.6852325906903808,1.0616243722511567,0.17680090079674105,0.6873094920163073,0.49360433543078597,0.491859330621333,0.5099121651852987,0.49329287996594723
-XXXOO--O,0.6872187765016485,0.4954000701390993,0.5033958187842709,0.5074697722869805,0.49787199184788605,0.5067303775840845,0.1348789951080384,0.808135668076514,0.4936021015606823
X-OO-XXOO,0.4533204577976398,0.32352246590963807,0.5383849176924324,0.5952167563407744,0.40100543363507235,0.5548233161163648,0.4738360857728638,0.45923487153981557,0.4457651917818585
O------XO,0.5063590200068444,0.68469651087477,0.6751950792775986,0.1051241879607957,0.4988106819235409,1.1460941621688978,0.7166147086698641,0.5091701863963249,0.5073953495778047
-OX-OO-XX,0.15597855914432834,0.5019972666920813,0.5093348342700452,0.6291101941106024,0.4918598756667375,0.4960174574837362,0.6868192042261313,0.5037079132785169,0.5010248858337398
-X-OX--O-,0.01800360095786785,0.49821961962610845,0.07777917385260014,0.49548407604222516,0.5080707812693156,-0.19618732063480093,0.6474165156383285,0.5058585276185817,0.6584752517871306
X-XOO-O-X,0.4998421585404439,0.6853316275283757,0.4966339436255601,0.4904957779971424,0.5075272401777093,0.6779027323093175,0.4992684624161746,0.8110500631974568,0.5081401918493299
OO-OX---X,0.4961650068611934,0.49649875325154386,0.6842084367026515,0.4983625626796211,0.5055189589680961,0.4019392008714041,0.03542055157299262,0.8441142435917701,0.49594576647989863
--OO-X-OX,0.020427598959896875,0.49600316698612434,0.5088036064720488,0.4975297690313856,0.6443039448031649,0.5004974002879216,0.43060551948615455,0.5037065554268783,0.5039619370333583
X--OOX-OX,0.5054950580757156,0.1555951966978899,0.6470521531136784,0.49317353138132175,0.49999956892135466,0.4996671308619622,0.4694221131574622,0.4954663846525742,0.5021138739224288
OXX-O----,0.5037960659603408,0.49762791629901876,0.49433349884192856,1.3641117936197258,0.4909540912750871,0.7011408482032485,0.4842666378784909,0.5057507025152772,0.6847535620457329
X--OXOXOO,0.4950227997047259,0.5095445067706126,0.6872379594563112,0.5059341247237655,0.4950477931532175,0.49445237438079526,0.509625629692115,0.49577996809109576,0.49980075339535246
XOXX---OO,0.502146238872688,0.5092277383752374,0.49472766371161775,0.5091615268144042,0.2647614070970563,0.24099182960540433,0.6872371072039898,0.495815249021645,0.5053774012523203
-X-O-XXOO,0.6514594116033694,0.739255099108555,3.1746218827688466E-4,0.04864266818237295,0.25336641579110897,0.4709962247942726,0.20147331522698786,0.3565293829822619,0.4333564320064247
XO-O--O-X,0.5053995629036073,0.49600268082024945,0.6782944353306275,0.509087305865542,0.6872379594563112,0.8230564179592033,0.492093726761191,1.2601680339061265,0.49010716447312214
---X-O-O-,1.1291492942047303,-0.11787822506356571,0.13666028127147944,0.5057624870426862,0.12990693675347414,0.5009685675850603,0.1374362343149576,0.4909942546264875,0.023480886780244847
O--X-XOO-,0.4984617538260703,0.0010743650051800446,0.14636121166372823,0.4919535364245792,0.6784822235993092,0.501227374668002,0.49738033736810383,0.498850562286298,0.6872379594520798
XO-OO-XXO,0.49022921252181173,0.4965187362167944,0.13829471330468712,0.4919880498144691,0.5015931919807268,0.7515952914125428,0.5043055468689143,0.4942743443246501,0.4968819638394096
X-O-O----,0.5009502209809752,0.044933704764314464,0.5093980682706416,0.4348970095325692,0.491723609811558,0.4320720291365864,0.6302325293909603,0.011802471010156523,0.33540867557727727
O-X--O--X,0.5099221882812341,0.7135883359636255,0.49554986983290367,0.4594579551015574,0.6465371930310986,0.5047282948019319,0.6852595084835825,1.2275394412583385,0.5024524706264013
OXO--OXOX,0.5675696319776888,0.5471690289358754,0.4307500447984414,0.5038390368313188,0.0914731081001765,0.5757881603858916,0.49425407977162666,0.5936367703163554,0.40866251145554533
OOX--XO--,0.5740403954882686,0.5306190456911843,0.4900915217784416,0.31830407881982015,0.6190172117521973,0.4948467783101508,0.557302855504166,0.12087577890206413,0.6872379216680152
XOOOXOXX-,0.4931067975171364,0.49376232648579427,0.4963462928473399,0.49541260202145676,0.4951875364004853,0.491668532395074,0.5038258505831118,0.506428879053335,0.6872379594563112
-X--O-O--,0.004678509375636242,0.5002017936691304,1.0903707088586598,0.0535056977938842,0.505533660906318,0.0628660389280965,0.5000493636475647,0.528385828237358,0.011321504256796788
X-XO-OOOX,0.5071536150018322,0.6872370778716483,0.4926147706596823,0.5062096276907568,0.6872379594563433,0.5065459736308936,0.4916851906027689,0.4923013027557317,0.49951242342699204
X--OXO-XO,0.5039520423843057,0.6872379173558036,0.6872379594563112,0.5058051705014622,0.5084415929858264,0.501418103073943,0.7206554040930458,0.4957946871056124,0.5070704074477577
O-XOXO-OX,0.4902523318590401,1.3886102911700773,0.4930443085675871,0.5032823506770715,0.5076948498611241,0.49922100137452535,0.6872379575512504,0.49540541709092156,0.5027753841129511
XO-XOOOXX,0.4265059047766504,0.46708049732163903,-0.24105260800053574,0.46733768141720805,0.586697797394495,0.5017752054737159,0.5389243074167412,0.5415495527531987,0.5340595458095806
--OXXOO-X,0.6872379594565045,0.6872336761231292,0.4912424504452999,0.49558446723050625,0.5085965154743152,0.49978847075198407,0.4958102830925016,0.687237917039898,0.5024464662448435
-OXO-XX-O,0.8343974945561593,0.4912387929709049,0.5078207725706982,0.5071952169973843,0.6892421596514203,0.5037004329490034,0.5052335400220506,0.5758499655875193,0.5017001247867146
----X-XOO,0.8304284406974097,0.24494964625388804,0.6872379594563112,1.2262201297915547,0.49959365227280234,0.4551874018737342,0.5082382616039556,0.5002730378312313,0.49562308893294454
X--OOX-O-,0.5089555335365092,0.08073251326951936,0.33024629000178435,0.49476903487444224,0.4906068245121715,0.492898299698106,1.5016440689778159,0.4916076956591209,1.4369582516077637
XO--OXX-O,0.5021361412666863,0.5042094762394491,0.26505573059586485,0.6871478381604652,0.49273410205594875,0.49100084740412425,0.5010441015610286,0.5010962213054796,0.5011004955500201
OO-XO--X-,0.49136547560413363,0.5079642181407852,0.015496893353477148,0.5028580173894983,0.5053941949402173,0.383310766094897,0.496237363463306,0.4998432115472606,0.2396836425195436
XO--X-O-O,0.49606068088908034,0.5025130876039142,0.08822355125360448,0.49986181438462696,0.5043282696418606,0.814096949100866,0.5033482101046708,-0.5412834190758247,0.4919405760524189
X-X-XOO-O,0.49021597733649674,0.6872379594563115,0.4912509517676021,0.12382738669889404,0.4921321655351873,0.4970257979244703,0.5080601124957659,0.31891779647283525,0.4946351774249095
-OXOOXXXO,0.544535768114655,0.5065367057349192,0.5049765066611743,0.5024909180672344,0.501456966385652,0.5048345825358181,0.5096062623195959,0.5084115906060852,0.5039053988468813
OXOXO--X-,0.520715396953631,0.51552352370894,0.45636860767702203,0.48494625169153954,0.4284942794101879,1.5743206774544525,0.24225584984697557,0.5667384535219943,0.5035953613033756
X-XOO-O--,0.5490043963627079,0.6794728163555717,0.574819646067396,0.48681119098807446,0.5365838379298972,0.6871625135551244,0.5786067528866204,0.47573718408083576,0.6358943755296147
-O-XX---O,0.12054009735917859,0.49840081709997214,0.6779830809696795,0.49501593992228204,0.4932891244239022,0.6872379594563114,0.6779261311331912,0.6081257027491771,0.5078263150561881
-OX-OO-X-,0.11710606805262136,0.5047157788212562,0.5015418734369727,0.48070904057802133,0.4933027232828065,0.4993374094576598,0.4357512076894562,0.49230445852701915,0.5404763927533582
OX--OOX-X,0.4927487570957092,0.5804117263395052,1.14122685968019,0.25178970501729103,0.47584358211597383,0.5678187599640624,0.4352897193025894,0.687237864875528,0.5302710160497148
O-----XO-,0.4942796227943218,-0.08735924659292027,0.08266696902003123,0.4142971003797156,0.08882397778597473,0.10068838183364154,0.4931807136623373,0.49016621627236606,0.0860883373164783
O-O-X-X-O,0.5000000154550386,0.2050516847428272,0.5024191898397738,0.6871664856899599,0.500970378871659,1.1362787544767285,0.5009145840285989,0.6365956461978123,0.49594523086761155
X-OOX-OXO,0.5052667735521521,0.687237959460498,0.4993687633907188,0.49869538848793377,0.5068017293131515,0.051339870395613496,0.49935587833632283,0.5064987298556151,0.5018486767080301
OXOOX----,0.5088786496902389,0.5070962256695978,0.49114252428162747,0.5089803028169406,0.5050245262068874,0.06315846391896918,0.07205457859107067,0.6872379594563112,1.440422989440184
---O-XO--,0.06679917929087686,0.7699228141985102,0.3396752668485815,0.4991309400419413,0.5388880547003895,0.5094504706239803,0.5040121832091924,0.05905571920098862,0.686788993445842
XO-XOOOX-,0.585565915649535,0.45662176777484564,0.085564365383901,0.4563551987583204,0.5179822613624359,0.5388125272209309,0.5783027571021087,0.4216516222149099,0.5482943385504622
-OOOXO-XX,0.6872379518382784,0.40810545857909913,0.41812073026001056,0.5365250278556541,0.5949778010756979,0.5046634588614161,0.6872368367772144,0.5904094338635948,0.5492001188694708
OO-XO-OXX,0.5068359416533983,0.49442080975303326,0.137942667436592,0.4994209520597559,0.5020161742267717,0.24485919790521493,0.49193187249210163,0.49271476396981345,0.5077646336852373
-XO-XOO--,0.2862527291997917,0.4902993314713253,0.5045096607667996,0.05686649775383823,0.5068169474645386,0.49804841746604717,0.5064182483127638,0.6872379593706222,0.6872379594726534
O-OXOOXX-,0.4919346461024337,0.8723729053693259,0.49080209248721746,0.5040416007632443,0.5098081089322619,0.4914784996893061,0.5023829495221563,0.5097969349673147,0.6872381569987849
XO-OO-XX-,0.4998798534386171,0.5080593285818632,1.3837716503091213,0.4963859611753183,0.4962028873221988,0.09401550608468567,0.5069745866222773,0.5056183565115304,0.6872379594564328
XO--X-O--,0.5019946207376906,0.505036767884816,0.18642895842698481,0.6434806512379934,0.5056032234139958,0.5058575930129806,0.4962017979069219,0.5040009927885667,0.6872379594563112
O-O-X-X--,0.49972686411353867,0.4606905561272692,0.49309902664877936,0.5027434453735767,0.4948492644613996,0.03741218977681526,0.4975980182741297,0.43738501826241616,0.5065763058340044
--OX--X-O,0.687237959456119,0.6747456967868007,0.5043404359256389,0.5074738269216467,0.5550301669053848,0.5596661564568137,0.49583780615381134,0.1752891022363684,0.4947838278974667
-O-XOOX-X,0.6872379594563112,0.5060767988592697,1.3555336409361378,0.5069883405554122,0.5041666858840649,0.49109804865660983,0.5086474869698377,0.6872379576352798,0.5086291199902055
XXOO--O--,0.5481322923907797,0.17698849347017698,0.5823437082832397,0.5106654615803885,0.6686203755298442,0.029530138587711363,0.8401019113425908,0.2700506112727043,0.27938700450561926
X-OOX-OX-,0.5873158576263123,0.6872379594563112,0.5517974425874038,0.5747962830555703,0.45960172065248184,0.6849562347212594,0.5563953893760181,0.5906515150890536,0.5094791006800182
OXX-O-O-X,0.4900506820221392,0.49242853744090764,0.507412160149949,0.16067345510665,0.5094700583284058,0.685404750078655,0.4992764256515394,-0.044111764336617454,0.5060791172987116
----OO-X-,0.26240410324409125,0.08226432031011832,0.27579923604812284,0.05877273647117254,0.497085978901486,0.5002341348836111,0.0025050463829048297,0.5018706458220531,0.2605833325840209
---XO-O-X,0.3623842125403106,-0.35082952511744736,0.5395901147371535,0.49409041903801787,0.5086943456184118,0.06461241054874806,0.5032735088069907,0.08539948351649451,0.508361868648746
OOXXX--O-,0.4927750825151442,0.504260212274707,0.5099422660433388,0.49661580520385473,0.49558677052617184,0.686828876689512,0.6872379594563112,0.5069372013437308,0.6784474791013735
XX-O-OO-X,0.5015975227627194,0.49592164420532836,0.6868145025331264,0.4910409037333266,0.6872370493635673,0.5016176058673888,0.5094593655242675,0.8395586816200753,0.49467438322105395
OOXOO--XX,0.49434524266489427,0.49115954135754725,0.5080342371155928,0.4920657330242667,0.49605389404028805,0.6872379922735659,0.6872188406092938,0.5007427219529186,0.5004517658676358
-X-OX-OO-,0.10017206032301917,0.50821469991432,-0.18421383608176278,0.4915863792357748,0.49494866551795436,0.23603418249028874,0.4925288791889118,0.49207480712501356,0.5903901103602163
XOXOX-OO-,0.492243832803178,0.49765396333043516,0.5052320384154386,0.4945030548495489,0.5065040859313552,0.08437359582924847,0.4975353630127116,0.5048348696439626,0.687237959456475
-X-O-X-O-,0.5044625586653027,0.505035788819291,0.6869687266528054,0.5080900416775274,0.8057496280720834,0.5040674224604581,-0.11680256204501205,0.5075014937325867,0.6934673422342674
XOXO-X-O-,0.5716982931788362,0.46635167288268403,0.4830874522064055,0.49107157280633756,0.6767418230708329,0.5810845041520567,0.05172791788558012,0.5956611778023392,0.6870321943495955
-XXOO-X-O,0.6863383835816165,0.034860741843179555,0.5039030852041995,0.5386705415844872,0.8305938435645306,0.6828858058751617,0.5172681120165767,0.0012231092879814165,0.29290470355815
OX---X-OO,0.5099100777760687,0.4926193683799167,0.14433252948230524,0.1113734219835707,0.07880388608096334,0.5020792449319262,0.7601012585871572,0.49105592245568397,0.5063796833863217
O-XX-OXOO,0.8749377087450217,0.5495710809799684,0.8424074642346245,0.9525272972020676,0.687221354596175,0.049271973453137385,0.43018899867832394,0.0049533488876633,0.4581641612183224
OX--X-OO-,0.5028082917425507,0.4905858820176363,0.08895503612255318,1.3736985735200749,0.5030352147622608,0.3381734133460561,0.5032301566598124,0.5050787858873379,0.1211025973924329
-O-OO-X-X,0.5750592564445483,0.5018104491279535,0.6741080816045689,0.490330791711857,0.5093692110755792,0.6852300911892751,0.4917077747757497,0.6872379595130925,0.5095275543395922
X--OOXOOX,0.5035396785909106,0.2867512391945201,0.6872379598028179,0.5013898420496756,0.4995959989666107,0.4969779057473895,0.5094320534333738,0.4998006803407164,0.4920282595435258
OX-OXO--X,0.4961912209738928,0.5050692804984921,0.08602351947954201,0.4980483417952611,0.501941264300162,0.4999672934817272,0.6781491039588833,0.6873156036681,0.5052067814416118
O-OXOO-XX,0.7916557997635522,0.14990603040352735,0.2110279207527349,0.8513997216083096,0.5319023320946147,0.681039721205919,0.6872371923082045,0.727908088748638,0.8986233427463455
O-----OX-,0.4956304985481545,0.3212298881247374,-0.24936099956058277,0.1916104801353633,0.3102585230457734,0.1779739503898103,0.4978603082731523,0.50040435879993,0.6097211423724527
OO-OOXXX-,0.49853783680524605,0.5062165076204882,0.8561254516211867,0.5013220655985605,0.49316761303592166,0.4903412815947987,0.4945214651245438,0.4984597555758144,0.6872385321163333
XOO-X--O-,0.4948322452420743,0.5053463448044118,0.49435964382705655,0.6872339714453904,0.5012366859428066,1.170387902395388,0.3620888530692534,0.49913385677185146,0.6872379598132785
-X-O-X-OO,0.6033417926707731,0.4967117418648224,0.20588926296141774,0.5068971492643197,0.8834600409296733,0.4938592400423456,0.1524761737053859,0.5076102525028054,0.500092809874126
-OO-X-O-X,0.6872379509988379,0.5091883938477773,0.49075991247920603,0.11774802921151495,0.49424122445825386,1.0059185793054999,0.5069693568239249,0.33816098961656527,0.4980916733035304
-O--OXOXX,0.47478894323909043,0.4971966126128137,0.6872379594563112,0.005239834117709563,0.5043559101470666,0.49825718228351706,0.4972201651313779,0.505087549624259,0.5033507790742263
XOXO-X-OO,0.4149242842111104,0.4188679294047486,0.45211433992159133,0.40019392291104633,1.0871783367174157,0.5920496031020369,0.232906619948548,0.5312941384241203,0.5073514993555828
OOXXX--OO,0.47158974175041696,0.5108223945693592,0.47107276069454196,0.45890490682845364,0.5657013012979065,0.6871797809840821,0.6872379240140314,0.5142984974650447,0.424585872452723
O--XOX-OX,0.8847481400432703,0.9514469449704416,0.6874945556883475,0.34968345941557843,0.3424335737607762,0.12047269741146505,0.6850253027326169,0.286352619372811,0.5699182515261182
---X-OOOX,0.25700490721436575,0.4016036543317436,0.6830964388866838,0.49552769599602986,0.49824742390966464,0.49678609439368565,0.4985861761976586,0.5097856019848562,0.5000134807440163
-X-X--OO-,0.8026915669022414,0.5082717040241896,0.40677938379032064,0.4953195601291696,0.8306703759895964,0.10168730995126968,0.5020989094167505,0.49554478435130067,1.4009206005441421
O-XX-OXO-,0.5001361408759062,0.37852537839860045,0.5076373049065785,0.5045348637204907,0.6875103451224709,0.5001611267249342,0.4962493630154229,0.5014453160966242,0.4968666672010102
XOXX--OO-,0.7336118647512023,0.9784591449661271,0.11852020828863652,0.9233400074589839,0.7006775568208152,0.32302492214234946,0.5462921811572283,0.22174146118475224,-0.33795596468802025
OX---X-O-,0.5578267736906805,0.508571584487944,0.6320909756769401,0.021016492027772782,0.6944961736855235,0.4535718741095354,0.5547223283152821,0.4167844890573279,0.6293090941510351
OOX--X--O,0.49006514168183923,0.5014037454743918,0.5094556941378553,0.9533015200324552,0.769671189343104,0.5086337297503404,0.49538726825374946,0.5436926944977731,0.49998515973235347
-OOO--XX-,1.0595514456895097,0.5076833843084971,0.5086225367264714,0.507823841976534,0.006308671358458473,0.502571798666947,0.5051117992794862,0.5056068946343042,0.6872379503070535
-XXOXOO--,0.6872370293276533,0.5098458897480186,0.5095366348409519,0.4953315266542483,0.5090954865515612,0.49125141620144913,0.49079591066250267,0.6872379594563112,1.3670401491214068
-OX-OOXXO,0.03565037210613903,0.4914206861043586,0.5092519455348214,-0.3479063346545198,0.5091366915890748,0.5098324694798465,0.4923720210926001,0.49591005321891646,0.5051901418712692
OO-XO-XX-,0.0018268315997032047,0.0691648674810188,0.05577601763671369,0.40908916750298563,0.1026907942419284,0.263796106528856,0.8909551309626497,0.4838033996136809,0.68716070780659
--XXOXOO-,0.5604720265527454,1.0936260887989948,0.09524959448694181,0.739191876598888,0.4722849903537636,0.48413950282444373,0.04936798849491797,0.3910825862219178,0.6513501383002744
--X-O-OXO,0.6871793568683885,0.5379301867583766,0.5164996341257078,0.6620806882495501,0.5403573702787706,0.24769922940244765,0.5818995572776406,0.43618205994745074,0.5557671589972292
-XO-XO---,0.40202226908625804,0.5042572331686203,0.4912346075155105,0.4489097993999891,0.49704302810030687,0.49033152975183963,0.4098633763029168,0.6872379594563112,0.6874674473165354
OX---XOOX,0.5013494170337233,0.49597264167033256,0.6457356946909157,0.6944537108801515,0.16628109893729925,0.5084764029453956,0.49684655731433675,0.5084295548756895,0.4997983422396247
OX-X-O---,0.5449930407267232,0.5824298400537498,0.01686035568232558,0.527364865170009,0.6737033711195662,0.5386715647405634,0.7438925484848626,0.06529192505337433,0.609297647960064
OXO-X-XO-,0.48962959557934876,0.5881459720252682,0.5433816654011416,0.3802512954486372,0.5273149007915804,0.6865853883532083,0.4437427920895073,0.5266160068951012,0.046825385089815263
-OXO-X---,0.6891718376397671,0.4123644178259043,0.4558338607384834,0.5626237489761253,0.4093729223611197,0.43728762051093906,0.14029772510952299,0.6892443105688782,0.687112265674586
O-----OXX,0.4952092608007393,0.05040276431928992,0.1249250319254297,0.07198225911499379,0.5412595736034024,2.0246310137273635,0.4968669922815033,0.4954291924612134,0.49518890253199754
X-XOO---O,0.5090876268058186,0.6872379665101157,0.5073551559329686,0.5051291597104934,0.49111504276246093,0.507418317406401,0.1439269481448624,0.03470392627440022,0.502414084955064
-OOOOXX-X,0.08514755255223216,0.49518994475917927,0.5054408462273339,0.504647718578878,0.490780560005034,0.49573656524241294,0.4951446599832393,0.687237968582781,0.5092514623953022
OXOXO-XOX,0.5009517609023187,0.5023758991610436,0.5019011750529799,0.501722615842981,0.49728598855098405,-0.28327084890796383,0.4935884762188711,0.5085604045002984,0.5036438093726868
O--XOXOOX,0.41170061811400743,0.6010116523545567,0.6872381569987849,0.5120596040428163,0.5645864778390872,0.43934044839786474,0.5782267338055422,0.4657753449535109,0.5203202848830921
OOX--X---,0.5048991436483543,0.5089258705528659,0.5082328517135454,0.40599032400127977,0.6872379609724697,0.5070235578519195,0.6872370735084163,0.6871521373337316,0.687237959370462
OX-OXO---,0.4829691683488655,0.5486719032100573,0.5086793640236604,0.45464990244486747,0.44765084237443015,0.42636294344220926,0.6747732837099325,0.6872379495473157,0.43137086327579616
XO-OXXOXO,0.5081994964133149,0.49915826229111426,0.38458071937637683,0.49550676468251253,0.504690545164092,0.5044429060382932,0.49886377923904535,0.4988866751838186,0.505902250175948
-XXOXOO-O,0.68721973707814,0.4984930275225426,0.5055142979343635,0.5031434882534243,0.4979463390238233,0.49008690135670957,0.5043949741132859,0.687238738352945,0.5002911723727984
-OX-OOXX-,0.2711722686705291,0.4407979118205604,0.4555134412602762,0.6872368706839651,0.5271519179789721,0.5363650775829848,0.4050703315958926,0.5691087425287857,0.6872371923082045
X-OXO--XO,0.491730355705662,0.49060524981597026,0.5096897832887424,0.4955454069451816,0.4929945878035698,0.5871683677245215,0.6944537108801515,0.5006535197307248,0.5091106486819835
--X-O-OX-,0.48009310335847616,0.673437375724671,0.5682924402542304,0.45749302556065047,0.596391051343196,0.6867896237843826,0.5855726914878893,0.45322689126115195,0.6849135810725503
OO--O-X-X,0.5009233334085986,0.5013112355244068,0.4991476642471218,0.6466931813344694,0.4902283629095428,0.9003183511941938,0.4990301212501936,0.6872379611170728,0.5024413807631534
OXOXO-XO-,0.505940355862872,0.4993530513117409,0.5071498464937159,0.5090373463780452,0.49075671753481526,0.3219071227717645,0.5047546428051397,0.5094945334563271,1.0621569405577067
XXO-OX--O,0.5991801232208658,0.5743146994701575,0.5995696110501887,0.3325969893069568,0.4083493217558556,0.5601406829483973,0.2735038632002179,0.4626753545209317,0.5833050078843045
O--XOX-O-,0.5060822113348875,0.17838362019149356,0.26688284330950907,0.4998332211645684,0.5088741223365134,0.500008432863067,0.01615844736991867,0.4954807751911677,0.7648684836678792
OX--X-OOX,0.497475564663371,0.49720564584215143,0.9315324667017209,0.17377463878856325,0.49657018822369686,0.35594497757920673,0.4972542726935538,0.4938836976492066,0.500501985511451
-O--OXOX-,0.6003503795148013,0.5014359517267597,0.6222409290551141,0.37457983728928623,0.49319569641710764,0.4982269889006966,0.493978965176169,0.508428730317511,0.16930522054750463
XO--X---O,0.5094336286026231,0.5060899246744807,0.43849789702153813,0.06666456502241153,0.5008103537509286,0.6803967331998526,0.23465928625774501,0.2999115339099603,0.49151749945350787
-OXO-X--O,0.4682922149859081,0.4955652663908546,0.4909279872239405,0.5060537445662475,1.0404522327263768,0.4934364521730453,0.09484468063652307,-0.2092955829372315,0.5090825268112608
O-XOOXX--,0.5099187802895865,0.12657210197821467,0.505773463388086,0.5000531396231588,0.49288355671392003,0.5002657113551218,0.4970997806112391,0.6306005859413194,0.6872379593684752
OOXXX-OOX,0.5059977911312847,0.5092111515676346,0.49091533494506256,0.49335171014069146,0.5046809064912389,0.6872379594563112,0.49021230867345955,0.49390624476163075,0.5022412928435158
-X-OX-OOX,0.6872379954462638,0.4977648722106915,0.5970841458747204,0.4964017907011227,0.4973374329536012,0.5953206134779802,0.5091090938467646,0.5062582142803107,0.5025656782904883
OXO-X-XOO,0.47726020047164813,0.48317792495180695,0.4077901363711556,-0.02904599315137446,0.45764191460844483,0.5716362859497148,0.4132673454913026,0.5226809970554928,0.5329541947765859
OOXX-XOXO,0.49087624624165427,0.5079547577428845,0.4954815579364579,0.5084151565374764,0.6872379594563187,0.5023061460320717,0.4998879340958617,0.509210992295706,0.506248364596962
X-OXXOOO-,0.501423922367596,1.6775493591124124,0.508577285082104,0.5040836668018374,0.4914431316410737,0.49320802426222954,0.49592244541485253,0.49342596364174435,0.6872578523973438
-XXX-OO-O,0.6872412642096936,0.500901352291708,0.5082367871592577,0.494563093053612,0.49877398399020384,0.49503177657263503,0.49670662251818876,0.6868306436572195,0.49115337668610076
-X-O-XOOX,0.6853511437222659,0.50194817636536,0.6872381569987849,0.5007505532722057,0.6459921665191721,0.4963550114017568,0.5004253324562745,0.49035786637108625,0.4945218256935739
X-XO-O-XO,0.5506718213399475,0.6794728163555717,0.5284902992613232,0.5627230095409731,0.680061650749522,0.5998377985070148,0.49475795261495037,0.5075304347117596,0.5600812862495189
----OOXOX,-0.2761968586831266,0.3922936343774271,0.02634017930837551,0.0016839694985307796,0.41325874420785036,0.48338226928033245,0.4501385436533999,0.4802787172415915,0.5787922580807174
OX-X-O--O,0.5060622460754346,0.49267991339098965,0.43416433019277945,0.5053225182489602,1.4772860496489297,0.5057985331236646,0.09962271335341799,0.497507551749097,0.5070617941977842
XX-O-OO--,0.4917836981019494,0.5044065758531281,0.49406020801514966,0.49827939692140705,0.6889346105904114,0.5033792774337162,0.4985007035946514,0.7795356809944765,0.6452421478332128
X-XOO----,0.4962551067578538,0.6872379594563112,0.4951532847716904,0.498534182843134,0.49905445390549746,0.1844891120206349,0.1384349993867956,0.687134033742106,0.4962785965408027
O-X--OX--,0.49762628441972107,0.6738384403746032,0.49497924855750064,0.509271256403215,0.6872381216507788,0.509731887265642,0.5085540736169041,0.6866606785619652,0.6871416778685997
-OO-X---X,0.6868238628070289,0.50333171944228,0.4932952391607886,0.4533881911407161,0.4986347940949329,0.491262286724814,0.6326112738570713,-0.38530372314831995,0.5083653721938484
-OX--OXXO,0.6270007128635215,0.42519315576932676,0.40944837057465644,0.6872215885945392,0.687221354596175,0.4919428206901849,0.575215169771005,0.572454696029652,0.4490224886982911
-X----O--,0.34050842980443186,0.5001590165854267,0.2751883000234116,0.06908730045405209,0.07597606480122682,0.14278776906057472,0.5018490607900868,0.6522752416504954,0.5846944392155319
XO-XX--OO,0.5079994021173662,0.5087179518671691,-0.24344083535473127,0.5011154016933408,0.49004051312246066,0.6784454758434704,0.6872379594563112,0.4950476504272801,0.5021157599770663
X-O---X-O,0.49459149322759943,-0.3551543296926609,0.5004279078718987,0.6872379594563112,0.04546734039314798,0.5676668781094408,0.49899894631460967,0.7682707815723915,0.49112889199904
---OOX---,0.6381191855754226,0.4902426977326245,0.645587771929913,0.49787909085319565,0.4907545780568872,0.498489492015934,0.4859502858679976,0.5239374762556469,-0.250273822012672
O--X-XOXO,0.4983465782196998,0.4981757469312302,0.4731704844370931,0.5081564309680833,0.6872370655907925,0.4980057208644904,0.4965177082842343,0.4954636908215481,0.49155277841838857
--X---OXO,0.6913741746472835,0.3536435501359243,0.5045993261427963,-0.2991835779261377,0.12347763114580701,0.04759128205106766,0.49140741306595426,0.49453047309496234,0.4955115977346732
O---OX---,0.4900114377268084,0.3190669747137328,0.6951031572411208,0.28828561184832646,0.5092914645337266,0.4977114902543244,0.17625334876456367,0.06829167175246353,0.7190521800770002
--XO-OX--,1.1680074475703364,0.13560372589743142,0.5090321451146202,0.5025612130390081,0.687237959452353,0.5035604962649037,0.5089267045283025,0.8095761657304877,1.3315578093991594
XO-OXXXOO,0.4978509990379296,0.5033963448793002,0.6872379594563112,0.5047754391280723,0.4994601855301973,0.5039814415929817,0.4988963213995419,0.5044566787782868,0.5063899409965786
XXO-XO-O-,0.5041288679790841,0.4962530946117938,0.4947157250602679,0.6463012593765676,0.5038340285093356,0.5035891767166792,0.5172713665824358,0.5099215476476441,0.6875992173021154
-OXOX----,0.6870907104970171,0.49604351414830194,0.49388105503403573,0.4930985267659678,0.4925593017552347,0.04539382584349838,0.6872194140923606,0.525087244878809,0.32846640342130107
O------OX,0.4992067763197272,0.5402726194633853,0.6917770549038581,0.504594918995122,0.058417202240508725,0.6646118412509808,0.3661239518645566,0.5085354367288539,0.491720519404027
OX-X-OO-X,0.4977600537128216,0.5016927185915949,0.13963883205659716,0.4972089716871125,0.7045344711955174,0.49854411758078243,0.4969189983877662,0.721427230194353,0.5002716716275835
O-X--OX-O,0.49215691040170206,0.645286967662976,0.5051866169208467,0.8686486368528484,0.6872415709539219,0.49541503194406017,0.4918152199261181,-0.38853125850653936,0.5052674433623858
-X----O-O,0.17016513245553955,0.4916497949214251,0.8170511453022464,0.2830196686797164,0.0931414167508795,0.29192654399907403,0.49047378372867173,-0.09808621425904918,0.4973839948021945
O-XX-OOXO,0.5002688857686229,-0.2674244440107847,0.5011888846167416,0.49288100085833103,1.4258658308823435,0.5098708451853552,0.4976001292314561,0.5097594696014548,0.4974801479931
OOX-X-O-X,0.4919007154531592,0.49986588137466914,0.4939764461219676,0.06915749325614762,0.49056319214410615,0.6868352530940212,0.49191672464042036,0.8531727278696082,0.5013582369625913
-OXOX-O-X,0.6872338555888485,0.4913737929114449,0.5862325454201517,0.400333964835455,0.5177819609094018,0.6872379518382784,0.5613734533077875,-0.3513074051567817,0.43709653889060945
OOXX-X-O-,0.49833098665523284,0.49837622468284337,0.5061576977061196,0.5052113640439995,0.6449364492195652,0.49667847015710914,0.21633369659069862,0.5011519689988536,0.6872533345980624
XOXO-XOO-,0.4951349766622886,0.4907501822082365,0.5001119705443349,0.5003773048156294,0.20113736999529108,0.49135144241968554,0.49840255068027467,0.4989079967907915,0.6872533345980624
X--O-XOO-,0.5069847737003546,0.49463590248028433,0.49597013663916983,0.5047237216196272,0.49679769951267694,0.497761178792168,0.5034242749760354,0.5097120187345388,0.6872543104250082
XO-OO--XX,0.5325690200605908,0.41863647038999796,0.41840647279939464,0.4300309650029915,0.5472562032408267,0.6871757715178983,0.6781346379180238,0.5771464242128149,0.5735009965636743
OOXXX-OO-,0.5083992717956327,0.4934031671156456,0.4942551788721441,0.4901179956587002,0.4939490045632161,0.6872379594684495,0.4998188648752367,0.5050229221063061,0.7790239641142598
OOXO---X-,0.4739897362900355,0.4737156819296492,0.5005596872943944,0.45488436551619915,0.49557347337951096,0.4950496550780424,0.6871670366520344,0.4399444412683784,0.5139406718843051
-XX-OX-OO,0.6871073288465875,0.5484857736142095,0.49013541054544435,0.05174899162295288,0.4120794950567302,0.4478042858588249,0.5730062274255703,0.5698580868183946,0.4287732677823017
OOXOXX-O-,0.45287416300653294,0.4548833818840222,0.40531845209873785,0.4224054513836431,0.43031100224672014,0.41640563151429083,0.6855664826724073,0.4210014307606257,0.6869857736585603
OXXXXO-OO,0.5038680549075524,0.4974683221997039,0.5042313345909956,0.4935345845070419,0.5036611070313689,0.4962553575136785,0.6872379594565045,0.49311056971352357,0.5014767138224584
O-XX-O-XO,0.5021887761834815,1.2738689021703506,0.5041004885734824,0.507095673068243,0.6477203190118324,0.4990698113310393,0.102910289882847,0.5009105008153429,0.5089889764838044
-OXOX-O--,0.686822280706196,0.5066211162512483,0.4966404377265856,0.5074064311777209,0.4994827895615915,0.41173903237609677,0.4936622940978254,0.4460527298850083,0.5013919457862034
-OOXO---X,0.0052151044578417904,0.5027738133732905,0.5022140551669401,0.4919324029720757,0.49363617431311463,0.5032269502002126,1.1814652324828216,0.6474503597998049,0.506060158787219
-XXOXO--O,0.6872342432811402,0.5704610861815893,0.5327336100455532,0.4623912030447562,0.5252239236228193,0.5750735764074888,0.6872379614179722,0.6872323600459519,0.4320798904135311
-XOO-OXX-,0.4188391081889221,0.5082337726160229,0.49635993830185515,0.49702050385658236,0.6872181802991976,0.496441178097756,0.5071246185601033,0.5002868277319015,0.6872379594565045
--XXOX-OO,0.03285630809939932,0.8257890748822174,0.4903482925221999,0.5061358901666859,0.5046021756409679,0.5070937882796002,0.3880916396866205,0.4903945380687393,0.5070198381923035
---OOXO-X,0.6594276065358632,0.06304356280856832,0.6875068481465221,0.5022667183035134,0.49258021365601623,0.49493955340376505,0.5090761764859002,0.7742721042168428,0.5077323277553527
XXO---XOO,0.5022284637040048,0.5955471519166722,0.45944665619073494,0.687237959391469,0.455364189207562,0.47080052566733493,0.45879051963101747,0.4614165375889504,0.5206948225078031
O---OXO-X,0.5120768063795675,0.9225001012874519,0.6873305113574016,0.4376865013654686,0.48947737889571874,0.5922765931123762,0.5356506466661982,0.9231477536350721,0.5808770416002572
OOXO---XX,0.5043166723055055,0.5519495624974152,0.53104718973739,0.5544600439330376,0.08618333645540022,0.6794728163555717,0.6872379492369209,0.4423461546292262,0.5154256666416266
-OXX--O-O,0.05525355826069289,0.5770692171512246,0.5738213326916627,0.5354241311186595,0.3674939135584431,1.0024647027721754,0.48623432138751443,0.1057588328039114,0.512088022116864
OOXX-X-OO,0.49470930409652103,0.5053247200697694,0.49942099587876065,0.5020712704711443,0.6872386697859963,0.4959895265556909,0.04191121527933933,0.49581135206443067,0.5057048111132018
--XO-OX-O,0.9478125256468164,0.6476198040775321,0.5000612888277118,0.5093733627867871,0.6853630809029473,0.5008166723185701,0.49263980462335033,0.5222098224308354,0.5081326780867368
OOX-X-O--,0.5065841078812218,0.49542907052141233,0.5020445305909585,1.3715475678163513,0.49572562484712734,0.14834714899235735,0.5060230476283094,0.5692596857688972,0.09977479947222101
X--O-XOOX,0.5550487556300353,0.6843434656822134,0.6868785765925925,0.5880740409005322,0.686825338499312,0.5236218581105699,0.5825989768951999,0.5225893207753876,0.5382966688812987
X-XO-OOXO,0.5976833136760145,0.6872162109196979,0.5537420295398333,0.42937258749814644,0.13781347640859987,0.41075559103094617,0.4195981162090019,0.5196820614120545,0.4728940595797725
OO---OXX-,0.4966517894633838,0.49364034071272167,0.6872379594564734,0.29538160743275144,0.4249498418961082,0.503582045026461,0.4915782183754337,0.5049194266790252,0.6868172782504312
X-OXXO-O-,0.49142163324398547,0.6453740353509517,0.5053735074662491,0.5010352173285535,0.4961981140391483,0.4967637382628934,0.4917529585681143,0.5017091637527767,0.6872379594570739
O-XOXO-XO,0.4462160028513191,0.6794728163555717,0.5202647272166018,0.551405826546442,0.5280800568592906,0.5150542775900298,0.6872370791840878,0.5002978431353027,0.4213608135832328
-OO-X----,0.3939183152871674,0.5055010032869671,0.5025174562391499,0.4344423990215816,0.5032214306477664,0.02919561548900429,0.24036643338446761,0.15470120312314306,0.45250807300383317
X---OOX--,0.5073497742402788,0.12422134523549494,0.6862149819828767,0.6872379594563112,0.49962686251892396,0.4957070343575157,0.49904642808411226,0.9673327477442216,0.4969793005420789
-O--OX-X-,1.2850635951039782,0.5042273173640777,0.6019655288012015,0.6534500516861907,0.5016124457281484,0.5070123740158975,0.3680904812338396,0.49880742005718137,0.6610509780539929
OXO-OO-XX,0.5036523066470603,0.5000332814931603,0.5033306907210783,0.4924661703272031,0.5015934466948485,0.49459725303355895,0.6852683916197867,0.4955235468218601,0.5063565216629494
OXO--OXX-,0.5507769906600364,0.5098145977652447,0.5006895341218589,0.12623936012162362,0.6872379594317164,0.5276398906458947,0.5534326429920499,0.504606319059344,0.6794728163555717
-OXX--O--,0.10992323004983018,0.4965254312473237,0.502140687969789,0.5081624949583534,0.8084928052051983,0.6854012702581458,0.49814655364410776,1.0071431694587158,0.26479762282862146
-O--OX-XO,0.10251709350826704,0.49081845784285233,0.5411379735479289,0.4591806015582224,0.5023184041854456,0.49268652747765296,0.10955188345912009,0.5014622369003766,0.49910053152644446
O-XOXO-X-,0.6932245245523152,0.6872379240140314,0.8525234550256023,0.49175701396407456,0.28034557624010903,0.5800287873452057,0.6872379593730072,0.6489712342625898,0.4327505733649021
X---OOX-O,0.5095202438372808,0.6428330293791529,0.501858217322469,0.6872379595126026,0.49923110362124395,0.4925758935414191,0.4983129309415532,0.18066112489329383,0.5018484655542412
--X-O--OX,0.6923094546424458,0.675155441959426,0.49450902357186577,0.14531847109108853,0.49098150797059076,0.6872379594563112,0.5410620360877513,0.5009002839980299,0.5042630492701325
OXOO-X---,0.11141020694138293,0.4576235453920299,0.9298071485728604,0.09824347054709626,0.20023831358701577,0.054838948481768846,0.5765102800192932,-0.12459746535575811,0.4945389406961117
X-XO-OOX-,0.43997615540259843,0.644107481591589,0.44998423209924304,0.4119323512309905,0.6872378371172175,0.4744213792323696,0.5136979488342994,0.5001383485026899,1.137436229358236
OX-X-OO--,0.5076954438733726,0.5007847600777497,0.6009817506320951,0.49855255336771204,0.4929121784605306,0.5067951810781334,0.49986918213634013,0.23705820026028457,0.10765378355769084
--XOX--O-,0.20777036679482885,-0.09852710227523342,0.4988930004215891,0.5059080929831186,0.49266611964204554,0.3559776654380148,0.6872379504840865,0.5090372988653193,0.7016881897514052
XOOX-----,0.49294063783246406,0.49391018170907264,0.5061048862282882,0.5096763533095763,0.2519242356895195,0.14339383828944657,0.6872379594563112,0.0543514061654502,0.6872593297699202
-OXXXOO--,0.0743680006715795,0.5001454725179998,0.5012974907528225,0.49560696025479106,0.49167506678571593,0.49351434902705915,0.501572450438939,-0.3723823836197243,0.6868039220353486
XO-XX-O-O,0.4229048947217964,0.5077178675185621,-0.46577952882091767,0.48936159558076464,0.4417169612565699,0.6872379594563112,0.4052635933308323,0.4062335568760094,0.4174687430064826
--OOX--XO,0.03393810751344578,0.685257877541998,0.5099659510338792,0.5065602164067289,0.5037222851171187,0.3106828089309204,0.06347568658519193,0.49160612792558067,0.5023134652205387
OX--OXOOX,0.5077596440996867,0.49471421911872154,0.6888838399157741,0.4928004304990247,0.5064024637488798,0.4927285807314297,0.4977745512099913,0.5046440189825828,0.49157677959795004
-OOXX--XO,0.9947218349701394,0.5069837519181103,0.49892512498673164,0.4975465129608368,0.49483276131652404,0.6872385313318392,0.2803829675501799,0.5041600047703123,0.5060636262202731
X--O-X-O-,0.5897707912611699,0.45085618026846386,0.68716070780659,0.5523434154115208,0.4204797550189383,0.5767577388423935,0.6338539129244958,0.4046835243895778,0.519158786114098
-OO-X-XXO,0.5011752726411147,0.4926834993090141,0.501699877758236,0.00442830896305435,0.4982706589773335,0.4182748808084609,0.5033021670104112,0.5016086899734706,0.5043907883296123
X--OX-O--,0.5084331946833219,0.5057787113204768,0.6779472523878335,0.5087220574732972,0.5021941736429,0.2952850616735694,0.49508101687472394,0.6082505231711436,0.6872379594563112
-----XOXO,0.12360736469159295,0.5048486788129919,0.6864774874183492,0.2686807535493426,0.031883665954024754,0.49486080654263837,0.49111380014276945,0.49236061919016305,0.5075252471586145
-O-OXXO-X,0.567277744357713,0.9258373103275505,0.52497918747894,0.4561950818643381,0.37325640084253575,0.5361477154607536,0.1066390983567711,0.8550474441353837,0.6515571406711452
-X--O-OXO,0.010420977301931311,0.502385842829296,0.5993481688536256,0.14713956603468603,0.5074567812123533,0.13686562402901925,0.4950697515085287,0.500781551945291,0.4922149258810414
O-O--XO-X,0.49968027345921573,0.7802826342377366,0.5083096699263271,0.03300807174501985,0.06914975495080722,0.5053058739928019,0.49036312590831405,0.04950027519307931,0.5076012252134107
-XOOO-X-X,0.4913467973872666,0.504989213389351,0.4977752252099063,0.493203382029918,0.49422759094557744,0.6882369139019908,0.4909869733226731,0.6872379594564606,0.4977586375883389
XOOX----O,0.5022180298305662,0.08233926051594775,0.5100143465571446,0.26140394340128936,-0.07918205215368657,0.23227577946242894,0.6872388507913086,0.020400107727741812,0.4862824321294974
-OXXXOO-O,1.3995537187781157,0.5034868788748202,0.49260273468302823,0.5005833170102676,0.49251719252744947,0.5081176117470111,0.49939048236790573,-0.04427949604623238,0.492492698359132
O---XOXXO,0.5064629121546477,0.6872379594563112,0.687237959436481,0.5024198764792027,0.4920742347475203,0.5032402776116652,0.5007176870511919,0.5021134153222289,0.5033615303404663
--OOX--X-,0.6871199074001874,0.6872379594563112,0.5034704997189653,0.5002441865869531,0.49292368048549917,0.2569297291739764,0.7602014942832162,0.4954987613086476,0.6872379594561139
-OOO-X--X,0.758708023363696,0.49076787767491187,0.5004534709982478,0.50924839379574,0.5383074406584745,0.5093329015937738,0.5415063090448957,1.0791096068762909,0.49600455487927236
-OX--OX--,0.49264113949331106,0.5050606118333376,0.5039487645756605,0.6853169985189629,0.6872337201425571,0.49496482136979386,0.5018729231973293,0.6872543173298029,0.24271620527778487
O--OXX-OX,0.4842120314736383,0.25467603404768857,0.6872379529305587,0.4689514880872576,0.47450843987703023,0.47870749405133617,-0.3757775499475099,0.45348112457757506,0.46659504453003886
X--O-X-OO,0.7757746102180543,0.14946005489259184,0.051394398892188886,0.18001721685887007,-0.2300752783781186,0.5704174310664868,0.09917043810161497,0.7552084749039799,0.72915845888665
--XOX-OOX,0.6872379576248258,0.03649673960268662,0.49840363373723784,0.4905379090130219,0.4919584662757361,0.6868345042181243,0.5023158133715686,0.50759762049045,0.5083050599283084
XOOOXOX--,0.5006883128086173,0.5068112427645146,0.495913697394159,0.5074928729478464,0.5089151393388434,0.5084689555518475,0.49307835299633707,0.8185138022145259,0.6872379595469399
XX-----OO,0.5072939185334724,0.49033432734855165,0.6872337463185834,1.3324758761735953,0.24454476623706445,0.0650100502245371,0.6341089825050513,0.5071339063247546,0.5043496244860959
X-OO-X-O-,0.9921151288534086,0.3415043273792474,0.07896173459336531,0.20200062038519373,0.11530430378979206,0.45079701282255724,0.24397169949992553,0.24617975869577025,0.031364391475930564
OX--OX-O-,0.4847105650199117,0.6891105486325296,1.2924646570214045,0.0433974372288613,0.7510663135699337,0.8947751397763185,0.06275510863805067,0.7444476860928758,0.7904292034246522
XX-O-OOX-,0.48820444926162787,0.4330858005545897,0.68716070780659,0.5342172047270866,0.4574464602605827,0.5811609535634779,0.5964789678573518,0.5304702672688013,0.6771342612884329
OOXO--XOX,0.9502386658049261,0.4186817734996765,0.9176826027777447,0.05184138413247752,0.687221354596175,0.6872219783946657,0.8979077221417907,0.15564550140533406,0.6174970621723996
X--OX-O-O,0.5079970677266874,0.24765179168247403,0.5033523148792136,0.4985129506608596,0.5005230671013458,-0.40729163134061086,0.4925639387173545,0.9555409765098468,0.49190501558173905
-XX-OXO-O,0.6872371923082045,0.5015739444966941,0.4959497748567767,0.3789249487895373,0.5975708499066105,0.534976803078444,0.42435564144465093,0.5781638803535734,0.41394222169598704
-X-XO-OO-,0.1191532627745438,0.5074343486192961,0.687508334652682,0.5057565745677676,0.5002811129256812,-0.20101152383579224,0.4925007177939619,0.49803353524421934,0.32318827287665
-X-OOXXOO,-0.41043634423140074,0.4924845734391649,1.7574032418857048,0.49838622409857,0.5040371234547797,0.4993370848822939,0.4940320452060356,0.49697647796290034,0.5067652996688704
-X--O-OX-,1.4874172158402437,0.5064693425611749,0.6853762642205079,1.7811981292658676,0.49338428675819146,0.5446659819681771,0.4931925322442395,0.4986845277902954,0.5024106815932902
-O-XOXOX-,-0.2932515570544695,0.7619966404223876,0.1385277368729141,0.8392052878816025,0.3872542172685566,0.3697849983211412,0.48858962760528146,0.27997811629407376,0.7180794822886937
O-O--X---,0.5060970840432579,0.9561309500799952,0.49190354879527487,0.09733197990454645,0.1042503629581194,0.5038893918341985,0.12881104251627107,0.06499599986239335,0.27075664554185397
OOXXOO-XX,0.5014189226399022,0.5051841908624887,0.49827107378387747,0.5006528432099409,0.4911311282490782,0.5086935963469024,0.6872379594563112,0.5055931644194767,0.5093198017398025
O-X--OXOX,0.5000832599288331,0.227453623035743,0.5099406043358771,0.6035933628733063,0.687144918380818,0.5024631847935418,0.5098574419606313,0.5062972971406988,0.49113541536928723
-XX-XOOO-,0.6872379595469399,0.4921180437184992,0.4993122272805555,0.500649164381344,0.49734136219818714,0.5066987433542011,0.5033671339171036,0.5079447674362901,0.6851946892738764
---OOX-OX,0.18944474624347513,0.678457487702516,0.6872385297609811,0.4992115299213682,0.5032013434538795,0.5098526525476302,0.5031577931105841,0.5012148378004933,0.505827160127126
X-OO-X-OX,0.5061110774653712,0.3005786102814364,0.4937529586182723,0.501604015111189,0.6868331397123525,0.5074718298754951,0.5648099801295854,0.490520497638076,0.5012545724687251
XXOOO--OX,0.45727951420425816,0.5525374450560588,0.4370271794528271,0.5203225441648671,0.4990789860312562,0.07897491145142793,-0.22364668780251362,0.42535454500956277,0.4220266826224516
OOXX-XOO-,1.118586565721142,0.4145841718274319,0.029223102145223834,1.7182813864583264,0.7179696102210846,0.7579673540211662,1.240038075626248,1.7342885890500588,0.6855664826724073
-OOXX-XOO,0.6872379611020059,0.498830333637668,0.5043014253502957,0.5082887069012817,0.4932015810553704,0.6779902378311738,0.49587808765456376,0.49277223537691156,0.4987334534902105
O--OXX-O-,0.4928537459537629,0.15474847667421598,0.3359867173526993,0.5040110271671376,0.5072739336662839,0.491932893038106,0.01079157347795634,0.5084014971872816,-0.009322276169556165
----OOXX-,0.4732934358106443,0.4666220398239459,0.40737440977348727,0.6761039973475955,0.5860519531855408,0.5516301188228715,0.450132473974308,0.5178796190945278,0.6872379594563112
XOOX--O-X,0.49026701184046395,0.49198622137550685,0.49654584615838115,0.508183691890197,0.6872381569987849,0.38067696305316223,0.4925218780611847,0.4913219677107311,0.49146785930426157
OOX-X---O,0.5602024625613722,0.5608922081146199,0.5988148637185975,0.7273995499867644,0.5099429251241748,0.6867419380143467,0.6867373077435438,0.3956174332802457,0.5439046834942975
X-OXO--OX,0.29281775221309225,0.3627978159536047,0.8699878986607749,0.31715182720360113,0.9779448444293751,0.28613320745057924,0.6878311761430164,0.16158610494399717,0.7651878258833035
--XOX-OO-,0.09653989288236886,0.4009422390743424,0.5436181452118128,0.47325423753563484,0.4522717652871121,0.7800221440861493,0.514493163504742,0.5288106551380648,0.6755931049701336
XXO----O-,0.5061820772322908,0.4904490032854606,0.5037218302838417,0.6578028383582649,0.8024638052000528,0.699993389523561,0.01554567833192455,0.4954711979170442,0.171071033047705
--O-OOXX-,1.1396333341886402,0.08799713590921376,0.5090381285788274,0.3859934299653564,0.49415068193512546,0.4961759229119216,0.5028786774164508,0.49834140951587974,0.68723795981004
OX-OXXXOO,0.4970117282680917,0.5012947192606534,0.6872379594563112,0.5074837558365561,0.4947547963419214,0.5087432991518921,0.49818773918469783,0.4950824029455208,0.5078091517137757
-X-XO-OOX,1.0934982548697594,0.49680276148128083,0.6467853557485357,0.49216746519606025,0.5032080364817059,0.7597926623794065,0.5054754406819316,0.5096852144115152,0.49368271010181075
OOXXOO-X-,0.5051229373785259,0.49678116668984934,0.5018547790574533,0.496717997682862,0.49148464670556735,0.5079174000315229,0.4389587589463938,0.496542803716299,0.32896409466962606
OO-OOX-XX,0.460489945845195,0.5949463764251388,0.6872578523973438,0.46396673601428023,0.5559585819810545,0.5956619645944012,0.6867221006590619,0.4825625812869438,0.5227152979195969
-O-OXXO--,0.6850094363375003,0.5825170694235414,0.6359352049183034,0.4181383476064201,0.5022431551451139,0.42975662989928803,0.5151887423101735,0.9278146185340461,0.45279529143716624
OX---O--X,0.5067756303131344,0.5068710145618905,0.5075478276422727,1.156008924575933,0.6872962112420014,0.5074230136618764,0.6786138912812462,0.6852255565074132,0.5001037265307796
OO----X-X,0.5020184653808455,0.499609513826985,0.687328438493264,0.13254534708135296,0.31332177809983697,0.08775156466115963,0.49871500189040835,0.6872370410728011,0.4999502732357308
OX-XX-OO-,0.5021308664605316,0.5032488494911209,0.49328401216778317,0.5090629828007796,0.5090145100811618,0.6872379594563187,0.5080746682812332,0.49983564337996655,1.7056379752969208
----OOXXO,0.03178187362523699,0.017847237484231893,0.005341825834937697,-1.094099868481989,0.5073344564206904,0.4927076606310382,0.4915171582802783,0.5037674570812434,0.4992911398477039
-OX--OX-O,0.41272010847510443,0.49020039304128626,0.4939274381030708,0.5340440534337905,0.6872178646619712,0.5079833693899479,0.504944415917214,0.4946428218276741,0.4996919810374768
OOX-X----,0.5001856318267582,0.4937265769741639,0.5087878916667238,0.6782301677737445,0.49657239650092677,0.6872377711154147,0.6872379595331296,0.6453254942667135,0.858622786054342
XX--XOO-O,0.5394201061701082,0.392389583392294,0.688400903778656,0.3088901012930243,0.8580710758676594,0.039279666634276955,0.7781465566237528,0.27095335988012037,0.3441910991008842
X--X-OOXO,0.5659785781614542,0.6873650569486889,0.14313046858486267,0.594919011232901,0.9226269965093459,0.5187910262651731,0.47320409530709506,0.546879374123593,0.4585226820538582
XOX--OOOX,0.49836086376045513,0.5999791589980907,0.48562987163569055,0.10515363701719521,0.6872343903642549,0.45065625438088547,0.5527438770697769,0.5638994580431085,0.5022000686192748
XXO----OO,0.5557321788586379,0.5398001799805535,0.41510027582036535,0.057391704798665955,0.4100219446764286,0.10719365767340816,-0.10714927104066163,0.5950577918873954,0.45306632592619456
-OOXX-XO-,0.6872379594726534,0.4954167275701486,0.49310612792174463,0.5026584377647502,0.49751185195187914,0.678600728051553,0.5079419467258317,0.5053134094378716,0.15361709397700585
--OOX-OXX,0.6872440630507305,0.687221354596175,0.8175163661432487,0.8941901574213094,0.8301778576870955,0.08014992334395932,0.3153733669363762,0.5643847295932501,0.5877889941004824
OO-X----X,0.5735848473449665,0.5562239478960942,0.6736717398827976,0.5819579473162022,0.41481573765358276,0.3038937474203812,0.4066839148113995,0.010744580203446208,0.5954870684802958
XX-O-O-OX,0.45595741578973115,0.5740924371970565,0.687238112135936,0.48997294569621674,0.6871153051118465,0.508172987103268,0.41067360983923706,0.41804884555601696,0.43169792955314973
OX-OO--X-,0.4969254301962327,0.49844723301653365,0.1405843184882961,0.5067019641952634,0.49700306051682847,0.4953215416726004,0.03191407053903739,0.5049173951113335,0.3382530515281308
---OOXOXX,0.5684874637232665,0.006666036887867599,0.687221354596175,0.5607339550011695,0.5144105990077505,0.5082563166741176,0.585886653376984,0.4816983090636989,0.5266313876557894
OX-XOOX--,0.49211983028699535,0.49568524438082956,0.05663893043554402,0.4981091169167542,0.5018112022425865,0.5070210763738623,0.5011636879345942,0.2304790668273019,0.35941772769081926
-X--O--XO,0.11771391205952414,0.490021048935016,0.5756193031665913,-0.3686687555317921,0.49845886591808813,0.0320573674112441,0.527342935408218,0.4909415986147736,0.49971410990029924
X--XO-OXO,0.5025815113602106,0.6397478720743274,-0.12180454210722635,0.500073444339073,0.5033523757228078,0.3208680777021806,0.5059065739832368,0.496726106836812,0.4937172350794804
-XO---X-O,0.6868158113147875,0.49230638234360913,0.5084373834107181,0.41656492509655135,0.05477455358960892,0.6700516161548309,0.5075218946169329,0.40775214224044487,0.5010600181738117
XOXOX--OO,0.5799087329368601,0.4191629263483736,0.47236361517065373,0.436980392129886,0.5506443274709393,0.4937694684449943,0.6872379518382784,0.46900835323008144,0.5512063772539354
-OOXX-OX-,0.6786525199662065,0.4912967563741201,0.5031407089557108,0.4971819646064094,0.5080764835305411,0.6872379594563112,0.4992628384454146,0.5048550574184911,0.19119760520357792
X--OX---O,0.4982075978860532,0.43962944951337996,0.6871053963483553,0.49288311413951147,0.5057283660646191,0.40294218405730564,0.210465633159732,1.9752991168875675,0.49477493481841955
XOX-OOXXO,0.49632263720395253,0.49411989131940465,0.5097355475247388,0.6872379594563187,0.4977861137967783,0.5083632560121649,0.5076716000733078,0.503125662862617,0.49275447107566034
XO---XOXO,0.5165927815373679,0.4591539966526381,0.1435277121338155,0.7936652179808515,0.6224660168859292,0.42949746051214266,0.4583345543224294,0.5959015854179632,0.4283408935590438
O--O----X,0.5035190525672094,0.05171160998851221,0.13540873927184194,0.5027596171019207,0.6438160722486128,0.1513207979734883,0.6381850241398244,0.667356261810497,0.4959704058539212
XO-O--XOX,0.5039628211692149,0.5018313253316612,0.8907871839633916,0.49321743344476315,0.6871491855916889,0.3452816229964103,0.4963976063973365,0.5035421331998036,0.49593587591748195
XOO--O-X-,0.5047598801634416,0.5062641684790529,0.49105693151244106,0.9142511353678846,0.47842323724478075,0.5070822129576974,0.21425605057854602,0.5048356672311429,0.6096592949237574
-XXOO----,0.6872379594563112,0.49915925393357746,0.49981877765292504,0.4919190227211489,0.49671553471491403,0.7812567072143102,0.7089121934351175,0.4955066280224552,0.26281538895451384
XO-X-O-O-,0.5054464073373847,0.5078648034084371,0.4983646201183212,0.5001406845761643,0.5981078194047135,0.509127292347132,0.6852731921596436,0.504636399024124,0.7322405220857048
OXOOOX--X,0.5080972524310758,0.4971863115401485,0.49065824622338583,0.4903560757549984,0.4937408786545389,0.49232442911911534,1.464008903052606,0.8434280309367296,0.49005368597765386
XOOX--O--,0.491990141214188,0.4996709981227472,0.5081076185099849,0.5025813962427877,0.687365488919554,1.0881393191510988,0.49089410212380935,1.2816207243233264,0.28284853914243147
--OOX-XOX,0.6872370517732405,0.6511205380472578,0.5046755778603061,0.49153427641887154,0.5019416555126389,0.7480365195250686,0.49905578664120775,0.5059159674144657,0.49438628444050325
XOXOX--O-,0.4990826058192331,0.506095236511097,0.5001495792572344,0.4969578284966195,0.4944568799940601,0.6872379595331296,0.6777596291667662,0.507835789845668,0.6441439155016513
OXOX---OX,0.49988761508410384,0.5001494437331837,0.5020398331404972,0.5050263184267616,0.6477671223800957,0.9877324653106825,0.4360561048605092,0.49004209312745284,0.4920942275494607
X-OXO--O-,0.49966148955317,0.13805568017068293,0.46183739291873843,0.4121509010857698,0.4105676008058948,0.5,0.6872377945639802,0.5891962697211255,0.1462626360614131
XX----OO-,0.4964669325037541,0.5030075461427885,0.68723795945632,0.6550726012549436,0.4953823176048845,0.646158100192686,0.5074325032200108,0.5071013152285385,0.6459875252656475
--OX--O-X,0.11023286181988501,1.1592807139433028,0.5084946747404552,0.4926105931009744,0.687237959479821,0.10898006092845658,0.5012276407389364,0.19385310672457368,0.4928152810752995
XXO---OXO,0.9513061773484168,0.5017216160751498,0.7536256434427947,0.17962792157941643,0.6877870603771218,0.6842407118823886,0.9453285895423155,0.4136816846526028,0.10069946668861318
O--XOO--X,0.4944730066401857,0.2102129793158692,-0.38137722380129413,0.5000036019545228,0.5097854305231141,0.5017847281797306,0.556423024969317,0.6654171838232585,0.50009792091241
O-O--X--X,0.5096141800512428,0.07065576014362429,0.5028317240406657,0.27666088456634497,0.3049595480652061,0.4910278161102154,0.7238157497499367,0.2512637099182924,0.5043929260305726
OXOO-XXXO,0.49181886337171454,0.49181481748532196,0.49157813092198355,0.5093389309605731,0.6872379594563112,0.49048623384962253,0.4906229848950232,0.508313742379752,0.5002342755145534
-XXOO---O,0.687233727453039,0.5061631653605516,0.49113711175905445,0.4904969189050995,0.5033138734764016,0.6258983615886089,0.8721472869248623,1.1206712951398563,0.5097499074214944
---XO-X-O,0.6872379594563112,0.2482258052172942,0.25937298917611395,0.506432526835744,0.5049679179907655,0.2324481995065396,0.5000324469395298,0.4776661906256771,0.49113960364250725
XOO--OOXX,0.5164427730154512,0.46163651632570774,0.49472175498095794,0.11383813432569734,0.687237822341359,0.5014235559546814,0.41541004011350646,0.4256963864735674,0.4233348398285841
XXOO--X-O,0.411975623951083,0.5611096520599788,0.4557756574354367,0.5336933979611197,0.4397542807262981,0.7910303464920989,0.5180832209525091,0.4362076066247985,0.4965218795106652
--OOX-XO-,0.10357199968940761,0.3274108790246165,0.4928535873563777,0.5025426304288279,0.5068407053071577,-0.07573078163946112,0.4959272856024723,0.5093593755809959,0.5395806924443993
--OX--O--,0.38712407300255836,0.047265350960016606,0.5006804785426529,0.5022016102583093,0.14313708944806197,0.4279566939128071,0.4973719950904127,0.021299952115502008,0.0655107037108319
O-X-OOX--,0.4909577022771822,0.2618070542433465,0.4406474059361483,0.8418557178491273,0.5521734119966366,0.5037750351923443,0.5205987458344059,0.2545965337576298,1.073002699274157
XO-O--XO-,0.502523195740361,0.5023029402206756,0.4046388191754007,0.49293965122432704,0.06904888551531863,0.5026490804316638,0.501664823029201,0.5029961980622424,0.49461651796301814
---O-XX-O,-0.38192125606135474,1.1082586266017267,0.6274832338300252,0.4970637666820183,0.6871446412334503,0.5017245073217084,0.49904869625587817,0.04338866514752604,0.49081984977930254
OXOX--OOX,0.5008526646786257,0.5068799138778097,0.49368187541739733,0.5009669108352354,0.8999942050238661,1.3921366564619804,0.5088851813757724,0.5030286414130596,0.49931870420764785
-XXOO-O-X,0.6872379594563112,0.5070140280428118,0.5047064065177916,0.5073803741562661,0.507098014694973,0.6872379594563112,0.49657332937717535,0.10675564082924172,0.5015040476262397
-XX-XO-OO,0.5063905030976131,0.5068323729461284,0.4947937363312967,0.49396734823460076,0.49643403316126417,0.5088973252076507,0.6451311681621519,0.5042989758466134,0.4938053631276161
-X--O-XOO,0.6872379608429265,0.49932841816540524,0.20910019072391373,0.6868299459886975,0.5046980242189696,0.5130928353405915,0.4925138319114769,0.5003577000241702,0.5002037151674219
XO--XOOX-,0.5056384962409277,0.4932957772123748,0.4808791953509898,-0.48091934179741824,0.5046313741770807,0.5059872368216531,0.5096442889893877,0.4964786912097076,0.6461250662666982
-XO-XOXO-,0.49414325520717234,0.5055261894108755,0.5075661917651416,0.6016550524095957,0.5017949775322537,0.501934194552845,0.5090957543630957,0.4932130750823016,0.6299247720132739
-XOOO-X--,0.1916269426412469,0.49761687288203077,0.50605457270021,0.5007444819647122,0.5014363847550928,0.45882606825779326,0.49986637441253357,0.08627932797030768,0.7124539396475207
-OO--OX-X,0.6794728163555717,0.49369418849799995,0.5066344568994375,0.4458958327589314,-0.3284862499382313,0.5644547246361451,0.4052863341726826,0.6871215767763529,0.5502737153096928
--XOX--OO,-0.04037121530803933,0.10725269185820735,0.5078513506812133,0.49307115098842197,0.503254468783115,0.13072160613582418,0.6872377588075071,0.49823194346122357,0.505143355636553
O--X-XXOO,0.9011139895269228,0.8080763429686347,0.38644753922696207,0.19586043831110345,0.52497918747894,0.2954692936253992,0.44925404143306935,0.42395504997529065,0.8905394419131571
---OOXOX-,0.04799559568365941,0.36292838574032704,0.6562585735028601,0.4956238245186959,0.4978395413034422,0.5016699579823362,0.5057969623149169,0.49713608275143084,0.18407331451436315
OX-OO--XX,0.6311257998711418,0.49542562867742324,-0.8670458028166756,0.9301227494360281,0.9260445246540073,0.7296751112247072,0.6520803782209295,0.2567719232815415,0.37670295477355475
X-OO-XOOX,0.49684045096883744,0.5052350065539803,0.4949038203865473,0.5050096890073973,0.6872379611190248,0.5036740198569861,0.49872619057469714,0.4937187367286402,0.5015607454589268
X--O-XOXO,0.729264051928003,0.6030502538213328,0.6794728163555717,0.7828595958125266,-0.38689117947285945,0.7562001595199368,0.6400152525146549,0.9501063061318632,0.3823449028903677
-O--XOX-O,0.10091089400105585,0.5029009495206674,0.6872388785068312,0.7946256223539635,0.4717805850764946,0.5400261177273864,0.5951745513702001,0.06266905914849114,0.5213460217835468
-X--O-XO-,-0.03431339573589365,0.4560597421105023,0.40430828337674585,0.04404068042805742,0.5143549557863705,0.4703030661850639,0.45419137859172015,0.5731983993275526,0.7674903475939403
OX--OX-OX,0.507608186446784,0.4913125997156754,0.6780665010874997,0.31844353120009206,0.49209282819910816,0.5058649142410068,0.4173760879962817,0.49760824974197826,0.4996976127392046
-OOXX-OXO,0.5016883147916291,0.5608261132466492,0.42150875344120775,0.5942593160117283,0.505629613432666,0.6872379397341298,0.48094496052609065,0.49589821962173797,0.5732571209389138
OO-X-----,0.49675487930943174,0.4980621517966034,0.28477354215401696,0.49066935554748325,0.24868673214036563,0.3600356400074688,0.04969611955932096,1.0228314196591382,0.6954663557017545
OXXO-XXOO,0.5009705219013756,0.49003514409945614,0.491585795648168,0.49801604685681683,0.6872379594563112,0.5087233614437977,0.5070498600633393,0.49582577991291266,0.5087148817641403
OX-XX--OO,0.5012697201647662,0.509296867540803,0.07263902902939146,0.49265090966979214,0.49106674473140455,0.6872377656768772,0.6784404661323744,0.4939188953192989,0.4983776218741199
-OXO-XO--,0.1736188344933089,0.3961510918530442,0.8140879857992093,0.1695502637072802,0.03534650299445796,0.2859666146836318,0.1515593307486668,-0.34824434464458665,0.6872343903642549
XO-X-OOOX,0.5657231521522886,0.1497638996508075,0.6370208357538398,0.26749033474902895,0.52497918747894,0.6078156079668005,0.9874213234886817,0.37647583390280714,0.7693460500056039
OXOX---O-,0.4912265354701696,0.494641731936062,0.4952322831541463,0.4987414705739964,0.7826172150107443,0.49817303704347615,0.5354831460279557,0.5096648503493632,0.24461406504745842
XX-O-O-O-,0.42616089741641056,0.565929985108414,0.6872375516276333,0.48524045974880714,0.5392217514730819,0.5229529184053067,0.5962842730163289,0.5168771552172844,0.5110389824492628
XO--XOOXO,0.5068738264731062,0.4989725069094297,1.0783827238678025,0.08285200210939264,0.5097562373979615,0.5019960611345592,0.49938110384769246,0.49666281289508923,0.5026921253067631
--O--OOXX,0.3430229214638153,0.25752105518369106,0.5300582556873835,0.7613908591710212,1.0256648946692515,0.5319556208314168,0.5090951359618563,0.48611389713772996,0.4273050871398877
O-XX----O,0.49372066349988336,0.11981659791622412,0.5039938219968835,0.49769838976816627,0.687237959456475,0.9974873229852181,0.022472955860354582,0.6205349940605824,0.508655487515208
OX-OO-XOX,0.49303453771462125,0.5079341622071634,0.2700155757769092,0.5025811973970221,0.5083224564223442,-0.05529829119599783,0.4985818250843171,0.5067701596604679,0.5031407048840414
-OO-X-XOX,0.6872379594563112,0.4912309634853886,0.5096154400820733,0.15511825377307975,0.49876520099100324,0.1039840141229717,0.4977753674457649,0.5059770421051752,0.49216477837129
--OOX--OX,0.6872381251804497,0.6783818830638609,0.4938742569282281,0.5014742534457708,0.5067561845176736,0.8081867249431962,0.7527992318596324,0.4938702582703518,0.49643368629327433
OOXO--XX-,0.5051538159721197,0.5888062697755395,0.43653704181006375,0.553107281647528,0.6485615721492468,0.6871084528457455,0.5619386056021894,0.5476904889068339,0.6513501383002744
OX---OX-O,0.3130140971173465,0.637608913115719,0.8746627266781147,0.9061063696233449,0.4549097333381382,0.6270663852620478,0.0012729172886375428,0.1756413031484425,0.7096730632169184
-OX-OOOXX,1.3699376169815514,0.49479572750919626,0.49679209527972995,0.7808081681078051,0.4953492576500762,0.49554179894337047,0.4987744327498132,0.49732158516821,0.4921451538633573
XO--XOXO-,0.5058414301231953,0.5748969282755401,0.6873094920163073,0.681253635371437,0.42649459732083495,0.44156196180398155,0.540859675660824,0.43550903201927677,0.6444648021277171
-O-X-O--X,0.40579533849181465,0.5013159835256302,0.6844867495358086,0.5077767878600832,0.4931069795807539,0.49566506942700406,0.38730183625889403,0.6868258174708585,0.5060837127934111
-OOOXXXXO,0.44959082247383914,0.5065769214183375,0.4969282992361247,0.4956651045842559,0.4992535466470046,0.4975097100565097,0.5015511692148452,0.49762787694622856,0.4950608774672051
---OOXXO-,1.6849995722675075,0.9174178418276767,0.4631263758660673,0.504657030511632,0.4909721414449707,0.4949809041120854,0.5051501159951672,0.5081295247195586,0.5202766684860535
O--XOOX-X,0.508526202267953,0.053286942176436924,0.3123185173955758,0.5081974729930332,0.492228012359615,0.4943048541889584,0.49851845699357733,0.6872379594561239,0.5024273682650587
-X--O-OOX,0.6872505097566319,0.5018574643555542,0.5031406384784262,-0.3790391286490823,0.5016837959719319,0.4951527838291731,0.4970542711233122,0.5083048064407938,0.4906447602089331
XO-O---X-,0.5017719394110899,0.5020670563463644,1.4599970237718964,0.502087188389216,0.6783807669497942,1.0051231738449549,0.6783071168739289,0.5091451811107124,0.27978935256227866
OXX-O-O--,0.49199429131096095,0.49639812568470076,0.49109319434853504,0.4961338177910665,0.5038582110163993,-0.10203677903570352,0.500323940568672,0.8572972453832737,-0.09586394831408396
XOO--OXOX,0.5068678428149833,0.5051855272536255,0.49626676692900784,0.6872379595263577,0.68721785458413,0.5086366597560882,0.5059846549533068,0.5015208197458388,0.5032056184203858
O-O-X--OX,0.5023826594009616,0.3770164576587554,0.5020282008796851,0.9655394833675484,0.4933548471818039,0.4074187075656565,0.45314918823906253,0.4908459037640121,0.492087872254573
X--X-O-O-,0.4995871965140921,0.7261665772944003,0.6462496375863515,0.4980730923287808,0.49633414706362866,0.509991157573469,0.6872379594563112,0.5021103595813634,0.6867980854309772
-X-OOXOX-,0.4692636373340383,0.42904323314120674,0.77729588966269,0.5736507779334437,0.48758095524515876,0.5415246850563764,0.50842234275948,0.5607586080103374,0.21391981850210617
OXO-XXO-O,0.4984529822151004,0.5080985460091713,0.4976568845492645,0.6872193193495655,0.498185056745225,0.4994848901185468,0.5077217630603792,0.687237959456313,0.5063121985509108
X---OO--X,0.4908591958382046,0.17042343180776065,-0.2961869762608744,0.4082593288474204,0.49667196418414683,0.49629603183597826,0.17071607947982015,0.3177608358974261,0.49873504891011966
-XO-OX---,0.035657886571480724,0.4933328231577779,0.49983266310871527,0.1949043517590741,0.5006355087112647,0.5045412624323268,0.7730115993730811,0.4318843703643557,1.8061931552811565
-X-O-OX--,0.37546551260034483,0.4805627497257386,0.670077759213044,0.48160467437163684,0.491800970529585,0.417683570168812,0.5851344538242542,0.9262924604764017,0.4529011525498392
X-XO--O--,0.5000398497495748,0.6872379594563112,0.5056510633400931,0.5001936476469797,0.7142231659907,0.5063611042855576,0.5002636799787996,-0.14253080656044692,0.686831185661905
X-OO-XOXO,0.5089357663451258,-0.23325502379798324,0.5093710092848382,0.4964035166655809,0.19960481930855312,0.4938664182152494,0.49267625479911414,0.5077748007611824,0.49536164514307385
XXOOXX-OO,0.5034123949153052,0.4961583951443113,0.4957909247211035,0.500022851785417,0.5096465502968,0.504960674346576,0.5936428694929523,0.49458837835405495,0.5040744529738979
OOXO--XXO,0.500528245338342,0.5010871751595731,0.5023473166926287,0.4954996147677866,0.6872379594563115,-0.3770463287384169,0.5053467339787617,0.492299664628673,0.5075807825625144
XXOX-OO--,1.4147366746865142,0.5952395007482657,1.0693092535894948,0.4728016796864519,1.2442895269193617,0.8067823401088088,1.5120672011967542,0.8818215218713334,0.7259040696727359
XO--XOXOO,0.4431398346477819,0.46259300095352723,0.687221354596175,0.673489796385543,0.4337998247780933,0.41600150671189223,0.5565579877932316,0.5223715288657065,0.4902972708738029
O-OX-XXO-,0.5052956520916241,-0.2102216411960518,0.49244310604773833,0.49410571689884164,0.49225801212555886,0.5084863575438344,0.4933721470711668,0.5063361382289456,0.3745445772944602
O---OXX--,0.5016581603243278,0.004256547422464396,0.7989464129480346,0.1504015168672711,0.4931230039637952,0.5012570878466734,0.4923939341392746,0.6768729219397595,0.7223205697489756
OX---OX--,0.5124550373740724,0.4969592733914494,0.42482284123184244,0.5441777323351712,0.7287896469939461,0.4690352451057169,0.4753786078823134,0.7253880992889862,0.11380476483852475
X-O-XXO-O,0.5055131188966303,0.6868002031471291,0.5058092685290498,0.6868253010755143,0.4956865426471188,0.49664784468184525,0.49289980455035015,0.6872379509225125,0.4906524097529396
OXOO-X-X-,0.4184421631853096,0.5299037732748394,0.48645728460624543,0.5788331329406076,0.6868785765925925,0.49499229558017255,0.47697876387954746,0.42051382909334656,0.4695170096050505
O-X-OOX-X,0.5054429660444102,0.4498500546285947,0.4973178519551653,0.5005745327962832,0.5011587944908605,0.507612622016474,0.49913575770397783,0.6872379594563112,0.50553615306474
XO-O---XO,0.4964245450738862,0.49111670680007113,0.012433313926694445,0.4945245809431657,0.8282311777290432,0.5510747586783385,0.5531683142565378,0.4984700711198627,0.4975951475352536
-O---X-O-,0.6788784835949327,0.5098124013513449,-0.3986130301667993,0.17410485630983197,0.4315582779388042,0.4937901787825657,0.04053575488696631,0.4926860289417985,0.07493514346805447
X--X-O-OO,0.5031396278398923,1.3365956838207842,0.6459922618695414,0.490259849584881,-0.15299660797186532,0.5064125774202544,0.6872178726075842,0.4931687303704512,0.5075074890454855
--XO-OXXO,0.04443308783772293,-0.4675907875834828,0.4888447835099523,0.41274209057156247,0.687183927368488,0.4222271237697765,0.4777648401839664,0.42876069718430565,0.4631483554499799
-XO-OX--O,0.1531657771345608,0.5025150990237416,0.5074455495518654,1.0058995062376161,0.5090224075950895,0.499845606575118,0.5735007462451887,0.15004433960732438,0.4908074633717856
X-XO--O-O,0.4154358985807543,0.6872353920442085,0.5659780831839842,0.4503196431589502,0.42471415195579304,0.47937854987465217,0.4274667774481043,0.6755987233239442,0.5411817686360605
-X-O-OX-O,2.0058283624974758,0.499765170364263,1.8903984700183276,0.4973081739347677,0.6778215729162214,0.49620796233156217,0.4917910391846913,0.1949926348341554,0.4951102108997844
O---XOXOX,0.5068956989267348,0.8754848830357504,0.6872379594563112,0.2630557560963204,0.4933995089556448,0.4969278271299013,0.4921659471714951,0.5068123281341271,0.5076300367185748
-XXOO-O--,0.6872343903642549,0.5717945035067761,0.5296517560318915,0.5639720641516518,0.5198396961808756,0.8424303662702588,0.5774967214388019,0.800028590695413,0.1803937635070177
OXOX--OX-,0.5652965147476562,0.46509743384009117,0.6347191423833836,0.36834589924800165,0.6869977495250632,0.36142073661313356,0.08002640967767871,0.058823507804673825,0.6513501383002744
OO-X--X--,0.5058734080587205,0.4954334199212214,0.49300316208217304,0.4986527021772462,0.5107566575496834,0.47611891825053976,0.4953783555988589,0.645022078163406,0.4404735371504004
-OX-X--OO,0.49773674050667394,0.4965039726913094,0.49214567328298864,0.11100332634670718,0.4966851685281935,1.140985760731235,0.6872379594570067,0.49533745672823964,0.4957968523805902
-O---XOOX,0.6415763721184073,0.4183271351160289,0.6872343903642549,0.6314193261287696,0.687108744193779,0.4987857139498378,0.4239494147229594,0.49721703735317113,0.46532835151135726
X--XO-OO-,0.5042220638507312,0.10872515836114899,0.008580762068171655,0.4908304140523788,0.508955852261143,0.505130881342593,0.5041377108903268,0.5071325469644995,-0.43623356686058024
X---OO---,0.4909267844381065,0.17855948500233915,0.17466806130749934,0.034364111884424564,0.49056265287121176,0.5033836678034768,0.036252932214744904,-0.3781781678176548,0.027536336654097715
XO---X-OO,0.8427620685218773,0.7922629335828275,0.1249192862099765,0.1176156040264611,0.19855165922715012,0.9619972957736931,-0.05770453319257918,0.0043304781682000915,0.12414617135758155
--OX----O,0.15512435476664077,0.04667351036537426,0.4911728904580533,0.509136115998114,0.6619765375862694,0.41501305834546887,0.17963804934429106,0.11033544502189996,0.4901536583185197
XX-O-OXO-,0.4448707924294143,0.4043835829800625,0.6872103221255921,0.5547737727900487,0.687237959456311,0.5146638191712347,0.5403135618426202,0.48375383618598244,0.6973806943069171
XOX--OOX-,0.37999831076591695,0.02477358478691427,0.4565759986167488,0.7982193340604948,0.3707192745235456,0.056996606851015374,0.48389429863918487,0.9143766600077264,0.8813840919225581
X-X-XO-OO,0.503363034873995,0.687237049340859,0.49139720269961945,0.4734685689884691,0.4950578797896901,0.5003271445065323,0.687237959475791,0.4971112324338076,0.49228297310506347
O-OX-XXOO,0.5023924340905576,0.4946169828626495,0.4994038934241809,0.5087702943774594,0.6872422352678528,0.507424762906953,0.4912225267440973,0.49399409053173055,0.5057428015056447
X--X-OOOX,0.499918946228447,0.6463258921413728,0.6872381569987849,0.5073175760076335,0.6440587044200674,0.5015980290286209,0.49805552063219893,0.5017101900396667,0.507775185605461
XO-O--OXX,0.4673716397674063,0.46449039115016094,0.4711776269707082,0.5412502740609101,0.6800745044810436,0.6872343903642549,0.4705923436376433,0.5484696305685063,0.47714169125298245
OXOOOXX-X,0.41002663473326506,0.544766190847037,0.5885811843057069,0.5613406367390893,0.41337721886999873,0.5096579115136,0.44850844723457406,0.6872379594563112,0.4724872751187279
O---XOXO-,0.5060100167345452,0.8868040645024045,0.49164764692945645,0.490079813418606,0.5023580006557914,0.5070960617172569,0.5054725140481435,0.5070380219104147,0.6938362103657164
OXOO-X-XO,0.5428551602140612,0.5300934356815089,0.5342404697249382,0.48181391459796824,0.6872379578062159,0.4529433476824729,0.4238632485821608,0.45488455107577425,0.5282433526527465
---X-OX-O,0.6872379594563112,0.7158576715925098,0.6873482114852789,0.5897466263463748,0.41367039811082584,0.453867884698737,0.5347050190108537,0.541170750986465,0.5240054941087202
XO--XO-XO,0.502627632220319,0.49729360470063216,-0.11690439691984678,0.1672451066582883,0.4960691552013658,0.5007318054475748,0.8620744418345294,0.49738217295321857,0.5051934186027958
XO-OO---X,0.44578894125002944,0.42290437610970927,0.25422150483834605,0.5750667160135808,0.48080846425908347,0.14782197349833748,0.9390057939912693,0.7290019121194735,0.5495482199842932
XXOO-----,0.45800631449317397,0.5873905970494688,0.5791856669148736,0.5433828930867765,0.6871793197791597,1.7878423990502768E-4,0.41388583482237906,0.4749682591613744,0.12353832000679243
O-X--OXXO,0.9862676030056539,0.5887094640758964,0.4524148922859965,0.8089415206235564,0.6872323234387436,0.8523919488479806,0.2029138121284222,0.7745946124329842,0.5618650935531224
-O-X-O---,0.34776258682689676,0.49939750959204027,0.02032060570743449,0.49040064164849895,0.07498359407733834,0.5073194289500622,0.02268188573534269,0.2821257864508443,0.8058651549432089
X--OOXXOO,0.518281330414724,0.8194875294200417,0.4154386226248712,0.5859228841507318,0.5020508661532772,0.5426555074967908,0.5442125185993864,0.5405779153776724,0.44936061452320086
---OOX-XO,0.09902325597720107,0.12784163325895065,-0.31397822817377663,0.45293535043493455,0.5740468552145876,0.4635538949458662,0.022931504534775327,0.49754198461517907,0.4090186013544115
XX-O-OXOO,0.44676990026430047,0.4780358317019107,0.6855664826724073,0.4607064123020841,1.8067543640040808,0.5480997655400861,0.5219210287216218,0.43850474749099805,0.5147498201828024
XO---X-O-,0.4979505337907235,0.49140682766873767,0.316127413086528,0.6927147130824521,0.6930689793967354,0.5039934847583735,0.16216893272786914,0.49680483051521435,0.6496277342561612
OO-X--X-O,0.6897604980175623,0.5811978149578978,0.2542188769312437,0.5744882339900649,-0.2781781577534135,0.19857682630175616,0.8721667536434579,0.014950868599582834,0.19104205822686693
OXOOOXX--,0.4988822994405596,0.5077083063094489,0.4991400716272488,0.4989686322354395,0.5071132383394941,0.4915102414988632,0.5064449483359819,1.045926495872416,0.49124888971367814
--OX-----,0.03360854817199399,0.6302789395456231,0.5083946605937208,0.4988552110692499,0.6718690308761331,0.03830272814447122,0.0679765836435468,0.02529941232933197,0.6995797913491218
-XOX-XOO-,0.5097748448878141,0.4904298623966272,0.5081383966078489,0.5072386570911956,0.6458320410788667,0.49735151925443244,0.5090712061555791,0.4992269396552692,1.8977755142910349
-X-OOXOXO,0.04681408393775721,0.5009299631218922,-0.15616763684064283,0.49339893048868905,0.49067212225250284,0.5082287298052662,0.5047649718171001,0.5083380735998537,0.4954477784421653
XOX--OOXO,0.5041671332400648,0.49858563153308016,0.5055088273183416,-0.5836363624108643,-0.82249485991686,0.4964512847288041,0.5087419613476619,0.4942533596375619,0.5049952878503596
-OO-X-XO-,0.6850223786630262,0.40688470462901305,0.4636703315695976,0.5019213462885271,0.5234026550778331,0.509194044869292,0.5713940387191242,0.5148975326644404,0.19083786522037294
XOO--O-XX,0.49775816562734604,0.4922372482171301,0.501057782247193,0.6872339644586233,0.6868052336406046,0.4938079716889224,0.6872379594726534,0.4946604410833376,0.5093744833656741
X--OOXXO-,0.4968926470494645,0.662908202570714,0.5845387217374837,0.4906692163661525,0.4905797140197282,0.49558687153620756,0.5076602360573852,0.490259392690703,0.9383570435700166
---OOX-X-,0.4858323441311425,0.12539619415290892,0.08876588540777453,0.49006587423223763,0.4813440348325397,0.5406680682937409,0.6831909028553568,0.5804015534766329,0.692893647923665
-X-XO-OXO,0.40406681107808395,0.5761309554177116,0.6502530238132449,0.42836667381736493,0.49072365597252043,-0.8973574154565966,0.42458808532676773,0.5806365395889113,0.5869706014488641
OXO-XXO--,0.4593167023191532,0.46484479204762974,0.5320866771670772,0.6321279458644851,0.4143289470043493,0.49848296640379547,0.5115051329342535,0.68723333605858,-0.2099104232278547
XXOO----O,0.770398089950292,0.9026712375289347,0.7695827740636321,0.010106838178950639,0.804270948056442,0.1173779700043745,1.1817816092932374,0.13925285832120482,0.5437788783862999
OX--OXOX-,0.8703649061095252,0.7598939293345746,0.5926940987150046,0.6274097452517033,0.6942142722035405,0.5607802458709393,0.7524519740439253,0.5920972721726305,1.6406733080975202
O--XOOX--,0.5048205799415137,0.033113757018461976,0.05868863020413573,0.5007934865771141,0.5040893284555238,0.5083731946796071,0.49727756775541676,0.5412904706760937,0.14956547161755207
OXXO-X-O-,0.5082507296874786,0.4947742290101169,0.4980410319371655,0.5012569477589508,0.21277604780292425,0.5089449271358426,0.6852974449684952,0.5035376792653974,0.6872194412788742
-XOXX-O-O,0.4916919997890488,0.5042796117090249,0.5026253761274977,0.49555523962599096,0.49443424463736446,0.6453649973369316,0.508211373410093,0.6872379594563113,0.5034651254471204
X-OO-X-XO,0.5065574197926084,0.687356516491273,0.5056096619401828,0.5043967028923027,0.6477979989834521,0.49563620776007794,0.07036689692755838,0.5086657905309707,0.4902405883642425
-X--O--O-,0.37046963082182277,0.5378295892827215,0.014062931636197706,0.016160650045902614,0.4147971171264759,0.3039547841028594,0.10011863817451627,0.5520917573139621,0.08774752545063702
O-XX--O--,0.5006554834446089,0.5430747910923732,0.5068357402473,0.5045760799700478,0.7007683095205277,0.4163227568276526,0.5042336134566059,0.6874666391507147,0.09858447393208603
X--OOX-XO,0.47578502659557387,0.30822880900181593,0.5935505380455907,0.4003705431268057,0.4308039225156632,0.4644091943968882,0.682492131855194,0.4653607200756066,0.41013712049522155
O-O-X-OX-,0.5081409600222923,0.6872379594524257,0.49933599905827203,0.5072550101738619,0.5092986387755573,0.06653104643241076,0.49566349222050077,0.4995411865690207,1.1041394871617745
OX-X-OXOO,0.5074694113644944,0.5053454841184092,1.0214310308210164,0.506755346453171,0.904231901492442,0.49094177816898493,0.5039427861552732,0.5025730958205868,0.491369894130219
OXOO-XXO-,0.5166859338874311,0.5502764349835065,0.5724970231989808,0.45480837054206424,0.8443854517720641,0.5209510548500428,0.5418894401222548,0.4785570477794819,0.5012574823854739
XXO---OOX,0.5048105878816841,0.5005005465674616,0.4927063204285623,0.507480233474011,0.6872960230469348,0.5024244007546428,0.4920789099877705,0.49698981282691473,0.4925206898362859
--OOX-OX-,0.3921811485570826,0.6872379595469399,0.49802181897624703,0.4994416340744456,0.4973792690955786,0.7673596194766445,0.5005819751689533,0.5098494027252652,0.4972420567726079
XOX--O-O-,0.4824152886449554,0.9520185803833333,0.3491562121149482,0.49061045659132174,0.6273973929537787,0.17248821869251618,1.9575883855110072,0.6453940558125394,0.6310001685257091
-X--O--OX,0.646256359975131,0.505618362848171,0.6675629833540946,0.5041396383333889,0.5079904534774012,0.6439850987655334,0.6781506863599543,0.4901923262307828,0.4960177661982032
X--O-XXOO,0.496344965674146,0.5647492353339819,0.6872422352678528,0.5000824080638494,0.4943876537601176,0.49597563804597505,0.4915055290070701,0.5058176651014084,0.5097241370123935
OO-O-XX-X,0.49672546231801057,0.5088789528163843,0.6872533345980624,0.49297988100867746,0.6785116973544866,0.5062308922509436,0.4901225759530033,0.6872337214276923,0.5014725901825992
-X-OOX-XO,0.6868394379370273,0.49981897563447936,0.6589298072988929,0.5007559840512105,0.5005201815776603,0.5025609045482433,-0.04587401014765924,0.5030028492795311,0.4997746677908801
-X-XO--O-,0.6422124691926934,0.5080514963679663,0.6774427423054457,0.5003102615896521,0.49291330719875115,0.44944340723441706,0.6316674413602417,0.5026589754084843,0.4757275290126672
OXOXO----,0.499271813488802,0.5001567161453541,0.49208547526721974,0.4931612074040185,0.4995580747730876,0.01149456301597962,0.09409759506182391,0.16278388941820604,0.0036955474321007653
-XOOO---X,0.21389319636636384,0.4939632211074558,0.5067816452163239,0.49664463512943635,0.5013124211180859,0.020724088687509967,-0.004550156447659881,0.5766713896302268,0.5001181823588593
O-OX-XOXO,0.5038522139854594,0.44329462144723764,0.4916305625889823,0.5077260450443373,0.6872380841648914,0.5013899222206036,0.506509444171374,0.5034934215323389,0.49489230967665165
-OXXXO--O,0.6854330743838516,0.7350569460234246,0.021203658777913192,0.2629184645007394,0.16597143322959373,0.395013461018243,0.6872362527907517,0.7417897587443953,0.1655898199707948
OXXO-X-OO,0.7227200163760668,0.2125813892905617,0.9077182064637653,0.38670843219750106,0.3925448477029779,0.5718027146930742,0.2116642808319047,0.24876232315932123,0.9296122138589755
XOXXO---O,0.5782189578839501,0.5728198283080845,0.5281454390616428,0.5471979524808519,0.5535213065022856,0.43791122597635657,0.6876685844060231,0.34315053835337506,0.5107945364821607
O---XO-XO,0.4971608896774644,0.6872379594563167,0.5070625814813886,0.4986212309490095,0.4977898829978917,0.4961418085172358,0.496444362657703,0.5054781421783978,0.5071531050467646
O-XX--O-O,0.5244571053534288,0.4097187632227975,0.574716301594349,0.45355577817117343,0.20527352231452578,0.6514257772275434,0.5240671181256257,0.7212664771493262,0.5928540489638643
XXOOXXOO-,0.4997829666499404,0.5085399670964191,0.4936388679209315,0.5082121946289426,0.4990376725040976,0.49825712763430874,0.5077159001449113,0.4923752883393892,0.6872379594563112
OXOO-XXOX,0.4921198593553499,0.5094219174731541,0.49764456066138374,0.5033085227722801,0.9039520705736868,0.5097662668361994,0.5049643034229614,0.49820420417054895,0.49603859258337507
-O-X-OO-X,-0.15947311282541754,0.5447367157206291,1.0106306129201275,0.5456821138611215,0.7060680517865034,0.43771504225683144,0.4190499385596924,0.23465573729535183,0.4355867074887704
OX--OXXO-,0.5012854606420202,0.5023139030133165,0.9627911707481206,0.07287528725720516,0.505279835755808,0.49741573853324234,0.5086197605928519,0.5061574567442432,0.21428351369118293
X-OX----O,0.49543395535026674,1.1715305204540734,0.4986139592068018,0.49580470729795884,0.04470447659716981,0.3725116013911702,0.678139415316859,0.01438368406392132,0.5022504039630522
XO-O--OX-,0.5287664671133318,0.5296371050371576,0.08301529775448219,0.5790655294115904,0.6483267531285558,0.08878434602124952,0.5636676418287371,0.5605020594584954,0.02127901124055387
XX-O-O-XO,0.5034656266225889,0.4939469420338083,0.687237039865711,0.49238552122488205,0.6872379922735659,0.5015635268097537,0.19302872733585408,0.5036216123061672,0.5031557193768089
OO----X--,0.49433054161729906,0.5035644082282164,0.10178037071996082,0.2678029223604881,0.08303220856791937,0.12190006519280333,0.4903413921645908,0.7788543816690027,0.029974928485280827
X--XO-OOX,0.3014637131565654,1.3396093428318074,0.6513501383002744,0.3784046457366427,0.19823466680187873,0.14191321969417958,0.5204603388696982,0.13187117178102115,0.8441823887065278
-X-XO--OO,0.6843963060113172,0.49258807846490343,0.5028849789521543,0.5084555528910041,0.4994686837671727,0.8381714451415725,0.7057320914412439,0.5098816705612096,0.5079953551222466
OXOX---XO,0.714972653835465,0.9031129210977774,0.9246083248367689,0.4022084873385422,0.6794728163555717,0.03976569251348361,0.6183054146194099,0.04753664748615727,0.5864760792699711
-OX-X-OXO,0.5769114903856227,0.46212955029007174,0.483961098754684,1.1512088895435122,0.4925086566287281,0.014967931890173647,0.5928896827630732,0.4544189649011696,0.527006224357204
X---OOO-X,0.5023173709690697,-0.4024306214495855,0.1991963937356761,0.1169813121012907,0.4903756634720853,0.49849129007221593,0.4903161156183862,0.09288884492266003,0.5079897497378753
XO---XOOX,0.49212981245379844,0.5010427412037223,0.6868230578796605,0.1107957769062311,0.4969687049669219,0.4958623028976261,0.498720232689903,0.49374316690591064,0.5096141268017484
XO-OXXOO-,0.5088625618772924,0.502023655630092,0.07990549686939685,0.5056631411732959,0.5098167063286754,0.5048195826258233,0.5067480480772991,0.5061823154929129,0.687237950869156
O---XO-X-,0.5003469008571864,0.6872379594563112,0.054366601146376314,0.568017177651376,0.4901269624829997,0.5032238122146072,0.6890926424596705,0.5024360679907275,0.6872378333351451
OXXX--OO-,0.4930104766662295,0.49687122602069406,0.49928281542426606,0.500038532647309,0.44914788121032617,-0.7154588899360239,0.4967430652461087,0.5008057191856078,0.5001831623469883
XOXOX-OXO,0.5026563595158208,0.49469661834147527,0.4911456389541669,0.4984214282750966,0.49979990417428455,1.3073356956234707,0.49614595469954953,0.499684057877919,0.4970583943927901
OXOXO---X,0.5018292704762446,0.4970241025821907,0.49096001508972226,0.4983901592232663,0.49050330637955003,-0.13001031537692564,0.22594590607706305,0.7432685616142177,0.49339395064623337
X--XO--OO,0.5000982797659316,0.2538176489839413,0.9316867401565809,0.5010970540774927,0.4951000140328275,0.885916020557617,0.6871495040617056,0.4967800231771589,0.508725791123106
XO---XOO-,0.49097236934708083,0.5911605818896735,0.4738785269977547,0.7418329153749335,0.6964454444833453,0.576082268484404,0.5547864643944032,0.5108371984954929,0.2539355432920072
-O-OXX---,0.22429794843947848,0.4902093139121023,0.6868035822024767,0.5032305043473139,0.501922896972805,0.49788403565757317,0.4968731698106635,0.682167858406643,0.6988909705853573
OOXOO-XX-,0.41673014273492875,0.5478896730130367,0.5154762852934537,0.46535773684644843,0.5991315029555839,-0.2740905618610252,0.41273975535288954,0.4656877088803314,0.6872379518382784
O-XOOX---,0.5049637976853352,0.492552055358005,0.5079636135371117,0.5066061859907056,0.49961662396058343,0.49504669130296963,0.505658766583462,0.49248640319344505,0.6887868277746619
-----XXOO,0.687151225806245,0.44632748004392,0.1300358927299079,0.8181385357807287,0.6872344602131887,0.4916891610196942,0.5026748454946688,0.5012859897703585,0.5098832632324126
XX-O-OOXO,0.664096835058699,0.39599482565127164,0.6872379830225229,0.7749456304302433,0.6872343903642549,0.7001251960356791,0.9140346540116875,0.46936543407439,0.8340322658424342
--OO-XX--,0.4253334336942017,0.4978843347904749,0.4942330942134923,0.5081675344473876,0.4903762661984054,0.5034279489224781,0.4973118805149986,0.21711802325604718,0.6872192827299549
OXOX--OXO,0.500143792858144,0.5088161000398752,0.5046440846685215,0.49393063239625185,0.687238112135936,0.05519480597298204,0.5029396124484593,0.5062173409231806,0.4928867565500344
-X-OOXXO-,1.8421377158030472,0.5466055762991127,0.6794728163555717,0.5789242033992673,0.45927059916996404,0.5500099226674665,0.5945062293265617,0.43125079005958716,0.8940580114878202
XOX--O-OX,0.7493274818641619,0.8544820871738411,0.7845863374172054,0.025797152244542265,0.6872377945639802,0.47337679369196684,0.23284794415050603,0.15570907022866365,0.7373748138911617
O-O--XX-O,0.5545342065026203,0.2297029952920947,0.5812770023609628,0.29760101744438217,0.03719205693437122,0.4025332941024987,0.552930309652447,0.46405514378475876,0.40279836302425326
-O---X-OX,0.5370671357259278,0.4848794349438549,0.6872379594563112,0.5439441855482462,0.6872379594563112,0.5789599030446659,0.15689474271344855,0.595710909687561,0.4624955168740681
X--XO--O-,0.4966740965436006,0.6362206108750205,0.6310147239667099,0.49961939097083685,0.5081797147879075,0.08195888389928918,0.687237959456311,0.5028209269164886,0.1935794988083237
X--OOXOXO,0.4935563446314879,0.00430101607448985,0.6501708939804699,0.49381352850692933,0.49794231127408406,0.5064418767962838,0.5042830710288937,0.49884921090501216,0.5093073657873768
-XOX-X-OO,0.6258382049038015,0.5266289506355795,0.5669626009175471,0.5363928618957408,0.6855664826724073,0.575569452588632,0.49104344627802554,0.43116741252319285,0.5109095409124045
OX-X-OXO-,0.5026391543390879,0.4935828845124211,0.7998671886883012,0.5013612630098868,0.6458469729072424,0.5036216361650189,0.49003773379158705,0.5010816146713826,0.562223591666877
-O-OXX--O,0.11128476118941555,0.4581686781924135,0.4671646617326043,0.5260268434314028,0.49380350310232285,0.5934018233055406,0.6872343903642549,0.4245830997844326,0.43396491322671876
O---XOOXX,0.4941861450789822,0.68723795945632,0.10049901363711589,0.6593786889306579,0.4901062303165943,0.49338626421318665,0.5016004256940838,0.49496939032901716,0.49281129493166775
---OOXXOX,-0.00627109616085908,-0.40248493986065215,0.6852611142874253,0.5078553883346801,0.509396091496754,0.4907654082354961,0.49968794279365053,0.5070067402306473,0.5018735409140866
OXO-XX--O,0.5447200982181463,0.43481274413320553,0.5069004222653697,0.6871619207647747,0.5854977375826484,0.5189455711351939,0.6872379594563112,0.687235030313152,0.4861970862398537
--OO-XX-O,0.12402593000848605,-0.2268867727638395,0.5199867239856505,0.4138168156924926,0.4741261719550153,0.5137256401136434,0.5707893228863782,0.4870176707087289,0.4850826140025032
OXO-O---X,0.5008796831013218,0.4974522426485985,0.5046597896946687,0.49073207195836005,0.5034539034883767,0.5073494593315507,0.7444106080678473,0.21169834121964703,0.4973046230206954
-OOXOO-XX,0.6164956801162357,0.5020632124571383,0.5005508701171649,0.5092031340891625,0.5008436427001601,0.5060690255681652,0.6872385355252157,0.49426302782939746,0.5047517439267427
XXO---OO-,0.4936601229994921,0.49374507366325937,0.5013760989725371,-0.2543630126128662,0.7335212419421464,0.26465739025819546,0.5014909024074762,0.5019608294946306,0.4716552772725634
X-OO-XOX-,0.4837675270352556,0.5505818016453915,0.41896356000899726,0.48679692503829264,0.6876685844060231,0.41210283597357206,0.5045034819296561,0.5741797824456921,0.882732916804728
O-O--XX--,0.49444823974661944,0.693874898689629,0.49802960718348216,0.18012160460935567,0.628602557905792,0.5979120368178434,0.5972922790135524,0.7371417536976197,0.6397543227019618
O-OX-X-XO,0.796978324195282,-0.1173998845011669,0.7496375974774068,0.48917341381365076,0.25955946108315264,0.6727732890637155,0.18975465265834202,0.14022846141043022,0.6703055629238701
-X-----O-,0.6874323387080332,0.5009836728977964,0.0791819966438363,0.19618451342160687,0.09475625176687213,0.6673862239655719,0.6850413082771675,0.5039189683167818,0.6969770052719386
OO-XO-X--,0.6010871930158062,0.05784842558939329,1.02361952523607,0.08313527172171353,0.36595018560954407,0.01970859317790319,0.1446663143149426,0.03898435875813733,0.8934033990103055
OOX---XXO,0.5055440031177499,0.5020727873149071,0.49591038161733114,0.9889104837299805,0.6871491376295686,0.21686509666968057,0.5094586448404184,0.5074780170610739,0.5019814820793699
OO--XXO-X,0.47276417281846883,0.5102363199793295,0.6871602773714516,0.68716070780659,0.40253832870207734,0.4691126821035015,0.42127077366135,0.49127099798811513,0.402272171987249
XO-O---OX,0.5241314691527624,0.5556305677367981,0.26147966772939457,0.5322614170677317,0.6872332419452638,-0.31336536227162326,1.0843332756927881,0.4767441752274658,0.44112595620117767
O-O-X--XO,0.49705733341249825,0.6872379590573943,0.49862909706102615,0.2437764926061639,0.509129091682614,0.5337475686343821,0.08361920057729005,0.5054072971057938,0.5046130756840475
O-X-X--O-,0.49018628176329204,0.49252882931004244,0.49878740131134186,0.6868438228549694,0.499705315692952,0.6872379594563112,0.6872339170574144,0.5092576228734776,0.1862250285485586
X-OX--OO-,0.49039550435881063,1.0722988150833324,0.4950742500917319,0.5068991166081757,0.7133227008435459,0.4950853865655559,0.4959002798434244,0.49983221158173696,1.8443691479071012
---XO--O-,0.7268979523413559,1.1541854278453116,0.3985039756143196,0.5063784412922152,0.4985698386772516,0.20181579048509962,0.057967089009146155,0.495667982479978,0.030094857081439108
-XO------,0.12460197927269823,0.5027249863935195,0.5061172285386969,0.06330561676596552,0.555709362582176,0.6872379594563112,0.5513359748462592,0.11244725783484155,0.01119888711406325
O--XX---O,0.5494624427336186,0.6871065166314848,1.0168106180082395,0.49426957980358205,0.5335695615837261,0.6845679330040294,0.6872100424755939,0.6855664826724073,0.4558095094992191
-XOXOXXOO,0.6872380019164734,0.509294071764296,0.5029299123109038,0.49386484785510004,0.5044147439194918,0.49062773935297715,0.4942749236278242,0.5036993624992018,0.49659301879264833
XOX--OXO-,0.4914040764329144,0.4946091801343739,0.5021154797107245,0.6853469177081258,0.7243151454944633,0.5074781681915101,0.4936134749644097,0.4917896609240915,0.6450339160417486
XOXXO-O--,0.49287007850420717,0.49287823824269994,0.5090991580685162,0.5099532743960983,0.4982560958129954,1.2304564775447633,0.4913009030439611,0.38063460670637533,0.3303854728025728
O--X-OO-X,0.4991225175502714,0.041833642234995194,0.8202465348732779,0.501980171658188,0.36030597675046927,0.5000761570931529,0.500471540979357,-0.11977248418198738,0.49052475152862246
XO-OXX--O,0.49648218899390245,0.4923410330867019,0.6780050026329432,0.4944623012381328,0.5091409470424663,0.5032074148318852,0.1396567118741887,0.2664870102537061,0.5060391510418104
-XXO--O-O,0.6876028109919315,0.5077445316030514,0.5091017314077048,0.5063752899531496,0.685353200721713,0.4638644444022285,0.4980890145600785,0.5338339364267805,0.49242058780979303
-O--XO-OX,0.6873139652790726,0.49715101669259143,0.4990315531758588,0.49979339804109496,0.4948354531661759,0.5066031032272391,0.6784554132299572,0.49357000199472906,0.5014381919741571
-X-----OO,0.20247609629197033,0.5012899048102812,1.0180027099571958,0.09792512245401674,0.07420664639311414,0.6481984629669308,0.4659626185565261,0.5052325183271794,0.5090809496292075
-X-XO-XOO,0.6866921002647013,0.5611577842119346,0.33605464828013576,0.5146265222965234,0.4558604702486495,0.5536004290084388,0.5038077526955245,0.568631239273969,0.42403839535587684
--XO-OXOX,0.49473077500410856,0.6868307893084944,0.5019810966981381,0.5034491941042661,0.6872379594563112,0.509387095941028,0.5070014547004528,0.5038702599721926,0.5076661051391619
O-O-X--X-,0.5070454686640727,0.6872379594563112,0.49784081533261104,0.365820590482997,0.4934185337391643,0.05290963026561202,0.42515822005323106,0.502621822145158,0.4353188926958015
-OO-X-OX-,0.4571685208624503,0.5344933150200102,0.5826042206138403,0.05514033398863272,0.550836030147216,0.18846227726228615,0.40632243156361997,0.5633962140369734,1.3047281483750885
OX-X-O-XO,0.5013334287240426,0.45107435705455046,0.4851653776000543,0.4480983174660002,0.6872266870720002,0.5424817449939097,0.4798588470576205,0.40398726382149674,0.5120966461693953
-O--OX---,0.250983231487814,0.49184923894757576,1.2974255572038347,0.21653253479535867,0.5001121636100443,0.4953116946528497,0.4395107548414952,0.09835652780513782,0.2076024515614716
O-X-X--OO,0.508779892385567,0.4673989383360995,0.5032230889993614,0.6437549830933372,0.5048839357578672,0.4069840656523045,0.6872188993410029,0.4950026683356375,0.4904974212977586
-OXOX--OX,0.6822201018264641,0.042058711756535305,0.9690181241105645,0.5070897903303413,0.6529771239484625,0.6868785765925925,0.05408288234566683,0.3307608153445424,0.39284407317232917
---O-XOOX,0.6872147561393877,0.14157920706335925,0.6706833503713994,0.5672035166005001,0.12283827212272125,0.22619639598181007,0.1588732109704002,0.621050270041996,0.32823004150032564
XOO--OXX-,0.4933196504295029,0.5964251556773584,0.41672705208610533,0.5193152894549163,0.18898276108133638,0.48105728527884184,0.49946495739637226,0.521491119899285,0.6873305113574016
OO-O-X-X-,0.5022307839506279,0.5008616041380949,0.490486016108885,0.5071750278184284,1.0389645191462458,0.5049199366037805,0.7714836970424019,0.49097747953554316,0.3494706440659118
-XO-----O,0.13691935395180144,0.5062493180622979,0.4986042392375557,0.23856522421878745,0.7098201419372551,-0.021787811154250658,0.26930581320726044,0.07909179817907797,0.5071507304130101
--OO-XO-X,-0.35916721814831476,0.4906982666627732,0.49356750903205415,0.49333717537416616,0.15501836970589022,0.5073053700699534,0.49629825351487805,-0.2230194553488014,0.5041769561281093
XO-XOO--X,0.3418083286893946,0.9626068282232115,0.4724391814720123,0.26239287861127725,0.4168423505215457,0.9754360344060135,0.687221354596175,0.5034140064433845,0.8770740391377561
---OXOXXO,0.8385680016446325,0.6782454049098026,0.6872379594563112,0.49454461633751384,0.5022301930449833,0.4924597020198432,0.49888160462087855,0.49292621584130764,0.5083921846164774
XOX--OXOO,0.4997998540352805,0.49908658149575297,0.5097518114450842,0.687237968582781,0.687218383055187,0.5027222887524944,0.5053684117848924,0.5050493186423878,0.49795204546789806
XOXXO-O-O,0.49031767067986753,0.5014532512509462,0.5010129902484273,0.5032607486042314,0.4921789299698351,0.08474501395137385,0.4985587195391422,0.8584916601564583,0.5022482854505848
-XXO--O--,0.6872339064240134,0.4962643865077531,0.49107018439532835,0.4945503408059609,0.5465929541755895,0.16920056835623032,0.5006086849129103,0.4290790145440514,0.05519982280752889
OXOO-X-OX,0.4021545568138585,0.4531790773932195,0.5298425165793069,0.5380684867805643,0.32134213378492504,0.5600853049820849,0.5052811142925421,0.4573868867043407,0.5527751944057365
-XO---O-X,0.5066137103152406,0.4997998641650199,0.49254507884787196,0.4937475677398136,0.0773850403168912,0.64580129536069,0.5041878352190785,0.033606033898681664,0.5034351214538816
-OXX-OXOO,0.6868785765925925,0.5211869034412925,0.4865207056171631,0.4580146824357538,0.6871941909772201,0.5434298808481816,0.4783870075749387,0.47510013565807063,0.42140049057840445
-X----OOX,0.5238194198657187,0.4370923558292153,0.67885401031672,0.6397812455280287,0.3460333394206301,0.5443097772679018,0.5475954078343025,0.5442945278314502,0.5564820559011163
--OXOX---,0.9231318232847265,0.45871868186554576,0.49458516239110834,0.5040615438330989,0.5070787147048811,0.5034350490362107,0.03639793429792182,-0.3774594676589139,0.3663558672989784
XOXXXOOO-,0.49541117174465593,0.508820442021703,0.494498717392305,0.5070191986794023,0.4901120146594244,0.503776528512212,0.49463699171724723,0.503126699564911,0.6872379594563112
X--O--XOO,0.49985507430800047,0.16774717382696058,0.7174455293530762,0.5033856603427126,0.5019971273039624,0.4753212617025502,0.4902391418526113,0.4915287378182911,0.49660295558355644
OX-X-OOXO,0.5034578202993829,0.5080229578305996,0.28914163004365423,0.5073705157948413,0.6872379614179722,0.5042471275713402,0.505906599867364,0.5053326723900459,0.4902286205923044
---O-X-O-,0.19491452875155946,0.17456239459400225,0.2106053341331584,0.5037977689446603,0.03313770441923147,0.49465952688928133,-0.2525570655679217,0.4926589819173544,0.20222503516431445
O---OX-OX,0.18633846395546083,0.5357302291026259,0.6855664826724073,1.1949401722228832,0.5455592921566926,0.03370470730966535,0.349796714265343,0.7947532712850561,0.829299833354453
--OXXO-OX,0.687238112135936,0.6778900874021481,0.5039481114986688,0.5073972413380272,0.49296250699404104,0.4971879383674911,0.6475126957194273,0.49360019579933734,0.5096037856813805
-X-O-O--X,0.5057833959679788,0.5053278406975285,0.49087989881091776,0.5000134066263449,0.6951526375242,0.49299965440117666,0.685211899765124,0.49133189590523474,0.49142440201523147
---XO--OX,0.1389576804173892,0.4262132451358198,0.09050353506345216,0.5015837913968488,0.4953778118615894,0.6868418997712544,0.6778364632994992,0.4981444902962724,0.5054085489681202
-OXX-OXO-,0.6868396800803449,0.503371278190716,0.5055003585319636,0.49790801390348916,0.6853908099407163,0.5090069953208931,0.5027661624908556,0.5061956140732823,0.5816928962153189
OXOX--X-O,0.4996724732403745,0.4922336914432168,0.4951107379787189,0.5058559025029649,0.021163727445408398,0.24982269531925827,0.4975553744550027,0.490318027612687,0.5049410085045744
X----O--O,0.4942394140460126,0.18463793440782827,0.6885448059340972,0.15296781876119958,0.6999964737836981,0.4965702950524274,0.037720123681362794,0.13935623442712974,0.4948796725803971
OO-O-X-XX,0.5073502511375723,0.4934909881945179,0.6950713623111818,0.5001903119676777,0.5055366731770182,0.49503834966983973,0.5070042360456872,0.49634142264994413,0.5098524419901957
-O--OXO-X,0.4977055209560702,0.5069533676817717,0.6872387146426645,0.6730932343140921,0.5044232562147094,0.5092296380034117,0.49578701008800075,0.1100159813227577,0.499204420440458
--OXOX--O,1.3616913677245415,0.019261698128911986,0.5529761734202817,0.4742184695948861,0.48910232926284875,0.41608138065339206,0.07256974469240646,0.8337328344879014,0.47740290785547346
O-O-X-OXX,0.5005415086635523,0.6873094920163073,0.5051154723877567,0.5031193649390723,0.5037814566434237,0.4958619462342817,0.502802932060311,0.49326571149389553,0.49866177136206497
XOO-OO-XX,0.4980923450678392,0.49626363742353097,0.49730491589017267,-0.2519165401687241,0.5012569902872045,0.5058520865514796,0.6872379671828708,0.4948452413015638,0.49452307191873357
OO--XXO--,0.4987423984873536,0.4961074752152947,1.292304112296725,0.6951494861574719,0.49550331880136267,0.4984211991095655,0.5085651508543895,0.6468144472444515,0.7162452187843636
OO-XO-X-X,0.4943533859446559,0.5028663540501294,0.151987500766546,0.4976826973392917,0.508665737093725,-0.31521993555714134,0.4911172644205329,0.6872377752937784,0.5089816390797007
--OO-X---,0.08122201407993468,0.8476045114380201,0.49726917206250437,0.5034162579048893,0.1206972883361116,0.4906294891474889,0.059664571463188765,0.1201553152019012,0.5524104634256698
-OXOX--O-,0.6399271552741364,0.49247066016569396,0.49760921633330235,0.48927549756616184,0.41319204310386015,0.06571381832790057,0.6868617046106279,0.5765390158435862,0.6869321000608036
-OX-OOX-X,0.041041525120273814,0.49217746483933655,0.5328227678664411,0.029316010586011187,0.5213528624519164,0.5098189169898835,0.43660567698959496,0.6872377928408168,0.4877521449672478
O-OX-XOX-,0.4905642550605069,0.646988985035303,0.5087114801409554,0.49422140332537706,0.6872387384230078,0.49002873451725676,0.5074045555937883,0.5052671673281675,0.624076769256367
O-XOXO---,0.4999932843774653,0.7835714464806969,0.5056067335595771,0.49292356939211407,0.49379534216150395,0.4994931464486836,0.6889363980772685,0.7583258689924386,0.6451665759216689
X-OO-XX-O,0.5061912911172827,0.12985765919688685,0.4997479126189312,0.5064828275838047,0.4553732229729326,0.5031548722907306,0.5086954891145895,-0.27212724547693445,0.5017330341688965
--X-XO--O,0.687237959069449,0.0709080865738489,0.49185552141697436,0.8806471115717813,0.5032077319477369,0.505691516023051,0.6872379594563112,0.6872379595469755,0.494825051766845
X----O---,0.4956442308810543,0.0769294976110158,0.14549389695938036,0.39863933978718624,0.39442785065554475,0.4949189662730411,0.36222939206258065,0.10939815616783438,0.6876104562093895
-OO-X--X-,0.6337156687118706,0.5035340664305332,0.4918711989148816,0.09620799904976546,0.49171712695422987,0.12485269538104526,1.0057710771969777,0.5099995776192141,0.39157127230332583
O-OX-XOOX,0.5285018581638163,0.2867313664473776,0.4377687818284979,0.5391460628429166,0.6872379594400508,0.44627316589593286,0.55088422923578,0.5013791920165738,0.47333328540093683
X--O--XO-,0.49237756155270557,1.208146859915427,0.6910777550894017,0.49380873262456904,0.8098439322241082,0.6446826824188181,0.5010363032709318,0.4943857591487751,0.10037091698244971
O---OXOXX,0.584982610958841,0.9740552631629609,0.6872379594563112,0.22318549885487882,0.4333634640523881,0.4418320120227674,0.5184541265548597,0.515251249172702,0.47682346772948303
-OX-OOX--,0.12329554292824041,0.573293734912929,0.521942037726194,0.749273557095119,0.5684383455737448,0.46513052774312896,0.570846319349275,0.5060503545637172,0.42494464678381266
--OO-X--X,0.31684138308711285,-0.03829909293504785,0.5001309248012838,0.4935334021359049,0.26968368744215915,0.4915187907925016,0.7084992357962706,0.880093339545603,0.49651300854976077
XOX-OOOX-,0.5032304977934472,0.5035144624610479,0.49625867717081984,1.1930135850113923,0.507783419059322,0.49988840578172233,0.502274934162651,0.49511302331085183,0.6382019376044522
-OXOX-OXO,0.637182706764034,0.405243458974216,0.48133961542433756,0.5307545447877609,0.577738851292781,0.07420784949814385,0.5416351442681229,0.41086125437535503,0.5547529510207603
--O--OXX-,0.06033372401645776,0.7233882832875869,0.49876703100006503,0.49735569793592777,0.2511045587387827,0.4982109718791425,0.49231100668060523,0.49341652393096447,0.6872380821835138
-OX-X--O-,0.6451225999857257,0.5001182454402273,0.493384269721488,0.6852041182440728,0.49930893309734675,0.6872320145645995,0.6872377667496589,0.5000645367903509,0.6871450903524746
XXOO--OOX,0.5051221342715837,0.5492513392674387,0.5676443521944832,0.5947878302393746,0.6872343903642549,0.19694405812972782,0.5184921811827379,0.5298781564578905,0.5050031581960036
--OXXO-O-,0.8548537544714998,0.09686419221533948,0.4974328291615268,0.5059971117831248,0.4942577280368855,0.4924296618365537,0.13425193855752848,0.5047666130795075,0.09999669420220625
OOX-OOX-X,0.2698262349469168,0.8130358613497579,0.9332839152051722,0.1931526513165358,0.0020063742255683747,0.4318292497057674,0.7232050583876027,0.6872402269107897,0.5726337756896321
O-O-X-XOX,0.5024984642078243,0.5070896226466701,0.5057307979087324,0.7739595290156605,0.5086554130780462,0.39725110639705435,0.506591382940506,0.49922663352038704,0.5099653929396779
-O---XX-O,0.42243115329971986,0.42569472239221484,0.17065557398746423,0.4695458568364725,0.6867050140876089,0.4490342930778559,0.4874981523752962,0.23335754412757692,0.4384139989687212
-OO-X--XO,0.5052432483960605,0.5766005201817215,0.48245548446231984,0.044345423308477516,0.5311362874084475,0.8138061805594048,0.13808407965831826,0.5776720672635395,0.5975635302244521
OX-X-OOX-,0.5717016558736597,0.5257593838552226,0.8305285831532708,0.42734738693454405,0.6867492362851054,0.43777894785154947,0.5582691630104994,0.5325642748214835,0.001705379441208299
O-X-X-OO-,0.43818330427751684,0.8315063205556249,0.4445507883574694,1.148365838947115,0.5046174643907428,0.05540409512747679,0.40095242726381175,0.4304615584756634,0.07465350909603896
XOOO-X---,0.4978211026962147,0.5000825370910015,0.4938090567195413,0.5064061626580293,-0.7364590093960146,0.4937846315659325,0.1689903757955975,1.2399704535961549,0.7416947620073833
-OX-X-OOX,0.6467537931617005,0.49147490667071964,0.491430337963433,0.678192054908582,0.503273850784496,0.687602525051932,0.4973208442986244,0.5011015253589242,0.5076465392384077
-X-OX---O,0.457643861163621,0.4905998474248031,0.12160364649630057,0.5042709420139797,0.5097243202385142,0.9312460853541105,0.4965929187971226,0.6872379594563112,0.5055075764269134
XOOXO---X,0.48135813646779896,0.47440077088950044,0.5812476319537367,0.4700125932049529,0.4858144304127068,1.3878629676368168,0.6868785765925925,0.3170878124334745,0.46561350995650663
-OXOX-OX-,0.6476024369014968,0.5095020360052634,0.5063092000534173,0.49691997889747763,0.5078301046418429,0.012685706817379905,0.5075990118328553,0.4941117733640137,0.6472928231703984
-XO---O--,-0.3372564746085507,0.502999068532229,0.5047488803606381,0.25838059739904207,0.6828868363555448,0.012245039609747654,0.4988227511230863,0.09903966980914347,0.3896382870654441
O-OX-X-O-,0.455846935878945,0.25817939788501676,0.44952786156887076,0.43418311795916653,0.6740120799420594,0.585467378285716,0.12140086628992836,0.4143798420091123,0.6810047150867357
-OOOXOX-X,0.6872377945639802,0.512936396739208,0.4571194977314914,0.5541612643556946,0.5343898623071783,0.4214930078916825,0.4180442487024249,0.41422576109947856,0.5240234079596738
X--X-OOO-,0.5447731105342676,0.3274782996756527,1.0881461843553142,0.5199289453808256,0.10435502713624734,0.5006702694752783,0.5334382673644003,0.5606293231134197,0.6891609275029709
-XO-XOOOX,0.6872379584428067,0.4139993921691847,0.5718423573719303,2.0948432207614154,0.4968411086019098,0.4624276256555863,0.5061369958699632,0.523314563639556,0.5089362578316772
X--O---XO,0.4949950811115964,0.6872388423475241,0.5089598312013089,0.4939772682836838,0.6871509080418808,0.7938851770384061,0.17717443319276216,0.4937335807481978,0.4913891318702288
X----OO-X,0.4974811395174773,0.5021848867633488,0.7202935004723148,0.24782813357664785,0.6872377596894632,0.5015510595207846,0.4956752843678373,-0.10068922630578636,0.4941309885494816
O-----X--,0.5059722568492273,0.025063066660987232,0.023121784800359813,1.1906168531399217,0.10578360710967782,0.5888785909487106,0.4949005783119571,0.6863961893157768,0.6880044524675588
---XO-OOX,0.380393269906799,0.24520942732387885,0.09491153116796769,0.5994473828735106,0.5708986266150787,0.42030345763199073,0.5686981833182302,0.4053418255265181,0.4762107209282827
-OX-X-OO-,0.42652505965846876,0.4119667356909186,0.48319783646149106,0.4615845361991894,0.4270902393264653,0.49689340225383527,0.4055835760062582,0.5267534852264294,-0.18300895611364576
-O--OX--X,0.021711210398074554,0.49026133065688654,0.6872379594563112,0.3570670216514672,0.5050307557798482,0.4906726003928537,0.26314703656486493,0.6872379594563112,0.4963994705322775
O---OXOX-,0.49153598980880114,0.49802922871386013,-1.0583857024453545,0.31841471901251484,0.5087781987760785,0.5086064526816858,0.4926432991183015,0.5070004934547989,-0.9424658709931883
XOX--O-XO,0.4921142272341922,0.5020305079075118,0.49448548961331595,0.6786473430752712,0.3071037560813701,0.5082725348546273,0.687570779640889,0.4991089937569347,0.49159187759120215
X-X-XOOO-,0.5019559883548905,0.6872379595469399,0.49513229376111,0.6785101754070427,0.509994283724853,0.5091836733787117,0.4930702243874664,0.4958360173809421,0.6872379197569072
O--OO-X-X,0.4969908744534265,0.6866626067753393,0.023660741090793802,0.5097418482698807,0.49105169274835575,0.07592995215726867,0.5031505172335927,0.6872379594561182,0.4987465849983452
XOXXXO-OO,0.5021052007568537,0.49938554523178,0.4988541212151108,0.5079616330033071,0.5051279507321388,0.5011669409678683,0.6872379594563127,0.4965526428407974,0.5028160686797799
O-O-X-XO-,0.49550045661921377,0.49790417440392215,0.4966430700416205,0.13507860457933774,0.5084649236329097,0.49009359473305447,0.4934693768811881,0.49483951834582623,0.4289053405156754
-OO-X-OXX,0.6872379594555599,0.5649918306764289,0.549014461679532,0.41435397302123184,0.5988498164874779,0.4025184748292293,0.45359576128092344,0.5839870267874405,0.40145511259806616
-XOO----X,0.40333588987875174,0.5090587403533737,0.4997543213481957,0.5071116208992272,0.21031537686988033,0.6782949608124319,0.6179049904532551,0.645637901333221,0.50776190976449
XOOO-X--X,0.5015999967701591,0.49389724664854523,0.4957378152580128,0.494505174444378,0.6892421596514203,0.500925549657243,0.6872183729911482,0.6461684203807199,0.5002180365856604
O-----X-O,0.5025846238709706,0.751661526940465,0.23305247087915992,1.1169783099709876,0.08078575058954879,0.7140591018569684,0.49073546400588713,0.1856061909362921,0.5055913917515826
---X-O---,0.6871668797489263,0.25902735658107345,0.17854663999554243,0.5023401702300487,0.7110825339929355,0.5070181959488484,0.7362454504873926,0.09475028487383785,0.16474925599311702
O-X-X-OOX,0.5055585981350796,0.2575120543409143,0.4902264822253494,1.3036605889693185,0.496020688728367,0.6872379594563112,0.5060046193945822,0.5017265963218539,0.49630604021795516
O--OXXX-O,0.4940148181401368,0.68723795981004,0.6852991188984093,0.49264458646768106,0.49606003516272296,0.4912263588343968,0.4995832882694244,0.6777445442875601,0.4937328919500776
O-X--O-OX,0.49679665252114064,0.5066599120747248,0.5713724717350689,0.4891245405282569,0.48371058836997505,0.5964680871007475,1.4449016301967739,0.5904315201595023,0.4890946579488169
X----OO--,0.4987527179836899,0.6872389469976713,0.5591629447222165,0.14294278080328193,0.6872374391847982,0.5007216761550544,0.4949515309933533,0.06708072459557557,0.2454911666073727
O-OOXOX-X,0.5562329492091249,0.44958229841333475,0.5299014803213672,0.48977403123379454,0.5381272007413165,0.48525148627767917,0.4752673168084377,0.6872379594561496,0.40390924239780635
--OXXOOOX,0.687237959460498,0.452088100127509,0.49380315687334525,0.5074890724495863,0.4911773968894371,0.5091418210565947,0.500103125050077,0.4934577970528192,0.5064261793995297
O-OX-X-OX,0.4794218880982054,0.33315949649836696,0.5843534190670663,0.5014356247245478,0.6872379549860251,0.5402198900046695,0.5092355444126857,0.5898081845513221,0.5843018000487613
OXXXOXOO-,0.5043069966101181,0.10961565664563888,0.49527112137846774,0.31408435036850746,0.30214174131960747,0.6723591298454555,0.1051684330716609,0.4017972170851192,0.6872379594555599
O-XOXO--X,0.5055146789333265,0.6456316639448385,0.49942866361535354,0.508861376557908,0.49183041654195836,0.4946790396066295,0.6872379594563112,0.64766183375259,0.5057075955014266
OO------X,0.5023072416779328,0.5020247893543838,0.08469660379852184,0.020095827003586586,0.5165002497853153,0.15022486784050487,0.687205036139463,0.6138102943918383,0.4908811263340097
XX-OX-OO-,0.5012685752456697,0.5074135843273461,0.6872379594563112,0.49330749246941946,0.49616416670415425,-0.23930251023023896,0.5009406688750837,0.5080936105054132,0.4932385178429388
XX--O-OXO,0.4994952476083725,0.5046460905096826,0.687233808055667,1.7451317666198076,0.5019575887138793,-0.4412555851524034,0.5004702589320786,0.49563165806814186,0.4977925135621013
OX-O---OX,0.5097655547632322,0.49485272513363027,1.1369583245387944,0.5065054802910487,0.4992642504354702,0.707845063555659,0.20986828511406508,0.49170885657042684,0.4903883589073643
XXO-OXXOO,0.17456658852325035,0.7179489686813236,0.7219277880540499,0.6872371923082045,0.7259853359921037,0.5781953988395885,0.2381667202108887,0.18106198601490042,0.4258334798363945
---X-O--O,0.8849191145395533,0.2589661575566391,0.03758246843970631,0.5040266381161824,0.19070394883001474,0.5038085599104084,0.6515426759918062,0.2736727370160714,0.5001981257650321
-XXOXOOOX,0.6872379594563114,0.4917656431439112,0.49131511632609276,0.49778919950172384,0.5000468052942968,0.5070044716351884,0.503936491374655,0.49965910086303555,0.5003994709482779
XXO-OX-OO,0.5064926198294298,0.4906212624997876,0.49546231661643886,-0.20025482667651762,0.5039226681471506,0.4945809818315231,0.6076558886574852,0.4939710051774911,0.5048077460594622
OXOXO-X--,0.5006493998347984,0.49961642521613436,0.5023275287055211,0.5007655834050243,0.5091898223821658,-0.10330415931517511,0.49085656084331974,0.1097918430601249,0.14856681488076784
OOXXOOXX-,0.5355998117533529,0.5433908872870229,0.4984324953732355,0.4433359189707444,0.40562525394154625,0.5305359079324369,0.5324380965713904,0.43084149112703995,0.6872379594563112
--XO-OOX-,0.7016758189592416,1.0459874797504995,0.7852374172888783,0.9434987466520723,0.10057610300538844,0.4385571996054741,0.7228067330708717,0.13606140456517746,0.4965077179363122
OX--X-O-O,0.49247005850360154,0.5003045441377684,0.7239436073418757,0.26135126030815037,0.5091061315743631,0.07291411116289231,0.4984028504307935,0.6872379595308049,0.5009298810903282
--OXXOXO-,0.6871946121575362,0.020927940793686206,0.5162187853094183,0.5310972493327675,0.563462323638552,0.535136704626305,0.43823582278687445,0.5206924145318443,0.05126253450157969
O--O--X-X,0.4966037559666614,0.12872998594071927,0.6750318728936817,0.5099970081225628,0.6872432055521714,0.6872423699853033,0.5010158764617321,0.687143588090782,0.5001678854122523
-O--XO-X-,0.17749900979505212,0.49097865666393486,0.6811477208375312,0.866393999221906,0.5015787932015446,0.49546976823752664,0.7296380436785415,0.5024034132974208,0.8649564463754404
--X-XOO--,0.39309524726126066,0.6872379594563112,0.495697217014297,-0.2300681546579303,0.5034225220796307,0.5087867876237936,0.5028841731034921,0.6872419786095362,0.2970865418636329
-X-OX-O-O,0.8954494460818272,0.50314804219833,0.6572899756359589,0.4900515154420787,0.5069453559893901,0.5687262300872302,0.5061223995570453,0.6868380970008592,0.4968078977612263
OXO------,0.4939765381028209,0.50012489863636,0.49268013133394334,0.02715953437345897,0.6872377948246506,0.604306325640967,-0.17054622544688436,0.013678478298845609,0.491432849286365
-----XOOX,0.6913466199384463,0.5067859809549046,0.6872414748331724,0.49782731605663594,0.4973936378818887,0.4907356411727706,0.5001480868677998,0.5017547846374307,0.4991746669480684
XOXO-X--O,0.41898832280046944,0.477095950135234,0.5229511748277282,0.5181580876062567,-0.3333745284546856,0.4213555444222672,0.4649522873590895,0.31649025157525584,0.5796077792130726
---O-XOX-,0.5616821054913197,0.7234181674683641,-0.04672665729058767,0.47725840604197,0.20897499387846485,0.5924948526234749,0.45058087782811984,0.4563507163481838,0.11327526641239472
-OO--O-XX,0.5898610242347492,0.5010280428788436,0.49528450368448607,0.4904748326161717,0.6474973881750185,0.5027001975089123,0.49203430350062594,0.5024406252316423,0.49647438055991694
---X-OO-X,0.6066840304555113,0.4283716320623081,0.07878237986076875,0.49620782234707234,0.6890819141662873,0.49102008610720604,0.5035535431369006,0.6861135876942086,0.5016757309298162
X-X-OXO-O,0.5039629008101625,0.6872379594563527,0.5035155110721372,0.032955498667476935,0.503591611628349,0.49776465963955824,0.4957783016141821,0.6852873791360736,0.4986449687190034
XOX-OO-XO,0.5063573910048336,0.5014312213287957,0.5042737954976424,0.014429014610732371,0.5053777200834275,0.4912189486996287,0.24585580126745615,0.5074467399667338,0.5073622968783937
XOOO-XX--,0.5023448757440562,0.5063578704887233,0.49172060455178074,0.5041933142753007,0.5020131597352162,0.5079438205829069,0.5013648698307097,0.872155082743525,0.6852002830616806
-XO-XO-OX,0.6872379594557709,0.5693345346954838,0.5659741285635761,0.4337011020674916,0.5159412367199073,0.4192432197539022,0.4603620161519397,0.4045322513610421,0.5137864558151447
XOOOOX--X,0.49926209443160885,0.4950296978400033,0.4964578866861536,0.5087393871183319,0.4918059056788159,0.5027089992499265,0.5344356690201424,0.4649874578935872,0.49613520418761126
O-X--OOXX,0.46846041279695205,0.9320786713493119,0.4364486438505639,0.06544579462579125,0.2844201709343246,0.48135155545237207,0.5422179884308244,0.4624974425822328,0.4177358970096257
X--O--OXO,0.49900180739926303,0.6872578523973438,0.6974203628171278,0.49528149655341436,1.6561779396632141,0.5079655248806579,0.5090905517489995,0.5026468336512461,0.49642798440730995
XX-O-OOOX,0.4907861705053021,0.5012783269704368,0.687316314545648,0.49637496223355976,0.6872183366599364,0.503655993953641,0.5096842617254014,0.5054469339460403,0.5050634279337035
XO--OX-XO,0.49090826312154784,0.5095331306949294,1.0394543589480914,0.7379122250718894,0.4916035564616341,0.49439431949393137,0.4990819011947703,0.504918107259828,0.5017957547890266
OX--X-O--,0.5003134998573411,0.4989098081378053,-0.38963472797125953,0.3720695522896069,0.5090118218637298,0.5362861051343761,0.4920984846306375,0.687237959456311,0.10654094416582927
--XOX-OXO,0.6124816021094798,0.6872379594563112,0.49391191678634544,0.5067213014284908,0.4944729433100111,0.0540456303748989,0.5055857571441161,0.490482846635833,0.49308733358285395
OX-X-O-OX,0.40306219535009224,0.4127773935920566,0.1373699239187356,0.5824232888722403,0.46780885230394764,0.5709942552417225,0.30600923328321494,0.4282491594378832,0.5969694337310683
-O--XO-XO,0.11336815983303544,0.40168033719352897,0.5666058294401626,0.42621047894369724,0.5662226370506707,0.570150112848062,0.31959237636365845,0.5213788136284343,0.5469169389982833
--X-XOO-O,0.0015524253279002864,0.4567230415570995,0.5048323378449416,1.0859367019629915,0.4975096434139102,0.49900832481242235,0.49637246807029367,0.7892496939137332,0.49286727587606477
-X-OX-O--,0.30994465094968326,0.46124006340326906,1.0907111860088146,0.4358655446631737,0.4676830072875688,0.10156871566252829,0.5504747995431374,0.6871235153401049,0.6657400503637538
XOO-OOXX-,0.525033572975876,0.5525430330169574,0.44839787435262957,0.6854013054850812,0.4783110499458965,0.4486608765540493,0.567203049323651,0.5431241637995171,0.6872379240140314
--XXXO-OO,0.8817370494097101,0.23923874284336077,0.49199872758350666,0.5087710126580626,0.4937076651341704,0.5016399902193432,0.49369333325772685,0.5086531470835138,0.5019807423596996
--O-X--XO,0.49684512265324354,0.6872379594563112,0.507978267203316,0.021499426193698268,0.5099128383164173,0.21476848004532284,0.7828835070157399,0.5019209813357025,0.5035978385290112
--O--O-X-,0.21946158373909092,0.5495606153649172,0.5078192261296479,0.3506359474539268,0.35217156229266955,0.5068852138093694,0.38829964154438124,0.49021894042239517,0.6872379594561258
XOOO-XX-O,0.498624605442884,0.5042170543565415,0.49543558317143166,0.49494214561277733,-0.09591559019714535,0.4971313394404647,0.5001913443153189,1.4422046537560447,0.49184838609347087
XOX-OO-X-,0.5025722920773502,0.5643035721344419,0.5052975022175656,1.9730536982170155,0.5499111551389909,0.5161643157107848,0.7388938652182406,0.4282816973471628,-0.6301476831008082
-XOO-----,0.029867805656260682,0.49629454510239146,0.5018666116185975,0.5040227252951589,0.6307964254283216,0.19578775423998102,0.4142282854341456,0.2722398185382312,0.32123777076057425
XOXX--O-O,0.5045821288111637,0.5041810000892433,0.49839340281681044,0.4946401707800976,0.23012312673650037,0.2896423760958028,0.4929956999303073,2.090144292916751,0.5048612874825216
-OOXOOXX-,0.687237959475791,0.5093049900065943,0.5010366403980842,0.49593771753836463,0.49294601110748704,0.5025101324860302,0.500028806205723,0.5026489522635736,0.6872337292861718
X--O--OX-,0.4543684602221657,0.49085164573801177,0.6868270036775248,0.5271299471174661,0.5871165802104767,0.8446676051682761,0.49181264335045705,0.4153280089625718,0.6327897973608662
---O-XOXO,0.010238990772974743,0.3824480255874717,0.36051733545247944,0.32218975186838494,0.40230732135815517,0.23581236494367075,0.06036588947872534,0.4417247357149805,0.3429602624604713
-----X-O-,0.005785535472476844,0.08234196793571297,0.4374456539717952,0.4442467555411358,0.04632594735779544,0.49114887992611755,0.5064514925751485,0.5077494981273862,0.6872379594563112
XO--OXOXO,0.49078522807831704,0.4987826663857707,0.08462450689042655,0.36510771133800934,0.5018952726794963,0.5087211371958202,0.5014959123840966,0.49262568638133414,0.4934627031292989
--XXOXO-O,0.39883247499303887,1.2270051346126505,0.4921161117418349,0.49197891775534325,0.4939114537381509,0.5011051318263225,0.4965064825990938,1.3735946738525788,0.4948033829630777
OX-X-OOOX,0.497130231823642,0.5014678490634348,0.24611447428446542,0.4943409395159117,0.6113856278239492,0.4980126863564392,0.5040506966967933,0.4938611951518506,0.508234576598594
XOOXO----,0.4992097143110052,0.5007255620534348,0.5038677322529966,0.4927226861834567,0.4924146271852307,0.6443147716091852,0.6884956064284766,0.49863574652645387,1.8274024245274507
XOX-OOOXX,0.4932720333810177,0.508768999412142,0.4939223381034613,0.8602440679582267,0.5038244377854929,0.5033879750779738,0.5083552406500355,0.49864530014314784,0.495130801085321
-O--XOOXX,0.6872336095230376,0.5031642070154458,0.6746915383767487,0.174136215706864,0.49811955093296756,0.499134339187906,0.49268154265152164,0.4932212327722244,0.49677214343432474
OXO---O-X,0.42685868474216293,0.5247005123071812,0.4172649634342613,0.9301647929997878,0.2166957506544931,0.7949541380987875,0.594379540769191,0.10873216909153394,0.4161956169472364
--O--O-XX,0.6872414279871187,0.36006253306173064,0.5053819726906074,0.282712384606419,0.6872379593677553,0.5040272559574699,0.6872377762092485,0.5096641443981573,0.5052245158609675
OOXOXO--X,0.35292724716461754,0.33529236335783985,0.15117023126211737,0.9083400726589733,0.08797743764165877,0.7616641767389188,0.6872379240140314,0.4366960050199299,0.1932047070990499
XXO-OX-O-,0.4895450630813587,0.4469619446771158,0.492488010629919,-0.22884801984724235,0.41603947338302555,0.46101612692545146,0.5752759086579314,0.5384158040494138,0.11519800617140852
-----X-OO,0.22526957377086126,0.019178741410711353,0.5596762845834142,1.1567147825062396,0.07394053260209077,0.5040698307010364,0.13064556431785668,0.5014865587677019,0.4997866912932468
-XO-XO-O-,0.1033647043874295,0.49828177214269126,0.5030111171900119,0.18910808883419533,0.5010406265307387,0.5050548887522737,0.15134818090912172,0.5095760108679862,1.888145127798066
-XXOXOOO-,0.6855664826724073,0.5813419628643692,0.544612606250139,0.10331819464976999,0.8978702431522597,0.6929863852794037,0.6011507471228105,0.38510619203198526,1.3989407754966319
O-X--OOX-,0.504934687810574,0.16829698627114753,0.5009898311892664,0.4612602075666231,1.165950047364276,0.49973733391540265,0.49186968721529944,0.49832530284713245,0.8622831333066642
OX-X-O-O-,0.9336042648266782,0.3792109010578262,0.1624038261413573,0.03806577008329204,0.5820185699618697,0.323162521741445,0.4075760837720136,0.08998705440450683,0.5124973964842103
-XOO--O-X,0.49082170820299753,0.4989474237962497,0.5087655824595969,0.4913542919415924,0.69688310635048,0.5212605054369496,0.49024291266734427,0.4094679732277501,0.4916810989446096
--XO-OOXX,0.0702395603157362,0.09893399919772816,0.531794311989621,0.10563186374225686,-0.3452336654350746,0.2745543311097287,0.4602065000233614,0.34557891806870566,0.4511154319535112
---X-OO--,0.7809436668061138,0.34405145299133255,0.03708760133464106,0.4912439620334274,0.2498947414659204,0.5094788994018276,0.5086155175143815,0.12572165568885474,0.7821795398807747
OX---O---,0.49359949575064777,0.5086621121891727,0.03679872551174801,0.24263587891897387,0.2547486864777957,0.5041919522574719,0.021452271366361186,0.68872193688184,0.6933818318752966
-O--OXX--,0.692110403085198,0.44857797404184824,0.5027477117815173,-0.28993588060083963,0.5587060969184673,0.5527289917209829,0.40712886770874024,0.6870190394861763,0.4063135898006298
XX--O-XOO,0.5066643130576941,0.5053802164302933,0.687148600263045,0.6872379594563112,0.5058510276577873,0.6868128658222552,0.5042193839380635,0.4961703183351615,0.49625698398948703
--XO-O-XO,0.6734041026890136,0.15218010918779445,0.49568961232637865,0.49744977302958443,0.677745578124427,0.49101270949524445,0.6872533345980624,0.49434923407830655,0.49655550626018163
-X-O-O---,0.2560030322934539,0.5091777133226668,0.47137745829992683,0.49497194648739196,0.5529217567074145,0.49322119985026613,0.4271552943556204,0.24552314522085972,0.522235933691088
XXOOO-X-O,0.47160004549519574,0.5300121010804734,0.4802726734491566,0.5977363104770729,0.4264770055579341,0.27872132714878606,0.43604423483784027,0.029733393738868352,0.5410554764072343
---O-X-OX,0.5433543248433406,0.18014944308229142,0.5067566134587805,0.5078200914681552,0.7747746208796621,0.5076061416555497,0.46634267457590894,0.49147007515519736,0.5088202353274334
OX-OXX-OO,0.4979527547965838,0.4955083740951682,0.41085184423485877,0.4958497557118811,0.5059748371934675,0.5051816834061182,1.2669309069300128,0.508217357242867,0.490168437840358
XOXO-XO--,0.4135002900970554,0.5672307692952021,0.5763916539996385,0.5610242918649159,0.03514033123006466,0.44517787844263285,0.40498537882941454,0.18169985261059757,0.6870452809320772
-OXOX-OOX,0.68716070780659,0.6171617592200298,0.7939294686464728,0.5679228398061399,0.7623474590261344,0.6872377261349286,0.6139616583586798,0.02479310291348269,0.7865490762381705
O--XX-O--,0.4926778507070344,0.49229088818843003,1.048758745761556,0.49956882638704103,0.499433918246008,0.49498098873278457,0.508554518398271,0.6783527099579114,0.3967902972240799
XO-OO-X--,0.15054883536060115,0.13478095746979024,0.5252384380058523,0.1181776070961843,0.010618442187307675,0.5353477892647035,0.72071586596437,0.6619942557466184,0.13200431033107718
OOX-X-OOX,0.41892709737560796,0.4930886810824511,0.5462953982774058,0.4977454785141079,0.48760035123089085,0.6872379578188762,0.41031548494329684,0.5750873126537231,0.4414091299610737
XO-XOOO-X,0.5038335237480346,0.5064188224319417,0.0256425864824662,0.4994428748461655,0.4950963483497361,0.49594502223331904,0.5052068164925452,-0.12159063827010363,0.5030480309603822
O-OO-X--X,0.509443435287074,0.4142385437283913,0.4952369439560246,0.5034429035945528,0.9877240631195854,0.49758990284907795,0.04270370675511681,0.8170242234430181,0.5072753744092083
--O-OO-XX,0.5091623316487418,0.5004076920631507,0.49176615118639233,0.6435434212129075,0.5054886259360387,0.49284876067994554,0.6872381268968616,0.4902593012375646,0.4927890385993983
XOXO-XO-O,0.5083593067944703,0.4961195597201001,0.5086094706668497,0.5099013286483146,-0.08270454615228473,0.5099108515275895,0.503898473984267,1.9271362363799196,0.5085001696114152
O-X--OXO-,0.4967974729224676,0.6825967178439111,0.49086158923668116,0.15009260033354788,0.4948637234649724,0.4931995718730202,0.507462130277916,0.49453130990468874,0.5026517320411001
-X----OO-,1.0449664001858814,0.4951984619405379,0.13576012776884167,0.09806358541416371,0.03845649856371486,0.08148821645475834,0.49099443980003354,0.4925735167325299,0.7717191620280549
XO--OXOX-,0.5065150746567821,0.5097423496504097,0.425658280528528,0.12718626024735624,0.501812730782251,0.4992176434461605,0.5090674863509799,0.49901742701355906,-0.3093632289281787
-OO-X--OX,0.6872387148244854,0.5048678712739049,0.5030293642651165,-0.6820100656601358,0.5021581588526317,-0.2946757482034674,0.12184315929125045,0.4941711093673713,0.5058385127955588
-O--OXX-O,0.08095600172312167,0.07427354190597002,0.08651960314100293,0.014505227718900948,0.35049460485807993,0.32043821924677895,0.369853091885572,0.4437927736673711,0.9235529158791744
--XO-O-X-,0.08924755712443821,0.06573231461391804,0.8219680388613569,0.20974298025216864,0.6872379594020699,0.43417907350795737,0.03768140384916474,0.12049640302875264,0.0793519756647082
OOXX-X--O,0.4951164497026989,0.5079263911659544,0.49384643285923835,0.5017493655729374,0.6871494254142378,0.4996945326328014,0.606526993552233,0.24561128739087046,0.5066150373982049
O-O-X-XXO,0.49996238748195304,0.6872379594563187,0.4909513754066347,0.5074764887302052,0.500703827571225,0.3716357096876514,0.5033902026862291,0.5035797296422899,0.498981140850963
OO-OXOXX-,0.5092833757513773,0.5032581699329152,0.6872379594563112,0.49976205626873993,0.4960190868065889,0.5036884628611992,0.49167525216877905,0.4951685771365737,0.6871467151937748
XXOOO-X--,0.4997908096987043,0.5056023985838465,0.5091305630420572,0.5037833811180236,0.49864499006263285,0.5591455299707763,0.5074647795537975,0.34643024976643944,0.034185082510471365
-O--XOOX-,0.6461485006773667,0.5018425305239362,0.41258733995889496,0.2837741483945252,0.501077450438426,0.49489715352774194,0.49030792164356857,0.5044241345119165,0.017035580104502457
-XO-OXX-O,0.34693381942057044,0.44765569770866065,0.9620745579620992,0.6513501383002744,0.8907621482677629,0.37426725304422404,0.5669924878878194,2.084125606946741,0.9899840467956842
O--XX-O-O,0.5064432406592969,0.037694966506783945,-0.32900528031526965,0.5030471294813604,0.4965633965760276,0.6872379593705521,0.5044956166438609,0.6953662140591492,0.505839901090215
--O--OXOX,0.687930092935167,0.11833148197719467,0.5009028964123466,0.18626880308662908,0.6434388815303613,0.49898757597167914,0.5031354561898841,0.49999582200356507,0.5076153228282385
OX-O--XO-,0.5073322323044431,0.5063669403043795,0.3697788754322323,0.5007010526455745,0.9304433007507125,0.19038716171681352,0.49899759500552354,0.49285813925790023,0.2572024496497799
O--X-O--X,0.4914119908710342,0.6794503448148626,0.6798282023698964,0.49309942742985563,0.7009493181490503,0.4989915355663924,0.0030172625966790045,0.6872072249789908,0.494136125558238
-O-XOXOXO,-0.08104711612907844,0.5958680923189759,0.9306758883741761,0.44862524086760125,0.5432971142706603,0.5736128315491145,0.5648096466001886,0.474441769174182,0.43940933084600187
--XXXOOO-,0.6578975612971888,1.0060091175396262,0.5094862273996388,0.5089093724667743,0.5001699159125726,0.50480515877116,0.49486201087741766,0.5096225944039925,0.35681453403350916
--OOX-XXO,0.36894966135422946,0.678554858059864,0.5043512432538406,0.4905577339627413,0.5037110226974397,0.684875851073467,0.501810722914215,0.49358154111044494,0.5099203234175371
--O-X-XOO,0.08657174139194668,0.4964996738900398,0.4913290997250687,0.8915537739591938,0.4994630621278297,0.5951320680516567,0.49096345269288616,0.5064764865681816,0.5084777624276218
XXOXOO---,0.5081654884040218,0.5071221347527523,0.5016736136283318,0.493935487517063,0.4962533005607299,0.49331890847750065,0.6872386697859963,0.35548140614982193,0.4796403229449983
-O-XOX-XO,0.709688136500288,0.48043325729202485,0.48940165058493384,1.3631017340392702,1.2530334144948836,0.013654669247783913,0.6063154966498605,1.056609130662246,1.8579253582640676
OX---OO-X,0.49158911173363373,0.49862712569373624,0.009955515128610704,0.44770446494589117,0.27969932626742916,0.5060272889327874,0.5090991470147527,-0.039550844752507364,0.4906542914152752
XO-XOO---,0.5003411341245572,0.501546941748854,0.5019642439728644,0.5066815768043822,0.5068731038606075,0.499192579043653,0.6872385360644379,0.17104176055197146,0.1126645424300704
OX-O---X-,0.5066780023769643,0.4916167155110391,0.6853017861972034,0.4956150453119269,0.6872379594563187,0.6093472849343513,0.6472926796039509,0.4972235776409494,0.4810363437899923
-XXOXO-O-,0.6872340212214662,0.4995945069746868,0.5007518412319266,0.49723310353062655,0.5029636949361694,0.49853185497649405,0.6872379595469399,0.5067632020646875,0.6868294829909256
O-X--O-X-,0.491674111774454,0.6476810864536101,0.49962461893762206,0.6832610648575281,0.7658203404038998,0.496953590600912,0.2542625491590129,0.49125569425022125,0.4926110683960797
X--O---OX,0.49513313741404724,0.6872378627562095,0.6811821311859045,0.49254829011182505,0.686799689413694,0.26579274439905265,0.7617707559160353,0.49926991164107065,0.5064757070911898
O-X-X-OXO,0.4978501209292636,0.6872186025297524,0.5035995096317659,0.68723812630605,0.5035214736688164,0.15148052914466992,0.5027141401733168,0.5025817978063329,0.49950770345180523
O--O--X--,0.4938993628490519,0.29287058370465513,0.6716344401051634,0.507879495581639,0.6875113780314088,0.31424213454980976,0.4944412916106394,0.7538925792991803,1.4061867886029704
O--X-O---,0.5004782621039441,0.13902031789087532,0.5079613708907857,0.5031488822449627,0.049338433706556106,0.49039966681040087,0.21588484364863247,0.11567847494629535,0.420105540724496
-----XOO-,0.07568029672824961,0.0479724587554301,0.6840504044802149,0.11516427297963394,0.12260736319163018,0.498628522360978,0.5017928103358524,0.5023981823291785,0.2760107285262554
--O-X-XO-,0.29260004247245275,0.6481874694900106,0.42907813905318093,0.7471254051655549,0.4568751599458789,0.19668377860029268,0.38312003695323327,0.9565229804874044,0.795588240479331
X--O---O-,0.5014323831309005,0.6513682054950244,0.13786853268100008,0.5081139776551349,0.6580632820551245,0.12175511503988723,0.14203994415869103,0.5036853242827394,0.5061253976576122
OX-O---XO,0.12251599099045318,0.7694095316877113,0.018061399360451813,0.2339187111703387,0.6766497618028992,0.638978738552769,0.6653864037631706,0.6568763920974879,0.5577123162557276
-XXOXO-OO,0.6440944543085307,0.4970189306869936,0.5028915624638398,0.5046640047298305,0.502694280844735,0.5068303241442365,0.6872381251804497,0.5035908329834563,0.49467221166314396
OX-OXX-O-,0.4995709933985691,0.5089332412354285,0.7624483581310383,0.49342166070931603,0.5051296823888767,0.4905813087654367,0.7732855751234164,0.5068207700484312,0.21934691005922208
O-X--O-XO,0.5761309538755914,0.3692018953459598,0.572310412355073,0.3487741895077964,0.2513850615373091,0.4219745318866224,0.6871282095353946,0.5621749940439492,0.5249168885005282
--XO-OXO-,0.4989426569103857,0.09818699147691479,0.4936300321263572,0.5000947998928539,0.6872964604012488,0.506614666540375,0.49607340954373935,0.5014674399192314,0.3831040704521604
--OXXOOX-,0.4612645643172819,0.48392149663470174,0.5556737791566564,0.559184338250218,0.4279084851287043,0.44568339862877976,0.5585211890597169,0.5334803913488272,0.68716070780659
XO-OO-X-X,0.5023132127381332,0.49640778804078783,0.24739219137844043,0.49827276023428313,0.4988167253285537,0.6734695214743791,0.4968537466681886,0.6889366234570995,0.5052088019076999
--OXOXX-O,0.5937591741306909,-0.6306786898260335,0.24467925615474795,0.6019995809190787,0.8599688012545718,0.7005644567556526,0.25342684443666297,0.49130604970637526,0.6031029745058796
-X-O-OO-X,0.06889891432650519,0.4973086569421094,1.1875123212969203,0.5042245405750627,0.024677375038797744,0.49722514737359413,0.5043364743987906,0.48958265946077634,0.49936578442789037
XO---XXOO,0.45008278325981693,0.5559641845236182,0.5361267475295082,0.6872369201272888,0.6868785765925925,0.5198677321506515,0.47089839224813196,0.4193476790588218,0.48659817230713653
X-O-OO-X-,0.5034570514220383,0.11953086514993061,0.5072540152553126,0.016000823711693757,0.49160962060110147,0.4981342039876645,0.6958521210515975,0.4941802358710149,0.005555704230634451
-XOOO-XOX,0.5414852781647316,0.5044673498821107,0.49509341910700316,0.4991077252479951,0.5009478879772975,0.7240629961753791,0.5004182761763128,0.5085533775077027,0.506985312456169
O--OX--OX,0.5497370735588802,0.4236013904635322,1.075155842127511,0.4946303708607475,0.4454780328915858,0.38156432337445595,1.1161004276351947,0.4483329062338024,0.5261588331845579
OO--X-XOX,0.5067793229357677,0.4935554059963712,0.6872379594563112,0.3532050579768839,0.49466058413841263,0.3589140310561688,0.500151748096588,0.5091485438608087,0.49673223665212385
O--XXOX-O,0.4988350709451555,0.42395164964165194,0.6872379594563107,0.4988325298971295,0.5004916216592934,0.49998069261640415,0.4917838978531744,0.8707485124952292,0.495444439446959
--O-XOO-X,0.687221354596175,0.6748219697448775,0.471297006963995,0.6513506611890303,0.41181216994770087,0.550327992964151,0.5416854185476122,0.6980064829921114,0.5905826515741722
XX-OO---O,0.5062105828411119,0.5010207091959566,0.6872379594370421,0.5044526431836696,0.4980627009629139,0.6872191160521657,0.3011297383080288,0.011674622614818497,0.4924696586233174
XO-O-OXOX,0.5091130429175362,0.5044736212232634,0.6483223966830561,0.4933954292091759,0.6873156036681,0.5080549957016615,0.5096929892391362,0.49551067808796,0.5036658128038275
---XOOX-O,0.687237959475791,0.31358300965262487,0.49920387014258555,0.506656494521942,0.4933432254003615,0.49206049295785415,0.5082213262638561,0.5730224181062568,0.5035542166667463
X--O--OOX,0.5056226889992232,0.6513501383002744,0.6872379594562853,0.4037150806917074,0.42040151985653323,0.6876515244665787,0.5383155637588842,0.5416537867365108,0.5710238355665348
-O-X-O-X-,0.3384396603987727,0.500910511084437,0.5897180910401058,0.5014883653443625,0.12121025957186415,0.5006567204849429,0.6852057286992981,0.5006475458350147,0.7806587891220975
O-----O-X,0.4991420754546246,0.038859049400759293,0.7068103976090521,0.3814215314911404,0.5130862155794161,0.01573427783904957,0.5086507491035165,0.3507898093484218,0.49817800252330335
XX---OOOX,0.5991735065962965,0.5954549194521321,0.6421273184296238,0.6866216888129782,0.687221354596175,0.4517394484928927,0.4901129703347047,0.4993633035743142,0.562321138146592
-X-XO-O--,0.38730058568290304,0.4907990927076922,0.3450241006104885,0.49006999860161976,0.5011540796177937,0.7043883351662448,0.49060756796757327,0.42710337007805227,0.7174789496539324
-OOX-XXOO,0.6872422352678528,0.5072030538228189,0.49722545865952433,0.49081801608750114,0.6872370979633323,0.4923458384964937,0.49592696355004556,0.49914082564809914,0.4925162528146882
-XXO-O-XO,0.6872578523973438,0.5576564471138288,0.4653544360018706,0.549790221547282,0.6871399185405449,0.5969332564748481,0.3456310043167298,0.5035288279873579,0.5854669253957836
XOX----OO,0.49219276170315795,0.49237871527898075,0.49794081968009735,0.017177288019973203,0.056091428867926285,0.43733198576102295,0.42838561480682397,0.49575529960540216,0.504809248253961
XOOX---O-,0.5061617286728709,0.5005688152334579,0.49807390944354185,0.4982157590957431,0.687238084327917,0.5023365161283474,0.678666915884083,0.5018911339970954,0.678078054451349
--O---OX-,0.07321637947085935,0.685293326337989,0.4918677229434235,0.051234604032979636,0.1598689934968236,0.1483679540229642,0.5025347084884657,0.5067517030771502,0.16073701289596154
X-XOO--XO,0.8522407717009867,0.036462385751749204,0.9917758469894681,0.9697342832759349,0.5225726590953449,0.6856308749709766,0.44294438575813827,0.862491006489557,0.8629395619752849
XO--X-OXO,0.5744604164341383,0.44931477369044404,0.09743587407601095,0.06018057431689727,0.5571893491288313,1.163713409524822,0.4613710435263236,0.5318251244347055,0.5451900258098863
---O--X-O,0.031237491873073897,0.5285077851259063,0.010126005203776378,0.5091154372829908,0.7293252676701764,0.32903901072133546,0.4964524473630089,-0.28821658701509856,0.5043360280135399
OXO--XOXO,0.5072141299975852,0.5076788984494076,0.4956099908940558,-0.10931905195414937,0.6950713623111818,0.5063862451818989,0.5051040058176689,0.5060577604491902,0.490470107524736
OXOOX-XOX,0.5050942828732097,0.4916439176407112,0.49898794099463306,0.4912510762174469,0.5088729956432023,0.7483841006571766,0.49245934737765146,0.509866216716304,0.4936470314243526
XX-OO----,0.4951109340161974,0.4980089747720728,0.6872379594563112,0.5077716035700736,0.5010847484965196,0.6881932190501282,0.47403839161233263,0.3617483717386585,0.38576116911423863
-O-X-O-XO,1.0813072709857798,0.4963461280973446,0.0595076045663937,0.5088158722982141,1.2853847470875834,0.4921342937434694,1.2149609339454424,0.4995298318166917,0.49306041632872444
---XOOX--,0.6872379509162652,0.6863160133246997,1.1756673826992374,0.5077485373940827,0.5021273523722047,0.4942582720041104,0.5009653584529911,0.6927521235320998,0.1908554669989575
-XX--O--O,0.6872548140266395,0.5081911712602972,0.5080386800178832,0.6853030347157112,0.687149194616153,0.49432975506145105,0.4956209092431618,0.6785696811168048,0.4972363421919844
X--OX-OO-,0.4965244966053565,0.7212704851287615,0.6619900264736126,0.4943140752328706,0.4976434647657226,0.146751763098102,0.5092530926400233,0.5048353763959685,0.687237959456311
--XXO-OXO,0.45013066437902194,1.3547966551455841,0.5066827488852704,0.49493096169129636,0.5086943542765527,0.05970327562253652,0.49489760751506284,0.49524423248712524,0.5072229294981917
OOX---OX-,0.5005613035344598,0.5081621744651929,0.4988079325223411,0.3263877153303226,0.1063402371424127,0.16256860229005154,0.5003559441819776,0.505536570866181,0.03096474610428729
OXOO-OX-X,0.5541773859279526,0.5806829057861294,0.5491342378645891,0.450869466037449,0.42694416449325584,0.577686523093356,0.58528762154738,0.6868785765925925,0.5539950064482861
OOX-X--OX,0.49297385544550876,0.5012461448930251,0.4957800964793319,0.6462098890955427,0.4917337575680128,0.6872377697033822,0.6872379594563127,0.49749828270949537,0.5095159336090609
-OXXOOXXO,0.6872379594563112,0.49034808719114875,0.4930459492883079,0.5084967361236251,0.4972531380163092,0.5088612616964414,0.5094420907464762,0.5008443127420455,0.4915968476862494
-X-XO-O-O,0.38747820125029087,0.49413976218875105,0.1876878591174026,0.5026673180082516,0.5007524773611752,0.2887752147095114,0.4937209334499702,0.7371684359334136,0.505961992784976
XXO-----O,0.4945927645450783,0.50901570392817,0.4953842711862157,0.03250352425269776,0.40739110096709436,0.1472527233178229,0.7548535163527523,0.4256196440933575,0.49786227085217916
OOX---OXX,0.5005247519864765,0.5071362511509829,0.4931993962733574,-0.6167589879905868,0.1872623598717601,0.6872371104470115,0.5072425100290507,0.5093012350189074,0.5023547059557812
---O--X--,0.37964788587877196,0.6868229791606169,0.043352038313306585,0.49511321728665797,0.044549306730838734,0.6913980983022961,0.49295831008862145,0.6871949665291668,0.6882063272650812
O--------,0.49599493632951247,0.7638003985616101,0.05620795537170581,0.07763763408136992,0.02052297006879994,0.2464674669598229,0.5032354454834321,0.7612871405526972,0.029102253612932172
X---O-X-O,0.4981876777886172,0.68758207071378,0.011966359638362789,0.6872379594563112,0.5031141051606214,0.2197130468408353,0.49881012413369563,0.17037910361922964,0.5088791388327039
OXO--XOX-,0.5495011630645618,0.588777289477015,0.5083814416723286,0.6446767369322783,0.68716070780659,0.5261722545656421,0.4321073357938643,0.5369612781061697,0.6294263920549148
OX---O-OX,0.9951368609170119,0.4380793239058842,0.5312599387091993,1.1995244697118723,0.4299683090828167,0.13303141598323676,0.2038905359250468,0.48768948593680583,0.44511647363155793
-XOX-O---,0.14034518234309168,0.49666673830535546,0.49920788688569157,0.5071654970176857,0.27396859648911337,0.5009720865753541,0.1975958488067222,0.646048897736812,0.7019951613108937
-XXO-OXO-,0.687237959460498,0.4907260656847451,0.49913222581869876,0.5097791660087638,0.6783041754734266,0.5033014805154166,0.5014909968489789,0.5010122629318481,0.80972346109994
--O---OXX,0.6313875828609181,0.646035723937655,0.4859688022805282,0.04255012981163897,0.6872355945343198,1.0391372046139375,0.5634020544331602,0.5190883746867322,0.4076126038952711
X-OXOX-OO,0.43737700334813867,0.24099989037232167,0.6353083825710728,0.44946716580665713,0.9469553077319106,0.9287148387610882,0.6872371923082045,0.3525172284621312,0.43277786484966396
OOX-X--O-,0.5041813515864401,0.5007749437880695,0.4965936561798256,0.6854022632287192,0.5041426836163969,0.6786422968406953,0.687233858965674,0.5059590424656819,0.2659515286359465
O-X-O-X--,0.5957725291295781,0.2875874745200755,0.4464168658925674,0.4358490745282556,0.5619186568230919,0.008498531195788306,0.4557974028084981,0.6715457592416525,0.6872379594563112
--XOX-O-O,1.2058684273398297,0.17011714136939726,0.5805235346162351,0.5669266330751606,0.4623428506601748,0.021635721386844442,0.40158202008682525,0.7401380683384297,0.5218446488907311
OOXO-O-XX,0.49925753910672876,0.49000344589807854,0.49530749962962756,0.49722232808585504,1.583520113560929,0.509461049311258,0.6872578523973438,0.5089887721862713,0.5026086772653275
X--O-OO-X,0.49073109771029005,0.5289258007997002,0.08174991990871328,0.5087875744312995,0.6872379611131827,0.49157652030212307,0.4996296039194324,0.19008968931330084,0.5093523483264016
XX---OOO-,0.49481409849971175,0.5078966707428691,0.6868348001874437,0.17778858820391752,0.4955815670025661,0.49757031684536446,0.49067612216000905,0.49502669073337097,1.249182005320745
OX-X-XOO-,0.5083593692722941,0.5033041531141208,0.5077106812266299,0.49557227641246376,0.687570779640889,0.5075115626309146,0.4932255646069899,0.5036999453980496,0.6852397044994568
-O-X-OOXX,0.7582249720161301,0.4888338658611113,0.3000546879862821,0.3047315871463583,0.6901231246583832,0.14154581615916384,0.8597318851795818,0.1660844848797366,0.3270572997368556
OO--X-XO-,0.5032198848787423,0.5098023583320421,0.6872377666048635,0.2894507340273603,0.5080275144527767,0.4082593997400967,0.5015593393759575,0.5081081193218263,0.4605522205907145
XOOO-XXXO,0.5050861897111194,0.5054904145524349,0.5056315860066768,0.5006374910500971,0.5664208358272138,0.5057486216243653,0.5034510200778795,0.493514227791519,0.49231278745346474
X-X-O---O,0.5002009618419434,0.6872379594570514,0.5008389028555087,0.6778874805698349,0.5051017432541476,0.7924397850193169,0.6783760590975899,0.3159855186433592,0.5026587432865405
XOOX--OOX,0.5096722966984418,0.5046916687893857,0.49143743063293616,0.502247332699577,0.6872377729538438,0.5017886081238674,0.49269952923062915,0.5064723214275662,0.49755495292687274
-OOXX-X-O,0.6872379503521905,0.4984392211211719,0.5055183810503172,0.5036246848927778,0.5034655101851583,0.500295434440484,0.504957176992341,0.4798668631684839,0.4953709097530238
-XXO-OXOO,0.6786846861437585,0.4928453026622046,0.4921782878932517,0.49791359269102314,0.6887868277746619,0.5025100183372111,0.4990560486764837,0.5047271530091266,0.494521666148066
OXOOX-XO-,0.5088858954424685,0.5513719142671882,0.5970799536445209,0.4238254076033355,0.5766152312373799,0.4013274110429951,0.4748918844732304,0.5087627144485848,0.33424885521130643
XO-O-O-XX,0.5041020034973387,0.5069654786652894,0.21784756650569115,0.5057018277995777,0.6853378173385505,0.5091568579407452,0.6892421596514203,0.4989941634809559,0.49370341500739695
O-------X,0.5040256582740048,0.7381697269471261,0.2586007832707068,0.06002681711573393,0.013788214605027327,0.4929551476616819,0.010428183125855972,0.03614519802070004,0.49496840473826254
-OOX-XXO-,0.6892421596514203,0.5032794056887178,0.4972194572819459,0.499385198641545,0.4912151417560089,0.5048880375924495,0.4973657007415463,0.49441853905964533,-0.008681493179166888
--XOX-O--,0.6867588582623076,0.15324118204564208,0.490960667733569,0.4928969062716466,0.49380123007852034,0.0821162254523754,0.507959389999824,0.2384845500696705,0.33929772982719786
OX-XX-O-O,0.5054975829926343,0.41757207329881985,1.2663307613362096,0.5084558734006479,0.4450186249252002,0.48814956025937256,0.4152645005051159,0.6872379594563112,0.4435198455717872
--X--XO-O,0.21973174257327965,0.6466225498609012,0.5002143505344008,0.615802559780626,0.5951422804036965,0.4990745103910112,0.5055829599586649,0.5284553525708321,0.4964913461894227
---OXXOXO,0.6867986022088091,0.6872379594563112,0.15298148943147505,0.4923428867674799,0.4973515430538341,0.49022671921406835,0.5044876608364556,0.4905025884715642,0.4962916236154101
-XOOO--X-,0.21875432192853927,0.5005249228090247,0.5084265604952897,0.49424654791065736,0.4962544026669139,0.10165380208193098,0.18834926678041086,0.5014687799040592,0.5344441857145696
X-O-OOXOX,0.5000826794767708,1.0318150993094033,0.53944724690106,0.6872343903642549,0.47918895454409494,0.4070303815855352,0.40211993219249953,0.4078175303197258,0.5550046386928648
----O----,0.5623325873287236,0.22895483164282132,0.020001764140979317,0.06415142890496572,0.5029770581366776,0.02504305371533122,0.008547234938047321,0.44454431997115557,0.08882896314409766
OX---OOXX,0.426510255220604,0.4541351371542257,1.137636188851464,0.6739307760253438,0.6855664826724073,0.4285806298253465,0.4754499440103124,0.41445109045726497,0.5586202969529313
--O----X-,0.04804739779599276,0.1841610953825798,0.49669878005556023,0.07717600235525751,0.6159420235859585,0.6892572136824974,0.08455446377384596,0.4964625620516361,0.09330886645443054
O-OXO-X-X,0.5666407149110194,1.0309318712250484,0.4442953964400968,0.5910208848851544,0.5768978090037449,-0.303271134198706,0.5267750675743834,0.6867480584368814,0.44694327405837914
OO--X--X-,0.5082456068945863,0.499197550167516,0.2618464891736923,0.5747524820207662,0.5071005167443711,0.22809856014341268,0.8632786935586874,0.5015344327356233,1.15210982057473
XOOOX-X--,0.5019755525102869,0.4943749639345602,0.49212302327147844,0.5052323119492519,0.4981127595246644,0.2373705610867496,0.49371390837984563,0.5462798167886044,0.6872186130689365
-X-OXOXOO,0.41044945517749626,0.5331419850344803,0.6872377945639802,0.490854004810633,0.5570900683284352,0.5729332450194738,0.5320838820524914,0.48831982124104134,0.5675429359769439
OOX-X-OXO,0.5015817581993054,0.5075411176904957,0.5022000338747524,0.4618214413417842,0.5073544894572435,0.499478523873699,0.4904114327293175,0.4959858984434434,0.49521743628506937
XX-OO-O--,0.311509328653755,0.8844644254411174,0.6856264129077807,0.2558430205965829,0.552237468093865,0.08791499261079339,0.7210678323317823,0.15030144161145076,0.18276297133609698
-X-O-XO--,0.35480161900349677,0.5087622405941887,0.6895451823163274,0.4934470787152243,0.487714522854928,0.5012392359855222,0.4919147238165823,0.029841885301735926,0.07347942800585372
XO-O-O-X-,0.5082301112090384,0.5051178345581806,-0.0640881177257695,0.5005387676538856,0.3089421999228943,0.5012594456960348,0.15407605804240065,0.5034574305740578,-0.24247766972626017
XOOXXOO--,0.539306071888061,0.4280370261452209,0.43567224636546376,0.5725174456604366,0.4114489035545309,0.40826975196985726,0.5466004681128176,0.5052789294099036,0.6872379594563096
O-XOO-XX-,0.4933582815564008,0.4524633411212666,0.5056701220557572,0.4555148056704045,0.45214762775386974,0.4826965280383261,0.44363529914920574,0.40240018100979247,0.6855664826724073
O-XX-O--O,0.25924469726727095,1.0608672065625355,0.7829054421332309,0.6151982124512422,0.2213884072064184,0.4203413915207437,0.777198418659139,0.1189582073507729,0.5133378708012657
-XX--OO-O,0.5083325741225956,0.49838012977249657,0.5032522268165801,0.07280315813961735,0.6884974215713892,0.4939740042559316,0.5077634895412482,0.49037456498782134,0.5022978468012166
-OOOXX-OX,0.6872379595331285,0.501113318069989,0.49514479607267253,0.506007367006123,0.4996217196946101,0.5068568199244494,0.7782058599647605,0.49259152589283434,0.49681646649660666
X--O-O---,0.49223794965254153,0.017942741276266827,0.06714156031162077,0.4968610590225793,0.6872380144524366,0.5029846464888772,0.15803602006733675,0.5130890721406633,0.28595131911385263
OOX----X-,0.4953812252571895,0.5078962734930083,0.4926125184611197,0.6867267256224063,0.5078088049580199,0.6898448575483472,0.6436341805279403,0.49514475178388867,0.6963213466040185
--XO-XOXO,1.017575565983822,0.6785139814057192,0.4321810532209388,0.48392668114490933,0.3062207777953855,0.5472628675590833,0.46278171437179066,0.5136533316833981,0.5808530382316456
XOX---OO-,0.49086555891849215,0.5024528265330644,0.5048144533417175,1.5898333183657922,0.8743575945634035,0.028082462572894484,0.4978614088013562,0.49766174894550075,0.6238284105163318
-X-O-XO-O,0.49628656151899053,0.6650892720239271,0.5101629653655405,0.8120651525008689,0.8718657057433266,0.7140617534453276,0.7182225416136724,0.5229832711399447,0.9934014224085975
-X-OXOXO-,0.6872422352678528,0.5076169943314718,0.6464289737833215,0.5061461870538727,0.5014872184391613,0.4965111274782009,0.5036171984315527,0.49810999288392055,0.6871503192880315
-XO-O---X,0.9863554531768742,0.5035219775735388,0.496058011709784,0.24302770936072604,0.5018360138523984,0.5784273361232579,0.6870790514489488,0.40772845083746145,0.5058570371704622
--O----XO,0.9143832875354563,0.0904819822275289,0.4903301285658457,0.3672401554978652,0.2816893428242912,0.8161236363050747,0.009189865172589906,0.4968088034096862,0.502808809212369
XOOOX-X-O,0.5071585366583894,0.49605644092861556,0.5081949277233566,0.49775659021576973,0.5015271314924088,0.009523482956146911,0.5086233132263233,0.5098247387648903,0.49492535971782825
OO--X--XO,0.411048248606217,0.45849980991234834,0.6441938536652654,0.36853482064194687,0.44501576015218053,0.06925075887376864,0.49288309941769165,0.517434176891407,0.5130039920380125
--O-XO--X,0.6872379594522543,0.4924648788019251,0.5062909437843383,0.5869157955859189,0.5042165689617824,0.5015859101282734,0.6294225700956487,0.49050599203465123,0.4915237440212932
OOX-X-OX-,0.5001072183123059,0.507386435992705,0.5093137588495404,0.5022388526367273,0.5060262556290099,0.5008798374976093,0.5030973097961614,0.49631881253698973,0.8264776979490964
O-XX-O---,0.5012723334357935,0.3638692933212803,0.49628982999037163,0.5083721873382507,0.40546692942375734,0.5089615825953783,0.5110965055292578,0.07657078121221372,0.6877074744485444
X--OX--OO,0.5080701218232898,0.4227661304122421,1.224549214119965,0.5035003641127606,0.5063171471977266,0.152994147958198,1.2778957014460524,0.5021559074895854,0.5063657054782265
-XX--OO--,0.6868260208965477,0.5092575572554551,0.506668178387987,0.4129074113450339,0.6573997737861413,0.5099762759593438,0.5027627791414767,0.6874574550537215,0.052311818672787
-O-X-OOX-,0.4243355133217167,0.4657037495704162,0.2026191639125109,0.5467992210374057,0.9667664060796095,0.5082767960529845,0.5896538988880904,0.5521496100196851,0.4509125414628393
O-XXX--OO,0.49133843260095134,1.1900442162041411,0.5037956785433583,0.5001007184688542,0.5049070705320081,0.6872379594563112,0.6852361475171532,0.5081695673611889,0.5036898058466197
----O---X,0.028009017674048786,0.6830208103955673,0.686952024102851,0.59655326318263,0.4974720364228474,0.09709483379207928,0.5908363775982705,0.11532801444263396,0.5091181427242425
OOX----XO,0.4999728845100985,0.4990912087901797,0.4975770959445964,0.4939589342459769,0.4981387426669492,1.0260162765387961,0.13642104656087728,0.5026859926766244,0.49144747475772366
X-OXOX-O-,0.9614869553277097,0.644032056368923,0.6849539160301803,0.520353196898153,0.7230104314971161,0.34907568486524765,0.52497918747894,0.404463266527063,0.9007950403363408
---OO-OXX,0.2789708312076564,0.15931883848341433,0.7169605988576081,0.502791589102816,0.5053702264854953,1.013581070355953,0.49919938059301777,0.4986036091689475,0.49422488097641143
X--O-O--X,0.49241017650045027,0.6782868058130259,0.019236618063621924,0.5039823002022719,0.6780300008882781,0.49176401537221237,0.49157845086403446,0.7090029155720702,0.49395811377232074
O--X--XOO,0.48720624661533196,0.3400177291162806,0.3204008832964471,0.43578656955624545,0.7139709848966622,0.2958849310559858,0.5846475952004688,0.4888602575629813,0.49303186827997253
XOX---OOX,0.5085195996041854,0.49788994689310123,0.5015734832532212,0.49270385018349183,0.6872379609724697,0.6852423507711026,0.4944570824794832,0.5022420711891193,0.5066217726818402
----O-O-X,0.3997929283007018,0.12726355280176022,0.6872501005552036,0.05927470830682513,0.5030316872230896,0.10264628191745406,0.49834553985542196,0.19359344955523877,0.4924700633048386
OO--X-OXX,0.5044371132366288,0.5085884984262038,0.1234548998238395,0.16726203050592314,0.507090405276936,0.2513618439443325,0.4987047741048648,0.49332223467530545,0.5002926553680122
--O-O-XXO,0.20701192070346647,0.5191882481853248,0.506871796707807,0.13746663655170965,0.4966500547008684,0.002055783703844849,0.494547308662148,0.4965303694072318,0.5012240548658853
X-XOO-XOO,0.5098717138485517,0.6872377626716838,0.49713116539468294,0.5072748840351264,0.493763711674469,0.49801642837408505,0.5041646388880263,0.5093418528756316,0.5043052373676555
OX-OO-X--,0.5068052208262602,0.493201914572326,0.588716557265514,0.5006279801965644,0.5065748238302001,0.37347782748084724,0.508995588931954,0.10015049510413487,0.6163393268337946
OO-X-X--O,0.49739144017666026,0.49848501965502445,0.4998850628854225,0.4933201561410729,0.6871514147027658,0.5027913423731423,0.07426706370865982,0.2701452516164684,0.4923605935612453
--O---XO-,3.535309587703872E-4,0.09659307221571745,0.4939521955276803,0.06416833930946031,0.04133714319012999,0.7040237845852743,0.49857557438498595,0.4965389619987707,0.670834587181656
OXO--X-OX,0.5132747596068282,0.48548122920777476,0.517954878988409,-0.651314253987543,0.17304016578707448,0.4617080017899723,0.44831554836486576,0.45585687094575855,0.4311129848694641
XO---O--X,0.4928088474759742,0.5062400104903944,0.5094667625500351,0.6478096542163276,0.6853338433944902,0.5084379290474902,0.49787018067333205,0.5378421711764041,0.5085210157204186
-XOOO--XX,-0.26197916410315514,0.5097634632534933,0.5056654369392246,0.49952177642410445,0.5087094212795263,0.5055627567974079,0.7239367454377589,0.500763804021591,0.4942892316895373
OO---OX-X,0.5067768987205278,0.50715481535053,0.6872546482117018,0.02308640537979678,0.5066732904305421,0.4965669743798981,0.5086487481798164,0.6783160231408334,0.5069055094939324
XO-O-OOXX,0.22164405959050026,0.14375692573715937,0.4033227253793833,0.08407340204474267,0.6872343903642549,0.9086320303573564,0.3044165324646244,0.6925408354109407,0.20838951275801787
OX---OOX-,0.4978350893113178,0.4941477669911443,0.1387384672447458,0.033242812537505606,0.6872379652009667,0.5006200400021943,0.4969542508273879,0.5043263039599137,0.236868949595196
O-OO-XX--,0.4830146384626289,0.49368889997108606,0.4724298300748834,0.48895671468588775,0.49113480294347145,0.5297762343540146,0.4105605158030058,0.491815783010752,0.5032847493678503
---XX-OO-,0.07838776099196121,0.1312102129667856,0.019596011260050172,0.5058092369123008,0.4955978119545754,0.6872379594563112,0.49458068771145747,0.49744394631479083,0.6879456016053335
OOX-O-XX-,0.4916176247803145,0.4946020211320077,0.4954782249175729,0.13618044255188166,0.49714282668790805,0.6879873672454486,0.5079419356103918,0.4964919834108336,0.6872379614179722
OOXX-OXXO,0.5038378376401541,0.4904451836963764,0.4948043569839234,0.5036142283828867,0.6872379594563464,0.49528904058443063,0.49281747064769144,0.5081331981435309,0.49669585724435167
XOO--XX-O,0.5028534517627162,0.4973725574441415,0.5052197119595867,0.687316314545648,0.2786258486133274,0.5080148248853656,0.50263098056495,0.5035373497995189,0.5006858037669057
O--X--XO-,0.578400280643066,0.7192183473360227,1.284600550849392,0.47787883695536904,0.4528990029896588,0.6326156118961016,0.4884960013527426,0.4679162110130099,0.13893679220219357
O-OXO-X--,0.503921415932884,0.0989627561695407,0.49202193945308875,0.5033793481777945,0.5043831618984076,1.1945281084797297,0.4990956848176651,0.02905287923688138,0.2770198846265597
XXO-X-O-O,0.4968704343525251,0.493147858702382,0.5076457816900787,0.43146193125695204,0.4946063484460617,-0.3894939551666666,0.4909196690547212,0.6872952554652212,0.4952390015212522
X--OX--O-,0.503907582857697,0.671653005091057,0.6754713138174858,0.5033825852974853,0.5099736892346434,0.32993343727567226,0.5053787651880335,0.5059029003176915,0.6872379594563112
--O-O-XX-,0.16790129281526017,0.40134260928600873,0.5055272520777687,0.8628830393062946,0.5053496175099884,0.6986918981152375,0.5064815214852394,0.4989313414877738,0.6872379594563112
XO---O---,0.5056765998922237,0.5083782883237753,0.13774212949735443,0.7177479353733357,0.6872379002995401,0.5076796673000795,-0.1325137050997356,0.5249438144932272,0.3206257662999398
----XXO-O,0.6779977656684719,0.4948698738755853,0.4934677022529639,0.6871446682635354,0.4950801725713173,0.4948321277888641,0.49707177202105646,0.6872379594563112,0.49973687829412833
X-XOO-XO-,0.4989519344006891,0.687237766425506,0.4925458452658149,0.5047059646074774,0.5077662476338995,0.2659657389671788,0.5030098483574632,0.4928776784510191,0.05890101315820323
X-O-OO-XX,0.5011975540489615,0.2247678204850821,0.5073853214685843,0.6533210275356023,0.4906298195011892,0.5070984001709028,0.6872379594563093,0.49865320892716153,0.49504569982112906
-XOXX--OO,0.4810876343521111,0.5918774119603385,0.7252683631336081,0.9865911922960122,0.3801671665425934,0.37934636580681036,0.7377919785626402,0.6623803838400203,0.9892815228636892
--O-XO---,0.08808732760106036,0.4768113237330433,0.49147412548860225,0.07145461323447266,0.4934783789301562,0.49355548274351724,0.44592279411504027,0.035108826283288375,0.6423870350592327
OO-X-X---,0.49444170120196623,0.5075611142397798,0.9659168892697056,0.5009879500525699,0.6872379594713671,0.49994421274937173,0.18677261504214304,0.6999345855544028,0.24777888556874011
OOX---XO-,0.4952168279613996,0.5056302903308063,0.49798337199631265,0.4174266450175808,0.6872338300259452,0.4091897885983141,0.4928851078200265,0.4958530839860434,0.4277512963806323
XX-OO-O-X,0.343142523618433,0.18639200005964052,0.686917560267761,0.2135088978809253,0.21705240212887922,0.3716288232776145,0.7467294068239402,0.3596531723482951,0.8877042271449501
--XOX---O,0.6872379594554513,0.6440504823346739,0.5057256435769092,0.4987991588010579,0.5042388755966778,0.5017198546836976,0.6872379594563112,0.6474281747724234,0.5094485839125222
XOX----O-,0.49490155345194087,0.496681111807898,0.5056961348981568,0.05092786017028006,0.8160379176115845,0.30949358887703293,1.221474579541906,0.4965748372978687,0.6845693018904749
XO--X-XOO,0.46932818097591816,0.5707318822437358,0.686716435740717,0.6872379591043577,0.44085385298305674,0.6872379525128557,0.563741492022322,0.4380617691484793,0.5429417110884858
XO---OO-X,0.5080942318367396,0.4950170106928828,0.6477398540137203,0.49401370339683726,0.6892421596514203,0.5071166808907104,0.5012178037534637,0.6477034553810124,0.4919624899713044
X---X-O-O,0.49531072082246086,0.10024637343966764,0.060120480041855995,0.055709035292710096,0.5094957271710517,-0.19191066904493315,0.4951587264943903,0.6852620828064874,0.4967981449052305
OX---OXO-,0.5024902967507873,0.49320245550849795,0.6886320671404398,0.22747450529473745,0.12509315941070476,0.5025926778729342,0.49897538629363797,0.49955030599029027,0.3323099005748664
O-XX-OO--,0.5614646546941494,0.4361763691686755,0.5912271363703465,0.5231919476230423,-0.2840607890281893,0.5689286538649615,0.5237683707843538,0.021874172389514834,1.28223433823204
X--X-O--O,0.5097809581261874,-0.40014574148525306,0.6473137845496866,0.5067792382936669,0.6542117836165122,0.5013817647655177,0.6872379671920326,0.5873358057016926,0.4929110411709547
O-XO---OX,0.5081908031044862,0.30072220508302083,0.5010008460667111,0.5033878553615733,0.4811038822327901,0.6853454595356796,0.6779564608514267,0.50510534781565,0.5066700172761444
OOX---XOX,0.5081219482771584,0.5084461845651347,0.4923083048020631,0.11525884889020399,0.6872379594563112,0.6872336759725308,0.5067310286757932,0.5066880001060249,0.504865078950619
OO-XXOXXO,0.583733983424591,0.49796778138756537,0.6872379594563095,0.493031427895171,0.5437196214746348,0.522176847546243,0.40322490890914725,0.49643687967210337,0.5912169406973855
OXO-X-O-X,0.5078939713997094,0.49125639457392234,0.4981909051490686,0.6872381569987849,0.4963091572368338,0.5815947034236058,0.5082207086446182,0.6872336308121154,0.49030486065137524
O---OXXO-,0.49671145718770315,0.7990822373972257,0.1680126912740853,0.001201548562981214,0.5039847672210165,0.5066698698801817,0.49498140882544484,0.4995905494598353,0.12820181867193892
-O--O-XXO,0.5434589970024204,0.49571297229981226,0.06910671375765254,0.10526947568574224,0.5014489712895644,0.9461529301545544,0.49959160061966407,0.507255668600373,0.4939778941336114
OXX-OXO--,0.4982773659875243,0.5036248429288768,0.5094621531959482,0.436159975837359,0.49053902718755926,0.4962219510297008,0.5039703431246285,0.12019004007508227,0.6872387375335431
XXOO-OO-X,0.5068360807616669,0.500361186479766,0.5064724092949096,0.4903476245660116,0.6872380019164734,0.4961080242289232,0.5036595494526428,0.08064382885716326,0.5073302808462057
---OO--XX,0.5073628850585716,0.503406947520248,0.057847766969896464,0.4976649032745942,0.502945125370295,0.4918535622697365,0.6872381263204742,0.5019704407573754,0.5097184484717912
XOOXXO---,0.5060159833888647,0.4977750806073402,0.49082555986254583,0.5067141569771848,0.5086847925200619,0.5067543651977368,0.685353895181734,0.8715061702209411,0.6872379594563112
OX-OO-X-X,0.49888146310811876,0.49744930961897915,0.5899971832960729,0.4945776179980136,0.49718926050341167,0.687237959475791,0.5091088971149138,0.6868340322608472,0.5047001984445176
X--XXOO-O,0.47023529459300406,0.02912709033477756,-0.039841873406098016,0.4113698571258829,0.4146108461911643,0.9910044334356561,0.43561995050922986,0.19599418613392972,0.5425741135229372
XOX-XO--O,0.5086247862122575,0.5088215248984571,0.4920822744477568,0.6469008366229027,0.49682465417770566,0.49579927276689817,0.6872379594563112,1.2367537796982213,0.4927338974879947
-O-X-O-OX,0.6308658954632776,0.09429575834674797,0.19653480918351351,0.7330292178052559,0.39865961960574603,0.8810939124246489,0.3492514177123677,0.8755539696293888,0.22818137976666275
-X--XO--O,0.07429476166156657,0.505012042565693,0.6871445237997538,0.8100445462392027,0.5054040481003921,0.4949589626653098,0.22473113732053462,0.6872379594563112,0.49193921104288135
OO--X-OX-,0.6229842229064244,0.15663397096370513,0.2492085946818507,0.21610766826301764,0.506395342962996,-0.0608570466577919,0.9565484616361234,0.2883441521787661,0.04615373960574731
O-OX-XX-O,0.548860384435927,0.8159496934349408,0.4319505177097004,0.4377309824116736,0.4004611532874856,0.43038240685697127,0.570170365907459,-0.031254099068797836,0.532236685151078
-O-XOOXXO,0.6872505073522372,0.5033906707465822,0.4443518637108058,0.506533467725776,0.4934695504465328,0.5024075032709416,0.49221079016145525,0.5045063606109451,0.5068477092085781
O-OXO---X,0.49147107237679344,-0.2968524663096215,0.4965440336136359,0.4923716528197066,0.5006085541423917,0.6036861287098833,0.675607834574859,0.00628751878016931,0.49075509983781934
XX---OOXO,0.508857757624149,0.5013458026834829,0.6446849007506571,0.37970429829474384,0.6871447776677937,0.5006347056188466,0.4912639424762225,0.496763202876599,0.5042734224086234
O-OO-XX-X,0.5083093373861531,0.12310217763580189,0.49617373275220833,0.5064816862823178,0.5686269367398976,0.5094380213799088,0.5039133630394456,0.6872379503963929,0.5043020841599644
OOX-X--XO,0.49826216897826886,0.5056503059582832,0.5013312983336052,0.6868317390413216,0.49653661146527855,0.6872381268738453,0.6853496603482108,0.49835156099651073,0.5033095738533812
-OX--XOXO,0.03422973462254841,0.5015562236689008,0.49177041878794053,-0.10753835695616543,-0.1895044232477222,0.5049225621096696,0.4963619362263843,0.4977476407745767,0.495461366498658
O-XXX-OO-,0.500183622548043,0.4780686486817995,0.508319662814647,0.5043683411445491,0.5002734809827778,0.6872379595308045,0.4988576569733897,0.5061140154604398,0.2316066266825328
-O--O-XX-,0.6320642242867764,0.5087803016196967,0.6862067922884715,0.016232022795184542,0.4963278135355175,0.8137102867130466,0.4980419131658703,0.504955125554399,0.6872370511786557
XOO-OX-X-,0.502484004073915,0.5002013313318617,0.5008726968576921,1.971142084200736,0.4947209338345386,0.5008662935847673,0.6872377720278017,0.501671126181891,0.4241778389320256
X-XO--OO-,0.4304989120422534,0.6872378698585543,0.5921511712500042,0.48556865875772437,0.23270973860832517,0.4428291737534851,0.5352594301280261,0.5918620571033755,0.6855664826724073
--XXO-XOO,0.6872406164135575,0.727633009277925,0.503681026273477,0.497330305275955,0.5066593878550737,0.6680748146207801,0.49099718499277545,0.5073777977416308,0.5045351793243074
OO-X-XX-O,0.5110252418086321,0.4424702831224696,0.4803891455857476,0.511962771767766,0.518652214275257,0.5532649834678857,0.5226607964796515,-0.7589774826301241,0.5007215804740289
OOXXXO-XO,0.4950043559500375,0.49504275935639536,0.5024121773402392,0.5049574118823167,0.5032485030314119,0.5054452807016456,0.6872379594563112,0.5028059614942677,0.5072429094846498
-OXO-OX--,0.6101578195322627,0.48062396264786317,0.4122925010154211,0.4597064657782079,0.6852369582684043,0.4173427928137609,0.4562743155583242,0.40310546945094194,0.44229159631191456
XXOOX--OO,0.4920827524546593,0.5043627428504871,0.5018704885639066,0.5055472775053552,0.5066924847753058,-0.21583567529654202,0.4956462491754315,0.49520025311553134,0.4946254790092962
X-XO--OOX,0.4973974298662472,0.6439135156508298,0.4984392181570757,0.5007056081998056,0.6785908695572095,0.6872379594563112,0.5016881451927075,0.5031462042917314,0.4901825834107153
-XO-O----,0.06971091374390886,0.4913558903751684,0.4947891293599033,0.29641621002495716,0.5007550661774848,0.12087578669489785,0.11137885901404765,0.2962622233899911,0.3146680527206316
--XO-XOO-,0.746727886493793,0.5976412847582434,0.5013283128970627,0.5004596136249161,0.27416286158247727,0.496967209383525,0.4954162798010888,0.5057712306869862,0.6872388785068312
-X----OXO,0.36410928484837224,0.4995965264503371,1.0246193988026358,0.5095168121735872,0.687217327721996,-0.324405872083949,0.5571720980427382,0.5153932042836648,0.5400508955915663
XOXX-OOXO,0.4976076603301417,0.5076213758474158,0.5069968725306566,0.49071930975616107,0.6175886743743507,0.503364532075063,0.4967053011420605,0.49732268378061445,0.5036067176601218
OX---O-XO,0.5720158978139589,0.4028221675317217,0.4472565708277111,0.4884740372787639,0.687015278701623,0.5686835749133019,0.6734743172645212,0.47515923259834547,0.5140243204503059
---XX--OO,0.502844309577412,0.4996609400775973,0.1776764472360406,0.5069399129055057,0.5070485303059834,0.6872379590379265,0.687237959456475,0.502347988763379,0.4964049616579591
X-XO---O-,0.49390133643895845,0.6872339690433958,0.5020976895985325,0.5096563686914619,0.6872379575863108,0.6872185178316469,0.6872336811731612,0.5048624595713198,0.6870088283132929
XXOOX--O-,0.497099715397969,0.4963550640487213,0.5066998691969604,0.4998034412840791,0.49522173492369487,0.009083996320736532,1.2819787570066083,0.5027086647477222,0.6872379593640214
-OX-X---O,0.7430701246868499,0.40300355184841313,0.42079488498196055,0.6868457846818888,0.4624584696666685,0.5196746110375782,0.6871640254658037,0.6859062434408327,0.4670925029611437
O---OX-X-,0.5021441129935487,0.04792653046792761,0.403526393805881,0.6018014490721528,0.49516033377174884,0.49211926780949933,0.6846550910098577,0.4907260295908844,0.7078568707685982
O-X---O--,0.5043457210248622,0.02326751410635397,0.4913998604397449,0.0764053267922562,0.7627527417175884,0.6569803734646361,0.5075463347004663,0.5535764963697665,0.32528004991663995
---OO--X-,0.03466004182144855,0.010009469438689966,0.6955450130693408,0.5051952255525489,0.5048782630301512,0.5036765704778612,0.10736093100629163,0.4956088874834987,0.7028681424302059
OX---O-X-,0.5798804998745216,0.5545739681332356,0.6904638289621119,0.7142624351310379,0.6872367276730261,0.5948710303374087,0.6231763798061799,0.43435278210662476,0.06620256899222204
-XOXX-OO-,0.5104980586100222,0.4600464949198816,0.5171993667818982,0.48398236546028994,0.5621181438601993,0.6872379594561496,0.5066057874259804,0.535035044400945,0.6872222742389447
OXO--XXOO,0.5033421163413425,0.49160508931080477,0.502108921291937,0.17818108525889148,0.24344874804853178,0.49953165050373205,0.507828380491492,0.49160622761841083,0.49985221425997917
OXO-X-O--,0.5079229048888536,0.5084380672636927,0.4925822218825562,0.6872370690191675,0.4935800611344955,0.7879802481806324,0.49554055368231414,0.6872379594563112,0.40599667674618956
O-XX-OO-X,0.49013426377802743,0.15196780469689608,0.5011938331105039,0.500051865545288,0.43512063791350386,0.5073731789325899,0.4987557661004306,1.2257278956573803,0.4935601560686292
OXXOO---X,0.5022495056120095,0.4908374330496046,0.4980859367920082,0.49740169772455517,0.5080096084376301,0.6872379611130985,0.5735528899100149,0.24087158607132897,0.49981182673136426
OXXO-X--O,0.49912474391657086,0.4957996374248869,0.4931888164636493,0.498696796661161,0.811676135915169,0.507586929474834,0.49784284173052945,0.10707709480131167,0.508073851059267
XOX-XOO-O,0.4938559588505854,0.4912291944085192,0.4905476661470825,1.3843266050751812,0.5070101146536502,0.5011748408564692,0.5039759533550245,0.48742110009730555,0.5081741073586552
X-OOOX-OX,0.49891337793896984,0.5044328846714469,0.4925304144590364,0.49127404767546085,0.49825858443869087,0.49879012774029124,0.3244871391396623,0.4998031612468683,0.5042699702150154
-X--XOO-O,0.6974392044262423,0.4955533974650589,0.6050967825080976,0.47906583890212573,0.4992774033484135,0.49980738181451717,0.4943309372249397,0.6872386697859963,0.5061428534357855
-XX-OOX-O,0.6872234194555057,0.581186647444307,0.4633091595465677,0.5134816164086822,0.4392618675282143,0.49477691225509585,0.44542760294306866,0.5182939625938237,0.48753092662712805
OXXOO----,0.5039170682989641,0.4972021211770048,0.5042328418306111,0.4962788419964983,0.4985905297365429,0.5774612288912231,0.1794241399119727,0.14416277810192102,-0.08915627313636443
O-X------,0.5097710567861836,0.014870627417043258,0.5005606735779687,0.021451220242481528,0.07282885928845267,-0.3941792506377143,0.2059671859711364,0.4426199118709394,0.6638422063630929
OOXX-O-XO,0.5036442443453564,0.5037993191813805,0.5062967885125791,0.5037484112467959,0.8910038144213438,0.5050598605428273,0.21879115088226098,0.4961810051425612,0.5021436003778631
OXOXOX---,0.4926751307638736,0.5071625625034428,0.4914664707468702,0.49620067399913326,0.5002515087041962,0.5075500253470628,0.05879698518664611,0.16570052818063202,0.7539195552676621
-X----XOO,0.6783805911057799,0.4105181041391238,0.52497918747894,0.6871688444835521,0.4205841277248015,0.45774673396543564,0.4513158006017709,0.48051491060608087,0.546592189292157
XOOXO--X-,1.6154423799937818,0.004845158884716816,-0.08044878786700238,1.7227678748128499,1.2941071395024517,1.3751908567190914,-0.7000115664848672,0.3390758269744214,-0.04074936700552245
-XOO--X--,0.1282953362927105,0.5014327525892079,0.49871468485168546,0.49048877695203486,0.3302869702969571,0.07641094926036801,0.5014322850057741,0.6872379594560575,0.6866435596164973
OOXO-OXX-,0.4963957364042888,0.49829785679893934,0.5034184894496082,0.49153201096992255,0.6872379594563186,0.5028301964844494,0.5022569556083054,0.5086259591179285,0.6471691887687501
--O----OX,-0.1014233653964618,0.14362720946773522,0.4942462195584098,0.3581225967565093,0.7467919938121053,0.29249120363594644,0.2999243607337295,0.5043089092540987,0.5004250818742796
-X-XO---O,0.2508863398099378,0.49301800707598364,0.6442749816870178,0.5010586025103912,0.49378138843565583,0.4747434809314256,0.7027387641197083,0.11633219075403706,0.5086903833072662
OXO--XXO-,0.5047300819936227,0.4944903100856458,0.500638329197145,0.8379131237399529,0.2362310815689288,0.5068500871581473,0.5095302921304148,0.49687437648661303,0.4433689555777528
XO-OXXO--,0.5070582676137836,0.5079694072639327,0.6466839789179515,0.5082428575906813,0.5013400865067074,0.4988082015811005,0.5082966113333094,0.8114188508778059,0.6872379162239018
-OXO-OX-X,0.18695857048910225,0.4991318229561869,0.49466704701676667,0.49095716696039715,0.6464859503087704,0.49380097178523097,0.49676847542400576,0.6872963360815898,0.5039295896513835
---XOO---,0.5440801960176025,0.35257624805800736,0.11299000890228861,0.4955611505532635,0.5025014454784669,0.5001646002138597,0.405391411085818,1.32652045005312,0.23300348723066866
-XOX-OO-X,0.30977204955308557,0.8822065339106622,0.005545607899070548,0.8747094315664664,0.6868785765925925,0.39478008931351416,0.1671726711963275,0.6730123192779641,0.8449412863631356
XOX-XOO--,0.4931371554385588,0.49629766830738,0.5084265392751528,0.6998908496112073,0.5057563387637496,0.49410682998982464,0.500069802981698,0.7690174311070482,0.6872379575387793
-X--XOO--,0.11730387511626073,0.5059150345077404,0.6834193992198728,0.7578292228443108,0.5011089530755231,0.5026264072664355,0.5026878140404267,0.6872379590469058,0.3904056604803543
OO--X--OX,0.5179811123568246,0.5152104487219803,-0.020807459560595043,0.7121843989809346,0.5040001974937598,0.4093594591577622,0.26682258268304293,0.4951840765261389,0.4853302912178808
XO-X-XO-O,0.6245970301299393,0.026361676058516803,0.016305050440099667,0.08560414938210259,0.6794728163555717,0.051906058566522195,0.18656795296148898,0.36852711555726614,0.810555479633686
XXOO-O--X,0.502710718922906,0.4996026844841092,0.4910681397200294,0.49905137959820367,0.6852262087065722,0.4985675142217248,0.5035808703081265,0.6965787141725782,0.5075710517877541
XO-OXXO-O,0.4522001184873447,0.4756868722120096,-0.1835994519051255,0.5743511278184037,0.4857476169038288,0.46464313813952024,0.5365938944213885,1.1512831434305149,0.4270206623719842
X-O-OOXX-,0.5287460185562427,0.5743571722338037,0.4786348241511995,0.49614483298109957,0.43844259470068103,0.450116113157326,0.581259486876007,0.45960009475732577,0.6872366980785384
O-X---O-X,0.49247722567936003,0.5060739970065314,0.4931840584258155,1.283326729372675,0.32228669959836864,0.6872379594563112,0.502747831425419,0.4006767189218067,0.505579216782185
-XOO--X-O,0.04933559197721199,0.49693098929080626,0.4996834497834465,0.5065586020923757,0.03927541275583191,0.20069141379992983,0.4973160577144245,0.6819952411067924,0.5021385104376207
O-O-OX--X,0.5017790340959021,0.10665878142850299,0.4949727350351618,0.2536132991030259,0.49535529951485835,0.5008960365838667,0.022096929811434296,0.24064080393831527,0.5067305377974234
OOXX-OXO-,0.4942079416736236,0.5031555746321683,0.5028723467063074,0.506323818922251,0.6872379922735659,0.49750605193781383,0.5029045844381438,0.4988670880780735,0.05814628766323526
-XOOXOO-X,0.6872336574774961,0.5059413708852916,0.507672432662463,0.5051494195433675,0.5040247245053925,0.4928763214960455,0.4928818767412434,0.6872379595323423,0.4932438845713211
-OX--XXOO,1.1612323219294383,0.5058078982367765,0.5008163203923046,0.46829874778176567,0.6872379590440165,0.4913030279677178,0.5044103303770678,0.4955453777151665,0.5002893460829045
-OOXOOX-X,0.6855664826724073,0.5650599839514855,0.48034903584623967,0.48122251152111895,0.41917819858382604,0.5052818165096052,0.45771089463123893,0.6872348121477546,0.5862015723894918
-O-----OX,0.025139568403533596,0.5032275535942922,0.0189886868224296,0.040222484383330925,0.8026220855831306,0.6040523354574805,0.7268080935851307,0.5081465904654152,0.5021600531483702
XXO---O--,0.5022387850071988,0.4955027119921207,0.5089970394967437,0.4555165700857957,0.6861723095797113,0.4244836575289874,0.5013287140500912,1.0786823246352109,0.40461716554957744
-O-XOOXX-,0.52497918747894,0.492013490472167,0.6759305705078928,0.5002212181537354,0.4768140669546365,0.5677925921142084,0.5523376403079691,0.46737219470440383,0.674819528507007
XX---O-O-,0.4938895484488948,0.5006726168859726,0.6872379598779543,0.6779384386108794,0.645772233748156,0.5085101441080536,0.6872333530569447,0.4972420272252622,0.6852406550366048
OOXXXOOX-,0.5048591047275991,0.4961116057961148,0.4994198511639262,0.5012972450426113,0.4944255448205564,0.5085554328234818,0.49417315366874226,0.4913598828741122,0.5254643225401133
X--OX-OXO,0.5020120428275936,0.6872379594563112,0.11660390267296594,0.4946609105252418,0.49517254334800104,0.2211185632491771,0.49688163844119076,0.49572479905300965,0.503460805646523
OXO--X-XO,0.5345270984560762,0.4897793298275676,0.48012800929465677,0.6773532052896128,0.6872377945639802,0.5963214196849665,0.39842189311719917,0.5657057403262172,0.4798098267230176
OXXX--O-O,0.5452036258402904,0.5531532988786064,0.5234828189900527,0.5949274948905421,0.5527500871868231,0.13190333635799534,0.4765281192584661,0.32100394261636145,0.5867100287189544
XXOO-O---,0.657287682063943,0.5127070660183495,0.7382730851174414,0.29331536983646656,0.3250753778756531,0.616178153920637,0.013124107712743638,0.0733623323278576,0.6872052991632964
XXOOX-OO-,0.50630658115524,0.49853524728483,0.5009620954561157,0.505024691986279,0.4959171898526498,-0.08544206770508511,0.5032044749820879,0.5079541262850515,0.6872415794000771
-OO--OXX-,0.10353364562089523,0.4214010750112185,0.4876599544989948,0.6326753112340233,0.40607098277197057,0.5527789840296404,0.4352076245550935,0.5975147459599518,0.6872379300407138
-OX-OO--X,1.1504869479478148,0.27104733482096866,0.5009693700076856,1.387783276631458,0.0724397409307398,0.7833537406836378,0.011386410226523869,0.05780130420998686,0.42046946236047966
OOXX-OXOX,0.5083782859029043,0.504019109380859,0.5055976738228604,0.5005214906195209,0.6872379594563112,0.5006314665527176,0.4979174934792153,0.5028950973535379,0.5016935726266607
X---O---O,0.5078671994669661,0.10983413462864,0.4866131386640859,0.6456563062257954,0.5072684857842856,0.45711721213249235,0.32065259097929266,0.04349135824858641,0.5057233161556909
OXO-X----,0.49328594601681314,0.5078788143258014,0.50862612720002,0.6436105000722044,0.5025708604354769,1.6448414906201105,0.49612827925630243,0.6872379594563112,0.5057556102582169
--XO-X-OO,0.8642215230307677,0.52497918747894,0.13242470245410187,0.7607391632531048,0.01383840922748969,0.7551723068597659,0.6115748118292036,0.05101699227568457,0.8277041789709592
XOX---OXO,0.5033459240318444,0.5008825449944868,0.4974518941987314,0.049578160972144736,-0.05860888350261495,0.20947385771371774,0.5088989636574802,0.5027376343862693,0.49148225484842983
-X-OOXX-O,0.4373960981390739,0.49798380829647565,0.6725477462819492,0.492716628449305,0.5040264999633066,0.49174083511932515,0.498419058756246,-0.04521042763485983,0.4978400678238269
XOO-OX-XO,0.5071217542849541,0.499673678237487,0.5081858675643925,1.3216336985936987,0.5063952595132843,0.4988392926113436,0.59722023652086,0.4981471051944149,0.5074976972179968
XXO---O-O,0.42777300330407364,0.5752094695250853,0.0068538804418726285,0.08081428285309356,0.020597838259569734,1.08526511928295,0.3369356379947198,0.6210631744158666,0.029675691884342714
O---OXXOX,0.502400546286942,0.077582345401634,0.687237959460498,0.5064998465098096,0.4933911431080381,0.5035682948501683,0.49172571334879966,0.5076322293246515,0.4968548243071837
XX---O-OO,0.19065597388374,0.10711465079649052,0.21977879774603493,0.8656894227264342,0.8513407771749256,0.17119723685483257,0.6409994717900751,0.9964670229515925,0.48558912114855013
-O-OOX--X,0.45931330454524455,0.5815058494782173,0.6872379594436226,0.5778171784239983,0.4737149838704056,0.490507163082604,0.6643112839150279,0.6380116265454009,0.5874209686190643
O-X-----O,0.4761813955686083,0.10968761516307435,0.5854579353563467,0.7945302457555943,0.09522058676184764,0.1411530531439253,0.7287825136796877,0.39113878192360724,0.44787696817429923
XOOXO--XO,0.5084343535614962,0.49481267845132976,0.5082953205049714,0.5069012995620259,0.5018159122811404,1.3856653549326103,0.6872180916392683,0.5086476485012862,0.4912990376146836
---XOO--X,0.8521232159176563,0.14004107283570555,0.5047587022026258,0.5089903055816996,0.49755287273632115,0.4922586770728122,0.7057809670211926,0.6853052878267013,0.49390544846475165
OX---OXOX,0.49074895087980475,0.5014468337311309,0.6237509450370982,0.4852090648723596,0.6051630162674155,0.49125370172511157,0.49995540866023747,0.5006301549454533,0.4989419254936645
---OO-XOX,0.98785314989837,-0.11784085518188125,0.10530734109207174,0.5050366589998723,0.4976581137626334,0.4831985944484245,0.4956985562935179,0.4905898631355842,0.507656945113787
---OXXXOO,0.6873368729933189,0.4632124543309729,0.6872377483810381,0.5767254001295997,0.5512950618579026,0.5107896851081871,0.45935113818285883,0.5703161712082092,0.4227860814883886
OXO-X---O,0.5083481875003397,0.49744202446617775,0.5024273512855956,0.7351140517625777,0.4936994722611822,0.687237959456318,0.5053124165651621,0.6786940216474179,0.4974880100407979
--XO-X-O-,0.68723704503018,0.811165670577095,0.49058643881871267,0.4923955484770536,0.49291303916678103,0.5063667395883248,0.0458067927491419,0.49986476364194854,0.686827742612696
-XOX-OO--,0.618283154255086,0.6032560361918954,1.985445296679676,1.3296817232227838,0.4268122895159319,0.801841634849453,1.131492226593592,0.7962436287000259,0.27710367051582435
X--O-OX--,0.49531014726411954,0.5473705798124712,0.10218789078193424,0.5070242454603665,0.6866999273258053,0.5001824521906609,0.5047356184729542,0.3300960497440596,0.6174641858714127
X-OO-O-XX,0.5001552388426204,0.7302674434394523,0.4914825797863485,0.5066467450950806,0.6868383456912399,0.5072212666041768,0.6872379594598238,0.5099215108397037,0.4905571544009924
OXOX--XOO,0.4000017474877352,0.46851858722122336,0.5256103398501843,0.4939991285142297,0.4980607858126719,0.20774146235876872,0.4634659074961741,0.5109713276002227,0.5159249068699889
X---O-O-X,0.5035893835374925,0.8353325588081713,0.061848537228906375,0.3588953689392871,0.5023444829357006,0.07252002879852826,0.4981880025559377,0.21389173789594684,0.5017440379982824
OOXX-OOX-,0.5587418015766997,0.5835764044425015,0.4009049495951644,0.4080193322698924,0.2548197378600432,0.4958334354975342,0.43990417057279274,0.4328849243231455,0.7781190529464749
-OXO-O--X,-0.10105169442682072,0.5829572587980184,0.41235780498590086,0.4701254036673312,0.45260880532244663,0.40846423150085365,-0.19079964846746178,0.4166528811732014,0.4418014708201106
--OX-OOX-,-0.14217140594063105,0.6335596688298185,1.0828123291433227,0.39346741379156996,0.3834991889405467,0.802258812163284,0.2538301461354635,1.1401657158138958,-0.38046031610811004
XO--OOX-X,0.4905845742243602,0.5010642895910871,0.49785978849180856,0.687237950280773,0.5058685505781202,0.5086281692422395,0.4966044839894756,0.687217849016242,0.49132583533120494
-XOOXO--X,0.508669988908456,0.49563838965905843,0.5015292972553,0.497451510440443,0.502891864612971,0.49718488482101325,0.5054294071609955,0.6872379954413607,0.5087782946945822
----O-X-O,0.011763529571529374,0.4154071636702342,0.24614050740196614,0.1751503079859713,0.494711212482232,0.5654118927317102,0.5061478757132674,0.13787222820453482,0.5087567226067469
X-OX-XOO-,0.09556921801172247,0.324721568797932,0.7310871477080328,0.2350403453334836,0.6769553634547445,0.28298625938173505,0.5184198900883239,0.6369748543201726,0.8842307636293174
XO-XOXOXO,0.4963988671073965,0.49996303535868986,0.6023649398190948,0.5050790471919333,0.4970338341850137,0.49234572423751854,0.4967670947974242,0.4906890690049749,0.496528175381433
--O---XXO,0.5928459302491892,0.5663136113390941,0.5030782306412253,0.3813038266807691,0.6414868117232432,0.07478020330641932,0.594985160168898,0.4123507710850318,0.5314790259755693
O-XO---XO,0.5073139711544384,0.4320525831460628,0.5055000493891254,0.490771611707471,0.638208347138467,0.47879633600530835,0.7273050178014578,0.5050522007973053,0.4903145912022708
O-XXOO-X-,0.5058022242077316,1.2529585198177013,0.49404242456632685,0.49760042637990454,0.4986112357716223,0.5046895758550701,-0.06066381923503017,0.5039387126560333,0.2577388216772917
XOX-O-OXO,0.5311837249426001,0.5479414149881229,0.5952756586569032,0.44667470264990583,0.5510588921266244,0.3432904056522105,0.5972105663648198,0.42984439604926006,0.45993662333353746
-XX-OOOXO,0.6872339106700004,0.49571348251651715,0.4937875253483685,0.16617564487747316,0.506272050274542,0.49038374023317083,0.49477586233142645,0.4980413261550429,0.49634762566818535
X-X---O-O,0.49675298593900175,0.6872379594563112,0.49305216800641544,0.2836237619016625,0.9626502122932986,0.17982715373972413,0.5004891677828789,0.6097343895910867,0.5095938104985255
OX-XOO---,0.4994503936793563,0.505775871310504,1.0282045524494934,0.5004097256507948,0.4913810930467634,0.4948362358443444,-0.18838779476448286,0.11818687470040562,0.7907607949520614
X--O-OX-O,0.5059909695248648,0.2201444900041475,0.5978049469277426,0.49447147440281275,0.67832489716025,0.49072314140412193,0.4945705776321119,0.2507825040891507,0.5003577961696853
OX-XOOO-X,0.508370491617955,0.2208600801611894,0.5089024796324991,0.6774124786457747,0.5858742073273906,0.7862008155131901,0.3015057426133221,0.768852626272784,0.5363243936310079
OOXX-OOXX,0.49282928877026666,0.5091977533442668,0.5081304554605701,0.5014652781827103,0.5036786933991271,0.4954270940018247,0.5006212776464523,0.49642170197046337,0.49348913014696943
OO-XXOXOX,0.41494100395800804,0.5297206973906379,0.6872379594563112,0.5673501752601098,0.5866333779786482,0.5222402043883905,0.5387565997396464,0.41516099821949404,0.4498923039356673
O-OOOXX-X,0.5047988684869471,-0.25487116316034997,0.5097849548786176,0.4974230158341186,0.5022150758375263,0.4996490372738743,0.49871499363424726,0.6872379501910288,0.5009898838828261
OOX-O--XX,0.5087255834441803,0.4985502894418712,0.49648741426939175,0.6868343309586085,0.499841578038428,0.6472642196428838,0.6872386697859963,0.49798292095730995,0.493223139170088
--O-O--XX,0.0732788450979111,0.11299239671666006,0.49268828252426133,0.8012624970129061,0.5021363669385847,0.06831985077520009,0.6872379594563112,0.49236485368350286,0.5017492065432035
X---O----,0.4958589747324844,0.5309220010564765,0.2229783260718583,0.3308309349645638,0.5053693541678581,0.12427000458287035,0.3731135136409084,0.43091070243965685,0.04067268948707792
--OXOX-OX,0.14537751036405133,0.5014892037721261,0.5022409403397172,0.5074807420583689,0.4909682392831445,0.5015826405037033,1.1776121768295098,0.5020561033785975,0.4943638635402773
-XO--X--O,0.1353001645159635,0.46374554005449997,0.552641662146904,0.5471462501573108,0.687234672065986,0.4076856569858169,0.11422509651908686,0.35339933962933423,0.5980930521550457
O-XO---X-,0.4910102341102205,0.7112126684149404,0.4982975247807452,0.49974794615799006,0.3806361574066962,0.7106447210503439,0.2657247755101496,0.49715728934055353,0.42303709072911555
O-X-XX-OO,0.5037742385835222,0.47535189275563855,0.5095758288882756,0.687237073219677,0.5025389916534224,0.49905912412689885,0.6872379594564734,0.499369559085999,0.49632292560101265
O-XXOOXO-,0.7926031061009762,0.5052859312671232,0.022917973425187088,0.6672633622235218,0.5820078615289208,0.3453116978258062,0.8175728119650725,0.600268514533041,0.45581139119988423
XOX-O-OX-,0.5236196336377249,0.43623513703784245,0.5671627263986749,0.4356448924380242,0.4358289450839967,0.13483834462082955,0.5484023542979827,0.5717360249963727,0.5422532340879069
O-O-XOOXX,0.5742021234574168,0.6872343903642549,0.4673879673371929,0.7779600304506691,0.5457220593819387,0.5248483404481602,0.5327381417715551,0.5368805984116171,0.5728510291502992
O--XXOO--,0.4920733820119048,0.6814444581612203,0.15119666297411138,0.49797366544901916,0.503340900724138,0.5029256575372448,0.5055912005953384,0.5055482020269608,0.9929999716196733
OXXOO-X--,0.4480402532219645,0.41532208175316454,0.5675889553564456,0.44789997424161704,0.4738381661624033,1.1931195497677058,0.4832330971930895,0.8828094340743682,0.2663655143436342
-XOO--OXX,1.3846940221261237,-0.2571045514648761,0.5038089171178846,0.9387314945908438,0.52497918747894,0.7127727037886739,0.7002067169344045,-0.1020609215463606,0.06456515403776514
OX-O-----,0.4737055543519891,0.5620127122132227,1.1036200735123782,0.42702323234879197,0.6539673032336453,0.06161529696696877,0.07248371410464166,0.31119301965485013,0.010539371021571542
-OOOXXXOX,0.6872379594563112,0.5038577076586898,0.5091395470701854,0.49915891076856633,0.5076462387520124,0.49353843839305966,0.507977112415339,0.4947495339622957,0.4956347454564797
OX-XOO--X,0.44233480654414603,0.46638294245373835,1.8232666101309414,0.5032511245114046,0.5228716092771296,0.4235952329732222,0.8926785464765941,0.328184461858831,0.5949930807207422
X-XOXO--O,0.49334123320505907,0.6872377659467359,0.5017976634478978,0.49393270020838187,0.49708934256870296,0.50897335444299,0.6852305239106344,0.6872379594563112,0.49606343906720174
--O-O--X-,0.13082491817582526,0.23285184820585347,0.5048217164113423,0.06231873450111436,0.5083071392939338,0.5449910908249556,0.48017658198629015,0.509694778858145,0.03218846079354676
XX--OOOX-,0.5097463604568736,0.49729558571358196,0.687254297150988,0.4994413163496042,0.49261750601248144,0.49354654759782374,0.5002696044688117,0.5056929953582789,0.13777022915407944
-X-OOX-O-,0.6187805357045506,0.8304335537861486,0.5848736009513166,0.22030511264308839,0.18557941889487195,0.7139694436144165,0.5124973964842103,0.09378356706209034,0.6647433317517404
X---O-O--,0.5012685412196656,0.5,0.6852988353723929,0.25402370270930286,0.5012853338480537,0.34895439072023926,0.5007051173527168,0.03257357816607637,0.5
--X-XOOXO,0.6866833618129978,0.6872196301840741,0.08477454607100798,0.3633643133459449,0.7372781992881898,0.31975598148459283,0.5587107789441658,0.8110388491457747,0.09309494797015305
-OOOXXXO-,-0.37083273223306,0.6212680775949637,0.7951322340823531,0.9989544271010831,0.9983864931780689,0.4075119484360966,0.8501275309161914,0.005003302775772989,0.6025513094063816
-O--XO---,0.6870733243581373,0.50724864439003,0.6846192390004507,0.6445670608922756,0.5076455518872023,0.49077953428333765,0.592338317255597,0.09693839613072758,0.6103492968622651
O-XO--XO-,0.49125756013462835,-0.7851281398729659,0.4553237416179159,0.5403355791887258,0.6868021047134101,0.6892421596514203,0.46243657414930894,0.43017109198748654,0.4390816450149273
OXO-OXXO-,0.5099177384724878,0.49107199204717006,0.5096404732289007,0.2344857812905728,0.500835198198964,0.49628158084442164,0.5074270746886497,0.500393728370518,0.42158353393079345
OOX-O--X-,0.5809566965115616,0.4867068900674685,0.5570025079856457,0.4965900508707701,0.5535704693654936,0.6781102881097664,0.49376806344933744,0.4999855241871452,0.6868137023606881
XX---OXOO,0.5151229168233543,0.45480590914893093,0.6872379594563112,0.6872342703696982,0.14927317054988887,0.595466028209519,0.45697279260858753,0.5882807670627077,0.5097025637931459
-XOO--OX-,0.7455322487989894,0.44756128053927424,0.5503418202697449,0.5586813148763276,0.6872379591043577,0.6319233598442806,0.4169640514393145,0.47925997396300346,0.18141211904070198
XO--OOX--,0.4912604866534551,0.5047859567463961,1.102731801664098,0.6872379598124428,0.4943682629940698,0.500218155090665,0.5075757486920587,0.7485537401956446,0.11256754351712928
-OOOXX-XO,0.06673102646102747,0.49720389167899876,0.5048824573049978,0.504005126593553,0.4962684363835185,0.5056758912273073,0.7663983849362307,0.4901635207895484,0.5000676718510584
O-XXOOXOX,0.4921614097396713,0.49873162751506206,0.5006005340933342,0.5070833746838073,0.49638649627065246,0.5074892071154969,0.5001083088496623,0.49630787393627557,0.49214186884964095
OO-XOXX--,0.49657845158303876,0.4917872945585689,0.12022566115426714,0.5004683242738996,0.5030320670536068,0.5013518730111526,0.49023931382047986,0.4466586976207393,0.4898475629291469
OXOX--XO-,0.506150064816058,0.49490632568036796,0.5096523048908258,0.503669966958277,0.8779183870217641,0.11543793792179202,0.5043032211885027,0.4912562912582245,0.4900321095738026
OOXX-O-X-,0.29454123616251204,0.4358987911878668,0.7263667141184289,0.9152044187602619,0.7300534468279524,0.23013476899195995,0.6855664826724073,0.7470308331582323,0.5010744276515421
O-O-XO-X-,0.4927965946556649,0.6872379510310241,0.5032692674328026,0.16657076094093248,0.49861646881189975,0.49612496825305225,0.25978617256629555,0.4999396202674104,0.6847475310924408
XX-XOOO--,0.503529127222857,0.5060198929351074,0.6872177961931161,0.5038208627601047,0.5001476158047939,0.5092460052721215,0.5052270239006946,0.6777301343979438,0.15758201610346334
--XX--O-O,0.165620645191766,0.07370189472114752,0.5074377379231808,0.506592369161614,0.2746680197337696,1.3001246449639698,0.5066633138817683,1.7304341617453032,0.5032077129210683
--OXOX-O-,1.2915307400494431,1.2783296571902656,0.5095816038173855,0.49308905807481446,0.49919710367769204,0.5039289984871171,0.9661378734459558,0.4942307987601255,0.12986357468943055
-XOOXO---,0.6788845615207078,0.40427487341092155,0.40819241054653277,0.535302484307503,0.48794635383061535,0.4958478941874524,0.6911333207040474,0.6848354150726518,0.6872343903642549
-XO-XXO-O,0.8051015563491108,0.4962256180079612,0.5086897611878836,0.6872379594563112,0.4917299996614311,0.5070158297986459,0.4930965255922346,0.6781855605853576,0.4919781382326686
OXO-OXXOX,0.49884422496308645,0.5031764710731487,0.4992205660201705,0.5518425708929737,0.49921056832259536,0.5031604111566662,0.4938827320013372,0.499298659380601,0.4910427981223822
X--O--X-O,0.49502540973841236,0.7294867200048513,0.6933682889154433,0.4900877978088081,0.43049384814920727,0.3186260284727826,0.5008862963561165,0.26838235360847373,0.5073791107690515
----O-X--,0.10790953432662903,0.5400991534147396,0.21026494834179726,0.20803201268408122,0.5013481130828966,0.024972295713577175,0.4979749090961914,0.020436193305096106,0.6647306184811875
-X-OOXOOX,0.013584794399500277,0.504578183668015,0.6872379954316566,0.49104491782653364,0.497338370052022,0.4933619642985306,0.49841127995858625,0.49340940333149186,0.49424687920810806
-O--XO--X,0.5068053309650373,0.5047501523612344,0.6869430312359621,0.6940741351494983,0.4972267136895649,0.4949154489937799,0.49881630621671197,0.6870316025970493,0.5033159198035531
X-OO-OXOX,0.49903949491624405,0.5065789106002822,0.4976735890229058,0.5079106188234974,0.6872381262945332,0.500947921079197,0.4918115560288994,0.49143780357986533,0.4915451645209186
-XX-OOOX-,0.6872412642096936,0.5038094435375093,0.49611777195374956,0.12734849467267606,0.4996994612228697,0.502883121251662,0.5065608853983621,0.5015988090187505,1.205320032024134
OOX-OO-XX,0.49304488654656714,0.5036418562196334,0.49854407234160664,0.4961615280622103,0.5009333092464169,0.49827390796669757,0.6872379593701615,0.4950106439030348,0.505390545317751
X-O--OOX-,0.49951247651855335,0.44675672449572906,0.5052521678281857,-0.6167868449864973,0.4809513608513708,0.5097662397020707,0.5024356209251275,0.5045890587182502,0.7179672879059374
-XOXOOX--,0.687192782166866,0.5203635315329252,0.5827940318823399,0.5143923569164153,0.5295085420966354,0.5653304076535495,0.5458088423071399,-0.1697356668652591,0.4658022707129436
XOO--XOOX,0.5037145953553019,0.5064252200392936,0.4991112191460899,0.4958140239936312,0.6872415835361653,0.49793524709031445,0.4978006709095493,0.49628254626634694,0.49093793903284394
OOX-O-OXX,0.4971463730787783,0.5085847138403974,0.49114821643009116,0.17621522438037862,0.49784850524379043,0.6872379594563115,0.5012766625323355,0.49391007005971893,0.4995638462771815
XOX-O--XO,0.5803797945257153,0.5846207160651825,0.4311073666455178,0.506975187829351,0.541356486013089,0.2480146526667621,1.4205250965477605,0.40069990609118566,0.4308766893628903
O-XXOOOX-,0.4909961483835096,0.6893328791316478,0.5013938682012598,0.49277818473324503,0.5060345098599773,0.4938888581837078,0.5068324185901811,0.4983166901625732,0.44879684880879456
XX--OO-O-,0.5515059302504021,0.5976315387803316,0.6872379651013362,0.6871603684220805,0.5029256523194698,0.48197477830625546,0.45774815066599533,0.4462781914605204,0.4163833908996959
XX-XOOO-O,0.4919467339632413,0.49795015657821395,0.6872381569987849,0.507162154249917,0.4953464435497148,0.5049929518276459,0.5035035643246228,0.0662478153428489,0.5096664321087989
O-O--OX-X,0.4969827817758292,0.5180137461824885,0.5036129005936357,0.05315068881344137,0.018916073652262,0.5064060460939257,0.504243714900789,0.687237959438029,0.4946626209771093
XOX---XOO,0.566873317561663,0.5638233475450114,0.40299496255988626,0.6868085040607924,0.6868785765925925,0.9635006184768046,0.4596634615618889,0.46994793240619365,0.4492601708076606
-O----X-O,1.1662309430714441,0.4952139665535504,0.6915002372462038,0.041639919203288134,0.14217800188929197,0.11910083017689865,0.5053484228061477,0.016511499901655846,0.49587203828554033
X--X-OO--,0.5077981893315433,0.5118198563330154,0.672716006618595,0.4950288560258802,0.44111554824722454,0.5017734721666509,0.504695180945755,0.5648048081794625,0.5036196690784372
-X-X-OXOO,0.5210124849624945,0.4304144769195959,0.6868785765925925,0.4280806298168775,0.40971328883579095,0.4400249439546049,0.47282196973469126,0.5384094513072455,0.5449191349897421
-OXOXO-OX,0.687237959456313,0.502205204468647,0.4610335177006624,0.41393657139371287,0.45954712143920606,0.4703309113243426,0.6872116286095241,0.49786852859007674,0.40470572257019544
OXOXXO-OX,0.4958332208358568,0.5096426524688812,0.5041086266617721,0.5099904731693284,0.49163218680602455,0.5045195034629172,0.507502834469297,0.5066471008481117,0.5098769292225553
-XO--XO-O,0.47781346878485825,0.5053827494204461,0.4996747236251749,1.1607924508799652,0.06993063467604904,0.507501356786578,0.5030034472422472,0.6389453714167632,0.4952523929216841
OOXXOXOX-,0.5091911364783605,0.5043841819907168,0.4973474177373579,0.49845255999484217,0.5076877727390956,0.5081268330932956,0.5078167999533136,0.5057992562028096,0.6872379594563112
O-OX-X---,0.507217991294886,0.7912207626689722,0.5021583681114461,0.4964557758481572,0.6887868277746619,0.5023335940158925,0.5065430981744451,0.4984025977631336,0.6513070834474277
-X-OOX-OX,0.47348204381753867,0.49811381073808186,0.645246564952343,0.49126292764086577,0.49129545950901166,0.4993170909507362,0.6473365010104963,0.4997736065815674,0.49568024089457047
X-OOOX-X-,0.4993846722281357,0.4992639961969143,0.5093619846605613,0.508543606851788,0.49641936738230813,0.5086705708030752,0.7587942343986084,0.4930007292587268,0.6780077981180087
X-O-X--O-,0.5056135013015128,0.010815643713077527,0.502863406119709,0.22109482449481743,0.5037884224842683,0.6286137875634047,0.6834206842551327,0.49143251286011524,0.4921669785367706
X-XO----O,0.49262325371892524,0.6872187276942131,0.5016428780556552,0.4991738146791644,0.1663359606590541,0.6872887304980642,0.6871013138523027,0.08248253060998978,0.495952660807286
O--XXO---,0.5018946180695066,0.005759038410439787,0.6876380992115806,0.5080899713566656,0.49344643677904515,0.5015002603756029,0.4014295305601914,-0.06936220016050987,0.4850518900459665
--OOXXO-X,0.6872379502454808,0.6954036755930553,0.5039796473935261,0.5045684096332359,0.5005470662113848,0.5059457045346107,0.4968276306817815,0.6499978922374752,0.49981028190508037
-O--XOO-X,0.6872379671127727,0.5097038742538712,0.7312297364718193,0.6275620447267007,0.49601259695578737,0.49924540380096116,0.504416804207819,0.1874689004775817,0.5056894994231298
--X-XO-OO,0.7952301949629377,0.7711698742909109,0.5717919132373205,0.5166141450863183,0.4212979867358126,0.5572582649876193,0.6872377230557953,0.5151256430095109,0.5867381823969197
--OX-O-X-,0.4791216170341425,0.34616196243673414,0.46041479757619025,0.4659379309920485,0.4279058130600822,0.40178820809935406,0.5459884586454938,0.5641378650659482,0.6867223761284605
X-OO-OOXX,0.5056443014119434,0.2820299159469487,0.505358474968351,0.5534198357289616,0.6868785765925925,0.45085106233219924,0.4535444426401106,0.5713840445730981,0.40400416511247145
O-XXOOOXX,0.496793221079461,0.5,0.5040068039611617,0.49050303374421445,0.49715835687962723,0.49922531808658627,0.5036744760748343,0.5019643885456192,0.5047398868842131
O-OX-X--O,0.5028367871252452,0.6783740550281622,0.49896825464132905,0.49800503628219717,0.6872578523973438,0.49536490706744873,0.4963022968705734,0.5072881555320287,0.5004805398461939
O-OOXO-XX,0.5072453780094497,0.687602525051932,0.4998054961157946,0.5040111518165454,0.505213215993165,0.49748495219108385,0.6438184875489725,0.5027569346932313,0.4954829621967489
X--X-OO-O,0.507135755388279,0.696184199276388,1.209705021093483,0.530770116202441,0.8354947301075883,0.47629675350735906,0.5740565949707271,0.36580080320017727,0.48825867473090845
-XO--XO--,0.3508410072854822,0.507547646414874,0.49974375984441105,0.13057309409456697,0.9151823387608449,0.4968440742006625,0.4931691628155218,0.4520694800800195,0.4003677582296804
-OX--OO-X,0.43015943114652133,0.48258436918953496,0.49052969901957516,1.0551015189636135,0.24085151892434375,0.43867493979280403,0.4533273449094195,0.08573575452040044,0.47645003971977085
-XXO-OOOX,0.6872379594563123,0.5057140193140517,0.4968245447689797,0.5097264184091738,0.4549807791760552,0.4909089052970103,0.5009929029847545,0.5036903188155105,0.5001490438992039
O-X-XXOO-,0.4991023962452779,0.4533052299853997,0.5079967059895418,0.677966243741047,0.49445316702025705,0.5047275202075374,0.5064919386051739,0.5004317324945157,0.6872379594563112
O--O-OX-X,0.4241948639453826,0.8054023921718526,0.5197680985352028,0.5512759169966444,0.5715225737271792,0.43682702101774873,0.47116156827317707,0.6872379594439737,0.44569936824757295
XX-OO-X-O,0.49796030384961626,0.496025974504404,0.6872379509536595,0.49611436185809854,0.5089639001969173,0.6853308471498957,0.5077939151322886,0.5016669938881353,0.49020205537171246
O-XO--XOX,0.4915981833999086,0.6786195860097587,0.5069970780138279,0.4931720837959609,0.6786251053986577,0.6872379594563112,0.4937100882781071,0.5046602981356707,0.5029284026003316
X-O-X--OO,0.4920789305643013,0.6024979651194918,0.4935607767928479,0.011187240742997928,0.507779392916836,0.006267605695480016,0.5620801035193301,0.5033583580189668,0.4931591595379725
OXOXXO-O-,0.49059396388017235,0.49530129384049404,0.49427467856661234,0.49839783520581116,0.4969516363836181,0.5042615102523667,0.4930110027642325,0.5094635751086777,0.792789851944292
-OOX-X-OX,0.324563457575964,0.5033166430911397,0.4990456562677726,0.4936250062330365,0.5038495673813994,0.49094907625491446,0.5000453298406727,0.5032628225209923,0.5090545787474916
O--XXO--O,0.50286717148661,0.8895697433292193,0.6377076777890629,0.4914446275225809,0.4978278657371992,0.5025666427108346,1.0024300162615427,0.4524153517873236,0.4973801663964939
X-XXOO--O,0.4929589993525338,0.5091759848497545,0.49539154276072217,0.49546128051246024,0.5040459461610641,0.4994974220547394,0.6872548010046426,0.6439201197271305,0.49655176750289454
-OX-X-O-O,0.33377931990439746,0.5063014550241701,0.5025779213894087,0.5177617382475982,0.49783145809148477,0.20518520773926158,0.509844587478972,0.22533287139353375,0.49807243360637526
-OX--O---,0.41040172143220033,0.504646726981717,0.4925547201236567,0.333506138366814,0.686602208758912,0.4940994145826625,0.2597141809235314,0.10997163239207947,-0.04229127514917075
O--XXOO-X,0.4918756657159999,0.5020614917868732,0.370077490886622,0.5044319971306804,0.49315116302367995,0.5049658737953755,0.5030151751530253,0.6872236060199453,0.4998080198615887
O--OX-X-O,0.5010277793339121,0.6864805746430489,0.6872379594563112,0.5060741941156672,0.5005180392730906,0.28653123194207475,0.5054231106113914,0.6299065694425603,0.5017841054244202
-XX-OO-OX,0.6872336842582581,0.5013647589127849,0.49985700980100306,0.6591336001472482,0.5093051514027481,0.5017591955641695,0.6614413301953284,0.5029515491042476,0.5006210139249196
OX-O----X,0.4955969162351662,0.5083690444427578,0.068238282223125,0.5057817133989535,0.06393558289872847,0.1405538019135094,0.6872379508586022,0.03797468835746509,0.5010160508991793
--OX-OOXX,0.49290610787580064,0.4979080594839229,0.4943183703231324,0.5011696324455805,0.6872578523973438,0.506989554671846,0.4918425462524741,0.5058273779778434,0.49049191626089816
--OOXXO--,0.614383686447842,0.4111940284355834,0.49312462749726876,0.4921841992808554,0.49425378879976517,0.49804299624561305,0.5044646303749555,0.6881264438838072,0.585351741120158
-OOX-XOOX,-0.07426622487462642,0.49609547165838114,0.4974440142681501,0.4947388619464056,0.6872377701086947,0.4988244798106268,0.5011261374335185,0.4962876214800015,0.4979738536105648
-O----X--,0.06595358327917855,0.4926599375734444,0.006779005833197349,0.792605171243757,0.15361313365960444,0.1229568827342099,0.501958670042608,0.7672399234116849,0.6872380508462238
-OX-X-O--,0.8633653566965007,0.5376916277911267,0.4822028004232793,0.6875533458870323,0.5735618323979399,0.686508295896586,0.48863584289798834,0.1504841877263745,0.6224902039158139
-XXO-O-O-,0.68716070780659,0.5449781371546364,0.4188728096503634,0.4375979575489679,0.47052916736432365,0.5586273597935824,0.1757092566476557,0.5980047451449891,0.9513915573237292
-OOX-X-O-,0.5015346378764542,0.5085217394468265,0.49153604832614606,0.4990121061529374,0.6872422352678528,0.5089016840464791,-0.4427687745543928,0.4971362833710681,1.565804561033972
XX-XOO--O,0.4998336384384608,0.5012162509611665,0.6853446118930865,0.4970454094988238,0.4919541229001756,0.49225318489703485,0.6868014466193015,0.5005939265432418,0.4928550867312815
O--OX-X--,0.4946101267494209,0.6872273948885094,0.6872379594375366,0.4932484534850083,0.5041384347446546,0.11558911241320935,0.5066888703036739,0.6958801575356163,0.6872339255276065
OXO-OX-X-,0.5097758854504134,0.5087257362508444,0.5070403473841313,0.6809230625130387,0.49627572642055306,0.5002780881517376,0.6465427017845357,0.5053967825386998,0.07251747499374406
XOOX---XO,0.49715446885311093,0.506417010235908,0.506226124332307,0.4940593280260465,0.4926446974530007,0.6469055771228427,0.6884848634386598,0.508973664686094,0.507964621651915
-OX--O--X,0.49207248272605786,0.4968289725225277,0.49267131371587736,0.5253888487871945,0.6818202913983693,0.5057606515735417,-0.9903609760730483,0.6742413350376645,0.5075449315991274
X-O--O-OX,0.497105111092443,0.4917360938369998,0.4990244617663397,0.42285439850970463,0.4904123547904542,0.5005647946348669,0.5033076990485239,0.5034041562926348,0.4972151663539272
-XOO---OX,0.8686096683352539,0.5039810225269852,0.5076476845866476,0.5005682666427655,0.18286629811958366,-0.029690918620457696,1.0001409464244002,0.5099741359128034,0.49013017127923886
XOOO-X-OX,0.4947480633350831,0.5003282082078353,0.49822717987103876,0.5011069132212362,0.6872370341531688,0.5010561557145173,0.798592971495895,0.5084309241480129,0.49352535865418934
XX--OO-OX,0.5822716763050619,0.5669931143144988,0.6394045700802579,0.6872149298413205,0.5335777854007363,0.5610802090144675,0.9581926219803389,0.5791317590405367,0.5621423819379313
O-O-OXX--,0.507156722736958,0.3188490293612417,0.501957491121238,0.7862966683200073,0.5041986994569707,0.5051134501660067,0.4956552402086332,0.28070946586936485,0.3121747438814907
X-OO-O-X-,0.5012712967108588,0.4907189956622669,0.5079741971382639,0.49669797713949476,1.1264634455108369,0.49311764034479233,0.09480963350535276,0.5090153535829852,0.6445692746478136
--O---XOX,0.686235644489838,0.09478335554214246,0.4953528889717146,0.675821603849122,0.6673953162271931,0.9480747560945696,0.5056598458987417,0.49163134687669496,0.5099150314012568
XOOO-X-XO,0.026955535616221327,0.29650991226408663,0.48811292991003197,0.233136743780876,0.04731601474859426,0.0845318020811795,1.3637681761572167,0.47837661585236657,0.6752964766041698
O-XXOO-OX,0.49121633896226347,0.08119228473305062,0.49921306367482915,0.5048645840868415,0.506287745253267,0.502924694412504,1.908840366998999,0.5096218899078581,0.49674728686361835
--OO--XX-,0.44954179282211104,0.6886040758070342,0.4910772371196905,0.5062646982837519,0.6871450433060463,0.6786374886360297,0.49416948082917084,0.5075936307252278,0.6868304813126805
X-O-X-XOO,0.4999699030791618,0.22618880535209662,0.5040903221964697,0.6872370936060019,0.5073858725751899,0.23233081266436,0.5084372484281231,0.5038537272738681,0.4901292324908245
XOOX--OXO,0.5072224622608381,0.5073331989208225,0.49375933315985954,0.49247218152010114,0.05801081288840482,0.8932204606773595,0.49427156699560165,0.4935142472780602,0.4901799227770195
OO--X-XXO,0.49213012228523206,0.5056831969022332,0.6872379594563112,0.6707161515729122,0.5043029019515066,0.4099559474267034,0.4903119412702705,0.4964418525665294,0.5060975439898229
O-O-OXX-X,0.49161506094664,0.49225874593482205,0.4997613536388426,0.22705387840002944,0.4929938651294293,0.4945132212173902,0.4948681398012541,0.6872412642096936,0.49082532714689664
-XXO-O-OX,0.6871443858142279,0.49908030156515615,0.5049710653374285,0.4904536213838862,0.6468333425221173,0.5019789063144626,0.6563865724678444,0.49479546168337635,0.5019531977713277
XOXOXXO-O,0.49746901951049094,0.503835090631652,0.49101973825767603,0.4913080494262158,0.4998454764131678,0.5013462090554897,0.4981030502649008,1.2341533702973473,0.5083186291558132
X-XXOOO-O,0.505060394292469,0.6872387375335431,0.5047804541669594,0.501178698940252,0.5006167862201435,0.5031719029390872,0.49270605587243016,0.12621640498271813,0.503421664802266
OXXXOOO--,0.4965254869203388,0.5059596131843117,0.4950154080329566,0.5001283279826387,0.4956112097671252,0.4911653967066195,0.5002998791398483,1.252464746617739,0.14903960523007026
X-------O,0.49308500267586075,0.08417499260803457,0.688318886989126,0.038569127133908365,0.22663695630637193,0.5585888312063997,0.5347296374988331,0.035474572515149905,0.496988685830891
XX--OOXOO,0.4626822428375181,0.5841031531946561,0.6872379552937038,0.687237959456311,0.5335857331759505,0.4646738047218969,0.47570436347008715,0.4849491374959056,0.47054555757706307
-XOXOO---,0.376050358710032,0.5006523633217058,0.5084339802919912,0.5032803955146185,0.5098029619428048,0.5009551099478968,0.49485689756455264,0.4921277548671885,0.49390386190138263
X-OOOXXOX,0.4914616889385461,1.012238822892808,0.4943319841641937,0.5046832324009843,0.4963168182866627,0.5076650255105981,0.4937961053683684,0.498977920039176,0.4921773264896123
OXXXOOO-X,0.5039261230759119,0.5079277925357919,0.4984036147187684,0.4977802239653367,0.494551308841678,0.49303440093801926,0.4949907233263991,0.3391308417510174,0.5052390388100019
--OX-OXOX,0.6785325923817295,0.8094016566015471,0.4915960177342771,0.4918083687733132,0.683949178063875,0.5056979890472784,0.5071852987751669,0.5078719509945944,0.4924986644281593
--OXOX-XO,0.2823749081181529,0.4961308301956633,0.499732869027225,0.5040532450953966,0.4929780362268931,0.4917109744290414,0.6883248077218493,0.4978507169032745,0.5089171438211255
--OO--XXO,0.0563479500558699,0.7189101826502571,0.5799329352902987,0.5610357824705149,0.1261788393634664,0.4005713829336556,0.5516142814591859,0.4653614758832985,0.4349894594051215
--X-XOOO-,0.2508068041868329,0.40387363570360746,0.49702329955782165,0.39480935471034956,0.49401348932672606,0.49204944489997005,0.5015967030527433,0.495068659583735,0.1319582932982699
O-X-O--OX,0.5032184009450245,0.6484424149208834,0.49784624487187096,0.14609633739556416,0.5003122304367557,0.6872543049974452,0.3007315979223545,0.5010330763979313,0.4928653482441699
XOO--X-OX,0.4901391567096943,0.5077694985946638,0.5036186964951229,1.3438887367515282,0.6872387149292639,0.4974990996385805,0.5000584318621456,0.5045210500473649,0.497281339835217
-OOX-XOX-,0.843805054997013,0.49884216356311656,0.5080449615791605,0.49252504256796503,0.6876685844060231,0.49798555005287065,0.5046242506013862,0.5046274190146136,0.020926563656764263
-XX-OO-O-,0.6872379614179722,0.4933608619391214,0.5310401571048003,0.013383300193047454,0.513157094564222,0.565548311680193,0.25927014897539125,0.4956487290988822,0.3361033441669552
O-OX-XO--,0.4878205850477477,0.40850691848821474,0.32389186777375056,0.8725810922988139,0.6872357669037734,0.1909936683472092,0.9957536247603502,0.5455875697743898,0.539172915325609
X-O--OXO-,0.5055193229940319,0.6656894311424821,0.506661981003295,0.6441334252123767,0.49850346487401537,0.5082941641305977,0.50510455091213,0.5091923507968965,0.818371812323979
X-XXOOO--,0.49995609675882347,0.6872338550919772,0.4932557276777445,0.5094664892173548,0.49369923591975645,0.49216144597366923,0.5096874802691997,0.5041835943899876,0.18754076950623677
XOOO-XXO-,0.498984097712278,0.5045924154973677,0.4968118311182937,0.49310570890758265,0.2386617649520179,0.49964362847421334,0.49374635810303974,0.5071416625748606,-0.10243121954168344
XX--OOXO-,0.4946753077873837,0.49016120330911844,0.6872337248832519,0.6872379594563112,0.4924244575607338,0.4985838104077581,0.5024646353650318,0.49899155187783234,1.151431130582207
-O--XOX--,0.4164029842765846,0.506593190610171,0.6872379593731963,1.0301655106037493,0.5006689280488039,0.5028042526172944,0.4915555463928657,0.1117487182934811,0.6782364316123456
O-XOO--X-,0.4951613544575812,0.32253958652657877,0.5046173128295207,0.500736338041699,0.49747409921830665,-0.25757203711254495,0.46165756006981284,0.503974656910965,0.02817051461922826
-OOXX--OX,0.6873161368865993,0.49178486578194863,0.5068869461740662,0.49824529194733125,0.49760659949231795,0.6872336460363635,0.10832276296811516,0.49323787671117264,0.4995545774000749
X-OOOXXO-,0.8409369246900796,1.982943145427999,0.46242183248242064,0.33883622074845743,0.681623461013721,0.18065858932859824,0.7575976991987527,0.7588226074022575,-0.9667698027085245
X-OO-OXX-,0.5737488282855725,0.578657220055429,0.030747963974528503,0.731809683837442,0.09770293359300042,0.853081138510727,0.1788717404798582,0.3869024706786328,0.22984191070046056
--X-XOOOX,0.6872379954035044,-0.1615733490879705,0.498612068033328,0.6851944770620837,0.4921501125375858,0.5056362386823733,0.495622411432145,0.5056115431697756,0.4904830752503296
-----X--O,0.3033771983140383,0.5994899755889295,0.5098936271831755,0.15705379033519157,0.6872189178282703,0.49628104984396837,0.16972070385850135,0.6895033149004745,0.49143123586415627
XO---OX-O,0.6398514191639483,0.21656520810822344,0.6872379510316549,0.16743216002326045,0.40097778776450044,0.4544015975052088,0.27245795849825194,0.19793474583340365,0.6478272770458824
-XOXOO--X,0.42202594261305293,0.5143615493263665,0.526024587764458,0.521653509900888,0.46938716019068344,0.42440781355203233,0.6872379161696991,0.2809185641200328,0.532196354716509
---X----O,0.4169251824308327,0.022291695986908833,0.4592572549382675,0.5002128639755409,0.7715080753504319,0.2259386148212062,0.6871743348340655,0.4826732219433178,0.5017022936781376
OXX-XOO-O,0.8019052377562598,0.7417308045458657,0.8518123125949186,0.22753496063511636,0.7996094246423675,0.6314218767147997,0.42924724032685657,0.687064419684036,0.6690506310155898
O-XOO--XX,0.37455332746902814,0.04410702968788838,0.18159117829903149,0.6501160803196048,0.08039215833704316,0.6872343903642549,0.5573870573637383,0.9000748368834647,0.26448125404271083
---OXX-OO,0.18769923808232436,-0.02958818901892135,0.8542786602297912,0.5093324654166882,0.49283106584896125,0.509845362433151,0.6839764806295647,0.4961371754999077,0.49763783762682645
OO-XXOOXX,0.5220869498303498,0.5179822338085386,1.287804740455818,0.5610173899286314,0.48812151803791787,0.488020825141,0.4732347375764735,0.4773776274625869,0.4901887783997197
XOO--X-O-,0.9891437191606165,0.09520858825170764,0.7886406885451366,0.5936325057465407,0.6548727181571821,0.13449296099902364,0.17134026383185452,0.40942585609044935,0.26617284745496794
--OX-OXO-,0.6872422352678528,-0.2342312412813844,0.500600725978881,0.5075132713835414,0.5008326300464307,0.49358246060719124,0.4971273516346457,0.5012310203107974,0.49357564496074785
X-O--OXOX,0.5061424050348013,0.6853914309203516,0.5072084932396886,0.6872379594563112,0.5048085836101687,0.49907441160045724,0.5083634631871445,0.4956687638841431,0.4902987692171246
--X-OXO--,0.6494189732056448,0.6783961016223542,0.49033086391030034,0.4923519067280242,0.49670624756630793,0.49350380006982525,0.5042720171155224,0.38089899439995534,0.4981395388353885
XOOO-XXOX,0.49550799305394955,0.49959655596704533,0.49773869073428256,0.4909224206199521,0.687237959456318,0.5091923057488908,0.4950793709716791,0.5006500300685207,0.49839067202937104
OX--XXO-O,0.5069977174034856,0.49879707624074787,1.7952677721075476,0.49202633989419575,0.49980676170964305,0.49315591460265723,0.4929445511521525,0.6892421596514203,0.5063757146720058
-XX-OOOOX,0.6872379594563112,0.5099297364589498,0.4939770996998005,0.5604621215866316,0.4918807973380401,0.503328150636457,0.5089036406038204,0.508032690171114,0.49621524475412515
O-OX-XO-X,0.49642004926266153,0.1411871784319359,0.49484378045691574,0.4991117285369941,0.6872379671638155,0.4977503400520733,0.4988442940113355,0.4900606966992898,0.5090090561188015
---O---OX,0.05337244080114373,0.2415784456850243,0.6872379596773506,0.49591326618838183,0.14245356393952646,0.6479350189343619,0.07316726787454786,0.50561456444241,0.5096775445659812
OXX-XOO--,0.506329780403762,0.49618570345360047,0.508182546348893,0.23831177748123722,0.4928650546680081,0.4921799602681251,0.5016259631649217,0.6872379594563112,0.3806374153048482
---OXX-O-,0.7812956852682867,0.16329127039108915,0.16683532491887243,0.4980159978489594,0.5079962844109789,0.496502431022328,0.5704856036948872,0.5097634161831847,1.3626658797982238
XOOX--OX-,0.479597194888743,0.6491613745183659,0.2917096122308497,0.8310517683600938,0.13198515467135852,0.2111413583395927,0.018293775062352524,0.3726043455403082,-0.27509619185073575
X-----O-O,0.4928187322318412,0.12686430312833025,0.38922286981325227,0.005426823361922906,-0.18110039692021562,0.0870575201164836,0.5054187751435112,0.0057738722258046105,0.4954888818098111
XOOOX-OX-,0.49014971656559125,0.4925545895220403,0.500603288151083,0.49173801566608305,0.49824119723839305,-0.3126071877539566,0.4903972100053455,0.5081577525655417,0.6786342524174561
--X-XO-O-,0.6872379594376121,0.6868136185992881,0.5007609131282911,0.39896577276751727,0.4990057690640601,0.49428531838624046,0.6872370491499254,0.49423382006800626,0.4510716283836217
OO-XXOOX-,0.5971240282783006,0.5971659472403669,-0.026211767496407856,0.4842707409167432,0.512987063677455,0.45653537795161303,0.544603373245917,0.5001638718976813,0.01586150235364603
OOXX-O-OX,0.5296096302642235,0.5377545376475906,0.5905346040606271,0.4755824887368371,0.49143763002601143,0.44229343986952374,0.4567965473433059,0.4244268443439989,0.5018306438897137
XXOO-OX--,0.5057201878249276,0.49974780245081635,0.4989828423691273,0.5069875549741087,0.48709957637719126,0.49381040672364435,0.49713504884595755,0.1079011986140509,0.9423135904501772
O---X---O,0.49255149107486873,0.6831637559047865,0.6677522809370503,0.6056381977021302,0.5016850492425193,0.24565732062768247,0.04566903343887141,0.66210465896645,0.4927171544775103
X-OOOX-XO,0.5473320310636899,0.2593595712750679,0.5723242656688433,0.5613887678762379,0.5094981276498092,0.5870501492566765,0.4426165451088037,0.4567627649034874,0.42692824139156155
--X-OXO-O,0.021708291684852554,0.024970893190887744,0.5559328500096125,-0.12641566658285364,0.4324497594754352,0.5142329270308447,0.5119931622915683,0.46367100925220095,0.40554474707750465
-O-OXOX-X,0.6872191541801282,0.5033963534053896,0.6872337188814378,0.5045827366068117,0.49692718659191026,0.5001453286161056,0.49929222502543974,0.6872379594563112,0.5090866867136022
-OOOXX-X-,0.22634941918761575,0.5034618180759102,0.4958192365431737,0.5034862112468309,0.49561015302905287,0.4936566781072792,0.4972172380460749,0.4936737879619879,1.3206967208330305
XOOO-XOX-,0.5085100239659859,0.5086234408178961,0.49960555090365727,0.5008182318595209,1.1418416246640057,0.49076264388451174,0.509559647068133,0.4969327395993423,0.2149597506430162
X-O--OOXX,0.43867128218406193,1.1017957713914086,0.5940347468287204,0.4920867589876716,0.6872379594563037,0.4480427322625754,0.5126111345411936,0.5845812964428454,0.45032718176590547
-OOXX-OOX,0.6872379671127727,0.5016837519894428,0.49666117520086434,0.49256835645017444,0.5017038619459516,0.6473643760498128,0.5011614771200599,0.4949118333523539,0.4904073572409509
OX-O--X--,0.5060992520658651,0.5050238704854291,0.502393275088361,0.49510068083687436,0.6872379593683802,0.23608225185492993,0.49011628064199436,0.7668880121877902,0.8609547523489343
-OXOOX---,0.040846416230058136,0.49013347890255593,0.49273494157738207,0.49421595386801226,0.5063269528237104,0.5037345813723642,0.4973480719406195,0.646926572050759,0.687314026460446
--OXOXXOO,0.6872375177178358,0.2598902929419301,0.5150128552135436,0.41100128841481903,0.5690913236945623,0.48458858001047456,0.5638054129051142,0.533466208331161,0.5662799983985277
OX-OO---X,0.5060660303552467,0.5059106926189108,0.505358582041612,0.49176191964959315,0.5044967765520673,0.022076259268847265,-0.16423628534706813,0.8809640495429176,0.4989758207581921
X-----O--,0.49676996059801043,0.06817938584880778,0.6898562519040135,0.084623011685656,0.05912995226910306,0.021737435986452835,0.49204405314956606,0.38578698953600044,0.32797505382888514
O---X----,0.49061911483140364,0.0933351307674794,0.48947480602538146,0.1396634621559925,0.5076258100716281,0.4721199137536325,0.4970710463364665,0.19903037208790864,0.005105358972580687
XOO--XOX-,0.48793871205118644,0.43502070947573385,0.4044642768261134,0.5015675708777477,0.6868522330345389,0.4774704666830156,0.4405277193116182,0.41084661718535814,0.6992182023920552
OO-XXO-X-,0.5039395712149564,0.4993516841521671,0.2153139134369303,0.5035762861685151,0.5055502102256224,0.4905377965108803,0.3061482509421535,0.4902141338912736,0.4492859920383104
XXO-OO--X,0.5099396141402711,0.5063938438597517,0.4932861408306707,0.5309105413218584,0.4996233298120547,0.5013204322659994,0.4008514728428398,0.07709536555796193,0.504384049998415
XO---OX--,0.5086376625242299,0.4903870245632927,0.6449369774718834,0.6853478157039021,0.5004577876836518,0.49145700495252703,0.5069617673044478,0.6285112399631715,0.6872379594563112
O-O-XO-XX,0.7544996931331132,0.6873517777370102,0.16264467967976548,0.52497918747894,0.2930563566524659,0.6948096526506647,0.687241940377208,0.5872536748970818,0.40911207267296723
-XXO-OOX-,0.5051379480448028,0.5033995481537867,0.5030295086768513,0.49027752960691245,0.6873094920163073,0.4961865054078206,0.5062027630734582,0.49358790137248265,-0.32626376314279126
XO--OO--X,0.4972812927759342,0.5068729548618017,0.17020742273324935,0.028917239905107528,0.4916237582851576,0.49834958358023135,0.7097265891975943,0.2377708978585114,0.5001480720044221
O-X-O-OX-,0.5837750244325847,0.4382706915483815,0.45649334597223346,0.2959236631206744,0.4069479132635037,0.8034207671350801,0.4201359532730247,0.49265618528399424,0.40096154332528544
O---X-O-X,0.4965136920261911,0.048606404685045734,0.07370643529362375,0.05804347837378754,0.4910344069073119,1.4058801341732903,0.499420468504273,0.5891141431300233,0.497737660887607
OO---XXXO,0.5001737333438935,0.5011805593045758,0.6381837289322395,0.28175424886899925,0.5051504372081403,0.4949274478742842,0.49231801337106357,0.491279780601926,0.4999298119806528
XX--OOOXO,0.031906080801615944,0.361964327883891,0.687768052259185,0.39408458463530277,0.647738267960974,0.22105789320162417,0.665044318326677,0.518312514694859,0.33083610675029473
O-XO--XXO,0.49481268798352407,0.1793096821475938,0.5009689540509985,0.5070702360215312,0.6873140428080327,0.023838792995227787,0.4968641852051619,0.5097767233134504,0.5034442829521295
XOOO-XOXX,0.5028741407849978,0.5053269242890863,0.5001237919460152,0.4934915714170997,0.6872379594598601,0.5010145666942988,0.49323158816107654,0.5095706121254746,0.5024747931588147
OOX-OOXX-,0.49525571893648995,0.49773685919950134,0.5094036606714506,0.21477769010649356,0.4921534343810326,0.5036004320297106,0.5042854948792057,0.4997881666782085,0.6872379594570739
---OXXOOX,0.6872379575952402,0.12093923051365368,0.6872379594563112,0.4991563333917355,0.499725834142289,0.49923806250857017,0.5023083896225685,0.49722824341898897,0.5048693722606759
--XXXOO-O,0.09467808611182715,1.0983896611538024,0.49272762231460276,0.4929902622997409,0.5084168163973356,0.4958156184395409,0.49313357012105474,0.5516475864140241,0.5068284700375635
OX-O--X-O,0.41898921232039305,0.5062714529559295,0.23012704504723414,0.43433193440361156,0.6868608932998828,0.1210441941711562,0.5781797488587898,0.7933380174521996,0.4290379459454956
-OOX-X-XO,0.686892473697191,0.8808630972693593,0.533036574705165,0.05306251539250251,0.24636813605278618,0.768355092430677,0.29245230321334603,0.24247121939520055,0.7534638612693901
OOX----OX,0.5500145586147107,0.5257469156097849,0.5695065630768179,0.6580479175920588,0.6878084686892086,0.6872379090067466,0.2851570929863403,0.4115100529566882,0.5381034360507821
O-XOO-XOX,0.508589645470503,0.7723902683073272,0.5881801235821891,0.5649746984088468,0.454176963141641,0.6872370932424591,0.5235483423052207,0.41204538169140237,0.40448322096793143
---O--OXX,0.00298817072729618,0.42774823452900146,1.0412580580478938,0.5040821429187226,0.6878905303974749,0.03354184482840167,0.509129228723242,0.5088655919950811,0.5073554576428418
X-O-X-OXO,0.4999033051889296,0.6872379594563112,0.5022511577650893,0.507107668037235,0.5018831564219013,0.6872371093989001,0.5005010895987005,0.49268017862465224,0.5090996423100673
-OOXX--O-,0.6872269481401156,0.509740255720595,0.5965345678170022,0.5730369804197386,0.5283896282904729,0.6810881178860216,0.46191985477987674,0.4736241771770265,0.34324070585966093
-XXO-OOXO,0.6794728163555717,1.5939510300163862,0.2680511769211936,0.4765931413445461,0.6855799049705211,1.2646380005684912,1.13404503596202,1.6996187989557716,0.49148516557648925
--O-O-XOX,0.16558377713089933,1.4041632290853765,0.448480173989407,0.28685683081139246,0.5702516006828111,0.09670952537518096,0.504452377713004,0.4234182266935181,0.44265427558260373
-----XO--,5.983115339581735E-4,0.5277497107112181,0.22831408509336848,0.42912548446637155,0.06195113700288041,0.5035489377801455,0.4904817972906989,0.48521295703742917,0.6872379594563112
X-XOXOO--,0.4976325767329686,0.6868249937890724,0.4925460179083754,0.49872683058437783,0.5039244439013679,0.4907535743332373,0.5093436778176419,0.6872379594564748,0.6871451067964617
-XO-O-X-O,0.7655421275055992,0.18565846644300266,0.7354322137697086,0.2136542933326364,0.52166613124872,0.06892422601868775,0.7263098973292151,2.0222972600926132,0.34168917515592623
XX--OO-XO,0.42436947245053785,0.5631434978536167,0.6872379552801552,0.6282573198443614,0.5669603166294267,0.5549549956159257,0.02378098174414056,0.4853810747520577,0.4286710035201694
---X--O--,0.10922261703232872,0.06389121566795947,0.5447218769255219,0.5003861859859112,0.6932670928599919,0.02459352699137951,0.5074464079067471,0.7199065130099098,0.18794710286678612
-OOOXXOXX,0.6872379594563112,0.4645021409124425,0.5185187062182138,0.4163855575869312,0.5983722907228347,0.5405957943561748,0.5074419146264268,0.5140097503651915,0.49675164059234983
-OOX-XOXO,0.04436330124718102,0.4948963450124542,0.5055935300383079,0.4921273835994804,0.6872379609724697,0.4971898781950393,0.5094220952219579,0.5049053015236301,0.49621420263134525
O-X-O-OXX,0.5253452578443286,0.04035270796564927,0.5601905300350202,0.3727714263335574,0.43476342553529695,0.687237968582781,0.422439120032203,0.4060886003848654,0.5326348572118227
OO-XXOXO-,0.5090851706669426,0.5041588803829182,0.687238730474557,0.49946354599138676,0.5035759912870065,0.5050559362274082,0.5009726585257838,0.49694436968682537,1.3872547541842755
-O-X-OX--,0.4991280092696664,0.498712111447582,0.6871522193145115,0.5075880143575185,0.6871852928393885,0.5001132564720427,0.5057980371397849,0.7536410225400759,0.6872379594563112
---OXXOO-,1.3604180799129193,0.5048884076780943,0.052094666945877,0.45458932593494084,0.18737219780430792,0.8793399921155596,0.5562565887630038,0.6428485012247334,0.6855664826724073
X-X-O-O-O,0.4938591707860059,0.6871447065033642,0.4935342741103126,0.054094922808006596,0.509199128495528,0.3048761766228467,0.49520945350555223,0.5447350110277751,0.4928372068779542
---O--OX-,0.16987180538926266,-0.2574291288356143,0.11395729818866507,0.5092604841814216,0.6471341781134061,0.36486146867939306,0.4958306564444591,0.49189079469696895,0.4909701454415013
-XOOXOX--,0.6920903850387486,0.5411289865442945,0.32903975201651237,0.5733350956799288,0.7279402921523727,0.8686747749376023,0.17609255327549955,0.6513501383002744,0.6876137984254735
X-XX-OO-O,0.4909680952813471,0.6871455033761787,0.5052661008428238,0.5040141709666606,0.3930016785486229,0.5062267430687832,0.4949437645365483,0.7115751556834767,0.4975894307578029
OXOXXOXO-,0.5074694481006186,0.5092124144351103,0.5028572690467689,0.49339069131172575,0.5009220412149333,0.497819247398354,0.49944957460679823,0.5071346042087849,1.024820579596418
-O-OXOX--,0.6816004604646924,0.5008941228565389,0.5091220960531935,0.49265538346414467,0.4943812020483043,0.5097281284818922,0.49870845187607454,0.6872379593751898,0.6779836864702127
X-O--O-X-,0.49742596934457983,0.620381453942053,0.5007041822476319,0.4573045326043611,0.03561735951877121,0.4911534747425764,0.4724142686047822,0.5022482069829782,0.6847997084454926
--X-OX--O,0.6749598843071981,-0.08266811757490489,0.5971921413957262,0.058466967421822,0.4389982840692901,0.40666981155830745,0.07904282496987258,0.8862232749903668,0.4401060907849308
XOOX---OX,0.4613443635535921,0.5760874277848782,0.5808542202202395,0.4130015193825853,0.6800581850853769,0.8493502675098359,0.47809119188511556,0.5091360115902992,0.43440464879418805
XOOO-X-X-,0.5054049298319878,0.4908764380039218,0.5060648583245446,0.5094399036641293,-0.3587814135762255,0.49148338903727884,0.5912146048215992,0.5079707328164654,0.49711587281560277
XOXXOO-XO,0.5032440793590947,0.5097557593642382,0.5036876639885041,0.49189788587173433,0.4984418462158566,0.49627542846042366,0.6872379594563112,0.5013555547243636,0.4920213204520331
-OOOXXOX-,0.14089413568274406,0.4922695321501656,0.50319056436949,0.49137924981896197,0.50769849173004,0.5064173078697211,0.5095793103845476,0.5037679001877354,0.5226889325826785
-----XO-O,0.6281657219171091,0.6630690035993483,0.011606341792274932,0.6994659259960702,0.15276900404064653,0.4935739213854026,0.49043285373942286,0.05521034868026997,0.5002894854927745
X-XOXOO-O,0.50255135483786,0.6872370826150027,0.49494330052544006,0.49785543675759664,0.5094045217284227,0.504809384541228,0.5024140853387127,0.00128391557388996,0.4965873091605671
-XO-O-X--,0.054391977650898204,0.41017784777233773,0.4631575750859763,0.6445973342735108,0.5920638384660415,0.3564310853279966,0.5314901320377255,0.6449067016065849,0.6513501383002744
O-O-XOXOX,0.4903840814741476,0.06577238458711299,0.49003981022501014,0.8112927434629228,0.5067190151031614,0.49697456375304566,0.5087295856189993,0.502661974421044,0.5014242294264333
X--O----O,0.5084269824913586,0.6852220982371914,0.1445454036238047,0.5085754349812132,1.1349695251591332,0.09677910449185911,0.00924024420227243,0.3017531580634105,0.504988960632079
---X--O-O,0.2537762654208247,0.4566268427030899,0.21080085498169177,0.5073113685956708,0.021042795798900782,0.7311354525787855,0.4927509877977728,0.2974397584570872,0.49317997417726706
OX-OXX--O,0.5068200193196739,0.500888016989569,0.5092198488142973,0.5012475029347612,0.4923006775662684,0.5089512037234801,0.49539242173613846,0.6872533345980624,0.5079237075198875
OXX-XO--O,0.41671578700994244,0.460535404900148,0.46521403157946783,0.6741410488542712,0.48452757279604397,0.4801322710750339,0.6872171945799093,0.6872379578188762,0.4813315095951778
-O-X-OX-O,0.6789793628196544,0.5963638031718643,0.6965078739369721,0.5496478694259314,0.48565226731140393,0.44026099610695896,0.5822854463340379,0.4509938257989214,0.5216147686351227
--O-XXXOO,0.6873383162111208,0.6463923395377217,0.49824314895695665,0.6872379575853566,0.49560502011246355,0.4930570635478229,0.5039035254579514,0.5052112684297313,0.49948068118262773
XXO-OO---,0.5065586940555228,0.5022308453718574,0.5055037434851523,0.04630374352957317,0.5003450455974937,0.5023417931010652,0.6414346298703901,0.031029726736614527,0.36599896472768484
--OXOXXO-,0.644454649415033,1.4468930123113526,0.501783073269233,0.506780647094121,0.5036443476428542,0.5036950010158955,0.5086766593006008,0.4929676285065181,0.08240236592559669
O-OOXOXX-,0.4910422007260551,0.6872188687623554,0.49685785698547585,0.49584058866078456,0.5071284973346072,0.4988034445288497,0.49877225326962377,0.49989412926067195,0.6872379594563112
OXXXOO---,0.4957811948484511,0.49876479419383574,0.5030152261652324,0.49299265170837075,0.5010290185830483,0.5087649156361163,0.914424131520279,0.6978516669357532,0.3342193371727429
OO-XXO-XO,0.5049528344435353,0.5021606449400112,-0.36423478403737597,0.5094302484154064,0.5042010551057202,0.4987663176749959,0.12817251779643113,0.5050480971204078,0.4950132999365727
O---X-O--,0.5097995400070636,0.07555051378053002,0.09560540345863655,0.35306758192470533,0.49014072092696187,0.08543477767357377,0.5072339338399532,0.9246473664695256,0.01864397846739263
X-X-O-O--,0.509291596959974,0.6872379594563112,0.49247197473893406,0.027299873538731534,0.5072278456383673,0.6872379201595393,0.49679124450526363,0.6853307735842914,0.5030334410557364
-OXOOXX-O,1.1780243105008172,0.5243853239557353,0.5830299032514946,0.5082237975205077,0.4403460809500717,0.5527905532839109,0.42088719209913333,0.8919025039898774,0.5994843586149559
XOX-----O,0.5362640829562948,0.4791268380082458,0.5614661236153271,0.6276367353321459,0.6444626857516753,0.05728833903752373,0.685783047474702,0.5680578874290382,0.46489519831117326
O--XXOXO-,0.30067357232947134,0.67885401031672,0.658489770827036,0.1626101644497332,0.916928454941533,0.3300657623829587,0.9291941951081419,0.8046095841726741,0.2346347482541381
OO-OX-XX-,0.5031584721783439,0.5098296712118839,0.6872422352678528,0.49005552695141874,0.4996669175312385,-0.1709263212223855,0.5050421230156426,0.4941038890612341,0.4902744855616539
X-OOX-O--,0.4554175331359886,0.6871145727719116,0.4819549037239981,0.5570172888426457,0.5073839688959717,0.37171977424778835,0.5368593643559454,0.6872379550756806,0.6513501383002744
X--O-----,0.5063133797814585,0.6872379161975489,0.20714031827440743,0.49199930266830855,0.046568654809574506,0.027254421591088485,0.033792991141447404,0.015038242576024374,0.03878883864533267
X-OOOXXXO,0.495271428764075,0.560217313670582,0.509646516262852,0.5056209086907902,0.5010851518328967,0.502831688180273,0.4943023379900512,0.4922683366421024,0.49146929594236555
OXOX-XO-O,0.490383040429598,0.5087646996335541,0.5083888180719882,0.5090057591315572,0.6872412642096936,0.4999599963306639,0.49324433654349903,0.3137445211195164,0.49185563594659426
OX-O-O-XX,0.5650712675697311,0.5575291326709984,1.9037179967514684,0.5468532421584908,0.6872197563301764,0.5966504672292352,0.4785353133992497,0.4373424893371344,0.47207644591189674
XOXOO-O-X,0.5347236398362983,0.4454656194882497,0.4823082951223806,0.5283043695198473,0.5440298801100811,0.6872360522272637,0.5864868397756112,0.051675882101131776,0.5887065906279487
---O--XOX,-0.3454617034422329,0.7975867176744875,0.687246944127015,0.49227933715358496,0.6868268204436933,0.08444068662771609,0.4935232553687591,0.4937936420522798,0.4927077710981436
XO---OOX-,0.5020698751008302,0.49123842539689994,0.3778142086135478,0.41941650469430547,0.6994510426080901,0.4982203643989673,0.5072371103223923,0.5039232622141198,0.6782792302159742
--XO-OO-X,0.09621444155187442,0.3235250080905042,0.537808204579925,0.40334714873683575,0.04537433062832147,0.5169084147352774,0.4539317970908718,-0.1802692935932021,0.5455612332934218
-O-OO-XX-,0.6938612028136135,0.469050934159457,0.429214162296607,0.4050812006529224,0.4472204837518954,0.4495303854008002,0.427173320186297,0.5142116368139504,0.6872379595179415
---XOOXO-,0.4174830471370471,0.16434269622097225,0.05751136137835072,0.40308051874263506,0.5438420882952598,0.420076109037123,0.4480333740904583,0.4183451573512832,0.6605131306442885
XOOO-OX-X,0.49885438141438465,0.5022207473096327,0.49259401101311884,0.503320514635852,0.6872533345980624,0.4946575599448875,0.5035749442562942,0.6872377774542349,0.5037863229574995
-XX--O-OO,0.6852750337102309,0.5054045153467459,0.4969128623084211,0.5972277566191672,0.4396298301599675,0.5073414050895769,0.6873094920163073,0.4981355891889251,0.4934091599501762
OO---O-XX,0.5060202201858427,0.5492885175914769,0.6824958384475646,0.49959264773978557,0.44286781165788164,0.5209154951800978,0.663230034020839,0.4813388210102823,0.5060000070764115
-OOOXXO-X,0.6872381218618566,0.506613001735338,0.49193578070535326,0.4996781486571019,0.5093545880759522,0.5096740102788258,0.5095797437240429,0.12682845521993558,0.5083929442063779
XOO--X-XO,0.7911031811589133,0.7866285347603709,0.2756781483018732,0.28202216295660787,0.7131908176802426,0.5665099046641328,0.6621633289342312,0.011668622884693725,0.38119698531356216
OXX---OOX,0.5271573213487916,0.574440416024278,0.5368083713196836,0.6855664826724073,0.3303766031897743,0.6851114911747391,0.5574678354200326,0.5389810868474642,0.5563032717904933
O-OOX---X,0.506663459524185,0.15484438976480486,0.4913351322808403,0.5056188081830504,0.4926818712385889,0.2933703207477232,0.6761841109969564,0.4982706730378433,0.49308511652006415
-XOX-O-OX,0.687146150042186,0.5019329145975105,0.5016525571350681,0.5016653540610889,0.5099436254055516,0.49627118612500964,0.42915246392954653,0.49806020460939615,0.5096616962421278
O-OXO--X-,0.5084835163778114,0.20463967646573772,0.4907970278758568,0.4975501463861111,0.5009148608416252,0.5034436702204799,0.4324314224910337,0.5005991234923486,0.08273902897570651
--OO--XOX,1.4128445509456757,0.5708218290386512,0.47018977906417525,0.5219977474413586,0.6362711695484508,1.0606808530342238,0.5252170109702746,0.5645869759323697,0.4354171210868429
---O--XO-,0.21855036187507593,0.04790494503820075,0.6718335054211386,0.5086857554810359,0.580504064854398,0.36716588592046284,0.500850216535632,0.5043958048440556,0.06390332334687077
OO-OX-XXO,0.5079945776750494,0.4953480162058476,0.6872379597174539,0.5012439616665535,0.49945213807741573,-0.4613168375576824,0.4937257847796817,0.5097875194511539,0.4945617875335465
XO-X-X-OO,0.49889162540581095,0.4942211116820437,1.021189575738683,0.5029481630558013,0.6472118042512623,0.5081190537842587,0.6853346999249558,0.5054687021784179,0.49395979799682266
O--XXOXOO,0.5058960003867429,0.8718843919590822,0.6872379594570661,0.4959703249077146,0.5072096734572424,0.5068142802375768,0.5019448637789032,0.49858168777330686,0.5012436803976682
-OXOOXX--,0.0900197067654328,0.49277076651932633,0.4916558499422002,0.5039815934034121,0.4994452937767976,0.49225873856606933,0.5076657562959619,0.6206571053327254,0.6446680106840077
X--O--O-X,0.49586735988725067,0.6872181099056008,0.7034596382818067,0.4935711495466569,0.6872379594563127,0.22816723730128247,0.49402818511198593,0.6925959527526921,0.4903036145632946
-XX--O-O-,0.6868177647178086,0.5081964599030008,0.5050318825686678,0.4942991360050081,0.7468475435613954,0.5096966034413609,0.6852703902840366,0.4903806351813252,0.6852167327210488
-O--O-X-X,0.048417917107685005,0.5077253609673673,0.017214071772865935,0.713434803296071,0.4958049055845013,0.3291340462670656,0.4986183027098241,0.6872379594563114,0.49484829413486264
-O-XX-XOO,0.6868023991633704,0.5053249485077002,0.6872379594563186,0.49796367405767095,0.4987858408810157,0.6872195317310351,0.4929009406688041,0.49403498369583315,0.5009720638662714
O-XX-OOX-,0.5061495310077295,0.6625789856980538,0.49927653693882446,0.497295341928,0.4993361472056345,0.49346062695624127,0.49008961730894285,0.5095418365415609,0.3946489050078714
-XOX-OOOX,0.9744878884164105,0.5059914024752326,0.5094764336081931,0.4906150459411177,-0.43554955127299455,0.5057332536455204,0.49698832108929786,0.49011379942505945,0.4926824772167858
OO--X-X--,0.4925741437275755,0.509540920787934,0.6872379594563112,0.49416659399956453,0.5097948445501417,0.22709925095265093,0.4962144114853125,0.33037465767154217,0.6342855741987542
-OXX---OO,0.4021627627030255,0.5043125345870558,0.5021921415420192,0.5088414495534077,0.11005888099553962,0.15584429296630914,0.6887581621901797,0.5088834733901745,0.502623177589865
OXX----O-,0.5034645202938803,0.5015327914665646,0.49632949374553775,0.27502408225871333,0.3648964699894207,0.667898619423871,0.09984175983772364,0.5091544066692478,0.6749171546077604
---O---XO,0.16272374798708966,0.13407010588083246,0.7073793378633101,0.49516513323364064,0.04766046431853038,0.09981799909669453,0.0639374980503355,0.4953078846500794,0.4941441231199233
--XO-O--X,0.009110633499515242,0.23006891918614253,0.5042500210497711,0.4961380490358541,0.6872379594563112,0.49197538402476637,0.6252190020378997,0.21479116966466894,0.4963981972416438
O---OOX-X,0.5239430873135237,0.19031135149511602,0.23916389326832077,0.6748080729756136,0.5839429119694659,0.46306400733718184,0.5887043828593381,0.6872133711932891,0.582899688920312
X-X-O--OO,0.493521495195644,0.6872379594563112,0.5042543354808915,0.6707556477995222,0.4937375697014999,0.5065272579264426,0.5502688259050885,0.49850000904140457,0.5011816580518864
----XX-OO,0.6539636995128665,0.33439046633461145,0.07465285743546035,0.6872379594563112,0.4905214404303431,0.5097724204642551,0.6870215806944028,0.4916523701816108,0.4972678199692733
XOXO---XO,0.49958522772340447,0.49878829458333684,0.5042145532279252,0.4996418937637622,0.6846457520020407,0.5861315796675657,0.4985474139323802,0.5090501909769423,0.4968727990473337
OXXOXX-OO,0.5093790544263512,0.49117776229542004,0.5090638116321011,0.5007359310631236,0.5019075428429458,0.507075501616179,0.6872379954457539,0.5061313778511584,0.5038591362274035
OXOOX-X--,0.49003195699958485,0.5011484742827451,0.5025560448121374,0.4910577592614569,0.49168508868714283,0.5,0.508407473490396,0.6872379594563112,0.20224307952982945
OXO--O--X,0.4693994103008041,0.45563077764669535,0.47331119245462633,0.25272792673285205,-0.1111639816406157,0.5172240805936311,0.3708813585092401,0.645369439404347,0.4353464758472148
-XXO-OX-O,0.6872379665101157,0.5047847393666481,0.4962113171776051,0.49499555742254453,0.6438217590842183,0.494897702438524,0.49613543790833303,0.8891288534472068,0.4903971670025334
-O----XXO,0.6854624533711292,0.5075123742589981,0.7206554560822668,0.5065878178560477,0.6992866855409493,0.4148819842030661,0.49160163097684934,0.4982850600636074,0.49972409087909475
--O-XX-OO,0.7774134291730981,-0.2046000788944189,0.5099651080913679,0.6872379594563112,0.5014149473449888,0.4930650951104432,0.02911275475947006,0.5045692958913472,0.49186286934456613
OXXX-OXOO,0.49144392079205823,0.5046787696458459,0.49191770043817135,0.5023590102158174,0.6872379595323423,0.4950092647423664,0.4913134464626494,0.5057397122762578,0.505257657787481
OX-O-O-X-,0.5057762952997225,0.49510315435465574,0.02491558155818563,0.5054970612965349,0.6852678736251594,0.495387486450104,0.6851048441859943,0.5013945596050721,0.09343639323992436
X-XX-O-OO,0.45384222037749344,0.649968458142526,0.4034649906355205,0.5693254113839246,0.52526277486238,0.4822180974526804,0.6513501383002744,0.40126365616154486,0.48972820723360155
--X--XOO-,0.7368950016574249,0.2635344880415139,0.03741765824218368,0.6833967769244641,0.5090720385811933,0.28533939839249356,0.27584812952562676,0.6816762110387798,0.010635214388468595
X--O--O--,0.5039251259953396,0.025125041763348177,0.04964172670637623,0.49411206592430734,0.0452548718470035,0.3863176412869004,0.49527498726541247,-0.17927196737383522,0.5619564443423651
-XX--OOOX,0.6472886968807694,0.5085463581208536,0.49414618505937674,0.6740587457963653,0.49875505752780974,0.5070588607142456,0.5031048402471756,0.5003636164669909,0.4967682141156525
XXO-X--OO,0.49305233226830153,0.5043552021127384,0.5078344969596622,0.7316699102464657,0.5032033600020961,1.4254743772555778,0.08375214612662552,0.4988716533457655,0.49627427115118145
---XOOXOX,0.687233681504051,1.0644846546004794,0.49191700162252133,0.5046933910930509,0.4910908735795002,0.502436071858244,0.49654568683621464,0.5071834599707267,0.4936879637540825
-OXX---O-,0.5848939227715696,0.40113756938997436,0.5742330627986217,0.5800460347640697,0.6875863415100689,0.6778445383820225,0.13010361685832983,0.4999728399388452,0.26520710363965594
OXX----OO,0.4906549631215647,0.5088171253849245,0.49505598111717797,0.575673470022276,0.6232908263713397,0.2582614881489639,0.07893112749878012,0.4964277614639604,0.4901365445269481
-OO-O-X-X,0.09673273494555146,0.5608415836592543,0.4204072012105798,0.10390340435216672,0.5158832419828959,-0.19341383143311064,0.42635747554781167,0.6872379591255742,0.46660524699340655
OXOX-XO--,0.506543104973901,0.4941364388806225,0.4905398607557691,0.49645487008681966,0.6872186428692637,0.49724763498957036,0.4967184387357816,0.5041714200227451,0.46398919169975733
OO--X-X-O,0.4937785492231341,0.4968116176924422,0.6872379606967456,0.4601214742454111,0.49915327648184654,0.4950647808139085,0.4991489886383786,0.5087918132159277,0.49753782845469613
-XOX-O-O-,0.49071860825642977,0.5093300710404378,0.49212507902631836,0.509824096121908,0.508254864286784,0.49897620358175226,0.19681157783767134,0.5046324457846741,0.3942847159286581
---O---X-,0.10869049567402417,0.7859194763405305,0.018866844224469104,0.4964924534621476,0.6457573982972532,0.5816254341045033,0.016343743556162416,0.5055416346480447,0.6860559528453988
OXOOX-X-O,0.4922828185197192,0.4940536311065899,0.499011074860824,0.5065457354324391,0.49044350181156265,0.010455805347325486,0.4980352089027809,0.6872177976429426,0.5003932074284916
X-X-O--O-,0.49322948027910657,0.6872379594563112,0.49273355360871873,0.08972729689631148,0.4992982429692639,0.6893743674114614,0.14721895740638624,0.49776251328935717,0.9000240720950112
O--XXO-XO,0.5087131639220478,0.6784613402778584,0.6872379510701128,0.5079460905820103,0.4996635824164961,0.49611850191021806,0.4073286419552925,0.5018870800830981,0.4963605480782637
--XO-O---,0.24924441557114035,0.5476940452997301,0.5040618641680801,0.4967308351487439,0.8020865736872682,0.49603724943654387,0.6053045673261664,0.7113112731479203,0.05805354565769327
XOO--XOXO,0.49936765545474476,0.509441474753664,0.509400062141521,0.07938375051984603,0.7399116482326015,0.5057611175204547,0.49275241007447057,0.5044162029973209,0.5033883437319459
O-XXOOO-X,0.4986715031806578,1.187600874126805,0.5072103605197358,0.5066205219855044,0.4956511086468868,0.4979307488077473,0.4941977293730044,0.4110437479369846,0.49143437840602233
-XOO--XXO,0.48700535975584147,0.5030700279299163,0.5051661407361943,0.4966678097805728,0.6780728061403937,0.5558858669128333,0.4940859372845248,0.5020374350661762,0.5004434362396395
XOXXOOOX-,0.500586665882025,0.4935618228602555,0.4915218044849799,0.499954103474381,0.493502300552367,0.4911027756091873,0.49813384880753186,0.5026460207273645,0.18098296839383893
--O-XX-O-,0.6825607306973006,0.6826039969848225,0.49030055431461533,0.6872379594563092,0.5048616992212259,0.4972281163722154,0.6107736583818747,0.49855811929743216,0.6872379594563112
XOX---O--,0.49595013105735203,0.49908586625312173,0.5070327454188353,1.21325876630444,0.25007066857671445,0.3798060617157595,0.4991131017697614,0.41202526708693965,0.6857042258947067
-OXX--OXO,1.2221706564009578,0.4969421524236658,0.49229534562859706,0.5042609130350155,0.7234433153261008,0.6892397965714877,0.4926422993154962,0.4949857525016847,0.49708962795462985
XXOO-O-X-,0.5037601375216066,0.5090870500771433,0.4950429947968811,0.499495240744512,0.6876685844060231,0.4979029981984267,0.5096268934578987,0.5023391776203958,0.4808247567727837
O-OO-X-X-,0.6534125077232658,0.09474116128383703,0.7522217276082551,0.6448913560173598,-0.07624825649149902,0.1364453253116238,0.47472828193508976,0.4974499407460642,0.07380785527633238
O-XX-O-O-,0.4704068132708208,0.29879709659644127,0.925930196046497,0.12221455710218532,0.7068701132283346,0.44379201889137443,0.22637857749529344,0.20497154926116445,0.42173617121968476
-OOX-OX-X,0.6872379594563112,0.49340055319191467,0.5061044861339177,0.5093207549599293,0.6014289055119169,0.4950018685099817,0.5091270418815912,0.6871531919612563,0.4913162590786992
OO-XXO-OX,0.49446835060030564,0.5005585821204912,0.9958476299974073,0.4952255140066687,0.508471186816046,0.4908340775577885,0.10166199467974446,0.4934068824350935,0.508750123455831
-XX--OOO-,0.6513501383002744,0.4736879032026774,0.9007430281098825,0.6376906006050118,0.33570630827601244,0.26174583107027594,0.473300006600491,0.7671929784543421,0.6113388959124109
O----OXX-,0.5016600372278834,0.05005060085107227,0.3512723491261579,0.695678565152284,0.5098600778686334,0.5002532702100609,0.49718530324609106,0.4901723698695915,0.6872379165901462
-OXXO-O-X,0.5021666893468428,0.495166655457482,0.5057831643491393,0.4981356868009218,0.5031355942645934,0.6872379593693572,0.49223317557310065,0.5085424781591454,0.4969849944986532
---XOOOXX,0.2999354096934196,0.19896676781073108,0.0038929151688720243,0.4920515703877167,0.4975698727173216,0.5071183430054577,0.5070807002002684,0.49274301364446715,0.5038964458353075
OX--X--OO,0.5055028989074639,0.5016789763293743,0.2986233390452052,0.4947181998737272,0.5099959946163645,-0.33747598176742244,0.204774073536363,0.5098190986653816,0.4953896483493394
-XO-O--OX,0.4061643441302182,0.49556284954408014,0.5048806593920538,0.5083990147284527,0.49735628742672466,-0.19932162261560726,0.2206245358891641,0.49919476236954796,0.5082084480348188
--O-XXOXO,0.687234201841473,0.6866829115252999,0.4866056134008854,0.6872379595469399,0.5550884121910936,0.4643248016511402,0.48473975037474304,0.5318357316100925,0.48066316226485845
O-OXO-XOX,0.5096730149342452,0.6932709460538916,0.490414695222281,0.5016309047374864,0.4972094968196944,0.13374369664172292,0.5010893583005211,0.4926395902913171,0.4982500503268562
XOX---O-O,0.25914398795830007,0.4015615398718876,0.9981392735624577,0.05828330132062565,0.03481874921001482,0.2845712706460505,0.8803449647211486,0.2729473239687865,0.938854299440189
-X-OXOX-O,0.7822797168261586,0.4452660156514653,0.14511255104308807,0.6550115133181733,0.17134191218941008,0.45199901932493736,0.16438888079245084,0.6863600959015017,0.7130789029242804
X-X-O-OXO,0.4950303196018111,0.6872378959107686,0.47990308443590723,0.2718634724424057,0.5432597944211233,0.4087037098466414,0.4977800114791423,0.5695358744059579,0.48497279471009586
XOXOO---X,0.5018052202757244,0.5036529018575517,0.49473572979865477,0.5025171633572968,0.502474630865194,0.685363400917243,0.7259428072629132,0.6007834622861152,0.5038171752353419
-XOX-OOX-,0.4570491397275033,0.8227588817752467,0.4792909599591967,0.7824103985101234,0.8977753803882887,0.5575505886373454,0.789499620103041,0.43758488957638597,0.745328782773481
-X-O-XOO-,0.5016831058260497,0.5079088209201165,0.7513528569387868,0.5094717004342507,0.13674788843534091,0.5001747409284918,0.49194152572662836,0.5064225318210537,0.6571611032054652
X--XXO-OO,0.4025716824130349,0.5025137089877325,0.6260160957554426,0.4083770636079378,0.4933585341531231,0.5535130709502072,0.6872377278934259,0.5201666968989975,0.4898061484040908
-OOOXX--X,0.6868853644230566,0.40537713021389554,0.49015602892347687,0.4365963434192689,0.5046935750691505,0.4454124063638183,0.5246615043806734,0.01805379534100604,0.5945383474334759
--O---X--,0.25440660761045436,0.08806067941683687,0.5022476499995496,0.06646035069749656,0.6864503929680442,0.8026404490660488,0.49012533200727143,0.019012712533096943,0.6871338978711363
OX--X--O-,0.4985248128849171,0.5029107477930226,0.7821352147325622,0.7206289947449518,0.5043163595240102,0.1354903777657488,0.46405720129524175,0.4901038718626727,0.14317237542992095
XO---O-OX,0.5012092730676107,0.4927699876990231,0.3552823733938972,0.64708567536351,0.5066312248043549,0.4926093115832846,0.6863300909997462,0.5049340363857077,0.49951845992485217
O----OXXO,0.5093309863757037,0.822716232183884,0.6892421596514203,0.16456936892204255,0.8282591222268624,0.5085112231425157,0.5030663890625205,0.4966878830324016,0.49669012987429967
X-OXOX--O,0.5085275892489655,0.499243859208712,0.4987824237670279,0.4984311553549933,0.4974120559355529,0.5084502224888491,0.6873094920163073,0.5064051968031078,0.4995594447347896
X-O-OOX-X,0.5033497488810377,0.4673853764118414,0.5046795758970799,0.6781941886215269,0.5078757011845046,0.491762403572133,0.5071341249381778,0.678101158070463,0.4963301421220217
---XOO-XO,0.6745417605581601,0.1104467397353785,0.060978151788749324,0.4902495274240351,0.49998957918267295,0.5072039878049555,0.1070321671105195,0.5050709932311647,0.49502212851897
XOO--XXOO,0.9996769125866973,0.49064094492604793,0.15341310099297656,0.6864025213954659,1.0144354538214047,0.9182163736857265,0.630346140904179,0.7841633138307885,0.7123566214406901
XOXOO----,0.25358048346383455,0.021124776042759863,0.06687665011504995,0.5305384380156853,0.22444195821872925,0.025309465491362815,0.9432794446150627,1.0646927880036707,0.25531818602340506
XXOO-OOXX,0.49283524251474226,0.4915694008778497,0.4949439186861905,0.5064293303729187,0.6872379922735659,0.49511196278103786,0.49540422838766124,0.49074127693313774,0.5090634836593505
X-O-OOX--,0.5067262052154047,0.5598731336565202,0.49510507229624645,0.6872379590269836,0.4986222297770138,0.5007275435440951,0.49572781188848375,0.5687006729542887,0.5052032538297494
-OOOXX---,0.9005682307665566,0.4900868445376598,0.49423675277861734,0.5093636775979709,0.49357048270900666,0.5068066198932222,0.5012075883108874,0.12154662516852055,0.49084733993054896
XO-XOXO--,0.46078252399823294,0.45313308944687114,0.319184349595598,0.5641145662046136,0.5394487884582246,0.5230115495585119,0.589251080970747,0.12069103201028508,0.3103283667949396
XOOOOX-XX,0.49441971829037884,0.5036069824249814,0.4944094655765826,0.4995793439556614,0.4945473456481811,0.49004869921054667,0.6872379594563112,0.5091133626268121,0.5059128405280778
XOXO--OX-,0.45013864001981113,0.557816413777791,0.4920390958227731,0.5318041712574371,0.5386199180387079,-0.15332881774640128,0.4242450040572082,0.43812548648927374,0.6868785765925925
-OOXOX-X-,-0.8266267684598281,0.6676921116956248,0.15411024736326573,0.9071861051768935,0.48038585542459045,0.6556305921514342,1.8792705706960318,0.43725767968078255,0.22952563685036648
O-OO-X-XX,0.46944115587510593,0.3802871896964859,0.020689571027730946,0.7096766415080059,1.3771624532278262,0.6060870854095016,0.6513501383002744,0.11926329790866808,0.399391670001942
OX-O-OXOX,0.4989120337775872,0.49923944440598406,0.59986192816135,0.5090178217504487,0.7536258441668021,0.49653155712408154,0.505079518229461,0.4963423200251815,0.4935719122194164
OOX---X--,0.5050419986934089,0.5446503139809175,0.455774220904963,0.10386407072232406,0.6872379594127461,0.6866992674796688,0.5321376258470419,0.41299965784703724,0.4564752013845743
X--O-O-OX,0.5092571906638264,0.5629231506200846,0.6119834880135234,0.4919925594783213,0.6872385363180001,0.4996694443514414,0.49783547576069337,0.5097096433497023,0.5086900713287658
O-O-XOXX-,0.49828022027082475,0.6470139803260805,0.5007271700578012,1.4050843412800031,0.5072184116503183,0.5013198695685711,0.49375065504636007,0.502756696634201,0.6872379594563112
X----OXOO,0.5004957305612229,0.507421025491059,0.6872388785068312,0.5083254845979859,0.1462498360414064,0.4987597479582546,0.5065534818403842,0.5002235585188274,0.4903336562244994
--O---X-O,0.40762698405262904,0.39833351843795134,0.5096829994666254,0.24253927331623437,0.6881217912001785,0.5606563266245306,0.49421757634630353,0.016036855946412687,0.5004826070207772
---OXO--X,0.687218244394714,0.6457395164008277,0.6868020261266744,0.5037790208120156,0.506071614283221,0.5003320342586628,0.6872546482117018,0.6436138676317731,0.5033621688236333
--X--X-OO,0.47102668190759783,0.645959628130647,0.5033330481299371,0.2659658215179461,0.6929837350143817,0.4924262065625434,0.5069748842793862,0.507471714083288,0.5059151988928368
--OOXXX-O,0.13749212432998514,-0.16429897897075474,0.5093225027951753,0.49287976438504316,0.49453910527908373,0.501418097268768,0.4987194562750575,0.026125585790241268,0.5021431297360202
XOOOOX-X-,0.7716039364769304,0.8181602299321903,0.3081961582584427,0.7959392736072883,0.40274907806719673,0.9864319848334483,0.5124973964842103,0.06956502261382402,-0.15142277245178382
XXOO-OOX-,0.41633135273360455,0.08795521958219477,0.08777860849981367,0.8401206490042171,0.28836455938567485,0.9650949085344425,0.7692340861756282,0.4549944625078828,0.599995365214011
---XOO-X-,0.4112117384053912,0.44412346441106987,0.5067485074699618,0.49323882453739903,0.4937569645705831,0.4917943890036509,0.6786455014419523,0.4997403182231236,0.6347437782341769
XOO--XXO-,0.4998694721750611,0.4986283273404147,0.5058146893617247,0.6872381266977216,0.6853596804844964,0.49549780154281553,0.502971313303277,0.5047332322010734,0.22288259373385555
XXO-X-OO-,0.4605898424046145,0.5788452337216277,0.5691124678146623,0.08147455766217682,0.4522750916200499,0.8605778125021974,0.510388684200313,0.5698905693352425,0.6872377819763266
O-XO-----,0.5012208389139828,0.7458300410052016,0.5089361487989845,0.49582514820001933,0.07006883896508198,0.21743094917351052,0.7087426683159126,0.25694135139541896,0.06073395342520105
X-XOO-X-O,0.4954178203491717,0.6872379594563112,0.4948426230001252,0.49188467888741283,0.5024620987123889,0.36266999757166773,0.5048690364571747,0.9874420932199665,0.4928165572846544
----XXOO-,0.30160222032736694,0.07631068342078084,0.22864756579782552,0.6872379594563112,0.4660600058820288,0.5965766453360243,0.5612770556399447,0.5097939704982334,0.6873221964867527
OXOX-X--O,0.4742107864888455,0.5064195999254786,0.5361287680703143,0.5787147674639196,0.6872374752952313,0.5615688617269797,0.2752760172581764,0.22296537586763765,0.5592193494575716
-OXXO-O--,0.01641325675953026,0.2536267489479901,0.7179673011393953,0.9384288875840157,0.920976486042547,0.7600129664266652,0.8899158504457175,-0.20803161336403642,0.04204364141622674
O-OXO--XX,0.49968121536212723,0.540153005130415,0.5011332722507265,0.49821326069177035,0.4956495820290656,0.5047575706159891,0.687602525051932,0.5038025871512058,0.4950091991151063
-OOX-OX--,0.685170820861805,0.4658846338905429,0.5029083499594583,0.5324618538202508,0.5125413633772385,0.46554145345371856,0.5106143013544044,0.0787711679169259,0.22500487948365305
---OXO---,0.6872182854785256,0.6871457345629745,0.6930892721497036,0.4970304668213003,0.49266167821881507,0.5020777570855488,0.6883576632385567,0.6868165747957415,0.1309366240060882
O-XX-O-OX,0.28119865031447644,1.1110007765082983,0.5576095699407996,0.41360101138242167,0.5124973964842103,0.08545668882866808,0.8974500456176069,0.5476224137292285,0.44919922365489007
--XOOX-O-,0.40100361876384283,0.635239716845727,0.5837744514746721,0.5005796269752513,0.5800945551162022,0.5128268979426088,0.03347271135557256,0.5326889076449887,0.6843465301011975
OOX---X-O,0.6987657434435897,0.704333784735595,0.9265914403466478,0.09078914815086525,0.6872379262433765,0.11395866774093566,0.02249253111493088,0.028258803061454618,0.32909716223782837
XOXO--OXO,0.5567813497072982,0.4548014342563371,0.6316574186901625,0.12469711785409932,0.25726200567831825,0.24347363752628615,0.19223901248005415,0.6023250997385193,0.10323838868198654
-OXOXOOX-,0.0027946453040192942,0.4962305399830728,0.49913516802313435,0.5097348910812923,0.5082190223350157,0.502187287031001,0.5081827992651098,0.5016727039099598,0.09120902651787499
X----OXO-,0.49290967865532964,0.6885443753282412,0.6447679263043616,0.4991895998887817,0.6871795280889904,0.5062316750332273,0.4914777847912328,0.49121494983763003,0.4966516862487082
-X--XO-OO,0.3637936491955297,0.49069587332313497,-0.3491350348911372,0.23130971331129435,0.45502325737832017,0.43163899908914993,0.28366986599247834,0.49650489922010765,0.43645007577063705
X---X-OO-,0.4994311276638624,0.4931788527424435,0.3182570041182481,0.8551531885626917,0.5052905959103374,0.6462148214303169,0.5007698881541947,0.49950198220304665,0.6872379594563112
OXOXXOO-X,0.5090061115435879,0.502355322936155,0.490241648638151,0.491886761936148,0.5068143618653025,0.4950062997040252,0.5004025744127398,0.6872379594563112,0.5023132199854982
-XOOXXOO-,0.500285512373516,0.5001846275948371,0.5042718195002011,0.5049055073708573,0.4945158833442943,0.49059473134674025,0.4955172640443505,0.5022722075516195,0.10438297328597224
O-OO-XXOX,0.5032816296182517,1.4051034436913963,0.4913247353284893,0.5006054474193473,0.41914804928363725,0.49278258809952563,0.493070284771316,0.49301305589663036,0.5069148934530431
XX--O---O,0.5084838490553196,0.5592318385116092,0.6794728163555717,0.2820928284326658,0.47132157423775634,0.6872648948247846,0.45047068423667314,0.6598518530582138,0.5418961495553696
--OXX---O,0.6329221217727273,0.0854632565998828,0.49203385638507147,0.506488656619667,0.49656992270808975,0.6872379594563112,0.27015255491856593,0.20727622019381498,0.4901735373541355
OXO--OX--,0.4350738096623242,0.43631553603374024,0.4923867041905447,1.0313187776588235,0.15213266663093267,0.5283097511804351,0.4009503814373784,0.18567950144880696,0.24977447461232594
-O-OXO--X,0.6872379595263577,0.49578472613554875,0.6872370861944911,0.4948206792178382,0.49511801793104865,0.5043598253733708,0.6872189488656454,0.4919351204991599,0.5032909418275291
XO--OOXX-,0.5024686399501458,0.4933446474300384,0.6465138942624655,0.6852522557652984,0.4944548817264833,0.49208045143106866,0.5077166291452083,0.4909564540868576,0.687237959456475
-O--XXOOX,0.6872379594563112,0.5017524842119778,0.6872377598026914,0.49065506205605236,0.5053455351071413,0.507737257344779,0.504489469282544,0.5078672165781888,0.4947616197722157
--O---O-X,0.58667278400154,0.19611420741805308,0.5048418016002221,0.017817488057108255,0.09188104628322125,0.23634460001324042,0.506526386427864,0.1796129057816841,0.5023416665974793
O-XOXX-OO,0.5089697206203935,0.638920997275726,0.49244078900671345,0.503815941104512,0.4917658113406122,0.5049959510719678,0.6872504167666159,0.49752475337686325,0.5070451743304444
-XOOXXOOX,0.6872379594563127,0.49558708120153344,0.5031517144129597,0.5061036630135749,0.4995867434238091,0.5059663052769706,0.5070562040244655,0.5081630657655622,0.4990009837953268
-X--XO-O-,0.6317418488597912,0.4962272273237807,0.6441503602087646,0.7389780212147757,0.49173757659478623,0.5023276304577691,0.7057714013351076,0.5003689700955214,0.6871044774144481
X--XOXO-O,0.08232545139288117,0.02965884764268939,0.7490435622889973,0.4131670053862915,0.17798617958573537,0.9202171654184088,0.7163439900813181,0.45777084812264,0.5666366525239704
OX--X-XOO,0.5023308573628998,0.5044239002360903,0.6871512632297979,0.6852344778796535,0.49530655929654027,0.6872379594563112,0.49932430194433436,0.5046907428120775,0.5047159096107586
X--XXOOO-,0.5059446773199439,0.5027059793267975,0.6442596880641145,0.49489796345943027,0.5084031874645831,0.4927200211590851,0.49948908071517,0.5026089651125887,0.6872379611020059
-OOXOX-XO,0.0011574009755895287,0.5146847465158807,0.42460199023786016,0.4844909574109571,0.5019857409703218,0.46432097158461927,0.17170408005316873,0.5543441503613136,0.4933516225390828
-O-O--OXX,0.18081151901030562,0.5329036330600296,1.0764156696918938,0.49592922374882,0.043515596860586925,0.5591896324212013,0.420619588863931,0.5051010747503343,0.4954022350991456
X----O-XO,0.4937570258080036,0.23622397276531043,0.08855819915201524,0.8261879859123624,0.6791533842256914,0.5002473589642772,0.4451154810526561,0.49336309865681227,0.5065290388823784
O-XOXX-O-,0.4921496921955125,-0.012255113766725612,0.5079946360255144,0.4935914436785412,0.5050362072434706,0.4959265355654261,0.6872379954446101,0.4921161162824585,0.5088932716943164
O-XXX-O-O,0.42033027457529626,0.9679684050813706,0.5838675407733398,0.4516464901722157,0.5282550327716822,0.6872379544269319,0.5639375049878262,0.68716070780659,0.5286736753834176
OXO-X-OOX,0.4992950424431985,0.4981513949620044,0.5058008880828714,0.9864592518788211,0.5074858870704205,0.47412028845736154,0.4900780869898573,0.49147489003861705,0.49165523750095086
O-XO----X,0.5068644191278571,0.6892988966922726,0.5008226685008094,0.4988646953769406,0.5037477959303213,0.6872379594563112,0.6868018362668588,0.23656932492347094,0.5020030051219213
OO-OX-XOX,0.5055690011703028,0.4984329599682535,0.6872379597821971,0.4908080370831137,0.49355640925565547,-0.2004924245067159,0.5025711031163621,0.5045129677311748,0.5073777274768871
X-O-X-OO-,0.49586467220671393,0.49145620231334547,0.5013116346723049,0.49065569051360985,0.5020939948023833,0.689599005940472,0.5077842750708336,0.4964831752964467,0.6872379859850793
XO--OOXXO,0.5031125081357429,0.49694362201727443,0.38323603889801594,0.6872379595308039,0.4934310661827552,0.5088265870393828,0.5085363061762085,0.508899024536476,0.5028403412849126
OXOXXOO--,0.5028524410783879,0.5068522908880134,0.5025902157155197,0.49927207503293264,0.4974300461663975,0.503099784830911,0.5076842903316913,0.6872379594524799,0.7469851546968961
---OXOX-O,1.328606444385218,0.3254944054808202,0.6872379594563112,0.543024459630763,0.4192362350812865,0.5561526932667908,0.48379276615518907,0.5037340523748643,0.5381060835254143
O--XXO-OX,0.494345169061961,0.03346402446278768,0.1943031060362379,0.5090875927493783,0.4937785609236193,0.49302032240402455,0.6292941683900152,0.4998077082742579,0.4927351449061012
---XOOOX-,0.5729132668254951,0.08002367098860075,0.9937854530958188,0.47886887642672865,0.5559551066870465,0.5994361140737873,0.45375964327148777,0.4791897724930292,0.8508688497675536
-OO-XXX-O,0.3301064282239792,0.501730107269251,0.49170224392713613,0.6872379594563112,0.5093000514807343,0.5065883401494945,0.4995487957975937,0.500986199924223,0.4941373089976175
XX-X-OO-O,0.500342948670473,0.4988664025731264,0.6876017032595114,0.4921091082467498,0.3731980971970149,0.5092434985249076,0.497601824916286,0.5019855190880227,0.4924175228970243
-OXXO----,1.8038989737431128,0.5064272273817796,0.4957155844975763,0.4938674903673693,0.5014584812663289,0.08602149354127309,0.5604436194961571,0.42727086549914484,0.6771688449966542
--O------,0.07795608881832572,0.023894804847519546,0.49909725228680674,0.07439242727111178,0.07938510715866687,0.01222283927345813,0.684000101901764,0.012363760026251391,0.026955435986482423
-XOO--XOX,0.6928833320185306,0.5482470251612184,0.40064449013304226,0.4870277594001599,0.673550857002073,0.42410078779996174,0.41995852605744977,0.4954613941357162,0.43491629611089366
-OX-OX-XO,1.0538975464526383,0.5055550702595888,0.49460960413298066,0.7853768205144496,0.5043711602587793,0.5048797685163624,0.03111520652442895,0.5038560142949409,0.5068666463553118
----O--OX,0.2164070923419107,0.18700145154881365,0.44932537729102257,0.026600964950072692,0.5028970845770967,0.10334754177547584,0.6750009289654443,0.5021792702396094,0.505116150648035
--OOXX--O,0.0907600137014285,0.295446823946525,0.4963743286075052,0.5020218736706168,0.5048518462805323,0.5062881427994764,0.464499039554455,0.6871705325815847,0.4993338312454156
--X-OXXOO,0.009944660412597228,0.6276828961845018,0.5905195722543678,-0.9848522975824641,0.5867500430697121,0.593370926130064,0.484444963696091,0.47392709831778346,0.4942685580785546
XXO-OOX--,0.4709122827274046,0.49894537338032063,0.5330216370682613,0.6768192942939922,0.5562575980538009,0.44387292644909226,0.43399087513163986,0.49139439140985675,0.40962675388257785
O-XX-OOOX,0.4966743857217785,0.04883636826600474,0.4907739610971123,0.49472302070201146,0.19046250316040092,0.4903095026514575,0.5059598528595293,0.4936094736477995,0.49591188621907234
OO-OX--XX,0.4790309802602687,0.5852785860130565,0.43864649463401745,0.40313124279554435,0.5616892485940893,0.5492100625698174,0.6872379594563112,0.5030439351335829,0.4192924702399028
OXOXXO---,0.49630051391515884,0.4996182600076712,0.5044133846578404,0.5087433811667077,0.496658419338598,0.5071905303768259,0.4395580400339195,0.687219467361406,0.4243219664691103
OXXOO--OX,0.5099635025188537,0.4970957969852945,0.49586421242887807,0.5026882750867016,0.490092957174332,0.6876685844060231,0.3701137410158337,0.5075197296417032,0.5050344932140716
-O--XXOO-,0.6435734114645527,0.5067613171448506,0.052523908253192086,0.4993761780975093,0.4980855505389256,0.49556264178795895,0.5083616054493859,0.5030637525373208,0.6872379665101157
-X--OX--O,0.696958008825989,0.49278462840752435,0.05655501024400633,0.35281786302289003,0.4939530088009384,0.5031131227497347,0.09571532645797931,0.9962705162221965,0.5063115128407698
--OO--OXX,1.0145955833111728,0.25268352899313273,0.5681507308016823,0.4470968409701665,0.6714086621595637,0.06438346859776012,0.48499739461600516,0.5800277524015665,0.458587534670802
X--O-OOX-,0.49801805145668165,0.5015406666710939,1.1033960861170116,0.5092206193255344,0.6954675736120515,0.503359562015775,0.49337446522375894,0.4979422196720129,0.17559176093299478
-OXXO---O,0.11857368198634893,0.49682760213612204,0.49513578788821366,0.501767844078182,0.49802486497338605,-0.1657021542621382,1.0634771800385505,0.6767113836352809,0.49117388480759927
X-O--OO-X,0.4980854227946589,0.11753533847974607,0.5067576416505819,0.9520910117779435,0.6872379189214664,0.5087054367572176,0.4934234382773962,0.04993535575553293,0.5058161792979285
--OOXX---,0.013810765581951046,0.6457519454110326,0.4939781549272126,0.5065842727085866,0.49058243692649556,0.4912049799956165,0.49790628685212746,0.5022347406104904,0.02123705690835287
--O-----X,0.6873756855041853,0.19386277457392354,0.49498401467285474,0.3308997780287749,0.182791377597047,0.28533848079435997,0.1570844798286341,0.6860591515867255,0.49758015078166157
-OXOXO-XO,0.5055199201903554,0.5342264720086362,0.5375224725535669,0.5502951251291266,0.49767506495014946,0.5848493949032977,0.6872286846376556,0.552406703849832,0.5121921313932722
-X--XOOO-,0.7761137351572571,0.5006756552199915,1.1393131210976195,0.07457520923797673,0.46727851616364285,0.41963544795239544,0.45064752023793475,0.5380610819014341,0.5196000815996337
X-OOX---O,0.5005662534875426,0.10338491704683184,0.5083096893671902,0.5086050021119346,0.49087353112075854,0.4200688404441351,0.08762229884586759,0.011277301875629642,0.503379720751872
OO-XOX---,0.4452582069562795,0.4584142369369648,-0.3551710490164214,0.47062592344089627,0.5783217506581505,0.44285053010761544,0.41712945335224494,0.980268433048491,0.18580149479330876
-XOOXX-OO,0.3395661443829674,0.5031427853156477,0.5632922349664319,0.5176711116953674,0.49229710049256137,0.44879872267813553,0.21084225506738857,0.5524586937824706,0.5347214674135919
X---X--OO,0.490832832719699,0.37737678726289914,0.4068864937440416,0.6775001505905566,0.5078437781806476,0.29269704086289694,0.6872378582135997,0.5063517272797807,0.5029676458305998
OO--X---X,0.5018575360768928,0.5016695441062569,0.34828823079856014,0.06642011338518172,0.4966912668200115,0.6866045080772891,0.2390378164727941,0.33064968349549917,0.4920028049477605
XOOOOXXX-,0.5031451549781328,0.5046463644153112,0.5015657924518045,0.4924350378528016,0.49972595428009553,0.4961011813207959,0.4978829341463613,0.505356822011751,0.6872379594563112
XOXO--XO-,0.26220145875364864,0.6651659189372999,0.4851582269920045,0.4892367357177223,0.02443197462776492,0.6853295706607787,0.9362931186616124,0.36264452019556637,0.15652676670345078
XX--O-O--,0.5053301038201974,0.5047435362732411,0.6872379594563112,0.5031256861519683,0.49366404066040404,0.39666832865166257,0.4989173189306356,0.48454191728697116,0.5245704860363636
--OXX-O--,0.8066663407349906,0.6450643060045375,0.4999266160166496,0.50333422835177,0.4955555344340603,0.6868062446139824,0.4918493565763663,0.6873169610227967,0.6872371107224512
OXO-X--OX,0.4963590733693517,0.49389951276313476,0.505694946569718,0.29551865253979803,0.5009414436016397,0.7029692570912743,-0.47442232801321005,0.49765656270137937,0.49960156965630514
XXOO-O-OX,0.49272961651010083,0.5069095469285267,0.5069810428494681,0.4994122213866564,0.6872505244615771,0.5039095071787423,1.358955814695991,0.5021811560816986,0.49427416332997404
-O-O---XX,0.4052814726381389,0.5277036904208559,0.6513501383002744,0.49136768007501586,0.5114425637402278,0.4431670730329674,0.6869314174862703,0.562336950585555,0.5369759698627989
X----OOXO,0.4172052321166565,0.19921356025239123,0.42676295319742263,0.33256529289696635,1.3753494068340157,0.8969967927465854,0.6038005545041623,0.6532020876913867,0.7077179621161339
O-X---OOX,0.5060657421155437,0.27214662980314264,0.5042293276579429,0.7024715296125995,0.17958310641973618,0.687241475062482,0.5040602564832469,0.4980868767994348,0.4925265093458874
O--XXOOXO,0.4937228574733587,0.6872379594563123,0.11029995926257374,0.5073415759682173,0.49995244537069705,0.49020516650987045,0.5046574082863657,0.5088095772191615,0.4990794562637736
XOO-X-X-O,0.49709615024459647,0.5048930609727466,0.49913558367581523,0.6872379594563123,0.4975470739125528,1.1615126580795063,0.49517546021617387,0.5005070411224595,0.49462173328911796
X--O-OOXX,0.9475727549422274,0.7572499379805364,0.5755524517901276,0.43974908999261286,0.102169621569552,0.26093042499175434,0.1698290187185144,0.6840656229991935,0.8419050262674577
--OX-O-OX,0.6851924628008511,0.07771029378243688,0.49951206519002583,0.5068710460134132,0.12679109662201038,0.4926081563647748,1.552644803618195,0.4924653031741263,0.5001934841576278
----O-OXX,0.45548252127497024,0.14295910241363063,0.6903020175208862,0.8715594326089591,0.5798251129909889,0.6506646678335685,0.5684833836975125,0.5266452681958403,0.49739283631815145
---OXOX--,0.6846832856072714,0.700249795030337,0.6871488118598101,0.4947767031641896,0.49452483501293715,0.5002072556908637,0.4973528472053233,0.12534039920253226,0.6872379594563112
OOXX-OX--,0.49508995629351504,0.4953503037295347,0.4941836910518091,0.5001294270362677,0.6872422352678528,0.4971963603754804,0.5098461485220899,0.6785564912248644,0.6779923643148138
X-OOX----,0.5094751456403697,0.09706685042756735,0.4949614288399506,0.5070239819796499,0.49099319191542984,0.23370214803515998,0.2531043979247811,0.0476119278628222,0.6872379594563112
OO-OX--X-,0.4998492257895398,0.507349259899976,0.047785296737570926,0.49076456335606533,0.5067617400192654,0.8608951016999391,0.6872231226930424,0.4956191528148689,0.08632029692046417
--OO---X-,0.07457801779896439,0.6825143749948924,0.5041816955255198,0.5075858734633435,0.6477024277131573,0.5069659230735798,0.2943357332469254,0.5003175720350777,0.4277821385493224
-OXOXO-X-,0.6868097362833105,0.5037176867033276,0.5068054524843949,0.5056803203072804,0.4945743657958268,0.4980654921095818,0.6872337213990729,0.49581156300412393,0.6872578523973438
XO-X-XOO-,0.913599108282356,0.9959194400284272,0.16773384004171354,0.28404457964126384,0.6868785765925925,0.20963551133526548,0.7955782167620901,0.2502635013478264,0.43642445441317435
O-OOX-X-X,0.495274785680458,0.6757020698917469,0.5081163961255273,0.5050287209630342,0.49741240670506276,0.4906504114794535,0.4956020214486101,0.687237959456311,0.5059840646380787
XOXO--XOO,0.4186598862716391,0.5200172473030321,0.44309108236424816,0.5939298386149553,0.6872377281313429,0.5050429927194069,0.5150531142829701,0.4008397810699975,0.4444120652937505
XX--O-O-O,0.5813706978995729,0.06477920835571171,0.6843517809924627,1.2159731250187307,0.17907754430057676,0.19353380776036638,0.3102237369218692,0.3223771906655897,0.9719574318057186
--O-XXOOX,0.6872379594563112,0.49805922319277507,0.5069560730241937,0.6437181461591337,0.5058448410576333,0.5091103282409368,0.49085456696417656,0.49864119728112233,0.49297532565100693
OX-O-OXXO,0.4192815225709076,0.48852655080507656,0.38512927248823003,0.5368001335070992,0.687236831739559,0.5959745271974465,0.4759845822882947,0.4537780686044215,0.4564336771581695
X----OOX-,0.5016504330560965,0.7209472097224295,0.69554139489154,0.028921151468802697,0.6872380990907435,0.5035301519369664,0.5094748547872252,0.49393146446033176,0.506762445257754
OOXX-OX-O,0.4693250891399937,0.5303342805114104,0.4229914109810983,0.5441772530596594,0.6872377945639802,0.45125636548890175,0.5625742607844093,0.0841684685694925,0.44356839256872255
O--OX-XXO,0.4988388580466271,0.6872177699664631,0.6872379594563112,0.49947605486795377,0.49334079059575475,0.6871453583462055,0.49706206694609273,0.49402942655878196,0.4941523992058752
-XOO--XO-,0.42418447884591337,0.507320250733998,0.49657233694859554,0.5091480745621887,0.00866972541434946,0.463247202714008,0.5044285256753078,0.5001453078698624,0.4853084068345679
--OXX-O-O,1.1146337005348794,0.49481710349417335,0.5021584002657399,0.5064122100378432,0.5006962192735139,0.6872379651072973,0.5034482706823995,0.1068135852744907,0.4985433302087576
-OX-OXOXO,0.14009372876121606,0.5079476963648186,0.49022204246381335,0.8442218228995575,0.501829735769338,0.5077236756038493,0.4991590621098786,0.5023084060624442,0.5020455137131014
O----OXOX,0.4491944845783483,0.6029240135604563,0.6872359631375526,1.5516225298055357,0.5989614417085881,0.472185190897512,0.5508650768676805,0.5664127024370255,0.45615699341889365
-O-O---X-,0.10554045212468366,0.49648089469969287,0.0981723767095144,0.49887806932334566,0.6821191909555038,0.305556265083483,0.692487871415787,0.49047356934602965,1.0830108308038224
OO-XOXO-X,0.496012565493348,0.49938114353241886,0.6783520147559676,0.49796099886499295,0.49866533799405366,0.4919881162005059,0.4949276881733737,0.5455099750842441,0.5034989989992062
X--O-O-X-,0.5029320941453996,0.3023057956530977,0.3417380179661733,0.494951524737662,0.6872379590585458,0.4944516418684248,0.30544645354173594,0.5073168964917465,0.09982167150534182
--OO---XX,0.63735856822971,0.64451946874162,0.4982040590652158,0.5045025241784368,0.6852170120694516,0.6962892843905231,0.6853210825148738,0.5089872447947754,0.5072953563913004
OX-O-OXX-,0.14429005680482865,0.19543223259733367,0.40768239418139274,0.5503300790649696,0.31774487581487865,0.10647805445368563,0.6384337342114969,0.8371337491566077,0.6871678018079631
-XOO---X-,1.3691578444103447,0.5055885370787584,0.502286669109214,0.5001527440625624,0.6872952998729006,0.21709409973712024,0.6783522035928831,0.4981589607563015,0.49124834898736336
-OX-OXOX-,1.5492876211892266,0.5161066999337854,0.5753167178922588,0.5854049951107797,0.41206036810927943,0.5413132004707952,0.4340712988850546,0.5448186562418468,0.6868785765925925
OO--X----,0.5059385494500358,0.4954552540950321,0.682071045428917,0.10507963524562969,0.5081543524059088,0.02287052305835502,0.7475048679188953,0.09670946982441642,0.6868309188226868
---XOO-OX,0.6973728680319227,0.569768055773159,0.06797357944137905,0.4906800715769228,0.5064733504828153,0.49756417192633456,0.6437565033009982,0.507036264417763,0.5054350036926515
X-XXOOOXO,0.4968262092913805,0.6872379594563112,0.4984882206241925,0.5007304691644275,0.4949071722563048,0.4928344069721001,0.493614963958213,0.5007896628424603,0.49763391938738105
O-OOX-X--,0.5000300353108694,0.6867662356441255,0.5020165612991293,0.5091799063187737,0.5080454066908227,0.402058247966123,0.49651402783737475,0.6719321430185803,0.3932973558377171
--O-XXOO-,0.02932010999251944,0.18086496417596631,0.5000813220169404,0.6872379594563112,0.4964525833222192,0.5016490727484182,0.5023322794964351,0.491400177636683,0.775162035766571
OO-XOX--X,0.49858215228912817,0.5930944129135636,0.687237926597351,0.4659297659506582,0.5620481975394727,0.4658967690200004,0.11648167255760522,0.07269303381138431,0.42089408332630884
-XOO---XO,1.0473795584320706,0.5092576405399885,0.502516004330389,0.5058045057473952,0.685279726334158,0.1643769276196434,-0.06728239283857851,0.5080671083572496,0.498611025397549
O---X-X-O,0.49266844306731994,0.6020513660932881,0.6872379594563112,0.6850464157703403,0.49463516688734643,0.6891430061364476,0.4909833602160384,0.6430107027730879,0.49251433422372043
OXO-X--O-,0.5055095269679785,0.4956179322431822,0.4927141287626905,0.6738530211423248,0.49879408710866796,0.368792371917111,0.6107227911281665,0.5031802006634027,0.2620298523635758
O-X----O-,0.5060606555085868,0.08376758328357992,0.5011279700150801,0.24250330801492814,0.7906293576862151,0.41568744836844546,0.1391711313009537,0.4994886164142402,0.6936123456601249
X-X-O-XOO,0.4953831009914473,0.6872379501832248,0.4923401387907901,0.6872379594563112,0.5044688895485951,0.5942454901859519,0.49485621891193154,0.5028347731289412,0.5098781701281809
OOX-O-X-X,0.5075816145858632,0.4982876397731916,0.4962117635584089,0.7903773449877377,0.5001863078583293,0.6872379594563112,0.5098230453918695,0.687233882685837,0.5034067134792062
-XOOXX-O-,-0.32179508046281846,0.5059802564370608,0.49896457603957745,0.4991906270434469,0.4976595649360297,0.491264887586347,0.2085960249300426,0.49940704611886333,0.13249829279658543
X--O-O-XO,0.46829057242296057,0.1366454130479009,-0.28890322333569785,0.5951183102634585,0.41884673484218915,0.5786774163351484,0.6410556032600283,0.4205660248767661,0.5199929076274525
----O-OX-,0.3864837466445415,0.31524019288520966,0.6944481472075612,0.9110471825451938,0.49458291590889564,0.02003972088333461,0.507460826427544,0.5012879665243906,0.012057456609505968
-OXOXOOXX,0.6872379594563112,0.5003946533196153,0.49634207252976315,0.4964815484822143,0.504837188854125,0.4985607055206996,0.49103124906468104,0.5009570743683928,0.5027134212655711
OXX---OO-,0.5039563223417949,0.4923206454049927,0.49762314018583553,0.570515155037435,0.0993605538243919,0.13445212799181672,0.4955509068713265,0.4913250347256339,1.0916397531399238
-OXX--XOO,0.687238112135936,0.49769548680352976,0.4986965469854153,0.4973691846222435,0.4970388386648136,0.8675734579758944,0.5014173649680621,0.5019098459830801,0.5031256381083291
O--XXOOX-,0.5410492942654509,0.687101699561479,0.6703148380175556,0.5646625515005083,0.584252388894742,0.5208720146379121,0.5585226327633214,0.5113911555220519,0.6428724254777062
-X--XOOOX,0.6872370546105037,0.5099419453694282,0.16241889265720866,0.07536446175280265,0.5068196933431761,0.49734694439125776,0.5071979312146928,0.49486181896951476,0.49736794747425633
OXOO-O-XX,0.4955988668940063,0.5078352308227183,0.502694328776881,0.5044417394172167,0.6872388785068312,0.5078184977167818,0.5001365074952504,0.4970664851668339,0.49611524141693847
---O--XXO,1.1537929514878207,0.6812422798135087,0.13161367115177142,0.5030155466606985,0.6778008432216636,0.4126709940500452,0.5008743205675206,0.5046568548544621,0.4927775807787952
XOXX-O-OO,0.5089206891393172,0.4947572916627923,0.5068058076919765,0.49436399242862594,0.49641874924220014,0.5094515600502885,0.6871514835627484,0.5094208428831853,0.5076149366613907
----O-XO-,0.6661251925294815,0.697033281505788,0.2315532761436227,0.38618872044355057,0.5068500219170771,0.016724035661403347,0.5086792372090234,0.5091646298438748,0.5127845649441785
-X-OXO-O-,0.6868113478016407,0.42720945290922463,0.4844995374375793,0.5576125167387157,0.5119839624858914,0.4783954578652324,0.13395954206326355,0.4306757445369396,0.5246640228292798
O-OO-XXX-,0.42035689965770306,0.5704120867341665,0.5676111273945089,0.5398257476424901,0.12919669717987414,0.5327760768541719,0.49823146842965643,0.42409447952084434,0.6868785765925925
O-OOOX-XX,0.4966291460554768,1.038916488281488,0.4985059904424342,0.49750379993004973,0.4955600586511227,0.501470141285382,0.6884969368695464,0.49758404913626025,0.4976289174519355
O-XXOOX--,0.49099884787285725,0.4214785560139571,0.49418883345443365,0.4972051722795615,0.5039605997670393,0.496903331093401,0.4932407437087826,0.4017335189301626,0.24865751958360321
X-X---OO-,0.5793385104833865,0.6872379594563112,0.5248053184774266,0.7299821207106861,0.43136218447776126,0.011766413173578238,0.430707856920458,0.45175021866475895,0.6872316605883038
-O----OXX,0.5158254979314141,0.5041887759681098,0.8114456605193565,1.0131580280356083,0.6176607260524748,0.6006764570971336,0.4970213392789707,0.5014272811995021,0.49187405528554146
X--OX-XOO,0.4945745962780786,-0.1975875773197825,0.6872379594562695,0.4915324274830053,0.49229768289573106,0.2246388673411358,0.4934101289382699,0.5038495849152042,0.5091364556241277
-X-OOXO-X,0.6309023179104841,0.49788489143611986,0.6889346105904114,0.5072269240346428,0.5004649692129991,0.5067562791726321,0.49878331737147075,0.1163141812946763,0.5000018982307671
-XO-O-XXO,0.1970627331016243,0.5037817981783892,0.5047707274712038,0.5065985182376767,0.49676752113273176,0.15950462685044542,0.49507590404023016,0.49398570804563063,0.5022778035830305
X--O-OXO-,0.5038972500535812,0.12840543249605463,0.6448851838960483,0.4909331285400216,0.5047556280094311,0.5014775267169965,0.4968186270545192,0.49063998331568137,0.5665248436869817
X-OX-XO-O,0.5072941274723577,0.49379103905790867,0.4926431365431318,0.5067886125070992,0.6785251280929733,0.4960258863095745,0.5045616801896834,-0.17349938906802442,0.4921506999098864
OOX-O-X--,0.4913423812109445,0.5816384700614865,0.5663098300679716,0.4178512394253077,0.49273596926039337,0.485226429947275,0.4670011147469538,0.6414281682625541,0.6868307392019084
OXXX-OOOX,0.5026262647663621,0.50709865684226,0.5029285945487462,0.4968510190754445,0.5343941288717658,0.5035654715955299,0.5042174070714722,0.5021690053294534,0.5088501534232281
OXXOO-XO-,0.49973960897256875,0.4946322084048863,0.49574479422788903,0.495331725575421,0.4925008291081673,0.2824764521545922,0.4903451822558751,0.4960919254825051,0.012513582197928308
XOXX-O-O-,0.43360713015303753,0.5536119177186789,0.43913959795557195,0.5912165530533754,0.674092781399294,0.5084319720245253,0.6749599593919826,0.45570706111028314,0.20876196441196487
OX--OO-XX,0.4249715612484918,0.5433228092693115,0.20895137269733433,0.3690145311615503,0.46089810190651503,0.4149206614746597,0.6855664826724073,0.5107419593695551,0.43039386930003914
XOOOX----,0.5081852741246766,0.49986661623325407,0.5020139547788186,0.5000047671297488,0.4947403454837287,0.3671882539769218,0.5083821953855543,0.36522669153029524,0.6872379594598238
-O--XXOXO,0.6779788693445703,0.5837501802684335,0.6941114987195716,0.6872379574767606,0.4940838533845361,0.49677554884871133,0.4395721130554004,0.4772271211176252,0.426534735389384
OXXX-OOO-,0.49977355065138324,0.5076459063761685,0.49056674696335184,0.5096454630879732,-0.17891323638260803,0.49767688913615843,0.49320681843279673,0.5036001237116234,0.011539444472700444
O-XOO---X,0.508495506978966,0.5066278169174809,0.5065832270884751,0.5067578222529939,0.4971936235993286,0.6872379593694808,0.45379263399316777,0.4946941794265334,0.4985926911370726
XO---OXXO,0.4991181540527641,0.5040796982165574,0.6872194640060834,0.6781331420368021,0.6267763146756504,0.5068102930515322,0.502024064470393,0.4978530457319787,0.5089550761909444
O---X--XO,0.5427505266809116,0.6872379594563112,0.52497918747894,0.49071873014695255,0.4836404566152243,0.6872367359103587,0.6871548509648193,0.5920532205802339,0.588284510152213
X-OOX-X-O,0.49425280439300695,0.518587553520334,0.5023107389311999,0.4951609290179103,0.49115110109781934,0.7591822759809677,0.49993218966411146,1.3755589188168083,0.49583831692844815
X-OO-OX--,0.4949015341485687,0.49664806325128513,0.4923507236526115,0.5087763044384563,0.017676670242853798,0.4950476384330809,0.4909791850716338,1.7047020561456492,0.453289333955815
--XOOX-XO,0.687239098325078,1.0449221633133852,0.528318289198905,0.4585966101172494,0.5434854143737909,0.5573542725021332,0.21148848416107863,0.5271049051841791,0.5208395686204372
O----O-X-,0.49689939006934536,0.2148531079306213,0.11177691046471516,0.5570818292458519,0.695050220966861,0.5084616932078425,0.04598880040470665,0.4955723585852912,0.7679799198593664
O-O--XXOX,0.4980209540502524,0.4906482108036302,0.49196879606000254,0.47422852663160464,0.40262387202377325,0.49755488825012145,0.49607339868508715,0.4966118401471909,0.49672285923993703
-OXO-XOX-,0.5498109971670001,0.4842062957473975,0.5589505721395329,0.5314939783759479,0.8721901516804622,0.5232569633704625,0.5989613217112304,0.5045450415715224,0.6855664826724073
--O-O-X--,0.6903926305849032,0.013375171561546328,0.5067828965597487,0.8620142341262662,0.5048102265372352,1.0763084934979896,0.49746822726022255,0.5939794080159473,0.5816769541870058
OX--OOOXX,0.5025943567748714,0.4989875602322967,1.0404439606156872,0.7755715396908907,0.5058730116729343,0.49964379684954346,0.505702157864355,0.5044462568485647,0.49774842747788783
-X-OOX--O,0.3120955402151545,0.8143831546261684,0.52497918747894,0.9330075747880285,0.3972125253486132,0.40047108332043013,0.3933149996571871,0.7234860428667185,0.9458716137656434
OXXOO--X-,0.4008004410499468,0.5830700855741595,0.403524756816032,0.4744291478479832,0.5353959977540507,0.08225444278255323,0.4564953600211794,0.4521203454465259,0.565177422946199
--XOOXXO-,0.620032668499735,0.5037294199992083,0.4959043192356294,0.5067310202510031,0.4953993657930831,0.503812704205701,0.5062900484837339,0.5098810478149987,0.504152103587166
X-XO--OXO,0.49678740613095906,0.6873156036681,0.5087047621605968,0.49760773603832614,0.6603015346232245,0.6786535291809872,0.5096063171985936,0.5030924082137177,0.5080872202023441
-OOXOXXXO,0.6872379671127727,0.504615396054559,0.5016435672960396,0.5080313999763704,0.5092891202774122,0.5059542181551779,0.5075474137981805,0.4980081250308798,0.5027709733585679
-O-O--XOX,0.043356038511756234,0.506045649865914,0.5608070171958001,0.507226366170771,0.6465908657772688,0.27849814012068896,0.49025173473980244,0.508695725372479,0.5013207260707085
-OOXX-O--,0.6868381785002805,0.5010630428877918,0.496965200152153,0.49440648417337485,0.5079153793655172,0.6872379671910077,0.5012108544375189,0.14065530549351107,0.4962247024317061
----O--X-,0.11810052413390132,0.041684198011065265,0.6867341205227697,0.8183069045620528,0.4910100731717151,0.010312902060367168,0.6730637762777967,0.4975381150912218,5.427031087101852E-5
X--O-OXOX,0.5071965367568912,0.46431755669251473,0.4515686180045823,0.502474204177023,0.6867424596107593,0.41693955857866466,0.41103845546486767,0.48276501171936403,0.5178149639178751
XOXOO-X-O,0.5058777825306492,0.4905416914250243,0.49566614734146175,0.49933775628610355,0.4901146015777193,0.7215113938178906,0.5061069727778272,0.8548792936576946,0.4902300179437998
-XOXOO-X-,0.10092592147763702,0.4972319852671289,0.4984217336364722,0.49154363335130985,0.503565929331076,0.5094299675591497,0.07727710239928626,0.4995925534280213,0.05314678873926715
-OOO--X-X,0.6872370637680125,0.48255321335156687,0.4940837069187677,0.4311053052445339,0.03974180530825289,0.053199536430510674,0.5260691558535565,0.6855664826724073,0.5018385441458676
O-XO--X-O,0.5298526993789119,0.6514134727823098,0.4058230786992812,0.41980544793317803,0.6869807589240288,0.4157358455766883,0.4273768294374215,-0.260407572465574,0.49114361657321515
XO--OO-XX,0.5839594778876513,0.4210907754979129,0.5972226923898242,0.6848520885210565,0.5304214089183543,0.5650961540665695,0.6855664826724073,0.5000495468018223,0.5736613540825125
-OOOXXX-O,0.5074859305192427,0.49075616167346686,0.5092629274347726,0.5097611222911158,0.5051871631865047,0.5091742903307385,0.5044616549297075,0.24464304254785396,0.5001523963052698
-OXO-XOXO,-0.16587480892499895,0.5094617183896063,0.4904629302996552,0.4992024574154091,0.31402712703793917,0.5044645214243934,0.4939400713070265,0.5017431356999248,0.5075416466997739
O----O-XX,0.5001381166950661,0.4968394274979871,1.5202260231522498,0.8878901631753361,0.686897167990538,0.5068251879372586,0.6872379594563112,0.503014263074918,0.4949589137968232
X-OO-OX-X,0.49224526370414834,0.4920799301346169,0.49130239431512474,0.506328632793629,0.6871467617575772,0.5016172171118825,0.501362988036485,0.6872379594563112,0.5017864466948331
-OX--X-O-,0.20889081571210555,0.490287613360061,0.501670110732512,0.056300938350512864,0.491387069920505,0.49345436627613665,0.5143338864855854,0.5020085098042005,0.6872379614179722
-O-OXXXO-,0.6872373947919654,0.5818395452283369,0.6871878371138799,0.5333960083531277,0.5668301296138043,0.5340617805455043,0.4080318213595529,0.4949517608447169,0.52497918747894
-X-OXO-OX,0.6868785765925925,0.9896808324451591,0.6884126618896979,0.500858473089749,0.9476036620214581,0.15352197119840894,0.05757430293613297,0.28485800836437714,0.7065959471356953
-XO-XXOO-,0.15297498684382804,0.5145347247380315,0.4577792701082684,0.6872343903642549,0.4208302259189806,0.4175965304074669,0.4188002087458401,0.448936875915079,0.47618116896331425
O--X-X--O,0.46217130336009793,0.7987715683934771,0.42098596916462505,0.525437478288393,0.6854200716728381,0.50174614305603,0.5654969752254738,0.4323372230959902,0.46619184516221024
XOXOO-X--,0.5049158426174206,0.4984987189811089,0.49196685647330773,0.5004411452347433,0.4928589717481817,1.085450471804827,0.502788572811268,0.023270132093680562,1.1692487801183546
--XOOXXOO,0.44537116195168275,-0.0739119389435473,0.5025006127779469,0.5078837120515295,0.4979939532640112,0.49783360608685334,0.49425496282618403,0.5002216982888973,0.508808026252019
XO-OX--O-,0.5070452860389069,0.49120141936726136,0.6615358299439306,0.4937539498547853,0.5034397253535783,0.6872377630536489,0.6941091680402656,0.49351546373443483,0.5034319640193093
-XXO-OO--,0.6855664826724073,0.8581262647100492,0.7055283968196837,0.955961291973733,0.20825302854029581,0.03618619604308404,0.8046118077283033,0.34986321740160253,-0.2056094524447859
----O--XO,0.002687315593142392,0.24830651741998666,0.23626554285845008,0.4985260589407396,0.5088103473177963,0.8048443878984692,0.08324624999497449,0.5095056866120051,0.5084098503986857
XOXX-OOOX,0.5001190132015384,0.49863043588954886,0.500513917321863,0.4961151305278311,0.6872379594728224,0.5047320147568953,0.4987495130865369,0.5044914146516764,0.49868537788101835
-X-OOX---,0.3522027372349582,0.5036682608353295,0.7267771021595544,0.5508212077888023,0.5181548670713853,0.501491926069417,0.4223998630160248,0.7333057394817647,-0.19141768325430997
-O----OX-,0.1830478408572172,0.5087150624102219,1.275316293413885,0.13515405567496747,0.10064946643857675,0.13323244968805703,0.5036880605086136,0.5065262777413921,0.5436035423781422
XXO--OXO-,0.5029669917151378,0.5018275009390673,0.49875863770693524,0.6872181817397756,0.7271922106172306,0.49796415212454237,0.49926178275398064,0.5093526183511922,0.6872379594563112
O-XO--X--,0.505475208005117,0.42711442544710965,0.451347501119996,0.5597537565064233,0.687154186271643,0.4268607450132882,0.5584410932413943,0.4739289366837239,0.6892154497519434
--XX--OO-,0.06058180728467588,0.49139950955935613,0.4950353082802319,0.5087146159223864,0.4778640533436706,0.6868063978848725,0.5049428438383705,0.4949617417321081,0.02456609999731857
-OOOXXX--,0.5124973964842103,0.43760171907417483,0.4917743264348299,0.4827477255213777,0.5492574947094381,0.4355907988647882,0.4467895723819056,0.1626619789776057,0.23510228966251456
O-OO-XXXO,0.5516791258076584,-0.788058825228581,0.4966214144899015,0.5845757672257191,0.04564986266220472,0.5830189155811647,0.4012510670585002,0.40737376552458965,0.5467174426118571
OXX-O--OX,0.40311247433580144,0.5206827782712685,0.4773038689669583,0.40142846657459963,0.48599620964876705,0.6872379175911564,-0.33774313517869103,0.5585404460269681,0.4827006218615655
-O-OXXXOO,0.0985898467156266,0.4939490702439702,0.68723795981004,0.5009477708479735,0.49590347329086987,0.5030966278884639,0.4934381177729496,0.4975808417171503,0.504598483845074
-OX--X-OO,0.1268648720350185,0.43799413734046166,0.5404927106538622,0.6811555405976555,0.42680808772073286,0.43686405878450457,0.7745994126721835,0.5917201504145252,0.52863923150178
OX--OO-X-,0.49088023427968575,0.49261278800857267,0.10470773012774814,0.5864382910079186,0.4957045038041425,0.5015310294555047,0.8012946730962816,0.5004360924478373,0.9356983860394673
-O-XX-OO-,0.6747270292014037,0.5056896993359221,-0.3532454508192786,0.49702939640281707,0.5091411461946499,0.6853039167355206,0.49884296739471085,0.49762449808873643,0.6289585503620878
--OOXXOOX,0.6872379590337696,0.17128479348331993,0.5027068843148348,0.4949272050236629,0.49456483963274595,0.49353175260250987,0.5077485314159651,0.5039131653092522,0.5071158242867262
-O----XO-,0.09821773725507543,0.4974081528277987,0.07832893084811621,0.9501119979397253,0.6014326677929883,0.06919987333464195,0.4908909078542508,0.49883883374582594,0.44367958409961405
-O-XX-OOX,0.6462361089349045,0.4903024552406173,0.6782724595131264,0.4923216208701248,0.49670757045954367,0.6872381569987849,0.5031038115225183,0.4949139849148866,0.5012837911978515
OX-XOX-O-,0.5497207271983062,0.4239482112342423,0.41307541194589625,0.48674937370996696,0.5023594800946475,0.4709524146114618,1.111423968801519,0.49656141762963213,0.7061893046389826
XOXX-OOO-,0.4981894885895512,0.49279936383382433,0.4953873681513923,0.49779166836722666,1.01316158464985,0.5063115374043463,0.5050201450026284,0.5025924393300112,0.04551890679379733
-O-XOO-XX,0.6259447042072144,0.5967138146634741,0.6865849371296385,0.41123106918726804,0.4074994678313859,0.49321413191540553,0.6231646273267658,0.45089142202799054,0.4274225784291938
X---OOXXO,0.5032583221701163,0.556590762953743,-0.3946516660203707,0.6872370900345076,0.5067091378783267,0.5006439492257609,0.5017905086225525,0.5051795742391288,0.4951330185503135
X-O--O---,0.5013316653327418,0.7832152661433778,0.49212120019097927,0.0036693129697460414,0.04198801692712173,0.4956377260567759,0.7118130387171945,0.21511216707935288,0.6394822302297214
OXX-O--O-,0.5707235207118155,0.489022627047497,0.567683137461207,0.43706065632896846,0.46963344034618126,0.6868687039199283,0.4089413957896763,0.5164433992031121,1.3234515447710171
O---X-OXO,0.49073079983393025,0.6872183317837474,1.2875782148945754,0.5827339871689889,0.49267170288091316,0.08086813206537335,0.4913257777896461,0.49919184929207644,0.49702844500975024
X-XOO-OOX,0.41663301217637116,0.6852101870723625,0.5377948984023598,0.5074973722078991,0.5624094194083832,0.6872377945639802,0.5263705650187471,0.5355115253683699,0.4366381090644341
-XXO-OO-X,0.6869409559380474,0.5338944199825123,0.4059642580973976,0.4441581386352497,0.7420607859375646,0.5785946534697114,0.5136361769855773,0.4046504652536994,0.5028516995955968
X-O-X---O,0.5061141895751993,0.1639778182966476,0.4921438984536992,0.5,0.4952338223893113,0.6456563062257954,0.4351160928284829,0.09639484936666864,0.49928505201693346
X-XXOO-OO,0.5048112045521163,0.6868242853435191,0.5080449480149175,0.4954080959330744,0.49184220723978445,0.4920290363856892,0.6872380019164734,0.4974810697515524,0.5070534881906956
OOXXOO--X,0.5813987862616248,0.4552604470024786,0.4859674170521464,0.44188681406292374,0.530170424640658,0.4082724107303508,0.18246463740358015,0.11017544591293993,0.5854829675981635
O--OX-XOX,0.5043938257891785,0.7653996516175858,0.6872379594563112,0.49921922152012765,0.5062805374341375,0.9588950203898872,0.4946073479880118,0.49403729660652623,0.4960290755996238
--X-OXOXO,0.6247911324926316,0.7201698459573619,0.5098444131724511,-0.11971652001170852,0.49089368929288973,0.5022149916976143,0.5018947372976326,0.5029109053706446,0.49462028699917554
XXO-OO-X-,0.4970353269170286,0.5087497183151656,0.5064055228762878,0.26074753031808995,0.49361330792408864,0.5035603111905024,0.6797927167705397,0.49776394643566996,0.3667824719259094
-O-X-OXXO,0.5092939497584756,0.4922101632969368,0.7310585786300049,0.4997307670267655,1.7005593364242468,0.4931220831106559,0.4945647131230257,0.5056443360615074,0.49346601475817004
XO--OO-X-,0.5753486044362872,0.4167862905713076,0.3412734288906022,0.1946905771894103,0.5612771282393703,0.44397375466778777,0.6738360997093061,0.471025966112616,0.1040768193047038
-O----XOX,0.6870975289704213,0.5006530478998694,0.09801687246366875,0.695990540060883,0.6872379594563112,0.1021094564842226,0.49059731628075176,0.4938269935612473,0.49083049698774106
XOO-OXXXO,0.4936612476339975,0.5096904592627363,0.5020968869831711,0.6872379594563186,0.49964327112108836,0.4907529929363218,0.5000212628135926,0.5008420718856026,0.49314114226420325
-O-OXX-XO,0.6979207090885928,0.4924885563829501,1.0737599210870477,0.5004203737574427,0.49250550031368445,0.5075361160765132,0.6920443738068863,0.49078658935353464,0.5070089209514032
X-XXOO-O-,0.49343406872966333,0.687316314545648,0.49248452245971897,0.497511527643337,0.49862059860003405,0.5056971970100308,0.645889325196794,0.5053773617757947,0.49832511166348037
OXXX-O-OO,0.2036971677594308,0.6868143946666706,0.09763969943617246,0.9529946925076935,1.0304046073518398,0.8725973966974333,0.41392225499512064,0.6201867139656141,0.5306947896905
O---X-OX-,0.4949379254884334,0.6872379594563112,0.5214331599086799,0.6331525915095261,0.49632971377922175,0.1555675596238586,0.5094374379057153,0.49830592969898774,0.6146037447123924
O-O-OX-X-,0.5087632830460144,0.43944913784662143,0.5084657327165699,0.35769990598234463,0.5035265749400202,0.5045974894019131,0.4925824478461601,0.49825790254409175,0.11676507270110625
OXOOX--OX,0.4997207123996518,0.4981699557761668,0.4932688795738131,0.49862371708851166,0.5059924365123052,0.2360512508286201,0.7495068903205754,0.5014479860457765,0.4977266832460445
O-X-O-O-X,0.5081364414542806,0.4031090468946298,0.5031325612437272,0.6884911364638865,0.5020782212549596,0.687237959457073,0.504190212378391,0.6838462708381504,0.49631762801407364
O--XXO-O-,0.44854772877484234,1.7878805754342655,0.6737157359552237,0.4815024177334566,0.46207462444753494,0.528886090564548,0.07275104715605774,0.5529799958390619,0.04367003493543231
-OXO-X-XO,0.4265773217185981,0.33552720010901615,0.23159886288369924,0.893727991601897,0.8495262452404998,0.33483058950080324,1.0467216293786976,0.6662282428564488,0.4917441116334049
X-XO---OO,0.547307115497039,0.6872371923082045,0.4338737804374671,0.504467528379868,0.12436341618971836,1.7029493325072662,0.1513772873161361,0.5765022506250568,0.4097293268810187
OOXO----X,0.4419556239564902,0.5962225538437044,0.4000560034572914,0.500735011421848,0.6611757140317673,0.6872359654316859,0.6842664942262243,0.6577802858141537,0.43542214106139593
O-X-XXO-O,0.4648818912440121,0.021127785015101153,0.4243776991052075,0.6872372195197336,0.4251142126568433,0.5404639370296597,0.5498982568290046,0.2277433695873755,0.5690757045623154
--OXOO--X,0.003027289196453564,0.4352525959877429,0.4204296250118439,0.5906561780522851,0.5117692670232336,0.4469163236786747,0.6743023908369642,1.0923783596329049,0.4192374448449082
--OOO-X-X,0.5042989477766339,0.4022581633231002,0.45318810611654675,0.49466934690198183,0.4124798815062894,0.6877474025188892,0.4392008935364822,0.6872379592422931,0.46665421059016615
OX---OXXO,0.10432532016419138,0.4945181597216892,0.9397208253482955,0.04274161644880703,0.688728764369002,0.8682763701772966,0.6331717030865807,0.09033098058742572,0.7399584970301061
O--X-XO-O,0.4188986015504693,0.242463187970191,0.7719468001213894,0.5438514741573232,0.6856092660002525,0.560142207603648,0.5256023615579861,0.4890222624002686,0.5795761570486578
-X-OXOOOX,0.6873305113574016,0.5072458253192501,0.27072093688610566,0.49509037540227024,0.4970681828739399,0.5047008727736094,0.5064103483465516,0.5051906154292799,0.5039519228434333
OX-XXOXOO,0.49180888416822915,0.49903501715289933,0.6872379594563112,0.4988586367481032,0.4948433590309947,0.5058600440302551,0.49015205778965154,0.4992499451607787,0.5080141779127909
-XXO-O---,0.6475422507359536,0.49929405083872996,0.49650087084321093,0.5088336978980202,0.6872177369840444,0.5097482266143428,0.6553469014375104,0.6779386497907726,0.6287917869131171
-OXO-XXO-,0.49411875218896,0.4956960413698664,0.5045487089852427,0.5001466174942382,0.49224849061189013,0.509882201702147,0.5080834233821013,0.5069318085742369,0.687238112135936
-XOXOOXOX,0.6872379594563112,0.4941403158304104,0.4981530415306382,0.502124076941299,0.5064764764535048,0.49555608579024885,0.5074768338316217,0.501695744691078,0.5074031110202182
O--OX-XO-,0.47785791541342615,0.5234507583949503,0.41764429881464765,0.43365770849695395,0.4673226884311721,0.6225006500267528,0.5177599409728718,0.5484485195858647,0.6872379598779543
X-XXOOOOX,0.4945934493341432,0.6872379594563112,0.49175162484985957,0.5005961985107259,0.4984651129300781,0.5046575027251684,0.5036894045800806,0.5087211871686259,0.5089909709482605
-O--XX-O-,0.6872188007799703,0.5014042939541574,0.6460903796873178,0.6872379594563126,0.49811052673747663,0.5055279462621514,0.7701484427166511,0.5027379518805055,0.6437578434254362
XO-XXOOXO,0.4942942611888459,0.49945928035868487,0.5116009678287133,0.49602335366088746,0.5035559466178846,0.5004470152627307,0.5018871617818066,0.4985549363895776,0.49668038871273995
----O-XOX,0.5564931914094574,0.7496303865740673,0.34004946559329063,0.34895283839249924,0.49072116744696787,0.1211165514237742,0.5033731686063941,0.49141201219936115,0.497061807456003
-O-OXXOXO,1.0094845335394247,0.46733282689629485,0.4696888645181104,0.5554863980046448,0.41236796242979423,0.49638556611215745,0.5666019189907754,0.5233568220950042,0.5171298283916257
-X--OXO-O,0.2777232737454082,1.501630404586211,0.8909245064761775,0.1762847292132136,1.709105783453872,1.693870570557938,0.3322093982833422,0.8424065679217001,1.8060352701674622
-O-OO--XX,0.15826281505096063,0.5234290069886435,0.40069485074624284,0.40460895484936416,0.49927127229573964,0.6843248305571286,0.6872081716538332,0.5733761102212702,0.5189041259557676
XO--X-OO-,0.490580844166916,0.4922595266083159,0.4589463165843295,0.42152266030762886,0.5019776389311954,0.4956766985072459,0.49719432593442303,0.49813521144140155,0.6853657201002797
O-X-O----,0.4905814987643656,0.026836230644819103,0.5044759732570775,0.006397875665516417,0.490499806757863,0.7052487595300403,0.08511302466609916,0.28220187787990425,0.05988759437029867
OOXOO-X-X,0.5011001326499442,0.4786274053319711,0.5276685783348493,0.43604908522096997,0.5163487062968225,0.6872275426029836,0.546013366101439,0.687221354596175,0.5143068819148521
X-O--O--X,0.5102493856303394,0.4984704395602386,0.5720257594334355,0.7334263165623801,0.6872379337957458,0.40936378502030396,0.46285557485738926,0.6787575702718296,0.5362940189041618
OXXX-O-O-,0.5108001499039698,0.6345402756704651,0.7710775888207029,0.8377629515055096,0.6877563606160442,0.8095530915606192,0.52497918747894,0.7507862557264998,0.29726475526398244
-XXOX-O-O,0.6884885982571955,0.4967395876606909,0.5045879914326786,0.4917626733298383,0.5086093818654638,0.3978450287080394,0.4930253845771488,0.5050307102680063,0.5016014647139097
-O-----X-,0.028757803878495136,0.5024553422408864,0.21486983986936992,0.2863896003356686,0.6872655024817945,0.6805064082514237,0.2290000218868073,0.4996005207635095,0.6836075241452445
-OXXO-X-O,0.6872379166421634,0.5054457721043087,0.49536114569921474,0.49628200496744884,0.4952625720364843,1.321334232911283,0.4913151710580814,0.6302838265614746,0.5015943362704146
-O-XX--O-,0.5018468762993069,0.49760586301077825,0.6872379594563112,0.49582762806977343,0.5081413479798919,0.6852126672308296,0.6851982244850995,0.507554408528481,0.6853039013029841
OXX-O-OOX,0.4970456834008284,0.5069803882238589,0.5065716384618791,0.383823328660463,0.4900565869305284,0.6872379594521076,0.49873011146477314,0.49846081684228954,0.49671618163013975
---OO-XX-,0.3116720453710588,0.434410733387044,0.11106905610281792,0.4541553063787135,0.40285490848462047,0.6770564832980429,0.5192412022988853,0.5023459386845309,0.6872379594563112
OXO--OX-X,0.41012399794771415,0.4707327931081427,0.46169470699754916,0.5365776168990303,0.6105500732609337,0.4386260391074003,0.42321193246540345,0.5006593648011903,0.47476610276375714
O--X-XO--,0.5058387814026343,0.6650886803976533,0.6872379614179722,0.5089239941344892,0.6872377579737154,0.5056143461656107,0.49809359207386017,0.3690483838833889,0.3712116186324529
-XO-XX-OO,1.3720923998258607,0.5846367249661116,0.5167818975070771,0.6872379594563112,0.5366291350169254,0.46196294390588966,0.38945377168415884,0.5546408304570905,0.4394850170588368
O-O-OX-XX,0.5063998447281248,0.49138145574163633,0.5910150742201008,0.9024532865481817,0.4685200357192997,0.4778174352072897,0.6872379594563112,0.5753748508689955,0.49191578264863145
-XOXOOXO-,0.6868785765925925,0.5353635296576043,0.5854815324657274,0.5801474175758207,0.5663202496002769,0.5402056132234967,0.499354376340849,0.487275049738896,0.06670274058953257
-X--OXO--,0.4962565541469803,0.5051488020809084,0.6749105602956396,0.5771487072979208,0.4957257610069877,0.4930042381948928,0.5075434865629597,0.5040585905227681,0.5093389189570979
O--XXOOOX,0.49431845824908366,0.2763780333946545,0.2935947055117384,0.49553889504413373,0.4974210829348548,0.496895192810306,0.5032172185905199,0.5001633915226433,0.5094269211011242
-XXO-O--O,0.6283015339723602,0.5650618113421808,0.5635177676271296,0.4600582960605775,0.6869813561907365,0.5562072152367527,0.5246901866271897,0.22566639198487193,0.49591580923941436
-O--XX-OO,1.2077571037439236,0.5091553028196732,0.3035384018051157,0.6872387384480383,0.5034310719206003,0.49493250530723504,0.6465178498586664,0.5065635670711097,0.5053125989447098
-OXO-XXOO,-0.09345901017027025,0.4901757286468557,0.49657521061395216,0.5087946223387596,0.6872422352678528,0.4921279383038255,0.5085774788196488,0.5015004602431459,0.5000635057111588
-OO-----X,0.08567467475934809,0.5034501973667,0.49599956057118644,0.7338704973378601,0.12171386927778449,0.4972109979243689,0.01907803172542244,0.12131028074703032,0.505544299960575
-O-----XO,0.30896619148071625,0.5042379702593736,0.31788387533805806,0.7767095829130823,0.6571855514085503,0.06841452660821506,0.1470445436797682,0.5045293143989656,0.5047797535296695
--XX---OO,0.19849818216751514,0.029846260175388717,0.49797696860245794,0.49192194579920095,0.8136352852122261,0.2882085927287964,0.7183380680155824,0.5039112254026573,0.49779172310730124
XO--OOOXX,0.5093286361487381,0.5087125424128822,-0.04000238880081697,0.17388443772578965,0.49530570364571974,0.4978927787885185,0.4996232203911613,0.5016228005315589,0.502695410456244
O----OOXX,0.43441451467384795,0.20317051414763754,-0.034615069597380144,0.18366314015432494,0.37315660113108273,0.5624008387718128,0.5967631536197344,0.5353554094027589,0.4252535459680326
---OO-XXO,0.7422895806822006,0.007780081414947626,0.007605799764772603,0.498886971933539,0.4942780104289412,0.3797121946750195,0.5019705912372009,0.5063653579330216,0.5099887652401282
OX--OOXOX,0.44682710170374634,0.5824750234809263,0.914613005402493,-0.053097652003535556,0.5350862244554271,0.5032090201327075,0.5583023817925955,0.5015831916629305,0.4188115330497772
-O-XX--OO,0.6794728163555717,0.4593775617974806,0.318996701821607,0.4885140029072459,0.41418098902977357,0.6872378506242274,0.6872370832616378,0.447131161862164,0.5098927811760042
XO-OX-OXO,0.5058599900838361,0.498955769863126,0.02651649411069562,0.5019361692610724,0.5045932885994373,-0.2672727954063756,0.49674056724879967,0.49285502729422775,0.5039921077824244
--XXO-OOX,0.5083760148347879,0.6866436163987145,0.5152552794615888,0.5748017801078713,0.43355609060844036,0.6872194147947447,0.41801454789242753,0.48903024675334894,0.5154739023670054
-OO-XXO-X,0.6853413069475529,0.5041691076687589,0.4923151438070316,0.6872379594568737,0.5004905786231343,0.4957297375362817,0.5049524324262119,0.546603160616302,0.5035790048728988
---OXOO-X,0.6780706583606428,0.20071429893690285,1.3115600982346378,0.49553228718202413,0.5067067713440782,0.490742509043006,0.49444248969720045,0.03193779899509075,0.5035190862090871
O-O--XXXO,0.43646068144747385,-0.7282262517265481,0.582118621915667,0.32244554293702765,0.21638366304297585,0.462849467405259,0.42135841778621586,0.5352533382084663,0.5360500356983465
XOO-X----,0.49432946615001155,0.5063127904634267,0.5006617563253314,0.6872379594563112,0.49568405072886806,0.6852795103737869,0.6806332770458818,0.3027713247066618,0.687217959180117
OO-X-XO-X,0.5799688450119168,0.5485663198055449,0.6790923156838399,0.44438383565281425,0.6860120623323845,0.5536542894611742,0.538181857733449,0.8142192952436595,0.5870021350464496
XXO--OOX-,0.5296500079674604,0.4744207767051499,0.4499162689046577,0.1815866889923452,0.6267527114103236,0.5048679675007163,0.5838703493552797,0.5300150853849239,0.16143323805363402
OXXX-OOXO,0.5077589017014758,0.4942032329797307,0.5005139387929809,0.5023388916612814,0.6872379594563112,0.49614370535479424,0.49639173763064376,0.499167898249316,0.49341792610107565
O-X-O---X,0.4972827781855265,0.6468197565716008,0.5024906689895688,0.5350940527114343,0.5041091837920093,0.6872379593647633,0.07941056466096164,0.6871782629062066,0.5005719556971123
O--OX--XO,0.435198974821669,0.6857338144686332,0.4346534172797726,0.4061650968078441,0.46883655945040165,0.48195010715248804,-0.8642977086971175,0.4964571139873132,0.5011066848461162
X-O-OO--X,0.4923987648332501,0.15644938664178198,0.4960758888249578,-0.40970032930125877,0.4972889640621053,0.49284374457189617,0.6862440160696981,1.2025508915831429,0.4932864437618101
OOXXX---O,0.494760425493658,0.5070130331710212,0.4912335859611069,0.5052611628503365,0.5076514018746862,0.6781284795143084,0.6872379594563112,0.6444624878908013,0.5091473635198754
XO--X--O-,0.5067526291219884,0.49961012165372076,-0.31782758904361796,0.6474895649213935,0.49289670564132726,0.6871508085332481,0.4967880373088233,0.5065687711980059,0.6872379594563112
-X-O-X--O,0.20802445080212878,0.5048812826150018,0.8171418479299274,0.4993236875897126,0.6872373948545883,0.5072676209120007,0.10423718321962705,0.0653601442215842,0.4983510423188977
X-XXOOOO-,0.5072903762952454,0.6872533345980624,0.5099809826031865,0.49504956319908666,0.4951577504633536,0.5089842157211989,0.4958192237039708,0.4994782766434006,-0.2108034444263227
OOX-XXO--,0.5644625973091436,0.52185095701059,0.5151510985167995,0.6872321279329088,0.5350209931753348,0.4611081744098849,0.5811081392843122,0.6226780847403689,0.6866621548545582
X-XO--XOO,0.5054762603182791,0.6872377680179481,0.49865885207246374,0.4962726938934009,0.6872379594563112,0.6872379203713394,0.5045641043927244,0.5020755570650793,0.4926604335869242
X-O--OX--,0.49360774813766917,0.1393394853662957,0.49752880248376585,0.6872379594563112,0.4483865501778226,0.49992377826272405,0.49767906874162676,0.7001092248710058,0.5005563081650424
XO-XXO-OO,0.4995446121506838,0.5020735679388225,0.44116677799621185,0.5007103085643075,0.509712997857641,0.49180395766512897,0.6872379595129067,0.5077096767492928,0.5024118734356419
-XX-OO---,0.687237020229754,0.49897892054761905,0.5080101604017861,0.43424633557567405,0.5028399411885658,0.5058212180399629,0.32220536924548787,0.4661239034744243,0.6721629342330003
XOXO---O-,0.5074998398628028,0.5029352447063182,0.490687435824842,0.49557589787299666,0.6851982861585039,0.6267454202685294,0.6868015147016963,0.5019375577873906,0.6462148793963332
-XOOO-XX-,0.499299246826062,0.5007099094394065,0.502461049284637,0.4982509847979437,0.4983598870423904,0.685389477857787,0.5026317469337613,0.4948783263471153,0.6872379858916398
XO-O-OXXO,0.5003232659460819,0.5068858486170258,-0.35563020113192334,0.49436294188864366,0.9171560018504963,0.4925676427780623,0.5099048603361219,0.49739204953198113,0.4936830461417395
O---X--OX,0.5005768754432475,0.07955119994180071,0.5962425649061625,0.039926583845783625,0.5043662075628916,0.0018944560507885289,0.6484070369112946,0.5025466188281265,0.4987983000603785
XOO-X---O,0.5086953722512335,0.4938603355245023,0.49966150085333977,1.042471805079239,0.4903862667267445,0.6722966499667072,0.02429821334275173,0.9195611560861164,0.4919812148179829
OOXX-O---,0.5076266691001194,0.5084049400652759,0.49214670797411764,0.49387325754062195,0.07854814841880431,0.4924967501824956,0.4904716593305623,0.49544056452091045,0.5050878580348324
O-XXOO--X,0.5086065811326537,0.7125667970943004,0.49770851773527863,0.49757120787222225,0.507693984584594,0.4986051505214309,0.5,0.5,0.5098931654275696
XOXOXXOO-,0.4902239879475698,0.5000318298390167,0.4906962410424522,0.49797362241157156,0.5026865544894824,0.49655497637556356,0.5001668499648311,0.5093373851266243,0.6872379594563187
O--OX--X-,0.5096534678300991,0.6872379594563112,0.007886615747730863,0.5894424086015084,0.5591896119330253,0.49655031227124463,0.6872377673563403,0.40160729371149806,0.14952033378509422
OXX---OXO,0.49674561147691604,0.49972683785525257,0.4981526880215825,0.8035703234459158,0.687237763007209,0.1596492944692744,0.50227586028223,0.5018582997953858,0.4935246354358386
XO---OXOX,0.49578884853013133,0.4905299968584523,0.645484276331345,0.6462300373201149,0.6872380019164734,0.4957937666540568,0.5001736657180088,0.4918854456350917,0.501139025347242
-XO-O-XOX,0.6780445695041725,0.5039492271513496,0.4981968745995595,0.24291336596795043,0.4913672271510307,0.3914074196786378,0.5075041060860346,0.4981908569517059,0.4939414188477571
XO-OX-OX-,0.4969502105746789,0.4941585232719412,0.6888351786385419,0.4984411812071883,0.4986902072533987,0.04812795677389747,0.49392367920531627,0.5017248026950087,0.6779801860516581
XO-XOXO-O,0.5273133807921934,0.5963634496128045,-0.018603137232241607,0.8835508172710743,0.5600514759420347,0.6726484107777443,0.8258790562603024,-0.13027132357701687,0.9349518581998538
O-O-OXXOX,0.5028763108989232,0.25863285529166374,0.49955885751804224,1.1113223639151872,0.5083209117083943,0.5052155485196927,0.49290395660810354,0.49307568673287494,0.4960225770984991
XO-XXO-O-,0.5009829434502022,0.49848679598742157,0.6872387384590737,0.5081473477281269,0.4983583618556093,0.5044434946184989,0.5033164523896057,0.4925747315421254,0.6868346938168788
X-XOO--OX,0.5090933978326778,0.646936487353851,0.5029455094648604,0.4925286347335963,0.49700342037440737,0.6872379594563112,0.7305446638563382,0.49651232280182145,0.4939927413115573
-OOX-O--X,0.6872385400430941,0.509668749210866,0.5092751459152421,0.49520230422036016,0.329692968879995,0.5015301431032902,0.9174293759547304,0.15757597351792707,0.491223559666536
-XX-OO--O,0.6853597757717036,0.09747315405466184,0.799209795131023,0.693771701176678,0.38787182668803244,0.23861117468013848,1.3965424025022475,0.014258542378364991,0.4095478777482411
OOX-XXO-O,0.4919823089248189,0.5089512510244026,0.5075792320510402,0.6872379594727639,0.49277494200648336,0.501607864963568,0.5097410928348636,0.21693368940313895,0.4985537704663372
XXOO-OXOX,0.49583765992624673,0.4942818931682118,0.49137615018174036,0.5049644755364386,0.6872379594563112,0.49236350488801683,0.4977485744768829,0.4966136639183447,0.5079067522792674
OXX-O-XO-,0.5627115057384411,0.5952364973335983,0.4837488457731036,0.20404700271231557,0.44094404541996707,0.03328574342272872,0.5222151897812597,0.525347322217908,0.6731829333048813
-X-X--O-O,1.2167718945835688,0.5016659832285738,0.34861656228447513,0.5082490946833775,0.8169997682086599,0.2714731330519637,0.4979892880796335,0.406277523607595,0.5017926791687832
O-XX-OX-O,0.5037031514971082,0.4998863382591058,0.49391348117982453,0.5031323930479682,0.6853851103475146,0.4947456455842548,0.5041455615314421,0.6194083205642408,0.4989995218905388
XO-O-OXX-,0.5054129784492206,0.4705196570602422,0.5246998598390173,0.4427075968273042,0.5950958642251896,0.4109085028075251,0.4281812650559918,0.41615628280592903,0.6867962952508797
OOX---O-X,0.5298624410906545,0.40136230023863184,0.44947665611780585,0.1555311371817536,1.318578268629561,0.686770255142944,0.568140665477296,0.2070200634485052,0.4980462304215599
OOX------,0.4978557010028816,0.5011502900838242,0.5011180717218214,0.03816520530858686,0.10765148164043897,0.744629398895998,0.6862915258275387,0.3376945392962132,0.023611237707103605
-XX-OOO-X,0.6872379594563112,0.5066184674955001,0.494998183636539,1.3981969003642776,0.5041873194917484,0.4972558831449308,0.5013967887133056,0.27550998132060756,0.5084422589143004
XO-XOX--O,0.5232833709428377,0.567526475749804,0.7976196353311134,0.4160817195968698,0.45486035912456735,0.4664419654807359,0.6813494288167865,0.6513501383002744,0.42892437000660655
XX-O----O,0.49281157103779355,0.4934729078941438,0.6436310089178169,0.5094081828559949,0.4743511252392863,0.009114434513383174,0.5685815955467598,0.6872379594563112,0.5074975777250226
O--XOX---,0.49599076942553627,0.20152517741929554,0.11717623100936247,0.4932241560518885,0.5068469225921647,0.4976232158457967,0.02471696658317657,0.02357524069225203,0.6885470888508551
XOXO---OX,0.5023638036385742,0.509790054465284,0.5050670342002365,0.5095411435108153,0.6872379594563112,0.6872336639075733,0.1574460385904658,0.5050896077620185,0.4983747292621544
O-XXOO---,0.4914670913952882,0.5337341212304992,0.5024652967535755,0.5026703984886213,0.4920723838421,0.4978686908101128,0.5181719609991617,0.0209812903620894,0.12096926231767724
OX-XOXOOX,0.5026445614106507,0.49079782371622943,0.6872379594564748,0.4935377527494248,0.49049732176946365,0.4914357489650666,0.4926509723334906,0.4916604316702052,0.49337406491267377
-O-XOO-X-,0.7378205477989308,0.507957751345559,-0.30798956795972043,0.5003122512472071,0.5000467860431976,0.5052947372316958,0.6778389935933617,0.5075029106278559,0.49987244519676016
-O-O--XX-,0.43928811435383996,0.4958508651126378,0.689630360059359,0.507924230900347,0.01127698471326477,0.4402512237324317,0.499290968573067,0.49772314394514217,0.6872379594563112
OOX-O---X,0.49711046938498105,0.5084102460274726,0.49011200461307936,0.056798291462608175,0.49486314508971546,0.6782821646198988,0.6457363527291424,0.6878391090227003,0.4943523515172895
XO--X--OO,0.5052917599875494,0.49629395785022956,0.5215544042762025,0.15479944733328543,0.499008732805575,0.7403213327088214,0.6778902783622724,0.4941251128571589,0.4975140599374988
X-OXXOO--,0.5502572494808485,0.6255491318943798,0.5417758370200608,0.4387334762380563,0.5638601854068872,0.44140734248725727,0.5371810438041505,0.43610660208935365,0.6872369937021499
O-OOOXXX-,0.4206901471408488,0.6091671696165315,0.44467806588047865,0.5263918672250261,0.43515814256422725,0.5648424607986701,0.4145054467117459,0.42911439660691747,0.6872371923082045
OXO-X-X-O,0.5027854517641033,0.4956515475433676,0.5010769288953832,0.526572360581909,0.5076416747379954,0.6872379594564334,0.5010256962425779,0.6778493534783328,0.5022706309317806
X--O-OXXO,0.5045191081176202,0.3162006753134048,0.6308977708080609,0.49226539622531035,0.6046094338836044,0.49884700286924566,0.507963700990687,0.5027530336835873,0.5086228266217032
OO-X-XO--,0.49066522646657756,0.5098289415054087,0.6786631200199296,0.4994761204110801,0.6875082123426027,0.4947324646545822,0.5029323730616537,0.49834690308851565,0.6452945997272765
---XOOXXO,0.6872380019164734,0.2699071181077626,0.281004445154842,0.4937673364698615,0.4976281227695642,0.5095866558958798,0.5021358521548124,0.5016937428733936,0.5021296294866275
-O--O-OXX,0.48279435659616643,0.4649280483752448,0.2258148904653915,0.5091127399272496,0.5652534091942847,0.4979225951404874,0.5016608246700007,0.5831515630626406,0.4307052004486415
XXOO-OXO-,0.4010788904032354,0.5629506311042856,0.5828623729679672,0.5229061818038372,-0.14022279833894857,0.41997450449898693,0.4914769950301191,0.4094659711511611,0.15212725532682841
X-XOO--O-,0.5474710062518445,0.6869805376389215,0.5779618587841484,0.504160189017114,0.4014770737585419,0.3870630324870792,-0.060596599436997134,0.5744756289553314,0.2743693645932095
-O--XXXOO,0.6872379594565045,0.4944235178551872,0.6785641326024333,0.6785007440986037,0.49241681828953193,0.4970707213459676,0.5024055723661649,0.508129339593102,0.4916193970057664
OOXX-O--X,0.49418774283729433,0.5086149787650545,0.5055183153295554,0.5090893318487864,0.6829249806578899,0.5089002337845783,0.6872379598779543,0.5052520675014063,0.49652474335681507
--X-OXOO-,0.5049133912167474,0.49140985159201844,0.5020638579885255,0.726775805577097,0.4946008347120463,0.5029971795578841,0.4973108906673673,0.5061599976791739,0.6872379943698308
--XO-XXOO,0.49162682556469145,0.6437327562592561,0.49553688295570375,0.5043883327494485,0.687237959460498,0.5038584821405496,0.49032477856452006,0.49542162004527623,0.4932599337481632
-XOOXXXOO,0.5309181720158612,0.5043440518617366,0.49488483526021854,0.49669300523369203,0.5020418351637904,0.5006900512761783,0.498560434057393,0.4947722006676874,0.5012263207107469
-O-XOOOXX,0.008571392152329604,0.5085620852635848,0.3860946694230934,0.5027418649561031,0.5054337927776819,0.5014147370024614,0.5032851114822856,0.5043860578356925,0.503848166146806
-OO---X-X,0.6867087902744642,0.5083705286860688,0.49974949689949866,0.6868357164262211,0.3295025665859602,0.20273966327129572,0.5041358639435621,0.6872338600148962,0.5099462289830049
-O-O--XXO,0.35768947711293575,0.4922637134488524,0.05134440136762386,0.4978823207008634,0.5009184059934486,0.29924809061458457,0.5054163735413216,0.4944456492887144,0.49476464951077154
XOX-O-X-O,0.4950901275926286,0.49875804262714124,0.5039900302255776,0.6871449430367885,0.4927771116073501,0.49433248500848553,0.5094800501043207,0.4294884914758977,0.507464564156016
O-XOO-X--,0.5081747174548951,0.2412652283791935,0.49956052563507103,0.582343622311951,0.48380474184578187,0.8345284304754124,0.537088990983108,1.230314020095056,0.6389238428845612
O--O-O-XX,0.5086676912977672,0.5077495160115012,0.6181027768816622,0.502007966018021,0.45241025917630406,0.49780287835223025,0.6852331347004836,0.49532812619209154,0.49335880951314987
-OO-XXO--,0.6872379240140314,0.547436614596311,0.40717841466724597,0.6871818449076513,0.5228118463208752,0.5201935261306065,0.5078649144690295,0.30826421279998273,0.7389735582296695
--XXO-OO-,0.17452141396889492,0.16158130343906663,0.46759279674216636,0.42186470226831707,0.5117269428043865,0.6281896484287883,0.574963108638299,0.568689319955065,0.8655431756381302
O-X---X-O,0.5074047605520535,0.24011369515328784,0.5024013437787336,0.13087057018028292,0.6872379594563112,0.640804959080129,0.4918218161372917,0.2683140092878499,0.5014109456754152
XO---OXO-,0.8913206324700395,0.7519036046205544,0.6966437312763596,0.7105842017083808,0.52497918747894,0.2108353511648623,0.2671892466322362,0.5465308565582524,0.6899087154415725
O---X--O-,0.4969789959384262,0.19565259117842188,0.20128570772793886,0.6890709206198083,0.5078739013632807,0.17800554044456962,0.16815313895462003,0.49946947620192617,0.7146121409653868
OX-XOXOO-,0.49488945254495054,0.49126337862624975,0.416166481416985,0.4906966482100277,0.5074990524528097,0.49954083257017423,0.49302777976822143,0.49292146875038556,-0.24404913586937438
-OXO-X-O-,0.06386110790798794,0.08604891898958233,0.4379448152794112,0.1536404310367263,0.5012775946200786,0.5963665842525329,0.5963794438420654,0.6374598081001388,0.6839152323607604
--OX-OX--,0.6872379594563187,0.5075159331967115,0.4993816346065428,0.4949587548592866,0.03187184533430454,0.49277239735114103,0.49657726470296937,0.7602527846733766,0.5955278503244678
-XOOO-XXO,0.4847713800777708,0.5090360000021885,0.5097029334203245,0.5019791420703603,0.49993468567870375,0.45000517274487956,0.5044260905603852,0.5027048534771188,0.4949669686467072
X-XOO-OXO,0.5930106071959531,0.6872379594562764,0.5788547881143937,0.47741163028780725,0.5181563753595184,0.14823659169610792,0.4317601474397011,0.5132198713837772,0.40683199868118275
O-XOO-X-X,0.5062370497093615,0.2558360065375037,0.5049211879313414,0.49347663486342525,0.5007756365389385,0.6868045805170947,0.5036858126725888,0.6872379594563112,0.5005918600690971
O---X-OOX,0.49400520723931585,-0.28408301121630186,0.7341371577747636,0.13720914263890294,0.5071369427524239,0.01322451947977632,0.49195846415543487,0.49796689457469345,0.49632486826577477
XXOXXOOO-,0.49678118934907467,0.5091472294156982,0.49989940906216546,0.49642095698669575,0.5015512156336818,0.4988176666763494,0.49793365492255326,0.5052675174951184,0.6872379595330383
OOXXX-O--,0.5044591144418666,0.45547845893132904,0.5892804370811315,0.4763360882784398,0.579281311480529,0.6872379594563108,0.41214241312915983,0.52497918747894,0.09490738908405194
-XO-O--XO,0.3163283911271939,0.5070195579856989,0.4937510379848668,0.029928634686355093,0.5054993609193709,0.05502496066029888,-0.0840023151338537,0.5003791808164864,0.5053259127327504
-X---XO-O,0.5009379852108639,0.49130201428246806,0.49071404360070114,-0.14885842508135738,0.49004242133318276,0.5086171667192502,0.49371465354870164,1.2128010520090233,0.4969691980391485
XO---O-XO,0.4546988785165961,0.5843785350495204,1.3273616689736123,0.305102583384415,0.40417490327619776,0.44217400607531704,0.6478353251953309,0.5503172337763548,0.40709934713277185
OXXXOO-O-,0.4985141321749026,0.5058868487036404,0.5077119652696293,0.5027047856746911,0.4979271249998728,0.507956346293349,0.05779438114416491,0.509607868070238,0.28325760886671947
X---OOXOX,0.42003876735391,0.25595218028204025,0.42479614801136395,0.6872193949551784,0.5767254921586454,0.41330054838144326,0.5518988797977616,0.4012580622424072,0.5129343898970684
-O-X-OXOX,0.6453141570047074,0.49777640145866037,1.0434841184131702,0.49743334662396893,0.6872379594563112,0.507930670941987,0.4982690327369858,0.4959534185710161,0.49840887371126164
-O--O--X-,0.05958298825326369,0.5092756019569593,0.07773898246962535,1.0610509338205452,0.49430786023712453,0.33106662780244744,0.09382151576431907,0.4919960391410278,0.12297933318648424
XO-XXOOO-,0.5081455865166836,0.5099234667268553,0.8833181761920209,0.5062269922171369,0.504164221221867,0.49257077856479187,0.5072440208252561,0.5084446829452922,0.6872379594562718
XOO--O--X,0.4963679881885535,0.49192723114628106,0.4955961497533831,0.6872181110289944,0.6871479607131862,0.4907755016535527,0.6872578523973438,0.0281163255277328,0.49975033411280895
OOXOXX---,0.40820708295484537,0.4783223974564804,0.4757183017875434,0.4304939691995673,0.5498600151268013,0.42316667482426096,0.6513501383002744,0.4375380999615476,0.6872379522973154
OOX-----X,0.4959776027241265,0.5061675412215292,0.4917048549908109,0.32164550555467164,1.0182218386568418,0.6868024759902139,0.6872379594563112,0.052986863445900756,0.5002279675754723
X-X----OO,0.42949815585864665,0.6872379594528161,0.5738248201075896,0.37797377552612865,0.050561101203580816,0.6440464809365267,0.6872379595548016,0.47144298287144515,0.5096199223510949
-XOXOO-OX,0.8982257795197539,0.49239132996278884,0.49780234689508746,0.5067437297201638,0.4987909969254795,0.49004006017138907,0.1527175240787232,0.4991517419083317,0.491128548590956
XO-OX--XO,0.5293260289765128,0.5145775488349176,0.6786182105325261,0.4728155893229021,0.5773074606942865,0.750990441804343,1.0039090416478456,0.40918337689941364,0.4544073629536336
XOO-X-O--,0.5055643717146704,0.4936033632529708,0.506242328525426,0.6872379611020059,0.5012404072883657,0.49669533100853897,0.5034080608111076,0.053018024697434274,0.6868402040086293
X-XOO-OX-,0.5035072027616078,0.6872370919475674,0.4084011727269807,0.5873872363262541,0.5435114564255197,0.686742010543164,0.5817034192967754,0.5745726724030875,0.06503971807724046
-XO-O--X-,0.130417173832455,0.4925630500853197,0.5040715938820675,0.8364779241768827,0.4985250592753509,0.34494327075099906,0.30736825974956483,0.5024081374917102,0.2664240998764814
X-X-O-OOX,0.49315851342655104,0.6872412642096936,0.49601198279476455,0.6781807694808906,0.5002438912830889,0.6434579042399519,0.5029856180930627,0.5007971355794842,0.4926840751391635
OOXXX-O-O,0.4629276525283005,0.5449239624146083,0.5730704466152593,0.41384237795794987,0.45777733058614334,0.6872379591043577,0.4444137621880614,-0.21723898624423643,0.41618368278762147
XO---O-X-,0.5016568736135966,0.5098252424451892,0.313604156416188,0.6872340990412734,0.2535736197452704,0.5000006203496967,0.07871150845999386,0.4987749408893313,0.6851964791665429
-O-XX-OXO,0.5631537227250686,0.5088877506551412,0.14031175040508592,0.5034842367123832,0.4967634437263636,0.6872379594563112,0.49495917680662144,0.4968853206492799,0.4931010289566654
O--XOXO-X,0.49949288540635195,0.29055867265372776,0.6872578523973438,0.49703306677771164,0.5015726688072918,0.5028136020347047,0.5092290039854462,0.7058048446373015,0.5004754906901484
O-OXO-XX-,0.5058353290818057,0.629779461598341,0.49354957261463384,0.49800466809642435,0.505882005487178,0.01834401029912769,0.5054174118806154,0.4998813743461747,0.68723776943145
-OO---X--,0.7425512166644174,0.5001454887937246,0.4954464066332441,0.7611767414318834,0.014940973756217057,0.677158559201998,0.5004727128497247,0.4550738731841777,0.04909104116430113
-OOXX-O-X,0.68716070780659,0.7546065229529032,0.9852230996343972,0.8549415821413994,0.523372324053805,0.21465054369192027,0.5139331055875482,1.3302205994461926,0.6264318609077197
-XX-OOO--,0.6871501887756468,0.49668274155963693,0.5027677438380452,0.22054192654821458,0.49195616701538625,0.4905613034283689,0.49102656451595295,0.009599290288099138,0.4171251294333207
-OXX--OOX,0.5088793681192226,0.49856909898737145,0.4970277964692718,0.4955014599744316,0.4961371946037504,0.6872543047206364,0.509636746625033,0.4936486842166802,0.49712972372706044
--XOOXOX-,0.6872378043948637,0.62881829825285,0.4562007081990467,0.46467172109798865,0.4868805804556118,0.5932265734660978,0.593644129096526,0.5784290387628535,0.68526269529093
OOXOXX--O,0.5052965232896311,0.4964607775749331,0.5024982441747137,0.4958277478911383,0.49144396747241104,0.49987189954271544,0.6872381569987849,0.8833824449439367,0.5097116281523969
XXO-OO-OX,0.8240095624501298,0.7066167531268075,0.7784561928175093,0.10232518166138621,0.5781835886642823,0.501977312280153,0.03771390961936033,0.8055405635025661,0.059091125277597856
OXXXOO-OX,0.49059802555372145,0.5065700231143798,0.4995992473696075,0.5009864121932102,0.4972217103208801,0.5094793383883572,0.6128996728892474,0.4949159764354792,0.49305829841491033
--X-OX-O-,0.6850449510585053,0.6868206847331015,0.5084842031183724,0.2699935890305214,0.5050980787419795,0.5044975870194064,0.39409731388541014,0.507163059854549,0.6871493790928789
-X-OOXO--,0.6870180714763694,0.495335849270237,0.5099067681452768,0.5052619784297333,0.49964951985895867,0.5080751496788423,0.4952444447464739,0.8917392315604179,0.49032086558966015
OO-XXOX-O,0.5604294991896083,0.5113050507604102,0.6855664826724073,0.49532187287677154,0.5155365863754469,0.5917887519419496,0.5457425829517113,0.34018623479121957,0.5671778795795512
OXXOO-XOX,0.5361394645649634,0.514215554091861,0.46746911880875036,0.43323678225928924,0.5179578531918533,0.6872379594563112,0.49946749453696115,0.5029549193037851,0.4782800415737537
-OOXX---O,0.4593471514199259,0.521525478183603,0.5342246927034472,0.4954422179312033,0.470816339139072,0.6872379578188762,0.6337786216536841,0.7214888351097352,0.5326760286853499
XX-O--O--,0.5074176609834482,0.5060894106311551,0.6872178366804349,0.5036150926860724,1.0206668452288885,0.686982963455602,0.4978987605065015,0.6963047833850675,0.6583312347254392
-OXX--OO-,-1.0999640014162417,0.435824076460347,0.46313820429601,0.4033758594823604,0.01146575104073122,1.1732463284126369,0.5402765094740479,0.4865454077776475,0.03434005329779416
OXX-O-OX-,0.5019109220040131,0.50953819740615,0.5081858080096875,0.4630472805128437,0.49189868321326613,0.21012518335360775,0.49900307571952246,0.5019977983513402,0.3008494012570623
XO-OX-XOO,0.49504069247343363,0.4957557315258937,0.6872379594563112,0.49526840132321776,0.5087738181403393,0.4975981381173392,0.499913862026065,0.4948401008628087,0.4908350866053968
--XXO--O-,1.137390461841731,0.7005973871840664,0.5074058056633026,0.5041894898818076,0.49636184567845876,0.23831965840937996,0.8591478140944258,0.5048009034649547,0.0066643091033966595
--XOOXOXO,0.22902034243299452,0.47871443397403035,0.5170956261077624,0.41472281477452044,0.47248853924601136,0.5345586437437634,0.4266511033212149,0.5896136377804011,0.41353243861233424
XXOOX-XOO,0.4907074532038323,0.4911522343040773,0.5010379931704916,0.5092131817950959,0.4958752066447739,0.4358047112726824,0.5076201936991217,0.49839391247195275,0.4910416782718783
-OO-XX---,0.68723799379133,0.5073754822271842,0.5079916599989365,0.6872379594563112,0.4925208691932997,0.4914772309238629,0.1470401860839503,0.2225397334138936,0.5692256053684547
-XO-O-XO-,0.6600640261275587,0.5087350362407879,0.5014995529983556,0.3061294484922161,0.4900647955227345,0.4603551714200644,0.4997711777808192,0.502206524688618,0.6787035162510935
----O-XXO,0.7314223404495854,0.3203621403008011,0.45969509121211616,0.6850158871683574,0.49703929425743215,0.5842420648689863,0.5032485099000986,0.49651099735428633,0.5035350131492814
X-X-O-OO-,0.503091694370306,0.6872379182631654,0.49255230727411403,0.4622117721521081,0.5073473535974353,-0.8417841605062244,0.49048617814081874,0.4974809557162733,1.0347552765641812
OXX---XOO,0.49691350388832073,0.5095775521155688,0.49238794746989956,0.7383980741602576,0.6872380019164734,0.6458886467325692,0.49028434170105495,0.49897337605110864,0.4976852091843758
X-XX-OOO-,0.5130332340375547,0.6513501383002744,0.5854290739373205,0.4970793476305713,0.5343979539138966,0.5964233107365773,0.5684276581073776,0.4644885561845224,0.6442939140900286
-O-X-OXO-,0.687237939334739,0.4037173118643253,0.33917651980867863,0.5493791168550691,-0.15216301842707125,0.4747631862400022,0.5891593738521806,0.5667078779478212,1.0071034929409617
OX--OOXX-,0.5095432453268619,0.5269418658236985,1.6076006126636806,0.4362996082394758,0.5185449763387825,0.4649623563695856,0.49700482565776294,0.5493004077918618,0.6869235512881182
--X-OX-OO,0.5163787624639934,-0.1396955033921169,0.5722640020884708,0.5759824666265093,0.5247437075162129,0.4121616348470596,0.2504785381829656,0.4739888815571147,0.5918280207920388
-XOX-OXO-,0.5227661490789145,0.4381250632819168,0.45141395067726375,0.5842341905193231,0.44904500934168456,0.41394355985117737,0.4948117714831208,0.5297079878783557,0.5124973964842103
OX-X-X-OO,0.552664370357571,0.5428434113860293,0.49878758988486016,0.4349996011060872,0.6867038123576726,0.49666036127033847,0.695883131514146,0.5972944551700885,0.5464094946063022
-OOXX----,0.6762053015249826,0.43189593720539676,0.5766201712164775,0.431924626821578,0.5994498879425143,0.6872379594563112,0.6630731257665244,0.6152006376844954,0.633610452267347
O--XOXO--,0.9511118555881367,0.10598689683839485,0.6205907453515643,0.6379432933792523,0.5367387878274194,0.5972322162364457,0.08933876619069892,-0.3477948311639697,0.5168165973189847
--O-O-X-X,0.7107810660900704,0.5017099106409202,0.5075201261942522,1.3292163340550731,0.5096987422271391,0.027675865941911015,0.5014007764830327,0.6872379594563112,0.49100337806860306
OXO-OOX-X,0.42779829482178355,0.5358044413268184,0.5315771548992786,1.2365561578057285,0.4718728801380513,0.5813818490960273,0.5758828914666059,0.6872377945639802,0.48815083276476784
XX-O--O-O,0.4907228689959998,0.5089545350394762,0.6872415465586711,0.508140370433886,0.4905745871549619,0.4982918886140479,0.4937934241620432,0.6872194540170862,0.4917388098667262
XOXO--OOX,0.48510243864901503,0.5380288673995988,0.5794987752542029,0.5015354325365895,0.6846373193615408,0.6872379595469399,0.5339669027133677,0.5275046664593613,0.4070423154533765
OO-XXOX--,0.5061950213229867,0.5025666202754315,0.6889346105904114,0.5038602945932803,0.49832612326214526,0.5055331337296887,0.49985265147322916,0.6855635420970329,0.4926294257110588
XO-OX-XO-,0.5076281710056052,0.5062876107814134,0.6852718346323876,0.5053449562975028,0.5069847072677306,0.6872379611188218,0.5077427616974567,0.4997954270405953,0.6872377619867996
OOXX-OO-X,0.5048970996706026,0.5014846493618728,0.5061269630299405,0.49122210909572017,0.6653666246454226,0.5068824487687266,0.49408142305842695,0.5354782469640517,0.4903399617073844
XO---OOXX,0.49402275861778455,0.5010099640788505,0.789967588888747,0.3275177426373428,0.685354875694621,0.4963639007985078,0.4960637930305563,0.5011112682698041,0.5086955119646697
-OO-XX--O,0.021695877903379235,0.4940131281471267,0.49406260212704256,0.6872379594563112,0.5082402531075079,0.5077723305188289,0.02201987982632414,0.026508178060170418,0.495083933032095
--XXO--OO,0.17732193652292805,0.08676794078589967,0.5076426583245414,0.5007537529892055,0.4964211954726675,0.15981989425011622,0.5315122103058121,0.4944608890856407,0.5028034550227655
-O--O--XX,1.045419820860261,0.4959157249220641,0.36798051653571306,0.6474030064944005,0.4979462208049311,0.6872357538079258,0.6872176963058875,0.5090750223816511,0.49705444370209445
X---OOXO-,0.49263180316730326,0.16819494493024933,0.27359336928731326,0.6853271269407939,0.504534260183878,0.5075215111805231,0.5045391254911019,0.5099477014158762,0.6388523709464654
-OX--XOO-,0.1622779513914996,0.49717883103436344,0.5019721543072648,0.7013263842177365,0.7633240802210808,0.49175781172504474,0.4904876350544675,0.5020162489675754,0.6872380019164734
OOXO--X--,0.5003742305929925,0.5098493024100513,0.506134196975592,0.5008162351728569,0.6444248368999685,0.49239682334886375,0.49877831787842725,1.6161070409122196,0.6868344447205833
