-X--OXOXO,0.6872339246549534,0.4917060565829233,0.6784640935247215,0.6872379922735659,0.506249505785039,0.5091319070289451,0.5071882542717564,0.500766013741513,0.505944541759435
--OO--X-X,0.7783805029858701,0.14488341590450632,0.5722742198462992,0.4202771803930812,0.17706338114323705,-0.3815285163185085,0.5952457803566514,0.14693668981892177,0.5743693538735269
XX-O---XO,0.5075367805087284,0.507349544102124,0.016336791456131983,0.4999453408460387,0.1127564210887193,4.885287303314501E-4,0.5022163853124882,0.5051458628578918,0.5011715196912339
--OXOOX-X,0.656292638303942,0.1043474175532354,0.4964183746910896,0.5577863957185264,0.40281738388612504,0.5995161222421512,0.47623868294586175,0.40819865143799194,0.45610810715635414
XXO-OOXX-,0.5587486567860873,0.41758860870827846,0.4833465650614942,0.6794728163555717,0.47602418489012643,0.5107371983012918,0.4419282088945844,0.4543561751076044,0.679670915496382
OO-OXXXXO,0.5083662018611409,0.5095922157986629,0.6872379594563112,0.5071456239948803,0.49960088638553835,0.5037418541826431,0.490504120304437,0.4905667871218014,0.5011990494669712
XOO----XX,0.497781578835194,0.49788782793580616,0.4920432985070884,0.03370831030206689,0.756361357169871,0.11352585224519274,0.2036271643474336,0.5091834322945741,0.49540376164751493
-OO-XXXXO,0.6872379505198207,0.49150785078385206,0.4991251433596413,0.5170610175617957,0.4913639970725065,0.5092281278707507,0.506438021780199,0.5075590041575786,0.5088992647924244
X-XOOXX-O,0.49684113996610346,0.4250844326173812,0.5062376751493064,0.5098690862250049,0.4990626036435301,0.5019460762072737,0.509511231177984,0.6940292567645364,0.4922400212507494
XX-XOO-XO,0.5062662535152096,0.5078210123585506,0.7231778436698735,0.5014862224822745,0.5066311825652201,0.5033698634059186,-0.3207551220841338,0.4967190984718104,0.49500848131348535
---X-XO--,0.1542456375394644,0.34521621127962165,0.1714041654444068,0.5013054816219242,0.6872635145920369,0.49828097840949187,0.5043174305229284,0.029822994303720818,0.07686679757773052
--OOXX-XO,0.4934431872345749,0.1390888282716074,0.5020487099311635,0.49173402010482237,0.5055956951403175,0.4932073667495724,0.26576513354109765,0.5050035548832742,0.49332098754137854
-XO--OX-X,0.4696204313629284,0.4550123570987415,0.4426290841724941,0.6111957870359579,0.0710222486862202,0.5154959353231716,0.45989019542186205,0.41014735479260367,0.5337063235654712
--XX-OXOO,0.039644927805435715,0.09461522400462774,0.5823365308718055,0.38619898699064814,1.5778986812660027,0.2649822163282175,0.4968780315342295,0.8813339097813075,0.9952017981335327
-XX-O-O--,0.6548426610887752,0.4911103303396189,0.5084418078116415,0.10199998096636342,0.49029032314187554,0.24240700469614151,0.4959814575088481,0.8538526478768205,0.5958389134003075
OXX-X-O--,0.574049043558577,0.428546261172812,0.5161056892117485,0.6872379580316319,0.4558966518219077,0.2754919155561557,0.4357847614426708,0.6875892153876427,0.4037435760027126
XOOX-X---,0.7688838089896723,0.5334894666370392,0.260100587859442,0.316206668115691,0.6648248108219953,0.1155665266034075,0.5318940290502674,0.34535910211015763,0.23085791761742763
----XOO-X,0.5,0.08370314503397874,0.45707516937768905,0.4210444916677538,0.49384761883063744,0.49824219004560083,0.5075316108998112,0.46409096100923064,0.4907767446671901
-X--OXOX-,0.5057899153502532,0.5073584851809169,0.6873163970638075,0.39798774774433987,0.4997082167860367,0.5031139815704369,0.4952507695922581,0.5078542723444066,0.7338350668532136
XO-X--OOX,0.8261187987580138,0.1774972239013155,1.2667093830466694,0.9971241599952535,0.6794728163555717,0.3004835210217677,0.9313738495988638,0.015626183344095934,0.18700405357870942
OXOX-XOOX,0.5026218327951403,0.49515992565218137,0.5060670900170132,0.4986590572373047,0.6872379594563112,0.5039285000055488,0.4920471957307627,0.49458258148405293,0.5068114243573073
XOO----X-,0.5067848256079389,0.5099905164620767,0.4932692744366081,0.4992100621000607,0.7275656894622248,0.6766658208794764,0.5300147136424638,0.5097789255783343,0.2237539647740423
O-XXOX-O-,0.4987097156544286,0.6872379598136544,0.5075417990274232,0.4935629709063884,0.5028675006285673,0.5009042003870964,0.5852587889254696,0.509783961304434,0.6464919695144813
XXOOOX-OX,0.5042611850545549,0.5092093354875993,0.5045412843140382,0.5085137943144477,0.49939774360248584,0.506995181881771,0.6872379594563112,0.49449186234544334,0.4946098776492602
-X-X-O--O,0.6872578523973438,0.49925710700661746,0.49650372592975905,0.4995400493907203,0.6457736373278463,0.4924482004405429,0.6473897155261038,0.4912674663972372,0.501515983130904
OO-OXXXX-,0.49831832443899626,0.5332929146256863,0.6872379593806616,0.5579211378634494,0.589265053244259,0.45065570591015924,0.4678180293792564,0.40990358400517035,0.35091525228191567
OXXXOOOX-,0.4949935595949489,0.5088557962073665,0.4992488265608695,0.5054793503913007,0.5042856213015041,0.4985809480074965,0.506935855732331,0.5001360185242217,0.6872379594563115
-XO-X-XOO,0.6868131530127675,0.5053995275286043,0.49366842952475926,0.4983421989448196,0.4973472258896874,0.6871455363460856,0.49170047378698367,0.5040684318283459,0.4946357516045526
-XO--OX--,1.300849302279305,0.4904841387632577,0.5043533574392216,0.06362560866278222,0.18696077494556762,0.4918154621593313,0.4948088282801546,0.6779095093061873,0.6872379594563112
OX-OX-XO-,0.4848249106952223,0.44947492222234603,0.08363690205825552,0.49973585303257667,0.584935213650598,0.021269547384945908,0.5073665843369666,0.5299404816764617,0.7822900568968982
----XO---,0.17995110726576208,0.12046326805241186,0.5510698823535354,0.0460905538780379,0.5080997640546226,0.4910135905774021,0.5,0.06797195922614241,0.4936504475153838
XX-O--XO-,0.5014419745249022,0.5066314995781593,0.11433938374017455,0.5094751767830349,0.5620577592934363,0.3119180476532961,0.5000746523758857,0.49625600212463594,0.03108090142172365
-XX-O-O-X,0.6639447404311555,0.5022287003153234,0.5088459528174841,0.49033974412546266,0.4967203039730303,0.2025662328437159,0.5004839816679565,0.24286136280495185,0.4982694214919392
-X-OO-XOX,1.0091574130932661,0.49124048620874583,0.2967850930690634,0.4959513663326679,0.4968460543839942,0.6872379505607671,0.49536698239697574,0.5031640032506807,0.5022847064723096
X-O-OXXOX,0.5065880017019775,0.6872379671127727,0.5067711066811974,0.3521466520850224,0.5096145762523706,0.5080158289855122,0.4994121026359097,0.5079748589214498,0.4910805602195501
XOOX-X--O,0.6244889761476418,0.010979854361250818,0.9865253842345606,0.3149512648975935,-0.3135168945189949,0.45634201257443663,0.03458197403841001,0.9406579470935879,0.35101448624378584
-OX-XOOX-,0.49785471831283495,0.4993967921351488,0.5020471236627837,0.49732656933363406,0.49339438680687364,0.4957933093177443,0.49976409053646725,0.509430905265635,0.5437433437518754
X--OXXO-O,0.819230786330439,1.1982419872478054,0.21794533112782255,0.32078857807427885,0.7184913129896802,0.6638511687478538,0.8951618415308547,0.09880021152304064,0.935370669810604
-O-X--X-O,0.6784975447011883,0.506159864739374,0.21037217314845502,0.5090373797742054,0.7262579085182859,0.17327345905928443,0.4906781115237886,0.49982765397479717,0.4992623278032589
--OOXX-X-,0.49052366239446377,0.6780661219759868,0.5278513672908857,0.454897450090798,0.5315664813467295,0.4255846367513661,0.34362198399973065,0.575380395083847,0.09122978952826499
OO-XX--OX,0.4934998181220534,0.5063907887636949,0.6872379509683332,0.5046977898793604,0.5004888596277637,0.44384855701340237,0.27694788402993664,0.49681882712561487,0.4954388261609777
O-OXXOX--,0.4985582601039442,0.6872380019164734,0.49904419730050964,0.5004554149037191,0.4948979997325251,0.4994288822615253,0.5044643718301134,0.4957428724519318,0.6454338369354892
-X-XX--OO,0.4952631159024498,0.4972780956254017,0.49482381189232777,0.4911079338400106,0.5082192137342347,0.6785098814890641,0.6872379669532364,0.49400045354179456,0.5097135371041537
X-OOO-XX-,0.49644049296473686,0.5514764603917068,0.5097242903671901,0.5082626373300917,0.5015864537626584,0.6872379594563112,0.5057473850620249,0.49563700744132355,0.35903921965309027
XO-X---OX,0.4996516229708295,0.4327337948851572,0.52497918747894,0.5082308275603202,0.6866940522212664,0.8214513223265792,0.6852624149633283,0.463450094380706,0.5911044330992814
OXOXX-O--,0.49695005482078725,0.5028376954494888,0.4999251083563831,0.49415420389737563,0.5074684743407369,0.04402723274324083,0.49065597100902014,0.6240258975459321,0.24924976032004376
-XOOOXX-X,0.17878402265562215,0.47406228153740887,0.5974356022531587,0.526289176530587,0.515222004628969,0.4404732248764255,0.4509260508176705,-0.22197756660029277,0.5682514183487417
X-X--OX-O,0.49235676324551136,0.20092919972255907,0.5086890369265533,0.04195084049823916,0.7656177122330896,0.49927881200254104,0.4950095594473842,0.09329707837631201,0.49349208735828154
X-X-OO-OX,0.5001888041315902,0.6868281885302921,0.503914540594655,0.6872379594563185,0.4983139122251237,0.5083382517772359,0.5057041539958883,0.49666254992607545,0.4995349623499752
---O-O-XX,0.10031921466162452,1.310772901271017,0.42165180762081367,0.4975776808077733,0.6871492673708576,0.49079079781397944,0.645370728317161,0.49589168514911613,0.4938959993419831
O-X---XXO,0.4939938747202903,0.15532043873888995,0.49649901703408655,0.1837015287744559,0.6871492368889198,-0.3769962415813972,0.4984337649974401,0.5037473435531974,0.5073936839897428
XX---X-OO,0.5069600362916213,0.5040037480771743,0.42040233401327665,0.4949888569266011,0.514335240311392,0.4985901425653041,0.6872370294889093,0.5048736408438869,0.500263064465005
XOOX-XO-X,0.8711338151208506,0.41671650081351796,0.6540988033834861,0.8842800204859772,0.6868785765925925,0.6492438338033414,0.6394069254781323,0.21807398370922454,0.2866694507413038
OXOOXXX-O,0.5018439392565907,0.5034241979465874,0.5083103382421856,0.5002354524961173,0.5003044645242272,0.4956654742925429,0.4936709321485357,-0.3049745457481631,0.49587934309540693
O-XO-OXX-,0.4438379168798645,0.46688200613114755,0.4062000013373255,0.5173476120674858,0.6872373921648203,0.5846328000696405,0.5247344903494553,0.5020662121365144,0.487438559540677
OXX--X-O-,0.4109762084665712,0.5503799870655166,0.425813442165437,0.3307819821476752,0.6346632307507172,0.42081070643751856,0.4972331035797052,0.5452693636657402,0.3510628858097947
-OOXXOOXX,0.6872379594563112,0.49998791865059106,0.5061618439895121,0.494443800654861,0.5047087808581855,0.49589873915263494,0.49206560983084274,0.505801120520661,0.49407949312075145
-OXX-X-OO,0.5483077749148781,0.8809143565434797,0.9737995879181125,0.02487856029594493,0.24834835744552908,0.5630257653932756,0.6513501383002744,0.8334071754509604,0.4024999125433033
X--OXXO--,0.4923593271923441,0.3495668156697269,0.41067282614610473,0.5087469770903691,0.49867765619403076,0.5079081754282175,0.494216978136022,0.40023037947520707,0.6872185593937851
X-O-OXXO-,0.502521631577433,0.6892421596514203,0.4992649894896901,0.6459530024219691,0.4992316168068178,0.5081248708425634,0.4914945601695483,0.5038959586208325,-0.5639177007905165
XOXO--X--,0.5002290353274204,0.49780423952068337,0.502835766776875,0.4960874313360897,0.6876685844060231,0.5178776086110674,0.49479415958004747,-0.7371926842694518,0.48933714260947336
OXOOXXX--,0.5766775666956372,0.5274624040726694,0.5549826159246295,0.5259697922536937,0.45986927377705666,0.4233979310424516,0.40631104628795345,1.2845887070602546,0.7991085052442573
-O-OOXXX-,0.4408310830083705,0.4584921937306738,0.10922455230798472,0.4384803143040895,0.5296812965158731,0.4138363163642016,0.5967533967527706,0.5002644131644844,1.3867642294458185
XO--O---X,0.4919119552308478,0.5011091242008591,0.6872377691151014,0.7692371822889363,0.4954458661571896,0.6891896982433795,0.6871516740030432,0.6868231286953759,0.5078524793174203
OXX--X-OO,0.9997148563851004,0.2924990727848693,0.4777220686195799,0.05025290053896647,0.6855664826724073,0.8384430821744728,0.015952696432242952,0.723859558818069,0.577158061146589
XOO---OXX,0.8530059375636535,0.32907265609904646,0.026787729152573103,-0.1900537100803079,0.6867768560275477,0.86064137088364,0.3439050340148383,0.7826966805760788,0.6916441352070853
--OOXXOXX,0.6872546482117018,-0.2691726797629329,0.49008689878187406,0.4981385073124455,0.4983918535323977,0.5084315486322707,0.492995068184781,0.501484083502671,0.5021950194285302
-OXXX---O,0.48516732904658444,0.46664428314130363,0.5680827627751611,0.5662341612728652,0.5585633560701191,0.06802514109210711,-0.3622524617357602,0.18973549521977878,0.5167495292206934
OX-OX-XOX,0.5088876928010405,0.4936313913516295,0.19265087850922308,0.5052719265277321,0.5007910873650827,0.1500078943639368,0.49645059864666363,0.505152040831551,0.5057377279035807
OXXX-OX-O,0.5067367464242711,0.5009676758552892,0.49050726206435485,0.5025824146369718,0.68723812628764,0.499198438353917,0.4965616426974807,0.6887053535392399,0.49585890943662014
XO-X---O-,0.12978308844484931,0.7778611105647005,0.03168131859066675,0.6037937285717614,0.6872379594528161,0.08490162729911499,0.6892792882227382,0.18498730201593128,0.6373890259829235
OXOX-X-OX,0.5031628432842056,0.4617186826745062,0.9407332488974499,0.9300136339792612,0.3888629563752364,0.7913404982078602,0.22081917075867408,0.880453855815911,0.1926224632583815
XX-O--OX-,0.6429175954757996,0.7751740505163683,0.6952374556995232,0.9804377211138089,1.1485466128583282,0.22757840248501537,0.9802439464403493,0.5602737957211701,1.1649508241042625
OX----X-O,0.494002218663459,0.49427445557567073,0.10248597588704977,0.9854340797163421,0.6872379611188218,0.0017775043914229904,0.5031886102094285,0.018673390018594027,0.4914187099769178
OXXO---X-,0.4342773025030474,0.4474685446800969,0.5887567725441115,0.41090375958963754,0.6370327433538557,0.07970506443543213,0.686724437993523,0.48266424616938025,0.3249885499498236
OXXXOO-X-,0.4760347760745872,0.535147042645077,0.4709772881078064,0.4783073149200762,0.4291042149044956,0.48171116359159594,0.5943803559016921,0.40115634812176304,0.6872375096033562
-------X-,0.011624280869354908,0.3006531562375564,0.25555105153402147,0.32543420217882946,0.22267918799980446,0.1754380113212256,0.1351449012147476,0.4909538702916649,1.036061613713862
XOX--XO-O,0.4869037886223584,0.529785386580546,0.5936061350118815,0.1194059717440254,0.18864701522084537,0.5487499554899176,0.4933228104809208,0.6872334829586314,0.5168350079268794
OO-XX-OX-,0.5031945680074412,0.5087212720353094,0.6872182353761193,0.5006431821698312,0.5056160503822918,0.12501474745973984,0.4910243452954841,0.4968077410830159,0.1462057171909985
-XOXO----,0.6872511190188542,0.5086650705137782,0.49974877701892534,0.5066515523715338,0.5036411185045891,0.6853447451506516,0.6872379575007618,0.6872370207545594,0.6868338079932024
O--O-X--X,0.499289258415451,0.6835702814233683,0.3381169969364699,0.506366735845334,0.37564744214867285,0.502806228855954,0.6872379594563114,0.17476206011871398,0.5008096581156185
OOX-XX--O,0.5073567969163236,0.5027686002592924,0.5065528877195602,0.6715613635920064,0.507062096756242,0.49791489108184783,0.4208379576229855,0.22719400868485473,0.5095961409576176
O-OX--XXO,0.5088785924638536,0.6872379594563112,0.49821835912679013,0.5042451982855699,0.6872379594554334,0.6872371112628717,0.5024617918140835,0.49906146401034873,0.5006751105771305
OOXXO-XX-,0.49776473695699536,0.5095604286178127,0.5046398588682081,0.4945390376573216,0.5065656302663563,-0.05429010923765887,0.502879507679445,0.5092183408793175,0.6872578523973438
-OXXX-O-O,0.2606027168008357,0.518093017763656,0.5436131515613526,0.4865893479239144,0.5784169665431701,1.1474123444260895,0.469128683014725,0.68716070780659,0.4095277316252783
OXX-X---O,0.4822576930514106,0.4636283085826741,0.4327771844143315,0.4904297571684003,0.5265481980880998,0.04803543281309153,0.5346663597969932,0.8030955530214876,0.41058404350816396
XX-O--OXO,0.4978792690655001,0.49163008269815817,0.5025471225890354,0.5032382633716782,1.3391779364470378,0.5087040947642256,0.49769870905336644,0.5079107190238734,0.4910380155370958
-X--OX-XO,0.6872377759248016,0.5046272054243913,-0.2576611796057625,0.38726777803111045,0.49122932990786833,0.5098991555274743,0.7215252217802275,0.5045412858496146,0.5068052032324013
XOO---XOX,0.5009204317882262,0.5090303371149953,0.502879950046269,0.6435713352104283,0.6872379598026798,0.25557729107027083,0.493525575595762,0.49331218523119313,0.4932506302706428
-X-X-OO--,0.30216665685022526,0.5020373225243109,0.6439406391403396,0.5095545976534692,0.678451921373893,0.4968369757780597,0.496367326953673,-0.48605391325825,0.6872388785068312
XOXOXX-OO,0.5934775371589835,0.5035296358211642,0.5349828667895946,0.5720217848921538,0.5518781920777767,0.5320375697689074,0.6872379594563115,0.5107780692846912,0.4417618152430011
-XOOOXX--,0.8840066557107603,0.7697342179275026,0.6304206361865674,0.7125545705387948,0.5223043582376662,0.21046155002279943,0.5791643105516088,0.5396683940175326,0.5124973964842103
OXXO---XO,0.47668858492575483,0.55724045676965,0.5831859523928222,0.44285127935566315,0.6828313132049207,0.4472384868867106,0.52497918747894,0.4948693010644024,0.5839533621292825
-OXX-XOXO,1.5123872473300832,0.503861028401576,0.49189458370883216,0.5035095167404958,1.1503236232089948,0.5007725252743953,0.5019240338497812,0.4953566927621679,0.49774653275666825
OXXOXO--X,0.5272836485295079,0.5833920068070593,0.5435096995136687,0.4070145926273037,0.5399694940895904,0.5657003546529678,0.6871284524491739,0.019030150389121925,0.4142678949940283
XXO--O-OX,1.5051332446563503,0.4493336195139925,1.134298188834506,0.10207146081861551,1.2775400400535453,0.9088200425628724,0.7238884615703516,1.3114425311280145,0.8657390571013939
--O--XX--,0.31816085647092457,0.6891670844054135,0.49456652942883567,0.2098651022684535,0.017294794287258997,0.4900632290860728,0.49657448702491863,0.16738721798402695,0.1661112528522512
-OX-OX---,0.4998262534097744,0.4900240298699806,0.4932921198062137,0.19538734368037963,0.496014525378279,0.5057113017632262,0.5075360958129015,0.6872379594563112,0.6878156993610818
--OOXXXOX,0.06878241800394003,1.1178117912604408,0.5033262323785865,0.5086244542797711,0.5087188159301541,0.5038198499396136,0.5025825356753746,0.5017235044560056,0.5065790015364878
-OX-XO-XO,0.3170347565489102,0.4659854136374094,0.5637405969031611,0.11696069853518548,0.5857785609604741,0.554360677434184,0.5317618422586009,0.5073703971433853,0.4348047661010578
XOOX-XO--,0.09556415249278905,0.5294899374112576,0.5032174563649487,0.3792849897150794,0.6843627105328959,0.7790907494821833,0.49839857656749686,0.7078655982975006,0.52497918747894
OO--OX-XX,0.592276496794643,0.596154203959527,0.13041355744894068,0.5342246577058585,0.09116013564639491,0.1884008909807624,-0.2096318912459928,0.47968352315734597,0.0024195166608100838
-X-XX-OO-,0.5086203101414345,0.5591864193261171,1.334539427610192,0.44005390800375194,0.4655837209075968,0.4776421674031177,0.5880797716320647,0.554290616637308,0.6872358832118807
O-OX--XX-,0.5059345578618857,0.6872414746062078,0.49114948230315814,0.503552043647447,0.16739305224530127,0.7087263568381436,0.49302776234043305,0.505175032249807,0.6868188062033083
------OXX,3.2709440741574003E-4,0.25006853052749983,0.6821616326338834,0.026122643609193474,0.17593902885991364,0.7081981766241223,0.5082794663810128,0.5009120929290546,0.5020201334965093
-X-X-O---,0.0500968279442478,0.5058343379896724,0.11206477931649145,0.5089312498030981,0.5946363535766346,0.49458958797062463,0.5321943433064513,0.5499406644294054,0.6883639544538691
--O--XX-O,0.6872184585771685,0.6917373351161048,0.5086639534086186,0.6822471556129441,0.4347982050929068,0.5076000777507328,0.49305519159708217,0.02515217070125164,0.4918723583696432
---XOXX-O,0.6860746505414085,0.6840066889491677,0.25153275863020386,0.5539837516571952,0.5848185877454173,0.5904853937085329,0.5324015706386208,0.6088802221273251,0.5605070426549228
OX--XX-O-,0.4911116577971671,0.5010770833029472,0.5004376291058095,0.49522299223782223,0.5070999419702106,0.5037529926204976,0.19246479134204608,0.4989514453517127,0.2291227632543048
XOXOXX-O-,0.5027761669099643,0.49939196860929214,0.49651261114501366,0.4965807022259408,0.49824779217672815,0.492298619511366,0.6610759306936324,0.5005955260814803,0.8519442349318014
--XX-O-XO,0.78715484844921,0.5289472295536133,0.5041968153879549,0.49220968470438625,0.6786625078927193,0.4998937234260041,0.14379156149770544,0.5028499289351256,0.4984312547021356
XOXXOO--X,0.503334346542814,0.49785906905445176,0.5078965652796884,0.4952352299577142,0.5055822797052697,0.4998388203102664,1.4048579479257135,0.6871483036419733,0.5041645893304293
-XXX--OO-,0.4997567614433692,0.5084911063709276,0.5039182631951867,0.49558007396627185,0.6439232431120481,0.5009583594628391,0.49454217765801944,0.5069995092482497,0.6930786956120863
-X--OXXOO,0.6872415465586711,0.504480001809998,0.5834496591133139,0.686843344790827,0.5094680932271006,0.49252091291117933,0.4940806448238549,0.4943963548850224,0.49776255388119184
XO-O-XXOX,0.5057577161219141,0.4930102969842836,0.1362930748321325,0.5011586218961009,0.6872380843327633,0.502552418555426,0.5089674732933375,0.4928711642311873,0.49856477431334145
XX---XOO-,0.5005103569203285,0.49875283709582063,0.6963437464859954,0.4049603701053135,0.7181628951062717,0.5080731675434126,0.4929752458577064,0.5082924692603634,0.6439587224615775
-XOXO---X,0.813738141585516,0.5246659823897493,0.5551063298498748,0.48282553288389224,0.43761352682457383,0.12228816315464885,0.6872379240140314,0.6812292973471618,0.5445555584855115
X--OXX--O,0.5032002305203802,0.2595268982957605,0.5078917047398929,0.5057500126610827,0.4966361418028709,0.495285705987654,0.7261578577266802,0.48162926029154196,0.4907287307679871
-OX-XO-X-,1.2627700040547656,0.5028250421030334,0.4926227169911481,0.20963135846617942,0.4953025334575824,0.5070682591357543,0.25051278078427,0.5074469153168353,0.3119388355722933
-O-X--X--,0.14646770383392027,0.5055592019955777,0.7439357662662127,0.49115611562854306,0.7015950695147735,-0.3371664363588035,0.4977433149816688,0.5262817994507861,0.25154730915086476
--XOOX---,0.5054530346899226,0.4938754369635989,0.4942646035975987,0.49979492297297085,0.49980393463981576,0.49949811219518114,0.7680276160985716,0.15161282853616997,0.8986449841549353
X--XOXOXO,0.4308267088258802,0.25460994986566005,0.6872379593806616,0.4070942552955143,0.4127223693352701,0.4251638986950447,0.45134482347990174,0.5876732519207714,0.583087049455385
OXXO--XO-,0.4918520811558468,0.49178120043091267,0.5039174509285979,0.5065278111346602,0.687219018194127,0.4918975541678491,0.5006194456619839,0.5020429897384774,0.5914389020226631
O---X-XXO,0.5075629912164125,0.3418233482457969,0.7832898677424359,0.19146283721635904,0.5017295294455263,0.2743387516297433,0.4957374760614698,0.5005820557597891,0.49580414479404333
XXOO-XX-O,0.494880011509744,0.4960986376992311,0.4938751903693356,0.5052380219046714,0.34536155458531237,0.5003792705892126,0.4954254665974208,0.5068113873747311,0.5000903131196202
OXXOXO---,0.5060127370430375,0.5082290781342439,0.49226034726012485,0.5069449824027522,0.4966535839520897,0.4941966334932111,0.6872176761581755,0.3904007204064872,0.5186228994118477
OO-XX-OXX,0.504881247058283,0.5084228415185017,0.6872381268738453,0.5049692921649847,0.5078435896079901,-0.28884188830939606,0.4921159987998371,0.5019523701207046,0.49076345349858425
OXXOO-XX-,0.507189352689706,0.49811650130642066,0.5029644977135732,0.5015484965376081,0.4901044982355247,0.6782424006357882,0.5038747102746698,0.4991266213425224,0.6873094920163073
------OX-,0.7033971534347385,0.7143539919789945,0.006893140639879003,0.11320116508531197,0.04446050059726436,0.660108038238539,0.5017668526824162,0.5069109019732827,0.061843937409355454
OX--XX-OO,0.5064302893672985,0.49832704595772936,0.004740096978350761,1.222690335039617,0.5052105875081349,0.5089583350862169,0.6450581797268843,0.5001571488164496,0.4932341486327897
XOX--X--O,0.13164436202695495,0.9100607499890648,0.6578506862943745,0.4318566336782488,0.6787659489773278,0.8095689789580935,0.05298299793692163,0.68716070780659,0.3624073398299297
-OX-XOOXX,1.034004467699646,0.49612228384295265,0.49235427950972904,0.6626641158244662,0.493235334637149,0.49302539623443953,0.5092437013782656,0.5084667876823067,0.4982828540231829
--OOXXXO-,0.06290580545136604,0.5098492075684393,0.09130633993807857,0.42181917940298486,0.10663135265036428,0.05681816765937697,0.035112630798818545,0.5799727428325002,0.07383533758940708
-O---OXX-,0.17632823705022604,0.503333471543769,0.011246227701111444,0.6199447608460944,-0.09978874326590126,0.4961509473080597,0.5018186205852825,0.5069806135136191,0.02749681948529603
OXOX-X-O-,0.5015081537203834,0.5063244302196406,0.5239178776813835,0.5817784039623644,0.687226745161315,0.5961514035300359,0.003204983679690687,0.5254728958065717,0.3607257384131407
-X-X-OO-X,0.5093445802010691,0.49620856998793444,0.6784879673756732,0.4928372096506538,0.46859365290127086,0.4991960092462912,0.503429993707801,0.49847969254242125,0.4979334815782982
-X--OXXO-,0.561130195333829,0.49960789036613235,0.49027418432987396,0.5026553313136374,0.5095153627605937,0.5024095824112581,0.4925940027455155,0.49534538125270766,0.8113256884900711
OX----X--,0.5057221765529702,0.49714572740231594,0.6480323340298644,0.6270721880002542,0.76103867679568,0.14060230786691857,0.5073593357553299,0.09275610238712195,0.6963028503408449
-OXXX-O--,0.6015679633826856,0.5658243360984495,0.4385211066599656,0.5141593842075403,0.472034346270437,0.6044148160465554,0.5908129702116065,0.37244239884210917,-0.05377384223993631
OX-O-OX-X,0.519981210054965,0.46328647017492536,0.4447136094561959,0.5599127341858949,0.4823470778023676,0.5109025425461685,0.5030670819533142,0.341971695242983,0.47435403126845593
--XX-OXO-,0.2384641499146795,0.1138582019265309,0.4910367145407076,0.4937834240488512,0.6460027064031454,0.5020685157443644,0.4960441592211384,0.49350364932475205,0.05517448492705146
XO-O-XXO-,0.4912817048759376,0.4970427130796915,0.6867593074132393,0.4958000120944235,0.6868079702775284,0.5013123244807167,0.49208723668985976,0.5001194086058217,0.6472624920851601
OXX-X-O-O,0.5095802109826183,0.5076145221926426,0.5032879475301749,0.6876685844060231,0.5098386570463427,0.15660788263558512,0.49208711031699415,0.6787286692649214,0.4976336999469543
X-X-OOOXX,0.49869775052833126,0.941616758081234,0.4941217308310723,0.6872379594376935,0.5047000621003491,0.4977756092716179,0.5028342921999337,0.5013012345743256,0.5002768956890898
--O--XO-X,0.6872379592077923,0.11304218523165,0.562668521037209,0.729290241978124,0.6867156099451259,0.5932967299061845,0.4913832361031276,0.043032322577705284,0.5858527188775554
X-OX-O--X,0.5084726701779578,0.491595186069812,0.5007359305687211,0.49293342734219625,0.08666268638991859,0.49432439297272374,0.5602197536490745,1.1406041510192177,0.5051129486172689
OX-XXOOOX,0.49581541021334735,0.4970544339844205,0.5075387831372195,0.502840433507553,0.49419179855635226,0.49325342658324645,0.5076866165063098,0.5035177187521046,0.4950853210079819
X-XOXOOX-,0.5008732062002363,1.046772770074117,0.5017898762549886,0.4995232391929049,0.5078172429854936,0.5077114649597105,0.5077091750139828,0.495688131429381,0.3675247061145052
--OXX--O-,-0.3511357354532376,0.21118769275554028,0.4996761095172604,0.4995485590353133,0.49890498051326754,0.6872379594563112,1.2737537710353828,0.5058028887981696,0.5891181340014966
XO-O-X-XO,0.688848658029063,0.7283286248507234,0.06847136430044787,0.4692515726796912,0.39086809844408976,0.8636234771232549,0.783097712071914,0.7976144885993064,0.6255864432412644
-O-O-XOXX,0.6755384759550466,0.4796471757964115,0.6892421596514203,0.5361020823947904,0.526149672512314,0.4795377521697783,0.5825425273712243,0.41922422894381767,0.57404857898118
------XOX,0.16306004565880317,0.013382488593590758,0.24485779338696328,0.03455274965880406,0.7833067384495036,0.04853945547645677,0.5057297311615362,0.49845740123469867,0.4959611025877821
-X--OXOOX,0.47598035311092435,0.5075982660521162,0.6872504538981121,0.40940993108645796,0.5084472873604222,0.49453191750484937,0.5019690386926028,0.4940477220390467,0.49616266299813216
X-O-X-O--,0.5442804247722278,0.5473273780445693,0.48886051018186005,0.009995354593416161,0.5742274508051266,0.6503578323133379,0.5754436488648038,0.05461476898832951,0.6956153648882785
XOXXOO---,0.5049380994202005,0.4953774974452536,0.5037236846043129,0.49850319458381387,0.4940241592187408,0.50831190272445,-0.019758903406468575,0.6876029414624664,0.0594965473864299
X-O--X-O-,0.5036780034439151,0.8406093353530939,0.49120768402027143,0.16231553150417033,0.6853859524632011,0.4974541574056407,0.4933135073942378,0.4957430016553538,1.581173099702332
-OOXOXX--,0.687237957591902,0.4925107237378891,0.4941290133421852,0.503386121894028,0.5036995848849334,0.5005230582431262,0.4906382719142737,0.6871445461548923,0.44419996232492787
XOO-XOX--,0.5262248297970855,0.41379571284834776,0.5360229546707046,0.600048444247804,0.548190220263137,0.40859222152801705,0.46754425113159465,0.021062604727529965,0.6872379578188762
-OOOX-XX-,0.6872543074822213,0.500286855656184,0.49112087761056566,0.5053388701625497,0.5084469041153854,0.6445099605588231,0.49853818530897265,0.5068347510211036,0.49415678001744145
OOXO-XXXO,0.49180376380145446,0.5070272810486731,0.5071814658521252,0.508643756503826,0.6872379594570661,0.4903652161202628,0.49733696266121846,0.5010470145848431,0.49398544764180385
-OO-XXXOX,0.6872406349020157,0.49413089080844413,0.5061428395619636,0.6134859031665615,0.5017603552962099,0.5078673816016196,0.5040294474603696,0.4906479163086862,0.4931980996904865
X-OO--OXX,0.5653676632392051,0.68716070780659,0.5097585297758858,0.4693202991608684,0.6736082651380234,0.39650149330470186,0.5549919395709738,0.4407849497185113,0.4316709756687128
X-O-OXXXO,0.493802809497602,0.5358032978471262,0.5060776226914676,1.03309205877969,0.49903177920169384,0.49756138141873696,0.5008897030639562,0.5075275241433848,0.5041788251210698
XXO-OOXOX,0.506841590756884,0.5029078624345357,0.49703260115877496,0.6872379594564734,0.49875916453113656,0.5045113272995604,0.502695703670319,0.5027191027829485,0.4987793491336759
O--OXOXX-,0.5026618438341866,1.2419431947704778,0.8167083964363234,0.5067303201265819,0.49901481269050635,0.5008215654344061,0.4953338560942069,0.5034289920648836,0.3685574451504824
O-XX-X--O,0.5033184331167049,0.06860513554522951,0.5073527777080162,0.5045753461296268,0.6872379590431034,0.4986260320699268,0.8140613821877346,0.7532228224379434,0.5015104082900328
O-OX---X-,0.5030567573098732,0.687237959456311,0.505568596883773,0.5048995251082147,0.43243930982509937,0.301498862256412,1.0067078568899244,0.5011818785907572,0.8612591434910899
X--XOXOO-,0.4950812850049586,0.6872379594563459,0.6872371047917174,0.4966024353352719,0.49461107008887956,0.5070715782969323,0.4913925241333516,0.4980154946720838,0.6872184977803107
-OOXXOXOX,0.6872379671910077,0.4932434884853714,0.5047286136171999,0.5038287782973425,0.49093564927356503,0.5067635062289652,0.49876984354061077,0.5063095144868793,0.49165422108962575
X-XOXOOXO,0.49704253725312675,0.7168315285839204,0.5005535045931105,0.5032297614069441,0.4926286207800942,0.4979689814807591,0.5081208868021719,0.5057655602590638,0.5081012287642258
X-XO-XO-O,0.4655810899914404,0.52497918747894,0.416250279270837,0.5335883867410358,0.0714200803490973,0.589998424985993,0.49452120725018317,0.6871734260532262,0.41527591126887087
-O--XX---,0.185413322763261,0.5041292560759721,0.16751162973913453,0.23078534540294887,0.5094415510376215,0.5082724039043327,0.20917753640617331,1.2641027884988214,0.1603000941497631
X-O--X-OX,0.5026932582647305,0.5076580982305291,0.49908663146647697,0.8140672973838357,0.6445047009775202,0.5095550470351279,0.5028355368410664,0.49286003730182654,0.508248252279813
--OOXX-OX,0.6845960963021115,0.09549950151975972,0.5546257823282211,0.5530075596533873,0.5267271084369837,0.44517647236626545,0.039230669133995644,0.4518148032328879,0.490106754022879
-OX-OXX-O,0.6873156036681,0.5011406663759636,0.494679656153926,0.6786464250667675,0.49340329696757396,0.4966589012346445,0.5013109677772642,0.6852651811896908,0.5048172468654712
OXOX-XOX-,0.4982377682380375,0.5027684410214606,0.5025733179205883,0.5022662394642138,0.6892421596514203,0.5078791707169329,0.4962133340153962,0.5083060503700334,0.4269125343291396
--OXX--OX,0.4773814555537824,2.008121632292284,0.4997554614815799,0.4225354129523511,0.44563543442767123,0.4753756215000562,0.5270592125327113,0.5607814844450054,0.5662917362395427
OOXO-XXX-,0.43020954136606615,0.267095442153064,0.33346629296828956,0.05737465845312517,0.3888771980445166,0.20247009335039723,0.658949442136313,0.5901697723358228,1.3705240414562025
OOXXO--X-,0.4940983170963223,0.5088562636749481,0.4914349057200084,0.5077512767562518,0.5066060380185023,0.49281332931999705,0.678324283740322,0.5098963237513693,0.6872379594563112
OO-OXXXOX,0.48164704889169685,0.46694078464599736,0.687221354596175,0.405655467102009,0.569534935620792,0.5580938759930009,0.42753381660353806,0.5482786738297637,0.46137715660541717
-X-OXXXOO,1.3009761478320603,0.5045593893851519,1.3613826100722854,0.5559251969106133,0.5269874339840752,0.4928824096294836,0.4197594318155719,0.45484866800014906,0.535544847019017
X-OX-O---,0.5037877655093295,0.4949912925748658,0.4907042307599828,0.5054140505478759,0.21779776937297401,0.5056454376966453,0.6872415835384974,0.524535927680568,0.6872336911940643
O-XOXX--O,0.43816782623322553,0.6280474217489942,0.41916719995816465,0.5761123886770306,0.4708243574690253,0.5735821750464212,0.6872379614179722,0.5845762364523106,0.4169255447936209
X-X-OO-X-,0.5012715993952565,0.07757169303245914,0.5051448541577246,0.6872379594563112,0.5058353593785905,0.5086120519049248,0.11026500275925372,0.4904285329879956,0.08474110923986211
-X-OO-OXX,0.6435208803176301,0.4922686837346176,0.6873164078954616,0.4965040719043251,0.5043902912635093,0.678048482162519,0.5015167450537309,0.5052698903625483,0.49521410693212553
-O--XXO--,0.2847688193535818,0.4991559279837666,0.7201130970993975,0.022698806908985958,0.506510862429138,0.5019509329256884,0.5091023252806238,-0.29443534908275704,0.7199769602286273
OX-XXO-O-,0.4407104096430079,0.5116445190717245,0.4074497559426358,0.5848025913699872,0.4292018383371133,0.5011408634495782,0.4211230650333859,0.4414296336174715,0.6872379167746588
OX--XXXOO,0.49990437492675466,0.5062744657593119,-0.29636253391097345,0.28429428044446403,0.49964459028823605,0.5016682299157592,0.5007416812083968,0.5052481867025151,0.4985264561924878
--O-XOXX-,0.6459965846589851,0.491894237316841,0.4997602911854404,0.49463950324523953,0.4933509289267196,0.49528629715457667,0.4987337519533366,0.49095794228295386,0.6873305113574016
X-OO---X-,0.5169890285239538,0.3270086508307923,0.5354734843946353,0.5106995726308735,0.6802586824344328,0.6378105439201314,0.407474101899519,0.45113262316565717,0.6750894027620157
X-XO-X--O,0.5055607819827647,0.29264648332587556,0.5007743913251941,0.4990401505766547,0.0010400559896545647,0.4926708779056471,-0.24051845615222545,0.5009361962269187,0.5079275600866491
-OO-XXXO-,0.6008872669839286,0.7549104925151439,0.5005122188749394,0.715902952294905,0.9644859716890865,0.9612805666837618,0.6342081869055991,0.5185081846146244,1.179844509262617
OO---XX--,0.509206638797151,0.5014161201422844,0.6872379203762992,0.08784483289478762,0.687237959457074,0.4944682076642015,0.5096088282398498,0.8135431417624791,0.7058044703844473
-OX-OXX--,0.8157345784658135,0.44215876008091765,0.40559636459674386,-0.1545392160760184,0.43746581204008816,0.4228871721020389,0.4110429947166233,0.6812563588463345,0.6513501383002744
XXO-OO-XX,0.4919950737788103,0.492898908797422,0.5008728466381915,0.6852440889353784,0.4971470596850882,0.5020244073669098,0.6872415836546972,0.4934289644797879,0.4917985667937861
XX-X-OOO-,0.4926637835375718,0.5081461328991806,0.6783582390977445,0.49697951580154015,0.500443121377702,0.5098895942043411,0.4901797664696168,0.4975958553380166,0.6892421596514203
XXOO-X--O,0.5027639174082911,0.4943306713698258,0.49156754903954547,0.5029381492770648,0.037248481263389255,0.4950890981115323,0.6854023034885094,0.879256138726331,0.502278539767054
--O--X---,-0.020211084294105675,0.6523346010524248,0.5068135311598154,0.16414252329688456,0.6784739966572076,0.501944375018529,0.35884601513699443,0.4285918788329243,0.11043834405910286
O-OX--OXX,0.5004609196341235,0.6467140221351974,0.4922957158518242,0.5045396905459563,0.6872533345980624,0.686812677417736,0.5089517227326009,0.4938453631040004,0.4920334506459252
XO-O-X-X-,0.5086391252011491,0.5016276527853485,0.3937415290982906,0.49564258214411566,0.2596629130789022,0.5066052898155581,0.6080481016350637,0.5025432780105359,0.12781597703519532
------XO-,0.1972618371796756,0.7620673205172324,0.8648628140041177,0.06043276960143351,0.042154060870186416,0.5465390674466771,0.5017595983599884,0.49399269433894466,0.09575180554821616
--OXX-OOX,0.22468369334154314,0.09362210637943247,0.5025716998645847,0.49118657199569027,0.5055140531662727,1.3734676742046366,0.5061303473493427,0.49097912647196446,0.504632827822198
X-X-OO-XO,0.49572249786378464,0.5675345139237608,0.507153515964877,0.6868149749882709,0.4990050548827965,0.5017493563220858,0.37360368743176253,0.4951243308171787,0.4938920489831025
OX--O-OXX,0.49430388289033744,0.5001667314035774,0.687570779640889,0.5014552174861077,0.5092993675052814,0.6853542040556528,0.5075756723450804,0.49727194790079354,0.5078224637939599
O-O-XXOX-,0.5542105410849745,0.6872353164196534,0.5557114748488379,0.6855664826724073,0.5480013327907293,0.4235966774073716,0.5280885834549319,0.5172834949371202,0.1357953487756084
XX-OXOO--,0.49621037056798245,0.496233076663253,0.3327578097318272,0.4943300397057776,0.5077414829937379,0.5070738265914099,0.4963847266310669,0.5249392820168857,0.3600410775844519
-X--OX-O-,0.6743522057993391,0.5996094700343251,0.4252449911701889,0.22222226559331715,0.46465557754539744,0.5464246629323044,0.6872373897053425,0.5480452736208076,0.5483289483651467
XO-O-XOXX,0.4921371144592326,0.4998113966874074,1.1668344217330229,0.5034728224990541,0.18593803685636257,0.5011009111210787,0.49760453724644305,0.49396274134443324,0.49531788877923566
OO-OXX-XX,0.6807799794157023,1.0620601949470947,0.7141110855184698,0.7827418982329408,0.34784554758498276,0.010810537017424682,0.6513501383002744,0.8120944743956169,2.0238631771370414
OOXXO-OXX,0.5054001910391996,0.5007957797580729,0.4954333559021595,0.49979605240758584,0.5014496282803915,0.9782301625815246,0.5014948604238371,0.4949861798934735,0.49441471627523753
XXOO-X---,0.4931914469524881,0.5073400295826737,0.49410301699254733,0.5017950033250053,0.9162744448491404,0.5030227732477229,0.3570527218499475,0.3042921839337094,0.3543269170765798
-XO--O--X,0.47572039038699204,0.5431407658633707,0.5586055335320702,-0.8064597484412115,0.4560233661344064,0.48183507951042226,0.14286047364179655,-0.6608979120823257,0.5784505254114882
-------XO,0.6585455418969174,0.24969502655843168,0.6597183965070812,0.6849539198971292,9.782189232613314E-4,0.5825724720542744,0.6947796192555868,0.49155052959396967,0.507855830649117
X-OX-OO-X,0.4965434304270175,0.24431944994574617,0.5007956894276976,0.508007952037266,0.687240633567216,0.5031852275978961,0.4955356501273287,0.1475131066300006,0.4998521114050575
X-----XOO,0.4882651799381978,0.027152751261949937,0.17387605124889483,0.44326596444078337,-0.3941468333858821,0.08092488436430034,0.43288473822205503,0.5576038285273879,0.4486769096432321
-X-XOO-OX,0.41669738636655074,0.5031478214781303,0.13954808144780378,0.49341940329510653,0.49217370841694436,0.5001299076141574,0.6633791335823229,0.5043419551290124,0.4914765809010481
-O--XXO-X,0.1541250374701834,0.5053561573885986,0.3465502217212329,0.06832264290234569,0.5050851465005874,0.49704256644030226,0.501332311836516,0.1431683299766865,0.4933271138945262
-OOXOXX-X,0.6872380019164734,0.5970795361941668,0.45521932021620887,0.4320156084985912,0.5328471564940145,0.478313526263065,0.4737696664919032,0.6872379568824597,0.4448675042021801
XOXXOOO-X,0.49972029239153687,0.5099759432855924,0.4920601741985377,0.5004661643225322,0.5068722757046058,0.49854080840913273,0.502783191960333,0.6872379594563112,0.4923152969858682
XX--OOO-X,0.49932048412207214,0.5077937901975734,0.6782753702168759,0.687146595777385,0.499391147840595,0.5064846655550038,0.49081914789087044,2.032625882659591,0.4934596873646222
XXOX----O,0.49839539651705417,0.49173159117123244,0.5058150692866172,0.5070032356873854,0.22272119053716194,0.6872379594554437,0.6872379575009272,0.4137225044482944,0.4952046119037461
OO---XX-X,0.4938717114683931,0.5069791734099274,0.687233765540401,1.1155611721721774,0.2314671824908875,0.5061081392001389,0.49088868780834394,0.343200636704147,0.5079699759905526
--O--X--X,0.04014101250067703,0.763316469734975,0.4934763345802303,0.021891337363417973,0.3467383512659842,0.5037105735993384,0.029916728058222097,0.2424054357736541,0.5039282616422448
O-OXXO--X,0.4960153381049688,0.6872377588172327,0.500879976135602,0.5025449040333564,0.5034198142335429,0.5071453478364041,0.6850156476875952,1.2029042429566648,0.5019115223752793
X-OO---XX,0.49718340178880177,-0.5339815036574904,0.500787638959681,0.5074365154779408,0.20869330293021304,0.9851950231257469,0.6852744349721123,0.4960293263285292,0.5031386426503718
OXXXOOXO-,0.49378070049341305,0.5050632362924184,0.49023870431790784,0.5096096936507338,0.5037093992125802,0.496142451567236,0.497092899578616,0.49613248624490314,0.6872379594563112
OO-OXX-X-,0.4996230937702139,0.4911310094230709,0.6853422734276359,0.5062080823259948,0.5018971505205608,0.5049008873342732,0.6872370343603552,0.4954952364363238,0.687602525051932
XX-OXO---,0.25976412672547167,0.36490719088398293,0.006002207506141777,0.7274776182933489,0.44728755645601537,0.9413623491324346,0.1365642802402387,0.0025406563100565105,1.9030253094928349
-O-OX---X,0.766157528774303,0.4975502308002849,0.07406169770540183,0.5027762997257008,0.5080269886563494,0.5697245240175622,1.0859841358359987,-0.02941371397824799,0.5090692083411354
-OXXOO--X,0.6785054112564887,0.5097547733549538,0.5007497338962345,0.4901107633649122,0.5073856581801219,0.49403242475666337,0.49855764838235267,0.687237959457074,0.49024478152732825
XOXO--X-O,0.498704848115926,0.5295573798684002,0.45745615903877523,0.5442278183133262,0.6872378573122915,0.6576152221420875,0.44113559004810443,0.5086975200258042,0.4997305452050652
X-XOXO-XO,0.49999885786740567,0.030681811577355333,0.506348316774748,0.5054777285533024,0.498812153600431,0.503883921985631,0.6814291736806779,0.49292056529446115,0.506274107189408
X-----XO-,0.49702071458539254,0.034763907028205754,-0.22803147216194342,0.30310130591299367,-0.37798576710626697,0.08475586599687046,0.5080211808128753,0.500349807731254,0.10601945523996903
O-XX-XO-O,0.5026506198196806,0.03354446105038067,0.4906675339495344,0.5058344507019906,0.6852095045268365,0.5089344091074552,0.5055475583535337,0.6853726026620565,0.5064721630269515
XO-O-XOX-,0.4865973665208777,0.5290757924500264,0.7766126712412827,0.6993611310917269,0.6033394035212771,0.48629216289277855,0.7234708209135378,0.21565761611404577,3.487886680855201E-4
XX-X-O-O-,0.7723799450017462,0.5683413874150928,0.9457693892451569,0.41795693982233895,1.0852663024544622,0.03571001581537048,0.028162708534103853,0.44869477498361254,0.7055633429705291
O----OX-X,0.5023842867461709,0.644109578470889,0.6887976749857857,0.7534859459598844,0.15326335037409555,0.5092323965315813,0.4928162834935837,0.3044659923918187,0.5084204324809687
-OOXXO-X-,0.7059395135869071,0.572181633032269,0.017121108814951103,0.9472253461029423,0.4204030691389098,0.5258158569052707,0.6794728163555717,0.8015489338713129,0.5664610295755411
--OOXXOX-,0.68716070780659,0.6871962206434669,0.5487156568297477,0.562772451088571,0.4547746911713798,0.5311487735861168,0.5779459597969534,0.42339389683502665,0.20706703360362322
-O-X----X,0.6620986880515917,0.5004323429747196,-0.13598343675134172,0.5084601931066466,0.08075064250313357,0.09064594496635037,0.6523903937413229,0.44175458246242305,0.5050874608099235
OXXO---OX,0.5033570208473367,0.4930430071520366,0.5090941356535456,0.49388155427615654,0.5018645431459168,0.6872388785068312,0.6853056963634772,0.5046075782209553,0.509585108768286
XX--X-O-O,0.49389651622043146,0.5081719608717479,0.8047262239596398,0.1696009642303778,0.509023042400429,0.6314216105526548,0.5006870475027847,0.6872533345980624,0.5073834555296567
O-XX-XO--,0.5042667852248868,0.20575085918974156,0.4960508938123681,0.5093058949721248,0.025508117091296745,0.5048195831369074,0.4972600797253222,-0.1345520006072457,1.2494093946155895
-XXXO-XOO,0.687238112135936,0.5012209115122318,0.5003637735715845,0.5081082778025913,0.5078606821196665,-0.1119282189078109,0.5088319856630837,0.4964371347045285,0.49796837861599547
O-OX--XOX,0.42212635700761214,0.6872379594563112,0.5953239383640263,0.5374294134390042,0.40919789285858316,0.6485102812815343,0.49842952316245703,0.593183940094321,0.5055757545221745
XX-X-OOOX,0.5073024972516212,0.4958589357136729,-0.8101359942432069,0.49443077152275616,0.8425032679986654,0.5078302504616207,0.5092608989440578,0.4977335042571447,0.4953064577901549
-OX-XO-OX,0.5849858656743637,0.4937508865798581,0.45687900194696407,0.657642199577964,0.4043647480077739,0.46292833688326906,0.4088134603753054,0.5121210737614764,0.5364756334808435
OX--O--X-,0.5027843185167243,0.49305389239959196,0.6872379594563112,0.6872379594563112,0.5038743193607683,0.2135129516216877,0.6872379594563112,0.5063234025127169,0.6872379594563112
OX-XXO-OX,0.49071837010749386,0.5017278128919489,0.15407413157499228,0.4971607836647504,0.5056875415404598,0.49110568020865564,-0.32431966373702836,0.5040251390132422,0.4979841278748426
-X--OX-OX,0.07485602603975128,0.5092098075985421,0.6310763363149892,0.450013894487139,0.4999233302670121,0.5002580494528686,0.5527225004162164,0.49904238195054174,0.49431429972341084
XOXOO--X-,0.4957963921843977,0.5340075707889159,0.4929067870976334,0.5348272115658147,0.4500799143035317,0.6872371923082045,0.41237062965027343,0.4307703956160678,0.2857671908077165
-X-OO--X-,0.6872379594754654,0.4990703095734593,0.6872379593727145,0.5074157946354094,0.4994882987731444,0.6872379594563112,0.4994034572204358,0.5065589052270366,0.6783197232808773
XOO---XXO,0.5538239029720025,0.5130351867024365,0.4022329983172922,-0.23642217794188525,0.06725666780755013,0.6872377008711208,0.4445913604779689,0.5088057308924441,0.42753855722884754
-O-X-----,0.3968049376103738,0.5064119974235096,0.6876009802589481,0.49806187287630943,0.09244969188788771,0.32267184117218783,0.1721694313782099,0.6932169502453651,0.19432681571145594
OXOX-X-XO,0.8471813910359006,0.06659332571634491,0.6299119385607479,0.17513850083346638,0.68716070780659,0.02785366930846367,-0.07614957218202667,0.5764835944854811,0.32314145139982786
OXOXX-O-X,0.49197817144535577,0.496529346636633,0.49688074980976255,0.4942355094571627,0.4970557240858503,0.13310815111525265,0.5088597449912695,0.5409763390308269,0.49783552257505875
--OX-O--X,1.138054672884594,0.3936926471328862,0.5070710091335195,0.5088194296729652,0.715922897154196,0.5074838754997102,0.6863561606709757,0.18344175111625816,0.4965355592121101
XOXXX-OO-,0.49984488096195406,0.4994948113241383,0.49019105054554396,0.5058768047787982,0.5012120562269228,1.070528208805343,0.502306461114542,0.49409986823381885,0.687237957526452
OXOXX---O,0.4720087167303893,0.5683736206156562,0.4793979759058306,0.5998231150360539,0.5371037681181731,0.687216696979237,0.08072124898354444,0.022052276149517214,0.4944678046433692
X------XO,0.509882948084941,0.7364234945838398,0.06827310607871706,0.11230765596289105,0.036409256168647264,0.19876276701658402,0.8473361313999239,0.5072187396532045,0.5092902610828398
XOXOO-OXX,0.5042377818279187,0.4926343469990669,0.5006401960218168,0.5059977466138526,0.4931553031638245,0.687237959456475,0.5012644612509698,0.5071031059749048,0.49589619152552955
X-XO-XO--,0.5035503343106341,0.8553848521357013,0.4969412965581207,0.4935513183477024,0.5073913241380881,0.4990067984954348,0.49906864306297116,0.6589938056391357,0.6986365218024323
--X-OOX--,0.685201853666651,0.6455715479367192,0.49701682593443114,0.6872379594563112,0.49759146296379736,0.5010408825976548,0.5044583008065073,0.2800568733620523,0.6853780536220069
O---X-XOX,0.5058656337940219,0.5085269359599269,0.6079520409209674,0.4708981510376823,0.5018887773042952,-0.2799317124593579,0.5061440189477738,0.5033740020234316,0.5023529979837422
X-O--XOOX,0.49882887477794513,0.08618454898720018,0.5033629390849171,0.5072073336344372,0.6872379503600269,0.49270290123374944,0.4998170046435207,0.4955111633056273,0.49265125605327664
XX-X-O-OO,0.5028912025122552,0.4920110046879366,0.6871499615353285,0.4995628564013956,0.4972740451924937,0.49764511156575175,0.502967332841314,0.49564315289887123,0.495376000559306
X--XOXOOX,0.42113797102994394,0.6872343903642549,0.6869440608303681,0.5818589002574637,0.5236778365951458,0.49094734610994323,0.468343586047805,0.5880070675136919,0.5940486726913855
O-O-XX-OX,0.4924847686230628,0.6779670936712732,0.5036208779275643,0.6872578523973438,0.49203802894235316,0.49012900748968274,0.4464619355555051,0.4928358676511325,0.5033563168407771
-O-O-X-XX,0.7307376233720323,0.2359573481927688,-0.33220785247525386,0.7263376892869786,-0.31997748986958385,0.03045417246461435,0.1788795360759936,0.21722924034834878,0.7625781725999813
XOO---XX-,0.5057106669238701,0.5042273259153582,0.4955563029308191,-0.6299415099254728,1.3248067950685334,0.06725776898264324,0.5085799286630936,0.4942254587985192,0.0014892040367949777
XX-O--XOO,0.5048563202234968,0.49993876366175694,0.0812275484267278,0.5007913650117612,-0.20636642854780485,0.4026132155791562,0.5084226055291517,0.4920859654458026,0.4951399684855726
O--XO-X--,0.5072246785505754,0.6872337990260637,0.6868120248250575,0.5037592472340492,0.505191801011869,0.5031269762634166,0.5031750978763255,0.5006530805637265,0.6872379594563112
OXOX-XOXO,0.5039555404612232,0.5094718194279304,0.5067688705190662,0.4947488992392146,0.687237968582781,0.49834060059016416,0.5008993138222869,0.5049965753918949,0.4993901623650112
OOXXO--XX,0.5069897500409869,0.5032940213619359,0.5015156130223446,0.49189334295393994,0.4927730433256734,0.33512629446062653,1.3368575392913042,0.49028586459402335,0.5012025699504437
X--XOX-OO,0.49669960466352286,0.687241583711997,0.05843249755760327,0.5097806796135396,0.4987623792593128,0.5075032938554135,0.6781171828324154,0.50543076055389,0.497075545221811
XXOX--O-O,0.03484841473151745,0.36430387480869986,0.5037312706960485,0.0893196219437743,0.12771971335075727,0.687221354596175,0.9844422707669946,0.687487562411706,0.46246166107952325
X-X-OOOX-,0.5055443020266449,0.42829507048982474,0.5080432351817741,0.6872379594563464,0.5065410129441851,0.5090336671929062,0.5053281264649419,0.4958289652740345,0.12566351129161712
O-XOXX---,0.9104191759259092,0.12846698918014465,0.046394247122819254,0.8392947623772954,0.5525899638907363,0.8290441879683877,0.6652366100979352,0.8124317475772113,0.6690756558709634
O---X-XO-,0.49559919531332625,0.18324354123098485,0.5392261588751307,0.5021342089092092,0.5003748904661683,0.06890497449531563,0.5045082169729082,0.49188147153817574,0.6489672477797698
O-OOX--XX,0.5063877864751819,0.49987238017611646,0.49746670918626595,0.49845939466005507,0.49415300270954093,0.6516442483153948,0.6872422352678528,0.49340051802628765,0.49684220395187334
-X-OO--XX,0.6466242594135211,0.49918394166012947,0.5002418931139313,0.4907835787000037,0.502794869568456,0.6951526091869269,0.49171325271148814,0.5023416895098012,0.49641950692238374
--X-OOX-X,-0.1287825618998607,0.6988916365622497,0.429037653118815,0.6866419840288781,0.47792363937211807,0.4456338903055058,0.5444240411941783,-0.9897669350726019,0.44776911752610293
XX-OXO--O,0.5539450282739348,0.4958079806676467,0.6855664826724073,0.5070459514976905,0.4157724432751931,0.46380728760902035,0.27654258185963787,-0.17895005889239013,0.5823576998201789
-XOOOX--X,0.33770720411147304,0.0515050279362127,0.8434220005520059,0.13867372049118654,0.613373140347173,0.5983803963547203,0.6855664826724073,0.5457070500647451,0.8776172637502848
-OXOO-X-X,0.5025512559452198,0.4963871818389059,0.502137337342957,0.4969393401688544,0.5071862161455704,0.678516449476048,0.5053008442184315,0.6887868277746619,0.5050829339294177
OXOXX----,0.5019253044643371,0.5013936889708779,0.5022986440074352,0.5051676128109447,0.5058731424830424,0.18583598578432192,0.5466435693281322,0.14426672629421944,0.7175682692297034
OX--O--XX,0.4981244434428346,0.5063328898625901,0.5144455096316928,0.4463327127758191,0.5072068520920904,0.9432439801261562,0.6921590489033569,0.502525589273057,0.5080570365236403
XXOX--O--,0.5466768129420465,0.43471839960879655,0.44755791585561566,0.4703154272820165,0.59221977713237,1.1746459639742182,0.5621015878413924,0.6513501383002744,0.5032267507127158
OXX--XOO-,0.5084175415244102,0.4903264354629711,0.49143080920939175,0.68532494716237,0.7021931835209911,0.5027338328264993,0.509990757659101,0.5050706125077379,0.6872578523973438
OXO-OX--X,0.507369257049474,0.49561647691031907,0.5087894872554997,0.651726242249439,0.5069835371804671,0.49403011029743543,0.6872379594563112,0.6935989057037323,0.5045850895702069
O--XO-X-X,0.49684072901627113,0.6965986405364678,0.284101732636046,0.5002398777311824,0.5047235970666502,0.45944609988973684,0.5064099070881393,0.6884622324563527,0.49299065256003133
----XO--X,0.7341396379120915,0.01572694919787654,0.052599167022092,0.13121762926749614,0.5097788547345983,0.4926421337374343,0.44288568272203294,0.27539896846511214,0.4921663435074655
-OOXXO-XX,0.6875919010911691,0.5064911017344578,0.4949639493698016,0.5017896805758169,0.49501775140947035,0.5067138436237397,2.0412392129810026,0.4994436904347067,0.5079200240871502
X--XOX-O-,0.5067261198031832,0.6872379954413607,0.4863570873974708,0.49695732167273293,0.5031793565053049,0.5025001051576865,0.6872337086208656,0.5039808551710282,0.3113182065000637
-OXX-XXOO,1.2294750526668703,0.5078756673544148,0.5034674484091852,0.5048966031319665,0.6872547618044051,0.5058128794707709,0.49957081732586295,0.500933188599629,0.49125700660619454
-O-O-X-X-,0.6525222337189307,0.4944689062846358,0.8094269066002237,0.4960029484173704,0.6446505951745244,0.5008119548938605,0.44527764210441545,0.5032901631129186,0.4951495000331803
O-OX---XX,0.506625361021596,0.6872379594563028,0.4951962393683184,0.5044734333940664,0.4319187245084711,0.026130269621928215,0.6433769950133096,0.49099218752602986,0.5080349354232655
OOXX--X--,0.5058318426500967,0.5054561507939404,0.5066892968303172,0.5096430097917961,0.6872338675205363,0.5599588034779795,0.49249650475874196,0.28917286103375706,3.7882081636353426E-4
---XOX-OX,0.7152153182801159,0.6872182131013638,0.6778247027618162,0.5043355455757751,0.5079881032106291,0.503697464980982,0.5475919705758423,0.5028417207376048,0.49199217717538346
-X---X-OO,0.6471311527555591,0.5024348908829548,0.6787418601716618,0.20015735025657966,0.6441553549774792,0.4921611289481905,0.6872377742439918,0.5034586471095324,0.499795168409167
-X-OXO--X,0.6038023354477153,0.4971693343376315,0.5792291432267938,0.5024382618412635,0.5025066042238424,0.5012061771035982,0.403382687174051,-0.10858094543857222,0.49991869291807733
XO-OX----,0.4927431771471375,0.5047931896864805,0.3283781338953215,0.49597694577563506,0.4930355891497973,0.15362034502284505,0.6344955126827191,0.04192841848904255,0.7637986961131862
XOOOXX---,0.4943217633658905,0.4991594426149156,0.5028968030370683,0.509291565304841,0.5082624448653114,0.4910091326292509,0.12038716859118337,0.16433783968265303,1.6496359136334462
-XXXO--OO,0.6852217116511076,0.5051649369574452,0.49104947372163676,0.5023294554855202,0.4912071374910657,0.7099117031595639,0.6872422352678528,0.4991125388399379,0.503870097582809
--O-OXX-X,0.017037500758735502,0.6806570508541911,0.5003415783774852,0.1103844778216101,0.4949445418241551,0.5020857768202185,0.5049264766578423,0.06659088985163297,0.4959346113570786
-X-XOOOXX,0.030515352299999465,0.5011942544776025,0.6872379950773789,0.5090411278545333,0.49715633622125066,0.49161839812321073,0.4993986619549785,0.49993543415382036,0.4917132008668142
OO---X--X,0.5003258077608693,0.49012673333883355,0.6872379611190511,0.6410798151712234,0.6063367743418966,0.502492135616649,0.16801026155829946,0.12660929954351408,0.4949973265258272
O-O-XXXO-,0.4989812567249192,0.6872379594563112,0.4979343056232098,0.0458899481938736,0.5099443748162686,0.5041956324220727,0.501855314383935,0.4993675123452889,0.4167445955392114
OX-X--XOO,0.4027978684861128,0.5998280906056298,0.42743340432306887,0.49018735831565985,0.5475252183486398,0.6794728163555717,0.537880923059035,0.5108142954928835,0.5614523394849404
--O-OXX--,0.6518168526945286,0.6483792826406136,0.5095932111599648,0.09483849504176067,0.4918489461054699,0.49001670870106456,0.4934604648049114,0.09665458694364637,0.687237958126524
--OX-X-XO,0.4259240355561845,0.5057367538016694,0.4347456240138493,0.5187697438636351,0.4562061914170226,0.4270581296700764,0.4983707469120229,0.5903291109210447,0.4148437142129191
XOXX-O--O,0.49213741839971714,0.49591995337122563,0.4932349538365587,0.5079922332568532,0.5096557734389298,0.5027719092243713,0.4010311155753798,0.6015052292085843,0.4905970158049793
X--X-XO-O,0.04381941277229551,0.12319817214718709,0.11311260130103251,0.515376324017196,1.1529377506764416,0.3103518146964672,0.621966546843918,0.673587656576152,0.1990262926031452
--XOOXX--,-0.6024061009574755,0.43307708534775935,0.4919908349143966,0.4986592034386446,0.4991712349319895,0.5045060025352945,0.49310071762820373,1.303949395125064,1.4005718122198414
OX--O-XOX,0.5003774928974388,0.4952212562900029,0.4510765163574405,0.5658698713988316,0.49635292548989035,0.014203843114370063,0.4972455725588758,0.49182017349862867,0.49298420317371566
-XXXO--O-,0.0015316075120579975,0.5167292099433247,0.5295089844910629,0.5415310588115811,0.5394105684188435,0.30879634100511666,0.405757290728036,0.471062857006508,0.015307415815120295
-OOXXOXX-,0.6868391531799055,0.49044955514991884,0.507576339027129,0.5098073216014082,0.5057299818651206,0.5088562076802079,0.5080778191413512,0.5004356571699622,0.6965787141725782
O-X----OX,0.5253111103972183,0.7026846732154148,0.4464390253869405,0.7815092868239948,0.17689328322131526,0.6866554644972658,0.48090271956373615,0.5395853896244337,0.4622071986297608
-OO-XXOX-,0.6872238908811329,0.8056954096486979,0.20283885592578743,0.36583857160730626,0.47089961240198497,0.7921286988221898,0.7704894310402179,0.5719722402196555,0.3491331317625452
-XXO-X-O-,0.06604087909542145,0.5068954363436416,0.4956358736153516,0.5010718875478383,0.3876192702653477,0.5086033586677777,0.4996761813023476,0.500252577043344,0.7144414937066486
OX-X--XO-,0.49384050578271504,0.49556803723010107,1.2743774071846308,0.5073160312877449,0.9488237498012075,0.5034134388172585,0.49747528589961926,0.5002923861879943,0.9269185207346651
-X-OXO---,0.4619725631665045,0.4254338779270877,0.6474440577687216,0.45686842990037974,0.5515523551948422,0.4320838689409414,0.13103276320110424,1.1143743475200152,0.5117294395406948
OXXX-OO-X,0.5052496238069469,0.49362016409959897,0.5031637400526954,0.4902073962411063,-0.4123349116088133,0.5021773111239323,0.5036389452188584,0.07679246366587489,0.5020796412180497
--O-XOXOX,0.7209821908598569,1.1417667484117935,0.598515053549114,0.421920351776638,0.4150775986495201,0.4553877385666947,0.4228876063051117,0.5643358711008991,0.5757975063943548
OOXOOXXX-,0.507905825075958,0.5093095179524807,0.5082410820107117,0.502658862967962,0.49995383358852413,0.5059427211402152,0.4944546334680974,0.5067947957733616,0.6872379594565045
-OX--X---,-0.20637831276521057,0.49282529031270955,0.5033629253203035,0.05648937341984661,0.11168840561311222,0.49184478936893816,0.044607113858280256,0.029179554493596882,0.09068246927017848
XOXXX--OO,0.5098021789826161,0.492726153811664,0.5060561093505794,0.5063568069672447,0.4966944669289331,0.34107365471540607,0.6873305113574016,0.5016620093080231,0.505316610402601
XO-O-X-OX,0.47057515585197285,0.6102332398871552,0.308747032716417,0.8367031975820641,0.6872320894698508,0.21811292864986365,-0.4092229716306093,0.777461614304595,0.3777879415644253
OXOX-XX-O,0.49575612727920265,0.49351168889618424,0.5080016406174025,0.4991782247614357,0.6872386697859963,0.4949659973951012,0.4932897883425774,1.8475050187278677,0.5085041075226009
-X-XOO-X-,0.49141353156537193,0.5017137592849914,0.4980603922328788,0.4919687643044282,0.4955666799714414,0.5014836667601833,0.4940198790477294,0.49244202369949003,0.614319647342562
OO--OXXX-,0.49928122548140463,0.4912732434190537,0.6786495915405889,0.6437133385901014,0.5029542231971108,0.5009820446684395,0.5080022043085545,0.5043451982468989,0.6872387357076353
XOXX-O---,0.596990058187348,0.5015108351626413,0.49868992155108266,0.4281444024560103,0.24287590808904974,0.5134052070991121,1.3611945978727555,-0.13414597580912324,0.035769393329991295
--OXX-OX-,0.4965478577179913,0.2609372780587961,0.49752755519970515,0.49374558980553185,0.504009986711568,0.7113757411958436,0.5032689920208965,0.5028007553873625,0.4938759921723767
--XOOXX-O,0.6794728163555717,0.6869465709369439,0.49174672640483097,0.4387313924552827,0.4283152396584493,0.5894458552193494,0.525796754961787,0.45190532630666935,0.5871075948474014
O--X----X,0.5013550904734696,0.09308444200552801,0.5007851174674364,0.49295884163004455,0.08022140560067542,0.16596042157437157,0.014679492639244285,0.06828511275671956,0.49039572643825396
XOX-XOOXO,0.5061190114927929,0.4924259259062323,0.5018211411116871,-0.14597776661393902,0.494678853044545,0.5055461563507482,0.49460771979007695,0.5085591789816549,0.49336433243930167
O-O-XXXOX,0.5089519532624431,0.6872379594570739,0.4963139678064959,0.1734027159745053,0.5076319989553182,0.4911612422093832,0.5061728108420485,0.49503385247419207,0.5012717871113583
X-O--X-XO,0.7684967267724745,0.05952980884583936,0.12338446840379302,0.07710279321442981,0.5124973964842103,0.4450756827411745,-0.4280633236682445,0.1945339487766682,0.28054358305716054
XXOXO----,0.5047149547672752,0.491084575103043,0.4983609867281859,0.5041248923464157,0.5008981540824392,0.47668046927157715,0.6872379594375945,0.28053987403442104,0.09738379438669886
-O-XO-XX-,0.2739471046677078,0.011125117177120947,0.6286778884030668,0.9411710964005022,0.39224082137500194,0.2533248023408393,0.25836479101361676,0.5818323676689438,0.7554302322182022
-X---XOOX,0.5093583160869196,0.4913107916861552,0.46768333741266344,0.49372918379967423,0.5083223006378959,0.5095983904557893,0.5015262297347597,0.5004273784022707,0.4903916966829445
---XOX-O-,0.6846273568357795,0.6872339879110764,0.406033467111108,0.5032189738106154,0.5091408505791353,0.5087541238131328,0.6872338729055606,0.5066256189283392,0.6461599197698331
OXXX-OO--,0.5045795336821601,0.4958424166383879,0.5056886367324741,0.5066351748240987,0.643256414820545,0.5042748065580396,0.5094207092787423,0.49620707309005097,0.6872377583718331
X--XX-O-O,0.56810636255706,0.17461378291891627,-0.3752874493413977,0.16332853944430836,0.08309145884583857,0.687221354596175,0.8639823564378594,0.6860639457557951,0.7779211018870636
-OX--X--O,0.47511459301698356,0.49625801893346927,0.5223473116648494,0.6469869045162476,0.5114018362903796,0.46750830385565534,0.6547870701858955,0.6824804606021445,0.5882642108974255
--XX-OOOX,0.49145637390240127,0.05108779551154691,0.4925436628978655,0.49156064272876315,0.4972793094658868,0.5088906460312022,0.5040180146669894,0.49629919888977836,0.4956723818244263
----XOX-O,0.08824571927611907,0.5916733569132777,0.6872379200704487,0.7411159460340643,0.5049491664451073,0.4922024506834652,0.49467077767084555,0.06925511359974712,0.49819314417089905
O--X-----,0.49517063608058626,0.2522844453563703,0.1945812871951742,0.5057842621947589,0.029303056186699705,0.16977493033042745,0.11334990158474906,0.05441412062329576,0.6997467382159541
O--OXO-XX,0.49821139333179054,0.5462488377516032,0.4979231662727747,0.5006342639353502,0.5022705951952419,0.49696780370787547,0.6872370563920969,0.5098415835713239,0.4964884924797491
-X---X-O-,0.1602245156800965,0.5082960200692096,0.5173239347575833,0.04281098873703537,0.3728232947210387,0.4984754232215183,0.16535984625621492,0.505178365861709,0.74245589045841
-X-XOO-XO,0.6872379609724697,0.5070608078280681,0.6868256212210695,0.49267945325551715,0.5016621851089795,0.5008321636055407,0.5026250659473719,0.5092661596361451,0.49589420811517376
-XXO-X-OO,0.4994476701239668,0.509990597901299,0.5064892428996939,0.5079016614544548,0.6703128242277869,0.5077990961288652,0.6472111023577851,0.4924297785781322,0.495658143922807
X---XO-O-,0.4909534585636136,0.7779821287646846,0.6740327237863979,-0.40450153505276965,0.4945827730651734,0.4983384489608174,0.2317995555504755,0.5064772493903448,0.7225760969141435
XOXOO--XX,0.5035293133857518,0.4951196972459562,0.5055685504932436,0.5046200852303702,0.5068844191578311,0.6872379595131872,0.23620264269137714,0.5096071639255767,0.5094060397948958
--XO--XXO,0.6849931347809354,0.43346386542467674,0.5067698873967883,0.4932662382034371,0.12666538958809387,0.6785713344774309,0.498696476058243,0.5025410644522927,0.5071026732202283
OOXXXO--X,0.5046262581098873,0.5044953060045114,0.4993277759413937,0.4969894169510473,0.502615217626022,0.5023760141384856,0.5,0.5,0.5068483745100067
--OXX-OXO,0.42826273665625597,0.4087554206881242,0.5496553862879787,0.49281009954794,0.5446807576214411,0.68716070780659,0.522336844591499,0.48749287850242146,0.5332236267102749
-XO-X-OOX,0.07851205946532036,0.509588394613105,0.5093965450472775,-0.07289672094558064,0.4921840092467217,0.32605638297158956,0.5016087978125949,0.4927184660850479,0.49022014232311234
-OXOXX-O-,0.1662538387611019,0.4772202021191998,0.5088019746003022,0.4537059810950035,0.5790812696266967,0.5033385724154477,0.8910352128277627,0.4109131188119539,0.8883802466032786
X-O--XXO-,0.49825429970309465,0.22141021605677402,0.49794324179737326,-0.20628140719934562,0.006490900922190956,0.497508626429525,0.5005157335760526,0.49490294815078023,0.47097536661360356
XOX-XOOX-,0.5052694904097996,0.5060790182460082,0.5040567066202254,0.8164855383481724,0.5023316490896499,0.49219432818268094,0.503079880844832,0.5061540438507828,1.0465515576296753
XOXX-OO-X,0.4973944102233463,0.5033875545524975,0.5048742708997627,0.4939809060105876,0.7217663761325726,0.4929761777062959,0.49081927621521537,-0.2890980443666751,0.5003161600779319
-XX-O-X-O,0.6872578523973438,0.4901191928833465,0.5050986514672042,0.32348717066044375,0.49099685658504544,0.741553210738143,0.5010574884303851,0.23808138894012448,0.49124395367950047
-O-XO-XXO,0.687254083193063,0.09005319454236638,0.5024863820047044,0.8964409639704619,0.3889879587242906,0.49883750778235714,0.5353268511350383,0.7472035864819703,0.6769702756886915
OXOXX-X-O,0.5015191884740782,0.49240128752502177,0.507094941745979,0.5011041966136083,0.4931911644023075,0.687237959472803,0.49645280156630067,0.38898917819143075,0.5027004936142553
XXOXO---O,0.49054152298801923,0.502169653678406,0.49799556375360304,0.49383993670299103,0.5036857510430236,0.6872380019164734,0.6446525167002922,1.0497239051121527,0.4939403945039877
-O-X--O-X,0.8057274392428826,0.44560913691687354,0.583174972086088,0.5317729848438769,0.5118352019380799,0.2709739580505378,0.5375402887368513,0.6754457446402107,0.48310864476845583
-O-O-XXOX,0.6861919662511251,0.6072898407843267,0.687758111633047,0.6661846570993463,0.6324447827152018,0.1952538399113165,0.1656320877199472,0.3950833952083326,0.604714183723738
XXOO-XOOX,0.5778666787830634,0.48839073694609975,0.43419471472410026,0.4302043355075197,0.6872343903642549,0.4299307369370948,0.5857662944212871,0.5543897992390665,0.4460233608789506
X-OO--X--,0.49790986833585954,0.49383823155157885,0.4983037261450462,0.5056656236138207,0.6991652332671379,0.6785693836361102,0.5033445750048823,0.6575126273624674,0.5360744588412626
-XO-X--OX,0.012163391633650267,0.4983826458430305,0.4993502977007983,0.26311222658913647,0.5058733970060612,0.44102754031082025,0.07460376555310688,0.491798720439879,0.4915677928773608
---O-OXX-,0.13859106548882805,0.6000651327926467,0.39077867323671683,0.6231292631015609,0.6875140462593549,0.27542817795332775,0.8387763807786951,0.8309411650023287,0.6845090316097354
--X--OX--,0.1960996905042982,0.05185402075296497,0.49367710543488175,0.663836653823995,0.9677181818145111,0.507278760046078,0.5096388723860142,0.32139441704870597,0.4679770258077847
-X-O--X-O,-0.2982523037584035,0.5036035806908197,0.3545026834644769,0.4927173396375704,0.6459455177352604,0.4983195240872662,0.49936902351062573,0.4970079321127129,0.5096705193322283
--X-OO--X,0.028054127847298438,0.6872335969544805,0.4915534639209598,0.6872379594563112,0.5068989150752297,0.49587610577767366,0.34067305709516493,0.6786084234110784,0.5052094414430628
OO-X-OX-X,0.5091005177567689,0.4915533829313613,0.49943833474738086,0.5030546877499935,0.6451989952076119,0.5016055350324133,0.498523677874325,0.6965787141725782,0.4995593381801205
O-XXOXXO-,0.429671965753941,0.6861454558199958,0.5655561112305042,0.5412441368273445,0.521947789764457,0.5767217027877896,0.528403216879273,0.4694957916679629,0.6872578523973438
OXOOXX-OX,0.50583232120497,0.5062484782521958,0.4992997649791136,0.49440281002929054,0.49629307866177225,0.492750251352406,0.6872379594563112,0.5006360952662211,0.503885009711472
--XOXOOXX,0.6875086764845636,0.3993749132307059,0.49631059282178586,0.5043969269820635,0.4901793399769601,0.4971631321170786,0.49838263992909837,0.4921902481420593,0.49777162932168373
O-X---OXX,0.5975797098196161,0.3110931810210057,0.4323540682950775,0.6872109701377762,0.061082600454296254,0.5171998473005077,0.448175510290442,0.5111875812668396,0.5277195859051569
-XXOX-OOX,0.6872379185103376,0.49585771691459984,0.505184616171196,0.49226821729703024,0.5001161230103949,0.5586099432937981,0.5069391529362568,0.5035071229088705,0.49559807501489117
XO--XXOO-,0.9581346379727081,0.4960013460665472,0.05024455217107682,0.32315539688946604,0.3112372623135463,0.8372578052284139,0.16453716140485497,0.7823554460386534,0.52497918747894
-O-O-XXX-,0.49867507408479395,0.49773884515380684,0.6802957025750144,0.5005954849241361,0.004463548879546031,0.5071399602243989,0.49782961681073634,0.4964508947937289,0.7664358437865528
XOO-O-XX-,0.506644701133409,0.5075050473328555,0.4972499992256131,-0.11147824600140488,0.5067924252999818,0.771163751667515,0.49281959157674177,0.502914476700833,0.7201892319891883
OXX-OX-O-,0.5462540193666103,0.450279177735584,0.5267178129641727,0.7433759257363411,0.5273612709043267,0.43748333021490887,0.5624313017238066,0.5087722463315978,0.4636449568279084
X--OO---X,0.49934690095818546,0.50389625625572,0.6787253824420472,0.49061512578534877,0.5098832265601405,0.6872379594563112,0.49284955622312854,0.6885618663759067,0.5099838505259611
-OXOXXOXO,0.6872379594561496,0.4090258052125808,0.5151249560842123,0.4203681971813821,0.5793277380723896,0.502500598903242,0.4884169087974101,0.4119811555710177,0.5354233019616003
X-X-OOX-O,0.4066975477680288,0.49509088547955604,0.4591974006195805,0.6872371923082045,0.5865105143847175,0.46168393502016414,0.5179965594392376,1.2037144320939426,0.5958207512212497
---XXOOXO,0.9190786818247394,0.7230150180045081,0.49000793987680696,0.49019194161768925,0.4942101057694463,0.5096367152246537,0.4940688255636302,0.49166822807041094,0.49467430483668257
O-O-XXOXX,0.508657846004878,0.6852660356271254,0.5038170632731825,0.6872379671127727,0.5072893374884533,0.5081852097559002,0.503802912353518,0.49856549618029805,0.4948815860109609
-OO-XX-X-,0.6872339803890398,0.49768830731710256,0.5065449274283016,0.29051333473658936,0.4958330154870288,0.4966369087874042,0.2516551006769582,0.4961690153233426,0.5013004597208116
O-X---OX-,0.5027156630356462,0.678661427849098,0.5085773141671907,0.6872379168655018,0.7108457794141966,0.012600563289044797,0.5071370313671826,0.5098774191647502,0.7624610588124106
X---XOOX-,0.5076241198845989,0.054950573637403854,-0.3540400706620993,1.1152408055246368,0.5057778994410136,0.5040068029217466,0.500489601654545,0.49277394409605385,0.1302543192067414
---XOXOOX,0.6495966144198111,0.4022937862418915,0.6872388785068312,0.5724760292689267,0.4648395183852195,0.4230175575476243,0.5255178534051469,0.5715212213625641,0.5901725087948081
XOXX-OO--,0.49422580617748507,0.49391471671005993,0.4921785595237792,0.5075977036255576,0.7235965075696622,0.5050642363664168,0.5054054007996456,0.6445934502087264,0.4969512648022984
X-OO--X-X,0.5044436856764208,0.09185379185471171,0.492138625458209,0.5095598690442759,0.22132326526313817,0.12689678291916362,0.4920704812085837,-0.11798232688697297,0.49333470157491516
X-O-OX-OX,0.5066867712084112,0.644223749246879,0.5058866587476257,0.6872379594563126,0.5058436596665157,0.4980270035432721,0.5029639320159225,0.49073660539323893,0.5095328089854693
-XX--OXOO,-0.18516281487916986,0.4956856609415419,0.5054904708393035,0.43144287358841815,0.5676216003934268,0.5055502968291595,0.5029431129811357,0.5095316781589195,0.5099779784343693
-O-OOX-XX,0.294049254407874,0.5732035561012232,0.673877902081828,0.5412428589749755,0.5377449694931732,0.41239280181478327,0.24657774838595203,0.5578898295866007,0.47226135929434737
OOXXXO---,0.497338528229332,0.49590945021342053,0.5015063106025084,0.5056268454968847,0.49754396560942876,0.49046767264204316,-0.10933521182653816,0.032289332506758195,0.01076834272339755
-OXOXXOX-,0.6872380834462867,0.5096733030529021,0.5020727790192978,0.4948203922720338,0.4906176561658724,0.49904852835677654,0.4970161631639149,0.5043970187136152,0.2703356203362752
O--X--O-X,0.5055282494267694,0.6606709256921484,0.6872377691621607,0.49760771979240204,0.08282934743558257,0.1910965055766688,0.5014608477103881,0.5992436918542139,0.5090841979255047
XOOXOX--X,0.5045909101759785,0.49034421871402867,0.49166794040358114,0.5061598806040473,0.5018920782589028,0.5021333182555386,0.68723795981004,0.6454460223863728,0.501390198969636
--XOXO-X-,0.3888975037029835,0.035818656262734894,0.37610442773973385,0.6596539188323381,0.17496027848761286,0.736937393678209,0.08183197999577785,0.20281262174455272,0.508103915038334
OX-XOX---,0.49313428543564775,0.4989786103389892,0.6876029587439888,0.5042585636313832,0.4960026957026755,0.501291518503937,0.6444508134499402,0.645790733639728,0.6872188621768114
-XXOX--O-,0.6873509879091798,0.7374712336948687,0.7699237374506679,0.5108520753359127,0.17100390848192082,0.2968141012488704,0.4717669764743746,0.3340059409800906,0.26384254914417316
----XOX--,0.1784707087963196,0.041141237857526214,0.773842109018022,0.09558422462742189,0.49930961012107183,0.5008072809266418,0.5036768916874784,0.1804459576356507,0.16642668638840552
OOX--OXX-,0.4933485505485543,0.501260368694528,0.4905761285981222,0.07395064732421042,0.7418802653595148,0.49711369425447016,0.49713112336755505,0.5056032220074129,0.2177871338450731
---XXOOX-,0.12170621372897156,1.0323178229577878,0.11067699632192862,0.5210828143690538,0.6497798655780987,0.321922584548728,0.9408946506244107,0.5127066079281501,0.5264989992368909
-XO-X--O-,0.22344044473909042,0.5090495835995695,0.4998298380749625,2.0690359471011424,0.4936716690089614,0.37616922938456554,-0.7190824580950599,0.5055974195968052,0.6349251339782325
-OO-XX-XO,0.687237959460498,0.5020630070253529,0.5094721743149148,0.6871468146402526,0.4960529392120617,0.5022855691279147,0.49753895588715374,0.5001837044246068,0.5022653893264729
OOXXXOO-X,0.49341358364254606,0.5094216537110465,0.5086705869123509,0.5011151922872045,0.5089365331609618,0.5041957290349243,0.493691677524661,0.5888075433438273,0.4940751043143619
-XX--OXO-,-0.18129356710457378,0.504312866576848,0.5015705014825094,-0.22552912165743266,0.4060868693924168,0.49741612419181697,0.4997118789468539,0.5003535510434428,0.5386276216472378
-O--XX--O,0.1672880992571849,0.5097876374896892,0.9542936852420172,0.20050720087161966,0.5088703868696888,0.49549329952647236,0.5824258903798687,0.5969908244098284,0.5049802422762055
O-O-XX-X-,0.49744810701539144,0.6872548187407357,0.5032066825352486,0.8829269376229684,0.49704889074654346,0.5012369011462502,0.6078737503337877,0.49120930552500675,-0.36773626020287076
X-O--XOX-,0.5584007340310329,0.26390725469990395,0.597196955201619,0.7611410834380599,0.6792534327865344,0.45843333733225067,0.5883781445670471,0.47207698465992687,0.36807798175758033
--OX-XXOO,0.010997061679830722,0.1401033030537122,0.5589573227243915,0.48152461806642916,0.20581308931961523,0.49863861964546363,0.41535940987606373,0.548338314027502,0.5655692468911236
-OO-XXOXX,0.6872381569987849,0.5034456427652815,0.49313987479115856,0.02543105944557056,0.497039122393187,0.49064343454397485,0.4983729447455632,0.49950585675334946,0.5036516044708406
OXXX-O--O,0.485332011412681,0.5480873994086406,0.4443254111035161,0.5490953740414874,0.6855664826724073,0.5508430016528264,0.43195712758524346,0.6252266073480055,0.597383995362878
-XXOX-OO-,0.6873305113574016,0.5012420674662007,0.5029840889133992,0.502965950046756,0.5025252551245035,0.6946317740806041,0.5035149127117753,0.49496601939595486,0.6868206898072201
--XOXO-XO,-0.1673410506198525,0.19885778111774605,0.849985366412363,0.1855819756985797,0.23627937477639727,0.04693401875429648,0.15521097836264308,0.3589965360418511,0.8887301937631011
O-X----X-,0.4916194867279381,0.028390058271615004,0.49083412585169245,0.0775427903707111,0.6483980281891164,0.2180246637347093,0.23814521661882992,0.5039473910487874,0.687163656888859
O-O-XX-XO,0.49108731094786934,0.6851950933429929,0.5043500083479375,0.4884661537204914,0.503767879165178,0.4985694788506412,0.6290255232170388,0.4954257535661768,0.49648121999577444
OOXX--X-O,0.017577214065511826,0.6391665843248632,0.027428032543351355,0.44803516492914,0.2646037080503517,0.173047756993585,0.38516300689991867,0.983389747579964,0.6487200725962242
-X-OXOO-X,0.6872412642096936,0.4917020830374698,0.3960633273159161,0.4940330269599493,0.507133339499655,0.4962748910305825,0.5028753595416546,0.2149612689551249,0.5085164129617638
O--OOXX-X,0.5029533436326727,0.5061650762097492,0.8595096926945841,0.5080112747355362,0.4954819603880809,0.5016703522198124,0.49885125411060804,0.08366275109892352,0.5029728062076411
OX-X---XO,0.4955332586186606,0.5026503578298124,0.011315874799118053,0.5006746045134408,0.6876016568892126,0.0937220350886942,0.558758802531816,0.4931544607367198,0.498389222650268
--X--OX-O,0.0297799165589534,0.20204689534882714,0.49798988261714694,0.6965550365887963,0.4389291784898832,0.4974622875653386,0.5042384644162403,0.11487903459025028,0.49661013118893327
---OX-XXO,0.005766055432841588,0.540680242370413,0.04197699947820954,0.4962549649916909,0.4997253713744916,-0.21309744427546795,0.5041016751717626,0.4932702261850222,0.49274383087218016
OX-XXOX-O,0.4959637026423511,0.49791262785396195,0.6872377783657598,0.507534843483804,0.49314526845217754,0.5063442239641563,0.49296516951033487,-0.8043499868881743,0.5032701967093348
-X-O--X--,1.1200687571636716,0.5092717801073017,0.2770889172507859,0.4979249870651881,0.07055026035738998,0.19076208802643285,0.5033883288777385,0.22386946933832502,0.07877165391477603
-XOO-X--X,0.3456029637478695,0.5002269982239483,0.5005045374787626,0.5025678874857025,0.4259457934614852,0.5098814029743121,0.6780245407388308,0.3439796743560098,0.5012381463640423
XX--OXOXO,0.5002237431105973,0.498411434916551,0.6872379594561169,0.10400512496042719,0.49685987637570406,0.4959200967097536,0.509468593405395,0.505131353927379,0.5097234905875733
-XXXO-OXO,0.6872379595307573,0.4979973783235316,0.49041706208148556,0.5044878927938681,0.4994318546287728,0.16680690586975255,0.5071371378865451,0.49499038179050453,0.5048520141694192
OXXX-O---,0.5005277904565797,0.5057223224175674,0.5099415366082637,0.49881631059720877,0.7467339829292113,0.5043271040536322,0.08927666404608603,0.20428278329426897,0.04883266070421488
O-X-OX---,0.5015832867337163,0.19520801647495706,0.4947530771566499,0.4585740226181177,0.5096471561895874,0.4932077228262769,0.267600609805614,0.9369401264682643,0.6872379594563112
--OX-XXO-,1.8125743215981782,-1.0887731748144613,0.49554699819168024,0.49498411296110667,1.3749705802189225,0.49645697500547625,0.5032995451188703,0.492634848351006,0.20804183483173833
X-O--XOXO,0.40711317373581307,0.6376632182716994,0.4394909932686907,0.2505183552086301,0.6872379593851836,0.5541540915974293,0.5969441384549072,0.40207735937342637,0.5403159467850593
-XX--O-XO,0.4322238645241703,0.41706309489278426,0.5285068295071854,1.2329078904216266,0.5570370923173059,0.43363034263657224,0.37754921991514934,0.41180575539191167,0.48528506109860076
-X-XOOOX-,0.52497918747894,0.2398955339033959,0.6865499607283245,0.8633087236201864,0.5507021773028697,0.6947078099146041,0.6334576930170102,0.022302165437048327,0.6640167813060694
-X-OO-XXO,0.6458693523982358,0.4948288815220727,0.49658640860808273,0.4955002909481625,0.5079908065235159,0.6873094920163073,0.4905649551382059,0.5061840787834424,0.5089201106886413
X-X--O-OX,0.49642161035234633,0.4615190834725485,0.5039265135309456,0.33879284024029555,-0.0680010431948338,0.49706342543091325,0.14839253846104616,0.5060221732733087,0.5089345477920391
-X-O-----,0.46477287049272187,0.490438161010577,0.5113908511833667,0.4927930660300513,0.6872372612751009,0.6784588827948015,0.5723208035806641,0.08845914332296301,0.029768608145539832
XOXOO-XXO,0.494055665619292,0.49813168952805953,0.49566420408591405,0.4948163286539146,0.4986089203872473,0.6872379594563112,0.507679625314659,0.5023272952407907,0.49001764736639947
---XXOXO-,0.22756727407945682,0.40021749125179756,0.6755638822670719,0.4851502419946917,0.4076939480878803,0.5989771909132532,0.5382602037858482,0.4674417847042685,0.4097441823423901
-XXOOXXOO,0.6872379594563112,0.5092577758509659,0.49502188440615474,0.49033331934517094,0.5012133955341715,0.4907949240021187,0.49123619443081,0.5039855913007448,0.503182432098871
O--X--X--,0.49710945113862054,0.5238479165601375,0.46575324661470674,0.4952309291269244,0.4510729493517316,0.29369468454312864,0.5091748135601935,0.42756171375988883,0.6612759140526905
OXX--XOXO,0.5039620045868184,0.5027113042920038,0.505108610562046,0.6871466321766739,0.6872379614179722,0.49892373897894765,0.49776478278417935,0.4969365501552818,0.5098293151491259
XO--XX-OO,0.5046232345583336,0.5022503862517276,0.09712592260807745,0.6872365654002947,0.5070739011886694,0.5006163600806677,0.49917684283256075,0.4966793675509944,0.5075466813686869
-OXXOOX-X,0.9861205676319721,0.5289070744587072,0.4997479838490383,0.4833547581442098,0.5743658639880578,0.4982454718733064,0.536089624488089,0.6872163658761874,0.45874968614427963
OX-------,0.5085204412869655,0.4940905374885643,0.011708136057237417,0.799544835916659,0.6872379594563112,0.15626646195363558,0.10701484410456297,0.6842285478547582,0.21170914864466944
--XO---XO,0.04469559111071031,0.6619694819369424,0.49776785675451424,0.4987676043652273,0.6872379593710127,0.1271305647596207,0.5067591668109741,0.49816911856063545,0.493482121373375
OO-XX-X--,0.49675690723709676,0.5047151219103451,0.687238112135936,0.4946738876573071,0.4907643045974134,0.4850543812330696,0.49241808257896524,0.49429103214728354,0.36090415818694055
O--XO---X,0.5058773685809871,0.6753790483335705,0.6872823660365462,0.5017403518092647,0.4917557417399961,0.33297208840420034,0.6894674907391141,0.687828736450308,0.4976692785474059
-O-XO--XX,2.055449496169672,0.49572401617902584,0.4145764913691714,0.49786092415156763,0.5087114871657163,0.49090937507201254,0.5068667216251521,0.5093618575592477,0.49864480952602147
OX-XOXO--,0.5063027419748728,0.5056626935378119,0.6872387384480383,0.5004252059241039,0.5027609563116012,0.4961602314516278,0.4939722409830833,0.6778693184419609,0.6872193420249783
XXOOXOXO-,0.5075050893153438,0.5000548113989278,0.5001033026247775,0.49403022086234377,0.506619984295638,0.502419097385111,0.5057199430478174,0.49411284155336355,0.6872379594563112
-XXO-XOXO,0.6872412642096936,0.49591267915183673,0.5044014283854482,0.5081514298115701,0.2655945658522827,0.49712317951898655,0.5082231196626242,0.5070817019061096,0.5062770881843148
--X-X---O,0.1059585171422604,0.016614661961237287,0.49197032500316606,0.07242243898939771,0.49168559692510777,0.7371551330520794,0.0797640986432197,0.06224370164941284,0.49762314849315353
--X--O---,0.0452791953444876,0.11843036636433646,0.49977346475868384,0.0669019843069712,0.6899097796053177,0.49396816637781105,0.024800519644401164,0.5268624691542808,0.19645407015427607
--XO--XO-,1.5932479221942086,0.0309905820691867,0.40167488557108977,0.46962645334707204,0.6872354187500799,0.13395528810453738,0.522884699392821,0.5092619484522175,0.5719214146311243
O-X----XO,0.5036293431629688,0.6777585672569507,0.5020039135667737,0.8319967261628877,0.6872340451333493,0.007661703273037945,0.11108421789950995,0.5049704503623299,0.5080186703503679
X---XO-XO,0.4970973244523144,1.208212774360122,0.6872379590338292,0.7145389957511789,0.49823460103298917,0.5003911195879068,0.9598935899716801,0.505443739873817,0.4911846344887548
XOXOO-XX-,0.5017588533451038,0.5016116296034541,0.4953622321664584,0.5030454152174566,0.49684136396674977,0.6872339995126258,0.49099173270173646,0.501673526139468,-0.27470466560279005
OXO--X---,0.7153176620366162,0.7327277230812468,0.4229986593221995,0.1598203713322921,0.6872071120190876,0.636497404556553,1.039371106306128,0.5136605646888144,0.03476702205837073
-XO-OO-XX,0.501119330662424,0.49608026674490735,0.5006660705483605,0.7210242226249397,0.49092119232110776,0.4930522641242694,0.6786529477610156,0.49970909607774555,0.5000317666491078
-X-OO-XX-,0.19472866233351216,0.49866710989632096,0.520581317674209,0.5031396106375879,0.49536861249328473,0.6872379593664723,0.49402269980658103,0.4921903761734229,1.1920718735169031
--X--OO-X,0.6909720025849012,0.30735830068170233,0.5014351085033557,0.464312601944891,0.6441408093774794,0.5010062661537227,0.5030994686562315,0.863685780104095,0.4971962805627546
-O---O-XX,0.17314221421279985,0.4967894507714905,0.503655463729188,0.5063896991212943,0.09513130290096261,0.4929579833543804,0.3805990458523473,0.5093987088507695,0.509965677931344
-X-O----X,0.1335728300176593,0.5320313555674565,0.9820071001920885,0.4913042906531193,0.7888112261810051,0.0982510049533245,0.14390383748897195,0.5829528462397391,0.5256308651634334
-XXOOXXO-,1.7318001045904756,0.5026058302781746,0.4931157354962551,0.5036575371512112,0.5016803941837129,0.5076026103599219,0.49290754962654837,0.500347935656988,-0.3093554131262185
XOXO----X,0.8175343712998439,0.5538059059244834,0.7011407296539347,0.05615588143857886,0.6622121506841817,0.04732669064025308,0.040905927529978126,0.6053360973050387,0.6154596011368851
OX--O-XX-,0.47725924262108355,0.4736154691925931,0.37945654337546886,0.6979301527951766,0.5870583580894049,0.04928442329746208,0.4727671882080543,0.5980659922693371,0.6872374323557016
XO-XXO--O,0.5012184583945579,0.5095415397208175,0.4920897209955367,0.49634402773595415,0.5084639833171422,0.5097449304937514,0.6872381569987849,0.5434328191997873,0.5062366964006536
--XXO----,0.47956116858695674,0.1536505977063658,0.49537114178599273,0.5093285375834617,0.4995790219301617,0.1070271339768703,0.3591408117399727,0.2868831451471149,0.4952276133853238
OOXOX---X,0.5338153933537744,0.5723748946662894,0.4581594774151399,0.5832324011085872,0.5552853913105317,0.2421377285585386,0.6513501383002744,-0.34712207927700833,0.4534663434155466
OX------X,0.5033815947728814,0.49412444684127654,0.14439488528550642,0.03586407978424788,0.4058439498820887,0.05093601938290032,0.7749563950011961,0.07620432849296399,0.5058823946476226
---XXO-XO,0.10699680692845892,0.20335396219753965,0.6852194235406226,0.5095634253278657,0.5040978293829974,0.5031005426675209,0.48276946889787853,0.505076012555974,0.5023021936715427
OXX-OXXO-,0.503185352309417,0.5266066989180442,0.5580599673304075,0.40413752719035245,0.4456753534972307,0.4666911829585701,0.5842274014287698,0.5022547619414708,0.6872412642096936
-XOO-X---,0.6872193528892725,0.49985882249719216,0.4997858008983832,0.5030328948729123,0.6852384151401948,0.49976241820728157,0.26686016458557094,0.1689328377666922,0.18906215300447077
X---XOOXO,0.9144049319787315,1.4017590569643805,0.6850985728283531,0.3542527919932531,0.24483621864445604,0.04383519841913175,0.21322040501591555,0.9473781989382226,0.592341108457015
OOXX----X,0.49163657685133777,0.4988623578054356,0.500394495800103,0.49426074155767585,0.0545444834510469,0.7003260025492153,0.8440933664574624,0.25328938722136274,0.4969690422804859
O-X-XOOX-,0.4386381844129461,0.29037654506123933,0.5270366694829752,0.6872218456892029,0.4590226426871221,0.5743287132092534,0.5332129901761453,0.4627164752932492,0.098261092921622
OX----O-X,0.49160898268960734,0.5012137480782823,0.6872426146276339,0.68519432579908,0.4987950008764419,0.6954455116068725,0.4946207709632681,0.689348651671252,0.5017832009776366
-OXXOOX--,0.6784023753314365,0.5063410638721528,0.5026226406579253,0.49895846878610994,0.49434309994821585,0.5034889310334051,0.5068223459547502,0.6871502320451355,0.1214609443099608
-X-O--O-X,0.6872379594589245,0.4948330459332379,0.49391791655704864,0.5081193125357397,0.7251830033867234,0.6456316172317926,0.5075887407997729,0.6955136420742631,0.5080458047384953
--XX-OOX-,0.551453394689844,0.4994349703320872,0.49231443784034024,0.4918929813607051,-0.4587220456198896,0.495301645266336,0.4950603224176519,0.5097190420756429,0.21970033656329857
--X--O--X,0.8832334548259558,0.288522208521622,0.5085035962123986,0.8557846091363095,0.6649238081345682,0.4934814721213987,0.06256702579447726,0.2478240260393118,0.5045746293226732
-XOO-XO-X,0.6872422352678528,0.49310286077164134,0.49637617878936163,0.49099925165710195,0.6479271069061591,0.49680649945030925,0.5038991680896241,0.6460866624542738,0.4911229642414507
OX-X--OXO,0.4983734294863865,0.4963286937895817,0.155234222456257,0.49872364049592016,0.6872379595126168,0.21543828542818527,0.505680827354469,0.5037196656770767,0.49822166073819796
--XXO-O--,-0.2170588335994441,0.6872819106095746,0.507825916649034,0.49454914003044526,0.50969158195159,0.3260839281046781,0.49640842284163433,0.3892133296275514,0.6872377961662147
XX-O---O-,0.5801732628875043,0.5539165649098553,0.358954473984182,0.44044009198819617,1.1593106102207176,-0.26357403633434784,0.2170811815734609,0.49195962273982247,0.1319850511885285
-O-O-XXXO,0.6853554508459202,0.49802664995568946,0.6786057487304225,0.5076521479046604,0.6786198392242175,0.5013323006811262,0.5066797600869719,0.5042955134843202,0.5019741062715841
-XXX---OO,0.6860097700133864,0.5959891467091567,0.5597674577911897,0.4573790509821369,0.7312696598314793,0.41655329328905194,0.6794728163555717,0.4381920686146624,0.43153119602178236
OXO--XO-X,0.49582461129201716,0.5013081476244401,0.50754397597334,0.6872379172915684,0.6868257252950473,0.495100952122086,0.49564380411165887,0.687237959457211,0.49666695488325474
-XX--OOXO,0.6463774662798836,0.501364736716046,0.4964610339853151,0.49412359101079073,0.6766068514116299,0.49106215085209237,0.5072584949499146,0.5019325342568172,0.5092108934691054
X-X-X--OO,0.4941398885016498,0.388434638530607,0.4940927529026488,0.5022371484146608,0.5028461329147873,0.49604027110606463,0.6867993884115254,0.49353381228609866,0.5060318642420376
O-O-XXXXO,0.49914603606835267,0.6872381569987849,0.49655000994817616,0.20012026696013102,0.4969218394394465,0.5044471857923558,0.5070879545013134,0.4981393666486181,0.5033877690213754
-XXOX--OO,0.46014601577886416,0.5004802272545452,0.4943926841700629,0.5035565768452993,0.4983256736477253,-0.2730347974331562,0.6872379594384844,0.5084151564556334,0.5077485247713986
--XOXOOX-,0.6868404816594493,0.7246993587524916,0.493625122990283,0.501203181219462,0.5010595455630429,0.49274552883927214,0.493712302116067,0.4955284417039473,0.4157207236359497
O-X---XOX,0.4997489570916576,0.1649221089769014,0.4970271438985338,0.19802555096704344,0.17017916021032242,0.27625051623841995,0.4908137323724734,0.5032907369777398,0.5069993586990879
XOOXOX---,0.496565117377483,0.4941783276330609,0.49008517497885024,0.5046251761580246,0.5083463126240625,0.5064446192504553,0.6783621615737201,0.6872379594563112,0.5742740332101707
X-XOOXOX-,0.5616658440977007,0.20995760778474248,0.5981848045960906,0.5364057084575242,0.5430238850641342,0.5413774396790453,0.5135401812859862,0.5765094999470561,0.5561023967917158
X-XOOXOXO,0.4901968813454436,0.5,0.5061703049132509,0.5050930332544759,0.4963664385235076,0.509888887567219,0.5000004132081503,0.5060412875429119,0.493954112687707
--XXO-O-X,0.722134767033306,0.5050566332592084,0.5004362991901703,0.498574049008288,0.4981834270003388,0.5054920694477447,0.5000020232451052,0.8248680931485711,0.5081842310842982
OX-X--OX-,0.4985283291316281,0.49713047848224173,0.5927204703564651,0.5046226063489239,0.677770465769988,0.1853126405056411,0.4921916718567027,0.49467275455571125,0.4968178522255077
---XXOXOO,0.03294757600716636,0.03303218430886207,0.6872533345980624,0.4966612983842981,0.5027080292991956,0.5096541998287843,0.4905870480951784,0.49690300798080367,0.5093004664639766
--XX-OOXO,0.52497918747894,0.06962717169194504,0.14224306984776258,1.4929897371914365,0.7721755943363812,0.02208913540961921,0.1570594963549986,1.6857173880195446,1.3983079543075436
XX-O---OX,0.5032463218085652,0.5088149839416438,0.28788364416534884,0.4914907448307982,0.14442233282990136,0.4450628620520297,0.44963166262836596,0.4958062749578518,0.5017455726976484
X---O-XXO,0.4955104497089249,0.46441882979607835,0.6170634360164495,0.7874542778699418,0.504794465643704,0.94828655424801,0.4992483253341821,0.4962430440252846,0.49245495124269223
XOX-OXX-O,0.4906156694306916,0.4917551540063092,0.4956375651397517,-0.3296795564828632,0.49474778726257984,0.4922314859011554,0.49367958816562807,0.6872379598779543,0.5061587041252553
OO-XX-X-O,0.40854429372374595,0.4287492253978295,0.6513501383002744,0.250686024273751,1.1468917808744579,-0.32686032026511447,0.5628754593694469,0.5111294370589021,0.9240056599583508
XO--XX-O-,0.49184698617176015,0.501651863396868,0.21381999999568502,0.38890568321100183,0.5036554378493946,0.5041351397410577,0.8706483131762408,0.5092712307217696,1.341415207078387
O-X---XO-,0.49026611658493435,0.4157579476196779,0.4912904044822321,0.04914608771093465,0.6853221688095043,0.6781973874450795,0.509623481557409,0.507423001708495,0.1432769840485706
XX-OXOX-O,0.708608414027925,0.5750626592893905,0.6872377945639802,0.06356334362016247,0.7915572339170329,0.9329779493184788,0.15486059338011626,0.4580714906954409,0.2857622552918593
OOXX-----,0.5045132768442614,0.5067836999332694,0.4972635849974936,0.5069267355458426,0.6872379594563167,0.5014671079436845,0.49327087014429466,0.49489123051200296,0.5084019160663588
--XO--XOX,0.09939078231478643,0.21961668141093077,0.49917587176013356,0.5064994855860513,0.4182725680782805,0.4214975077268421,0.49040711830851585,0.5074365982548779,0.5027557040984407
OX-XOXO-X,0.4983188787345452,0.5061824074462948,0.6872379953151301,0.4971583029318752,0.5086865046636554,0.49320884842140283,0.5015269284879084,0.31281560244903267,0.5008168875124676
-XXOOX-XO,0.6871400180521846,0.4127456703785306,0.428624444514065,0.5632259555968001,0.4795170805286857,0.5456742584496682,0.5707190984696695,0.5234327156388863,0.46435497763525474
-XX--OOX-,-0.31277399808029005,0.8633707935002831,0.49334104299339865,0.1416525320154196,0.32284195971126123,0.11902228283246785,0.016605117070940367,0.030633489592676866,0.09403866951218143
--X-X-O-O,0.16689736942954614,0.6769295545332473,0.4933413339683389,0.4954203697331429,0.5064657134685672,0.666916299254764,0.5077789845670706,0.6872379594563112,0.49886061425826345
--XX-O-O-,0.69836560041557,0.5899973537249168,0.873258035226891,0.27402988177366716,0.7233951834598772,0.3328261654946286,0.6829825952270103,0.42274312861903696,-0.7662463283744025
-X---XOO-,0.6446364894195122,0.4950167718790062,0.6871526837307373,0.5006778308691624,0.49387170990692253,0.49786227684609796,0.4997486093616291,0.500759568980987,0.6888859694957389
X-XOOX-O-,0.40887782689528324,0.6872379518382784,0.5985754068940781,0.514955503483583,0.5485310958489165,0.44613837910011234,0.48352598980814543,0.5381590876879313,0.6276237104313461
-XXXO-OO-,0.5455206834550639,0.49887795363731136,0.5027483966933366,0.5046259251365232,0.5002745745976643,0.1294172483971328,0.503294405967053,0.5070325407242019,0.6871515578704148
-OXX-X-O-,0.764337139257032,0.8906800072548607,0.8208618825730869,0.8525883728400426,0.032394062430087245,0.9666076659571222,0.7558574893994087,0.44185262500426736,0.6925879206174761
-OO-XX-OX,0.6868182762731253,0.4966414568639307,0.49630625127917327,0.6780220717780537,0.501094766278694,0.49608486587253703,2.0847484690125198,0.504661231526495,0.5060264287254753
X-O--XXOO,0.6521717045151725,0.40897628027136246,0.024605469065255292,0.28224254053837716,0.22783146663196469,0.04894244651048796,0.26056219510939005,0.43406553828991623,0.630408294160925
XO-OX-X--,0.4945545047399842,0.5043764707549089,0.3066957332628732,0.5027517045168088,0.5035259923819229,0.04767860493602921,0.5078367995527427,0.14168948915824658,0.29398724971843715
XX-O--OOX,0.4958959998057685,0.49522385291581933,0.3540356286092866,0.49727918649063035,0.4930165934992543,-0.2599757313780966,0.501825345747348,0.5060624172878896,0.4933554487367093
X---XOXOO,0.5060782153363679,0.4618731046561596,0.6875992173021154,0.6453604224053725,0.4972214857810108,0.505871122559662,0.4990541175772233,0.5090979551919478,0.5090096385460149
--O-XO-XX,1.1650416786051208,1.0097266342367057,0.9262244168247211,0.053609463769205834,0.47988783328701634,0.6251774918316527,0.26302078670274065,0.6189494484397563,0.20263666754907672
-------OX,0.10627185658964627,0.6694603437671989,0.2798852430231486,0.26183558279983643,0.14458796075676722,0.19503985436117616,0.1793519123599882,0.49270146115382735,0.49479845697592467
-XX-O---O,0.6871818054465527,0.6107863409180115,0.020228013675591017,0.8890469361031001,0.10391762360688483,0.3326113767158996,0.5007423419524993,0.2235428862683574,0.9233916857402927
X-O-OX-XO,0.49225326592021346,0.847133143874507,0.500227693802271,0.533091735011509,0.4953384293977252,0.5088093284781079,0.6872194036172573,0.4953842608410013,0.5069683706720123
XXO--OX--,0.496208951675651,0.49728472388000505,0.507921798229481,0.6872385381932503,0.5077023649347642,0.5066795395920752,0.5060546928616287,0.6450183808472215,0.5062388406966475
--OXX-XOO,0.1036444954205556,0.035168085249676795,0.5099331056939658,0.4912507431721665,0.5091694145303739,0.6872379576350852,0.49464289990682997,0.5029943933652776,0.5032753892238715
OXO-XOX-X,0.50969052186359,0.5082713026772342,0.4991281900188587,-0.388297803301624,0.49812480689707855,0.5007809669243117,0.49539288206378834,0.7460319363714578,0.5095576017221825
OX-X---O-,0.4995888305171376,0.49477849951298214,0.6782347640382117,0.4986155301422308,0.6873641641918619,0.04410173476509138,0.015817566706393338,0.5043044196275848,0.6876258610507454
--O-XO-X-,0.33188062329060164,0.6868059309429517,0.4923674903941515,0.18453997485009854,0.49009375485052964,0.49499330245056977,0.32388083824132463,0.49460745013567625,0.6872379594563112
-OO----XX,0.6872379594563112,0.49695297913491215,0.5011666823362295,0.1457115542411337,0.6453313971598349,0.12678665256279098,0.4985148628079263,0.49570470951200774,0.5023022457823207
-O--XXX-O,0.5584054017766421,0.4954211942852472,0.2317216318047549,0.05061854990580128,0.5087862336363913,0.509265927302373,0.4957637374669314,-0.4079620236476459,0.4962037067691215
-X-XOOXO-,0.6904901799877541,0.4788095472444505,0.812838434610761,0.5887917504137737,0.5547120879650738,0.4250061194417389,0.493187500710475,0.4636596974218303,0.5120960611264289
-O-XO-OXX,0.29551465797550536,0.5017901979834922,0.6872380019164734,0.5468081864695944,0.52581053527221,0.24886752596679074,0.5453824859197984,0.5791870495848389,0.46838443174909117
X-O-OX-X-,0.5054581683509296,0.13415470617337488,0.5035697310229879,0.11674502431503447,0.4990137819029024,0.49146977321794627,0.6785174961988866,0.5009344156802084,1.3109289394669124
XO-XXOO--,0.5825208602260491,0.4152806842924055,0.49456845505858654,0.5046783887766076,0.5733782916519894,0.5151267266950462,0.5258600983997928,0.17290325262802564,0.45236340087984656
--OOXXXXO,-0.36004730567865795,0.8900706308884268,0.5084772216461294,0.49607008995347973,0.4980222317275894,0.49074700406869476,0.5009817569494714,0.5084653421190687,0.5005405982007571
-X--XOXOO,0.9373743315408464,0.732602801586589,0.03119326585972948,0.52497918747894,0.18475340889826053,0.2569850912592724,0.16941798915895256,0.7643973716057441,0.18689470438267008
--XX-O-OX,0.4954612963515183,1.4453579911190313,0.5076194148605122,0.4947084171788116,0.42458190322146205,0.49706916826080827,-0.9609405438797165,0.5024478522332154,0.4954124485081611
XX--OXXOO,0.8528185109762658,0.8466171453011908,0.4359400682900346,0.38726719669627074,0.7920073689974263,0.27779339207586917,0.25155902244547323,0.4692895024349214,0.6944236529585988
X-OOXOX--,0.41615838961865614,0.6178990230161173,0.7063564117248947,0.29449183553158254,0.21942474596278294,0.9058446256699467,0.5956953749645238,1.2062520376689165,0.297254638310282
-O-XO--X-,0.6851743053371592,0.5084257959399682,0.6801436469338917,0.4988349217000998,0.502669008971239,0.14920214156824074,1.340700296173348,0.5081711212240761,0.32615756811972496
OXO-XOX--,0.5063228057149006,0.5071273079307331,0.4980054376450823,0.5047459759507217,0.49392027402922994,0.4944949189859459,0.5010106557761678,1.2816830689804886,0.6872379162126565
XXOOOXX--,0.5001358888001114,0.4994010225700955,0.5079645091522167,0.5089365237953718,0.4941519434170781,0.4914270732878121,0.49807537692081205,0.20615694798750006,0.4980409842785513
--XOXO-OX,0.5513646922759471,0.5448273505063348,0.5662153408518424,0.41815967415666394,0.5507969827160955,0.43843253592347853,-0.3093302741291323,0.4126215550711356,0.49668912280982563
--OXX--XO,0.17692509717997906,0.09868736846502257,0.5038805349416012,0.5041646742356544,0.49008068209045097,0.6872194463905754,0.6016840289823437,0.5026423453202661,0.4916314050939198
--XXO---O,0.4900421218809949,0.687237918807682,0.501244253587548,0.5096700420807937,0.49027825785407075,0.036260567591128945,0.685327765916586,0.6623604380045952,0.5098258995010114
XOXO--O-X,0.5969439330536077,0.45015160035715834,0.5144110099708933,0.41652573603931875,0.3185407722204956,0.5326940525805481,0.5174733609798742,-0.46230246630533045,0.5794086125914885
OXOXOOX-X,0.49808280721258447,0.5082955789776797,0.5051011437897407,0.49370834747808845,0.4945303503739165,0.5062731340412666,0.5074944520224104,0.8165530426147256,0.5057532010121009
-XO-X-XO-,0.5847048009970404,0.5068719133381933,0.49374467438550756,0.21655102904384155,0.5096572545379463,1.6636867207736636,0.5004454960640645,0.5057171240839187,1.188340336709182
-XXO-XXOO,0.5055878269479438,0.5071662782590616,0.49365826400907453,0.49849074652997255,0.41314846882733464,0.5000304912717874,0.5013028763369829,0.5017139783429571,0.5092477027653962
O--O-XX--,0.504421033364399,0.6979254381093212,0.6414342424182427,0.5066975108679157,0.6872212174732378,0.5088373608078345,0.5094124349165995,0.5018712053248537,0.5441084050378819
O-X-XO-OX,0.5024966204630199,0.49656331074139104,0.49277860931304995,0.02608946202526874,0.5057489520745868,0.49025123181500635,0.0025320237582852068,0.5013385145905759,0.4993404472880236
X-OXOO--X,0.5564557697325083,0.018486852072110427,0.46075711217392173,0.4504512625265636,0.4305396382042602,0.5188239530904997,0.6872379240140314,-0.04231040809809117,0.5981837887742871
XO-XXO---,0.4948837459145471,0.5064669362499234,0.7116405364713195,0.509309134796793,0.5086629815668728,0.5069551955549183,0.19025464800106462,0.22561752588445388,0.553278062709702
-OXX-XOO-,-0.02453228708359101,0.4613298864882484,0.6051504295817771,1.1279445116294782,0.6902041995164145,0.7686368431419912,0.4932359179762226,0.7216046767582057,0.6711994787058606
X-X--O-O-,0.5216512169890181,0.3106653414168786,0.5156878417026979,0.8657596124616137,0.6671367591853584,0.4095265677574063,0.024853926184783326,0.5622645007709091,0.08208684746656125
OXX--XXOO,0.018039697418258505,0.07183943418335448,0.9583228538152346,-0.2708689848070749,0.6810428718782228,0.24793680419788022,0.9847509228322522,0.36994811531011706,0.16226230068039849
O-XXOXOX-,0.5052173963159591,0.09965960320050299,0.49258711236053904,0.503727721129749,0.4937545876472771,0.49873983975828273,0.5080446208451183,0.4941684230376563,0.687238714117967
X-X-X-OO-,0.7826586958108783,0.6873358420477795,0.11769474876448882,0.5535865536585445,0.8884354667136153,0.4066458108558251,0.34428408102201447,0.48569221944730945,0.6879418193506691
-OX--XO--,0.5765833793051491,0.4989323502805928,0.5086681790779262,0.8653785560963023,0.6613532642988098,0.4907673732734426,0.5051411523188111,0.046834573120370426,0.6665530347705163
-X-XOOXOX,1.3449964359490114,0.49337377100690005,0.2714570697426193,0.5027826096541052,0.5008861591530678,0.4907587200915418,0.50027204598322,0.4921704439255135,0.5007086450574929
-XXOOXOXO,0.6872379594563112,0.49130926506772754,0.4970851517047788,0.49940005183022573,0.4982304617419521,0.4987398013155759,0.5036290340264047,0.5066918684706625,0.5031384580970526
O-OXXOX-X,0.5046002734703038,0.6872379611170728,0.503047166186724,0.5031741846682221,0.49195566482434777,0.505097277284889,0.5062432495215933,0.8438805547331574,0.5029963569303992
-XXXO-OOX,0.4171747176248708,0.4807697220064353,0.9666316530603187,0.39349400711858185,0.4029189564686311,0.17459883088831474,0.23115150874631774,0.8346319920345173,0.8175562335104058
-XX-O----,0.1311901782184023,0.4965378351350808,0.502856189373784,0.8006729362292712,0.4911777164131376,0.021404610461111084,1.3716810179642382,0.11657711963657069,0.05941350344936541
X-X--OOOX,0.4896035214221733,-0.03670018001699571,0.49079160066961103,0.16263293548198632,0.6018600606231436,0.4344013907016501,0.4524885369543617,0.5268477713322927,0.42310354052186094
O--O-XX-X,0.5095942040605382,0.09489774068229184,0.8025781835833157,0.49254578962095824,0.14908605830060295,0.5018872647020919,0.49862030393105455,0.009049735787395319,0.5008416738373086
OXX-OXOX-,0.5837860060804184,0.5709455859342129,0.32426140305341944,0.6899814862257774,0.6862993157700678,0.6711502560120889,0.9219898087245342,0.9218621123194504,0.52497918747894
OX-OX--OX,0.4908787519536844,0.4903623350892192,0.4940382257844422,0.49881261549575245,0.4947492654771362,0.49616698683432026,0.7310585786300049,0.49760541201281633,0.49625922711726644
XOX-XO-XO,0.5706727978445748,0.5404006900612163,0.40561092530794385,0.20531727881224737,0.5034539031023514,0.4902559977610477,-0.28445675264179837,0.5019644871749978,0.5709667990058359
X---XOXO-,0.4957256032936432,0.014127642203937862,0.08124663574034807,-0.22491180851822823,0.5836399564108632,0.5440092172212102,0.5518220804233301,0.5266716782106762,0.3040510404638603
XO-OX-X-O,0.509616307532024,0.5071833903356069,1.091262461903757,0.500964899671193,0.509848821674284,0.6814045628274937,0.5012548988849989,0.7953240002253832,0.4900885525587393
OX-X---OX,0.5796602489320762,0.33829975421337555,0.2085127309849849,0.7622096969564188,0.17486687281974755,0.1552329977240785,0.03155878461759137,0.4166953153882462,0.08674669577357919
--O-XOOXX,0.7050749276671053,0.571313178175927,0.3990157557714884,-0.3876137752966685,0.38622949664824135,0.5581185167990269,0.24941957819203842,0.36269544391407527,0.38231063653810926
--OXX-XO-,0.24552484309981626,0.6887592057738497,0.7894808074863451,0.17240859784002016,0.6881278775362591,0.043604757442429865,0.8386592876610103,0.0953174772554205,-0.28393675519436024
XOXO-----,0.49763583100529196,0.40762600752223727,0.4057290894650738,0.5865413111470185,0.6327859216159544,0.41474557635099824,0.12395158453756744,0.9377676016532183,0.7068034724690093
XXOOOXX-O,0.5151729065442753,0.4541705609261373,0.5635293198874493,0.4627725851183456,0.5372611692699197,0.46225585677735875,0.40317303820812256,1.25738024145162,0.5314663060860889
-XXOOXOX-,0.6868785765925925,0.5482092371355317,0.5313146708793942,0.5390182430127882,0.537531323617261,0.5027301767143477,0.5525123369332167,0.4956723486111956,-0.36914038974578356
O-X-O--X-,0.5005290237824466,0.8129366306801589,0.49992778499543294,0.6872195188590018,0.5005024892804506,0.6870776295071793,0.6872370358487288,0.4957751162450983,0.6872379594563112
XOO-OX--X,0.5091523438495991,0.4986231009881395,0.5063700986806977,0.49013735488575955,0.49348196305674036,0.496799825884045,0.6872379594563112,0.686811035989106,0.5087682767460221
-O-X--XOX,0.6888229551778493,0.5010744282614309,1.2213055538938846,0.49091778040248196,0.687316314545648,0.19761454745534668,0.494578011704462,0.5093955324829501,0.497976427611905
O-XXOX---,0.5042022643249915,0.6867338026768502,0.49584542362215567,0.5009653135704921,0.4992224850971212,0.5080955514477514,0.44479486710277105,0.5733090700379502,0.6871511190909548
--X-OOXOX,0.6443911160737417,0.6784102477252076,0.5009977981631007,0.6872533345980624,0.5004371283146912,0.5080723621983113,0.5030338994428747,0.4907170458313059,0.4959457163003741
-O--X-XXO,0.4574331371748529,0.7785410455718024,0.6699163912201478,0.2975376330713088,0.6918136441321575,0.25754904550727686,0.7924960110601226,0.7085341222842235,0.6085265872295477
-X-X-O-OX,0.6008516659032238,0.3364932337803265,1.6930154203786552,0.7427975084210222,0.11119698946867707,0.4226392300099562,0.3795492439724161,0.015353651092909648,0.27183400060304264
OO-X-XOX-,0.4984113574575167,0.5057354255523634,0.4941242442247818,0.494238281482488,0.6787148631597467,0.4914552409681148,0.5037656744388924,0.5003523987065148,0.5995451649858932
X-X--O-XO,0.5057208644905545,0.02407635188714563,0.49011246484173326,0.08864851985113187,0.577456470028372,0.49884024587198905,0.22999688450045364,0.49299426348302533,0.4985257479259475
OX----OXX,0.5013788135670174,0.4986477179423924,0.5085108781739689,0.687237072738619,-0.10064260095674382,0.8990470697723396,0.49130092312387075,0.4999052220601879,0.5006147082137599
-OXXX--OO,0.30085466627035484,0.24536543956660095,0.07845575442909325,0.8059370213269555,0.1570551950922674,0.8542008931571621,0.6868785765925925,0.16943882977706948,0.9043911309097914
---OXXX-O,0.5996529449011454,1.3531460281881476,0.32950064870757634,0.5073234210713881,0.5088953984930916,0.49792299067022183,0.4955020595404259,0.24184695456520977,0.49529468376772934
O--XO--X-,0.50645334901601,0.23494647960349724,0.6872379594563112,0.49875448594808436,0.5010557097684958,0.473994793927729,0.4300997765188026,0.5077225023602387,0.6872379594563112
OX-OX-X-O,0.49973207030951633,0.4923132369089675,0.18772897761628193,0.4983498581364794,0.49587120027140946,0.8572217023281982,0.49676173340061536,0.8721724952370712,0.4976058515519191
XO-O-OX-X,0.49620441322608205,0.49435450635924966,0.5044526384523915,0.4907212707723874,0.6884951703415227,0.49865670415650953,0.4997262485812967,0.4970183612003305,0.4901543306375695
-X--OO--X,0.6868015070250695,0.5087255242859705,0.6212427198226791,0.6872379594563112,0.4967019267807179,0.5047651236500315,0.6553239995290578,0.13505750023981045,0.5035173909564472
-X-X-O-O-,0.36368425929117904,0.49559826098390053,0.08695841329113418,0.49196396234550066,0.6629393595293204,0.5082077035494295,0.13528567301521494,0.49488584537860514,0.5087918807292358
O--OX---X,0.5062892083663234,0.5035330812943122,0.6941348697868854,0.49882021770879476,0.5007675355641467,1.3573348526526052,0.6853656876562824,0.7169808491379058,0.5082755166815646
XX--X--OO,0.4955210732614168,0.4976766936585457,0.8600771709034756,0.6893899953177757,0.4996167644039336,0.4915918233672582,0.6872379594589043,0.4976382951081487,0.5095349941969629
XX---O---,0.49829213444938497,0.4900890121629569,0.7441759894099057,0.18666875914054282,0.00590898276459606,0.5051986409848775,0.25888777286826636,0.2987155121822823,0.32666449438258055
X--XOOO-X,0.49188435736258934,0.5078792891262811,0.6872379609724697,0.49138973651322865,0.49970953484796976,0.5090110818362413,0.5012989694333866,0.6449189992804216,0.4966430089705296
O-XXXO-O-,0.57116403859313,0.1281335510159365,0.5810076922563331,0.4626488750123458,0.5588164233219393,0.589813487401226,0.5184868705287748,0.5762365703839634,0.07428890356338402
O-OXXO-XX,0.4063827035486215,0.6871352443206168,0.5654159429139545,0.5164806903145275,0.4356048910127563,0.5112736680358978,0.13409420154307006,0.41854817884132567,0.5203713171760099
XO-OOX-X-,0.5763534209306719,0.5132824603831747,0.5148956806944486,0.44824819884653827,0.4847203564789435,0.5220051655656012,0.688559147340258,0.5885392276479835,0.5094362580013175
O-X-O--XX,0.05173461137413793,0.16317211644164575,0.41671243695935023,0.11248053575990002,0.8399115821304861,1.0479096450129877,0.47795144815986984,0.1190115198356273,0.2101990371460951
OOXOX--X-,0.5784576123968661,0.4154912276008347,0.43380869031080344,0.527731778907561,0.5886097903048507,0.6845225374761068,0.6751657750786769,0.558893537270517,0.844669215618777
OX-----X-,0.4913712636068123,0.49698347099912826,0.03666968891558681,0.496259098269914,0.2652030487899345,0.5043960804240731,0.4923339471715588,0.5056602645309166,0.6900073351439169
XXOO-X-XO,0.5095793777996346,0.49449617434949056,0.49587725564912954,0.4915401316049527,0.39015823581785225,0.5037109008994295,0.48360603042867517,0.4912178130884349,0.4917480125192298
-OXOO--XX,0.49897693633321555,0.5004072412844752,0.5081385131783828,0.49576195999834605,0.49852708513180904,0.6931105538816008,0.5080871400919991,0.5030042348991012,0.4956529796594827
XO----X--,0.5029153023946025,0.5079395054506971,0.9941733358679543,0.09760651535780018,0.7921276579113133,0.2174482201453259,0.4968353519133505,0.39118882385406195,0.7617451035995342
X--OXXOO-,0.49782613214692145,0.20492952328388092,0.5064269487455828,0.49363321777114283,0.4976219156449415,0.5028564492091548,0.4956047083422326,0.5054313707153244,0.6854004393344496
XXO--OO-X,0.5016376871391569,0.5063847562431051,0.5046658934503552,0.6782976891153188,0.6872190830949279,0.5078771776611418,0.508184343143324,1.082394650700706,0.50237000303403
XOXOXO---,0.5042251549764981,0.5034210002274886,0.49502211523016787,0.49850781337388944,0.5007712265969781,0.5001908233465261,0.10494000846104867,0.3954588559329615,0.4249372949981358
XOOX-X-O-,1.3610430237591964,1.9432450253315314,-0.5152940632437883,-0.3885072040254436,2.0665867279701926,0.42606268780878587,0.5876187622867555,0.142661750056655,-0.07833404953842205
-O-X--XO-,0.680149334445276,0.5015947872040523,0.038744080315509244,0.4989050848046243,0.6872377714140544,0.748214054932491,0.5045676517226695,0.500096260773829,0.7002330909035669
--XXOO-OX,0.23852207030649752,0.6462549804914218,0.4967332871891552,0.5086301575138622,0.5059529933608108,0.503875368193772,0.6445458203200504,0.5094738352280997,0.49510521966276877
--XOXOO-X,0.6872370405152578,0.5252024546547882,0.503493057976229,0.4936704176578065,0.4934291576164375,0.4974309825320615,0.5020437196494343,0.19507327689819276,0.49576503940623945
-OXXX-OOX,0.4544695304810824,0.491404127907636,0.5655909080707291,0.4566743062060159,0.4285806880715643,0.017688839387851263,0.5712749662436378,0.5008677070671609,0.4901587310336699
XX---OO--,0.4970754102018795,0.49570090772747577,0.7019698434515934,0.4134126178846763,0.6087360632793714,0.49535757024612664,0.4949618060228916,0.2970585218409657,0.6174922013393694
X-X--OXO-,0.5012871867265483,0.4979089993971347,0.4947643730486052,0.8627984383205594,0.8167861568852419,0.5073173970279807,0.4987575425067584,0.49249195767589504,0.49267767325930456
O-OXXO-X-,0.5029947356215937,0.6794728163555717,0.38758921165337934,0.20158538108928503,0.5830727495545514,0.5396105543736547,0.19037863980918446,0.45865240237323546,0.6587623374250956
X--XOO--X,0.5001979685899555,0.6465200743698475,0.9677387754898128,0.5088142281124959,0.4955828037877689,0.5079846599049682,0.6445947187094652,0.6012877661916409,0.49191728131816803
-X-O--XXO,0.4428981828608553,0.4443016741114927,0.4131108880249307,0.4060352905070301,0.716417571126939,0.6866465865724669,0.4517233710482757,0.49124132197941145,0.5863934096072672
OOX-XXOX-,0.504034675155532,0.49961876964192126,0.49903796834794634,0.6872386697859963,0.49322560408733,0.509034857710653,0.49119644705128235,0.5002464919149537,0.6332090350472748
X-OO----X,0.5016222885242887,0.4425587584615357,0.49915117765275524,0.4909191582120843,0.6778989996359281,0.6700172938803501,1.1577016041293298,0.37288214203254916,0.49716127794673065
OX----OX-,0.5079206427506212,0.49931094457265,0.0405534699027601,0.6872379594563112,0.687149129710978,0.358433587774583,0.5069460661746246,0.5001313461006531,0.6466479199242116
X---O-XO-,0.5045107870668821,0.6872379168467584,0.33119091336677753,0.6870339480026376,0.5049574559949652,0.4098506446457738,0.5042850276936024,0.4980069266826166,0.5987679888710453
OXX--X--O,0.5013099083754959,0.500924467667408,0.49319369524148154,0.691125910902,0.6872381218587942,0.5058888882174917,0.6853096927408794,0.6783372603375847,0.49257862209207265
-XX-OOXXO,0.687237957617172,0.5050249120401847,0.49975156742802257,0.6872379594564748,0.5072744773491298,0.49907906455798934,0.5084870153543329,0.49760522253239226,0.49041006014682315
OX-X-XO--,0.528572395531345,0.5781822709863483,0.2236090893477155,0.503813972220764,0.6066292110301159,0.5670277477351416,0.4922260351420768,-0.038249699255656355,0.42737433341193154
O-XXXOOOX,0.497722176947791,0.5846350367173876,0.503111092408577,0.49426354566319614,0.4930031455420208,0.4960919790988026,0.49365107033366856,0.4937528821115221,0.5057385537942506
-OOX-XX--,0.6872422352678528,0.5084890586814363,0.506765130758115,0.49305380929167436,0.38395893509142703,0.5014984903031953,0.4916845233592426,0.04089293164723312,-0.40394124388639585
-XOOOXXOX,1.0773017122834792,0.50172711329048,0.5092631441708219,0.5031295468542345,0.4934721517448409,0.5031797123515397,0.49204761503934286,0.49630711944715256,0.5094547856617372
XO-OOXOXX,0.4837759267757283,0.5958015954762153,0.6872379594563112,0.5667383525908952,0.4524691405626272,0.4456073278029211,0.46600064691091186,0.4169286558837868,0.5984624146847495
X---O-XOX,0.4736768481310413,0.6803898204328616,0.2516066962594096,0.32048887906574225,0.4024972665383556,0.9456826799967875,0.48303704393747904,0.45752539777595824,0.5710265192202493
--XOO-XXO,0.6872370936618941,0.6436801333512017,0.49838323044501964,0.49558145689974525,0.5061039392937821,0.6872388785068312,0.5063109879614348,0.5094920722900593,0.4972406935841571
-OO---XX-,0.687237959370648,0.4915484265833628,0.505863250374194,0.08043877239434277,0.4333215164629742,0.06958369230342965,0.5057483041353241,0.505676591479095,0.6989266680319017
OXOO--X-X,0.4484812143541295,0.40293352936577104,0.41238036055323424,0.5208429937255572,0.5052903629177012,0.5581085384483634,0.48600962647761786,0.5124973964842103,0.501418439100494
O--XO-OXX,0.49946804278996443,0.49574328357625674,0.6872379594562721,0.5011487672635659,0.4991367699366069,0.5712906006755998,0.5088372398554747,0.49055001224995226,0.4998014759040601
X-O-OXX-O,0.49669790072194453,0.0802838250641777,0.5068189942419575,0.5,0.4981979999691866,0.49231965046085774,0.5097638237071779,0.7957391528994702,0.4974980055224274
XOOX-XOOX,0.4982025143209517,0.4999777277678866,0.5033714156780984,0.5087554837759967,0.6872548207990434,0.5032409194585477,0.5078679846368627,0.5038555072807,0.5011232998223607
--XOXO---,0.05068885510653626,0.10123852460748278,0.5044089306569748,0.5008636139322649,0.498621829470674,0.5002370013884402,0.16159594813464223,0.725206802832366,0.8421087069919455
-OXX-X--O,0.23045877641829315,0.501328016443105,0.49142664460350366,0.5028365841635483,0.5044950244092503,0.5055620273066549,0.5068411606825732,0.49802215222282076,0.49553971321308493
-OXXX--O-,0.08080804207532544,0.4986455390531578,0.4980706997496092,0.5076189938912616,0.4991792287228844,0.04943960572299949,0.5339898431721363,0.49094029501349834,0.07151146739090314
--OXOO-XX,0.019869998611200756,0.7342665957100041,0.497340921541088,0.4985937011827673,0.49367812486592694,0.5021615769497391,0.6872370506356102,0.5022169686599398,0.49854012247143553
XX-OO--OX,0.45597577539042333,0.5609111136372679,0.6872379518382784,0.5155958495417566,0.4596944376082216,0.6857434318731217,0.028581008874830616,0.4438577522409216,0.4926337667646183
X--XOO---,0.49897374683449797,0.5092558045927428,0.7461559041169252,0.5031346343292437,0.5093566539982098,0.5081263951761033,0.38659316668187205,0.7691634511128539,0.47908618997908325
XX---OO-X,0.500910512052392,0.5075430105418802,0.09280951002042453,-0.2558753482069075,0.6909616218957534,0.4930584604565755,0.5049160653674669,0.5351208192911613,0.49204857497436766
OX-X-XO-O,0.5098543305629238,0.4934996879709294,0.3559450399565225,0.49388173710371497,0.6872379594563112,0.5048051009960436,0.5074607511332812,0.6872178993875326,0.49458477475311147
-OOX-XX-O,0.7381073026192002,0.5583780854564214,0.25183995404958537,0.572470244985368,0.631752495800212,0.035063690773209366,0.9202488829184009,1.0473056527726476,0.2703812751025362
OX-O-XXOX,0.5016470678672988,0.5026119716363708,0.040383286894441206,0.5079414853200748,0.314512215902063,0.5021178670108252,0.4920677589766718,0.5066023800641939,0.49653223854222867
OOX-XXOXO,0.5086361762335465,0.49794689395293895,0.49007333798394664,0.6872379594563112,0.5089787849356423,0.4962190350398865,0.49044834560746253,0.4956175048430316,0.5006804016515187
O-X-O-XOX,0.49770989790634185,0.6852687190859033,0.5008219427340741,0.14132415842802082,0.5004182791424321,0.6872422352678528,0.5096382199072632,0.49263659170989005,0.5029209590989365
OO-X-X-OX,0.06789810156979859,0.5585889511795228,0.6873262856347928,0.2950547218561924,0.52497918747894,0.9681667208290322,0.01864569975007796,0.9487875241837765,0.7408166166694594
-O-X---X-,0.7031598148702984,0.5074226391756448,0.686501610228146,0.5096678505699325,0.08365214508655461,0.8371963687714963,0.16362662621809398,0.5056372583997687,0.5983549342997138
---XX-O--,0.12229577573943018,0.3161383791385983,0.27571548789055034,0.499300891251686,0.5082531070125188,0.043380559620518955,0.49159292377947594,0.03294621818961896,0.18249867383700036
-XXOOX-O-,0.8656529519736343,0.4996820053757235,0.49119224402029227,0.5047829197952944,0.5026615883797184,0.4929172207072559,-0.9698097934358565,0.49496014199102895,0.024358089944105266
-OXO-OXX-,0.4444431641327379,0.5956110979391805,0.43042168452668966,0.5495778163690773,0.6561759858115684,0.4648662927963483,0.48086901598769155,0.5953491204997747,0.8584229343272483
--XOO-XX-,0.08011639532707127,0.4923457720449429,0.5028259239517099,0.4939910144529876,0.5002022310447154,0.6872422352678528,0.4901449533572427,0.5036806297373086,0.6445547470423835
-XO--XXOO,0.5014414693732601,0.5036001689816266,0.5038408432092706,-1.0083612150376458,0.3872267017385525,0.5068823775831037,0.4960175705579068,0.4948081598107619,0.5046869407478342
--XXOOOX-,1.0489624102478752,0.034451835294207145,0.4925223137918884,0.49834493962200427,0.4925254951275715,0.49461762002688797,0.5029632407921326,0.5033647241037419,1.106401411804873
----OX--X,0.055883106818140516,0.504076204891923,0.2103815634043606,0.01924371154512111,0.4927642558298131,0.49790175052740415,0.007449511879939474,1.0464798878306869E-4,0.4961372443159755
XXOXO--XO,0.8435891245301639,0.7327913508013497,0.4368979411482883,0.014173399443235923,0.8098948438167136,0.6566366269472192,0.6868785765925925,0.02270971163301949,0.8451396843943507
X-X--OOX-,0.501670536229115,0.7284169475276536,0.49926895051944875,0.6915274000586231,1.0743073953579474,0.49124415177740693,0.49075450073968085,0.5004919817389192,0.7101400096355214
--OX-XOOX,0.8405810606303943,2.013621329163506,0.7929379669837895,6.02180577353062E-4,0.029719938181895666,0.7751616709493483,0.8704358564501647,0.8356004765410816,0.6011811899892182
OX----XO-,0.4979595225160302,0.505754293511874,0.04508992674259921,0.315007973398014,0.7460030209401629,0.4450622411730357,0.495772652827556,0.49408826419268753,0.3457645113278821
-XOOOX-XX,0.17907198178102912,0.49529992582697613,0.5036954114771951,0.5078340407845096,0.5058836996147127,0.4911890846186523,0.687570779640889,0.5086071338124841,0.4947635310029036
O-OXXOOXX,0.5036169375181659,0.6872379594563112,0.5056966317868195,0.49358202564768855,0.4911979235421087,0.49580740274425383,0.4981943992613341,0.5059422460913189,0.4950139007567316
XXO-XXO-O,0.4986972186299301,0.507826793813397,0.49631861984187164,0.19653497480192328,0.49711112257835427,0.49629969213810315,0.5050783597834342,0.6872387141522988,0.5005593436211371
-OXXX-OO-,0.10911732245164729,0.015624346806592193,0.10368468060646341,0.15045803464194651,0.16935291852139356,0.5306452367838935,0.05870831988985681,0.8805378078225998,0.6855664826724073
OO---XXOX,0.5047388396385293,0.4921672329702098,0.6853226277356674,0.13654665134366128,0.6872379594595474,0.5068951322949556,0.503549894931189,0.49509305712733287,0.49437773334362134
X---O--XO,0.506282594260402,0.5096492412625105,0.6855074304099531,0.6296961094963226,0.49295979933688816,0.6425636624643752,0.4739200946808292,0.4920213090115135,0.4977535143009468
-O-OXOXX-,0.260881622849676,0.5015841885088069,0.7220812914809339,0.506748502353764,0.49755358279353434,0.507527034001502,0.5008181195839329,0.4903151111942651,0.21959035957622142
OOX-XX-O-,0.5171160660984693,0.4367031689539172,0.5267243666829433,-0.05637810818258682,0.4658745611898808,0.5985448121756881,0.5414893172961208,0.5580930410957551,0.32695516018605897
OX----XOX,0.44535811961441923,0.45244054796064126,0.4023623976550599,0.9504911625002311,0.026510078556758354,0.33769885413807976,0.4806297308696437,0.5701533338943195,0.5803781593657237
-OOXXO--X,0.68716070780659,0.5229180904275823,0.404333490066488,0.4836003428172672,0.5043735525948709,0.5434700396923221,0.6612233779883745,0.25390067966618357,0.481386523689932
X-O-XOXO-,0.49743278196260465,0.9519890672330551,0.5031841002773774,0.5033224099951255,0.5087899801096776,0.5038941125103004,0.49426413444551015,0.49435378443196676,0.6872379594563112
OOXX--O-X,0.5067815740746234,0.5075699425589467,0.5063855163096654,0.5086451369113086,1.0570339079661137,-0.009081701057970015,0.49408353686791806,0.12910093187263127,0.4997989444728069
----OX---,0.4756231406503364,0.7245764320824591,0.68750878075027,0.550862499222231,0.4933040654906822,0.5004242079610859,0.1037111668786842,0.6877621422857354,0.6826969057702879
OX--O---X,0.4903208360626719,0.5040093254222839,0.3625364640231338,0.6871572984267178,0.499215701975136,0.4561212185919846,0.6872226506369131,0.8169012739648684,0.495171953641471
OXXOXO-OX,0.49073761745621897,0.4917908371012293,0.5030592101823926,0.4963536595172305,0.5048793919139561,0.5001128731177081,0.6872533345980624,0.5064623494016983,0.49106225366563255
-XO--XXO-,-0.4902712170363941,0.5768707658184646,0.41860672959596984,0.10106396484785574,0.23785802980719972,0.5808811245159641,0.47317001635458344,0.4945981379632979,0.6366913461181593
O-XXOXO--,0.6651861993353064,0.03618740590714892,0.9687293430047837,0.5806494637616614,0.9006517463697505,0.37329268272629634,0.6324728838021587,0.32768579036744216,0.6868785765925925
OXXO--X--,0.5639084585200019,0.4276287990123308,0.5442548107947509,0.5434317211868168,0.5447377043436216,0.2065087085705043,0.4795824522155213,1.3232845552657282,0.4922441567710199
X--OXX-OO,0.498823891007989,0.2616642245254712,1.596507927813159,0.49788101511989086,0.5002605268303383,0.4910477533649131,0.6454903851079905,0.5059362596219084,0.501927083964903
-O-X--OXX,0.3340746733335911,0.5064804359422796,0.6860918971579204,0.49688940450173363,0.6761924648661347,0.5043414274135435,0.4996302646943007,0.5077921971334656,0.4966669437492903
-X-XX-O-O,0.8567806499725799,0.5033748971963005,0.15628576136065564,0.4925356931578724,0.49209053388448076,0.1224879305141609,0.49674470670885895,0.6872388785068312,0.5045352536937001
O-OXOXX-X,0.5995578491951852,0.6872379594563087,0.5822006463411172,0.40046048828839936,0.4848480519041671,0.5639854313228904,0.48793272448164754,0.1112258075684962,0.5587383569535199
XXOO-XXOO,0.4978093491348092,0.4914194465454635,0.5025127711460095,0.49899095612864036,0.7988976237590875,0.49670389430978595,0.5067922652062102,0.5055148749232174,0.49436278388193367
OX-XXOO--,0.4453719448025082,0.5159795383729506,0.45601406916188475,0.5999973448507835,0.5060222704510778,0.5973550943173925,0.5751739061196794,0.31905009269333745,0.8587516629103217
OX-OX-X--,0.4988261886242296,0.4944559140621482,0.04429886661842253,0.49158704654797697,0.5087057409408301,0.7088775044614044,0.4980516792019974,-0.02943395012948924,0.047919020093934006
---XOXXO-,0.6871806355847371,0.6868145690260743,0.010645204263116548,0.4930603837892791,0.5053716205147204,0.508808040381952,0.4925493017642784,0.49733702040857464,0.44715844617073586
-XX-----O,0.23237546955136312,0.49282558627467504,0.4988424986876105,0.16197786944537051,0.08013243350494409,0.005952451013176208,0.9022169933283513,0.06121183566638211,0.4989032665662412
O-OXOXX--,0.49259910496927994,0.6872379594563112,0.4968802807592161,0.5070136380997785,0.49046723153921645,0.49049722101267246,0.49858438561532886,0.6852672867067202,0.6872379594563112
X-XX--O-O,0.5018682004335985,0.69235672454049,0.4949644126352328,0.5087155093817984,0.49709883810058897,0.21619532305043265,0.5094926126624032,0.49920121368243336,0.49941590857199525
-XXX--O-O,0.645014158023125,0.49589665423185914,0.4923506874375946,0.5048446131774778,0.6853481613735811,0.02123785017663027,0.5039657626975292,0.6872388785068312,0.5034248535952017
OX-----XO,0.5096637833056191,0.49216638591178663,-0.374801170442322,0.27575749562174334,0.6852504415285249,0.4410274801031323,0.8767605031978383,0.4950704273698873,0.49843830990887084
OX--XX--O,0.1290803470565134,0.6937793191949853,0.2658734247896606,0.15276622360419612,0.47444045431445325,0.060233777508410746,0.8892377699178625,0.03584775710453936,0.7820611230592556
-X-X-OOOX,1.3542305382846003,0.49575804060576906,1.2826807765173545,0.4939098814087039,0.5918331842373693,0.5034018862442021,0.4916581516131725,0.4968553201618873,0.4921626752146902
OXXO--X-O,0.4922101020351884,0.46039644489558534,0.4176383545078201,0.580881623655529,0.6867441351872114,-0.03180092658147937,0.4748846242676032,0.5206426074451608,0.5736385064695193
X--OXX-O-,0.8495172255907337,0.18704968780483433,0.24278157853320864,0.8537274287947987,0.9587210104657943,0.07561071733669911,0.20602800309969177,0.4926119039562038,0.6880097070424978
-O-XO---X,0.21947488675601867,0.5056971733263186,0.6347082653466251,0.4966396585973597,0.5071007542547477,0.5019760936737041,0.6872816244486426,0.6779714506453404,0.49625464836697586
XXO--O--X,0.4921417081930727,0.49077417141859403,0.5084508149340661,0.6301577164536349,0.6872503672325098,0.5004179356180857,0.47815195474292604,0.4954722967837882,0.49714437784004517
XOOOX--X-,0.5039376623710127,0.49709942560378184,0.5084763874525499,0.49508235898344694,0.49216400983822745,0.5056283152687664,0.8117369809160899,0.509340419471875,1.2370214653057525
-O-X---XO,0.6465354765433045,0.496252595352132,0.6061993361782231,0.4944622297231887,0.500696718669313,0.6741483445465476,-0.46720821282838654,0.5030922626918277,0.5069099406544422
-XOOOX-X-,0.6872548010046426,0.5020021385652234,0.5055578262621736,0.506223176817403,0.5051944119064685,0.4941420510044976,0.6853741849146736,0.5050541800482966,0.6852775205370558
X---O--X-,0.5018232396871354,0.19310355095621334,0.14647262329521593,0.6548182600093975,0.4992085384245173,0.5431827805858682,0.5204762729207748,0.5049336073401767,0.22897960502323134
---XOXXOO,0.6872379950773789,0.6471462163617155,-0.5799281633080795,0.502237403412704,0.4939186492014485,0.5005659587064754,0.5041320523915749,0.5044002343639591,0.5095585728398062
-O-O-X--X,0.622735294688327,0.49337263560754585,0.6012209050390515,0.5096920714150731,0.5049128594549432,0.4927343250127981,0.497587476771368,0.2603865361971167,0.4979825934493524
XXOO-XXO-,0.5025958584094021,0.49410654948797555,0.5056556183761547,0.4961873278278491,0.9902432086854434,0.4925662240064696,0.5035599063666545,0.49596987539194365,0.43417340994458836
X-OX-XOXO,0.5087968829028905,0.1333370068234952,0.5022336250710482,0.5007309420772841,0.687254310106342,0.4949974030219091,0.506530438227604,0.5005559257653882,0.498002900448892
XXO--O---,0.49496066722622767,0.5076193767815185,0.5075601772076864,0.5511225696205695,0.6872379594563112,0.5025067966549265,1.2630849053984359,0.7784477843658222,0.685244784212421
-XOXO--OX,0.5023677013130775,0.5082193434511028,0.49464956691726375,0.4907547807416608,0.5022701319649413,0.6446781032194544,0.6872379594563112,0.4991258916970744,0.5012405461576064
----OXO-X,0.6816900499893963,0.6395629052136758,0.6872339839960587,0.6871530503922262,0.5080483784095283,0.4995481243892619,0.5041433844674854,0.21836642581584997,0.5032715329324048
--X-OOXX-,0.21710296904076393,0.4101818767426544,0.4922620964034686,0.6872422352678528,0.4963149163144159,0.4986664158680311,0.4910886765449055,0.5043871797209297,0.5086955689780303
X-X--OOXO,0.9173030753880667,0.6156021149492892,0.7287820783041814,1.5428437064153588,0.018081396538410455,0.6001563764205946,0.6505964071536066,0.6083982241696687,0.9690639618994287
O--X--X-O,0.5077779369808775,0.6871586090188271,0.6821440945943809,0.5067977201925694,0.6872370968938349,0.5968732849454241,0.5033502551873095,0.12174974243737391,0.4914856021583093
O-XX-XOXO,0.5020758534946982,0.5703217839468285,0.4950180029840977,0.5079188728965095,0.687241582256923,0.5043172180306705,0.496223922244484,0.5095710532836953,0.5005489168720783
-XO--X-XO,1.7003911475512852,0.5674622343334115,0.5364559315009155,0.46082919144209666,0.6767058934095928,0.4186314461424879,0.07425944938286322,0.5859738351818826,0.5907844227719669
OXO--X--X,0.25475764432697523,0.44966095816740914,0.8430565852195775,0.15467854261607106,0.12490057779253938,0.13784463402995695,0.687210110622341,0.08630507625462014,0.6643155861685458
-OX---XXO,0.2291219056197391,0.4975693351102832,0.5037109393866184,0.154409823269331,0.07678049462270714,0.4648355911206137,0.4905452940231698,0.5095076847390682,0.4933241461828094
OOXOX--XX,0.44816229586717293,0.587401995412983,0.574854718581178,0.516954672319083,0.46369651341806467,0.07934887662674772,0.6855664826724073,0.5138744669252842,0.587005620179269
---XX-O-O,0.40988825117655414,0.5371560720689694,0.499924145486618,0.5088327331285335,0.5047133703196849,0.6436085318525836,0.49527351442994744,0.6872379594563112,0.4906434894053624
O-XX-X-OO,0.5611949670424347,1.0925505149631578,0.4035165727661945,0.5925369692043405,0.4004943704618912,0.46745151462938406,0.6868785765925925,0.4753528520857732,0.43218099711625646
---XX---O,0.5594380527363932,0.3837330220405039,0.6830343523635328,0.5032401387721943,0.5090336385081512,0.2859849346244203,0.1704978913176085,0.5806260800424842,0.49233629328009987
O-OXOX--X,0.45761885680920866,0.6872379594563112,0.44105659933710906,0.4618596591381202,0.5129712681370444,0.5483759142174071,0.6855664826724073,0.6850437606649457,0.4769204011917614
X-O--X--O,0.5077125403976004,0.010516541774252985,0.507832865646397,0.09081825209462441,0.04887460348382722,0.5020338691594417,0.7248632562747607,0.22536746293002152,0.5012770120117405
XOX-OX---,0.49009866568686467,0.4978951576177208,0.5010177644959948,0.4950485679034123,0.5043933511660311,0.5093795196005563,0.7979675230419057,0.6853783104026092,0.6304287320985182
XXOOX----,0.49016203714192264,0.5090160778526488,0.5081440453576259,0.49708696215740744,0.4989951024991416,0.5209436283428038,0.040449190500251975,0.2121609417687066,0.4631248697927878
--XXOO-XO,0.6872379594554199,2.0292504514128904,0.5080772782583577,0.4929015941578975,0.4902806667717733,0.4944448503878307,0.500966516775828,0.4934049410683341,0.5090632921006946
-OX---OX-,0.6225845269510704,0.49523983357954027,0.4942040406042387,0.8156181951741343,0.19750594026871116,0.5826757423423033,0.4907743415809123,0.49323656987741366,0.6921224012129048
-OX-XO---,0.6891382756234851,0.47641676076803524,0.41839102073768875,-0.40797379464514616,0.5558179002913289,0.5067449305701694,0.4442444044655806,0.3933469557651927,0.4065260998110499
---XOX-XO,0.6872370943730304,0.5562718498609257,0.47079341095294647,0.5073701876180667,0.49194979605572614,0.5077218872616911,0.6839495692954457,0.4909824479437705,0.509498073496221
----XOOX-,0.5966388140172217,0.6852522214604541,0.0011122288064104313,0.7244824119357234,0.5087667136762991,0.4931580197235783,0.5025065100818238,0.4978239111393648,0.6767589729129523
O-X--XO--,0.5089997736738765,1.1581203725458518,0.491136995429763,0.6460736131694339,0.7051552012924229,0.4996972778854548,0.49915807508750953,0.49316333948750796,0.6872336756136466
OO---X-X-,0.4939158992568485,0.5082453444742884,0.678496509505181,0.6872548210688442,0.6434941571215098,0.5013717181926239,0.6852539081890916,0.5024179548401655,0.23057115840618964
-X-XOO---,0.6862456520472401,0.4990592369216861,0.6930533011094796,0.49554375732969086,0.49750956120939366,0.5035500067259444,0.5532383597314778,0.2304312784848852,0.6569167399792898
X---O-OX-,0.49195393378425356,0.5024108507004131,0.6872379594598601,0.2352973757835578,0.49120662588022246,0.9079048710373805,0.5027515327900262,0.5041290528627665,0.682794151385807
O----XXXO,0.4572273467504434,0.6512686389632591,0.52497918747894,0.04307194475240428,0.41601278726150137,0.5520821617988386,0.5432843564273238,0.5326116269365663,0.5207308880502177
-O------X,0.19236476610888892,0.5055824637096551,0.6872381071008024,0.2640775077429256,0.7209249544399647,0.02867284779501561,0.1751874343845491,0.4726334394747367,0.5025476596131857
XXOO-X-OX,0.49792649038161146,0.4931318350915915,0.4937857006245813,0.5059845136664252,0.3585796032603371,0.5097278861937715,-0.2016615058045208,0.500036694333683,0.49804935047955534
OO-OXXX-X,0.5038979856085404,0.49786243033718147,0.687591927266441,0.49090132652628576,0.5057479910121208,0.49014570478450314,0.5089897598355582,1.3235444320001168,0.49068922254483677
-OX-XOO-X,1.3042300046394626,0.44281379135746346,0.5314830418782625,0.303905290845791,0.5999663439053132,0.4574587580044459,0.41027703905686314,0.05644711383211776,0.48130892540969705
----XOOXX,0.9078744462513193,0.5489887582563826,0.21701286966486683,-0.29100044597405095,0.5559331727670932,0.5962925203000384,0.4666400598040815,0.4171323131721101,0.45510091726337465
O-XX-X-O-,0.505629019153571,0.08174393321333695,0.5095469975522369,0.49476250829958945,0.14793248247340252,0.49202666125595673,0.5075082626600399,0.5059887417720148,0.6515159132821488
XOX-XO-O-,0.38432155042049654,0.8592888388268577,0.9212402075805797,0.08631849251216844,0.8795211179818236,0.22347464099626368,-0.2438527631255898,0.6066349316986505,0.8421006963203701
X-XO-XOO-,0.9939105018270888,0.23008201059215522,0.8444208297585931,0.769151663752027,0.18975969049405506,1.554745196882411,0.08685700837413995,0.10732616388583871,0.7234723001343275
OO-X-XXOX,0.5074435084206211,0.49677969979175296,0.6868380265199632,0.5080443386526405,0.6965787141725782,0.5030000888363401,0.506103619817049,0.5069487606303443,0.49389441265314155
OX-XXOO-X,0.49494635178049595,0.5032586595109433,-0.36054223291483245,0.500486469035517,0.49435176370658285,0.4998929032576089,0.508900781358837,1.2989438435035847,0.501238460766492
--XXOO-X-,0.7391517898916153,0.4780461532693494,0.48180337809806334,0.45747370634758033,0.46933024835186055,0.5838875598765583,0.286934807515389,0.5398500560016688,0.18745519436854152
XX-OO-OXX,0.49622297750514444,0.5029230727620853,0.6478420090021738,0.49296105586873984,0.5035731256577225,0.6872379595469399,0.4946969686021327,0.506591705637283,0.4970226177678906
-XOX--O--,0.6801486235822092,0.5038280390473765,0.49927371460780035,0.497742904004042,0.6466047728245734,0.49018317550229656,0.4997895138377679,0.4988178327377886,0.6872340287973201
X---O-OXX,0.48760919861133895,0.14671917688295455,0.6844438108422202,-0.16528569210680355,0.4108341233729557,0.6165303597464278,0.48421258187512106,0.4427351527874441,0.5871596867386412
-OXOXX-XO,0.5541467368844321,0.5032932080061818,0.4957133565063221,0.49790097614783646,0.49831404306068244,0.4948928992471258,0.6314597813179478,0.5036326659640402,0.49067800264511807
OX-XO-XO-,0.5058611282244859,0.4904036787428527,0.2123433818139593,0.5009756210402002,0.49148595566281666,0.5270152453201393,0.5049681514683717,0.5069837177455281,0.6872337112759784
--OXOOXX-,0.24400618416235642,0.4731356163593771,0.499370769574739,0.6102359863164265,0.2923016408114544,0.3544045937646263,0.7234570793024063,0.11046779843274157,0.6866454410980165
--OX-X-OX,0.359589014836569,-0.3074047574695058,0.5895183249700849,0.6853749645221786,-0.16764064711529658,0.3325673257906525,0.08856236452146254,0.5935121352937566,0.3855884922457258
-OOXXOX-X,0.6872578523973438,0.509182517285689,0.4942831913449611,0.49855793452591907,0.5015410473398997,0.5049651317234046,0.5048878824738685,2.0046961971955786,0.5028812428881886
-OX---OXX,0.5001223106690003,0.5970093948794338,0.48523755942026403,0.256620830905784,1.3498079946958161,0.4046551669846026,0.583065321313527,0.40379526545700234,0.5350664466315571
XXOX--OOX,0.5008155135960154,0.4908148675815262,0.5007622454810814,0.4928853114002406,0.687254762093269,1.0502993705660473,0.5074099741106547,0.4956447887116213,0.5055442552862162
-XX---O-O,0.6872379283248015,0.5082675205178302,0.5011277706625595,0.6628568213810107,0.12205975837797478,0.12694711685297155,0.496865623150159,0.6872379594563112,0.5040496604670663
OXOX-O--X,0.4157464978784269,0.6683830149963785,0.3542605545778962,0.6270327581398024,0.2601240394644718,0.8833998640771411,0.5641675450752057,-0.045181339240780494,0.8226204654606806
XOO-XO-X-,0.5073481792553985,0.5046957702223269,0.49788136327653015,0.01078428155481953,0.4989356937425912,0.5003555492957796,0.21793333377910445,0.5088587310044325,0.6872533345980624
OX-XXO--O,0.42912436694051503,0.509767178502895,0.6855664826724073,0.4151826459935165,0.5027349300831325,0.4710009367698894,0.8706561467781346,0.6872350583810911,0.4733924283680897
OO-X-XXO-,0.4490450574989007,0.482166701035846,0.6790633728470484,0.428904663204855,0.6871757781259432,0.45880068872692437,0.5282921693764551,0.5569089329689801,0.5135175876124273
-XX---O--,0.171377744273234,0.49911994849659513,0.4913674700505077,0.11213160041532927,-0.3153371111100237,0.14333930373199733,0.5057019572900951,0.04792340134978623,0.8800655230389787
OO---X-XX,0.4978785641416545,0.5040315338466138,0.6441694517578991,0.5037666215287491,0.23225634105328113,0.509168210432863,0.5616703277785848,0.5099863300267226,0.5011935436841772
-X---XOXO,0.6856984965782272,0.49633439230605114,0.024811290281552045,0.5772629603661572,0.08060326496363157,0.5036364844896906,0.4915954020476388,0.5019853184516434,0.4947262562128923
-OXO-O-XX,0.5038584899763278,0.49223834653068077,0.5032640643233993,0.4937855206245691,0.6888839217903524,0.5049891293402142,0.49959529937610303,0.5082078866097243,0.5080451037337873
OXXO-----,0.4960235923424173,0.4924075382566487,0.5045344221770123,0.5076837943615541,0.6852207501876656,0.7145176206012028,0.6872533345980624,0.505337147187375,1.1052009087785046
X-XO-X-O-,0.4283980770505829,0.10043120323465937,0.5234938837357347,0.4268384011608317,0.10323942717351675,0.43633997145251424,1.25043356853506,0.47969233502575526,0.2276597813779675
XX-OO--XO,0.5070581451647813,0.4978196596629779,0.6872379593661122,0.5059213238140319,0.5026774261037481,0.6853320592990512,0.07866559061211614,0.4994444293224584,0.4930560356048626
XXOO-X-O-,0.875751536651653,0.6416568647390465,0.7397285186144379,0.9312403132929241,0.6615927130729404,0.803171131637325,0.6295814713017461,0.3330195122396059,-0.9255557896812361
-XOX-----,0.026395121253795617,0.5015323367981253,0.4933470949294617,0.491047331352931,0.6873070155880899,0.1020755305438461,0.14401424605640611,0.17960846039996559,0.44304486384618436
XOOOX-XX-,0.5011850692954953,0.4915707509824628,0.5040561174133044,0.5093295589599086,0.4985248535048634,0.5873215928527777,0.49108428427093176,0.49779698447646553,0.04688152452396821
-X-XOO--X,-0.7683665914118611,0.546310986176966,0.538062827456244,0.5546838185619314,0.5023102442454846,0.5274564102861833,0.7166593977416562,0.6414500270557402,0.45898246051947417
-X-X-OXO-,0.5975833901961931,0.4985859833753153,0.5073488373217148,0.5082439984737692,0.4994318515257432,0.5026794795538273,0.5017682522392801,0.5048865364113743,0.23226352461608035
-OXXX-OXO,0.6501266078942315,0.4995750273253339,0.46235877521522856,0.4689207827254221,0.46889748609388704,0.4055233565425606,0.4872136590668318,0.5247831684036242,0.5592610817361281
X--OO-X--,0.4961313751234262,0.6783073510022805,0.21697749690156598,0.4913325567459408,0.507509894100729,0.6872379594563112,0.5018801792440901,0.0556295919281552,0.2048724086864009
--X-OOOXX,0.0648139723779102,0.8558940164218501,0.4923192841734721,0.6872379594563112,0.5065124141104703,0.4947596135519709,0.5060742604292338,0.5008195684425386,0.5018653596998783
------X-O,0.689913987907005,0.16359277553153395,0.11445738420208218,0.6775842001223594,0.6833826057464637,0.026128670309394864,0.500576239061151,0.04666098381180406,0.508246814057096
XXOX---OO,0.5847039999388015,0.46631394969259987,0.44386630599598553,0.5091230285256401,0.5412475887391744,0.6416494692991612,0.6872168108087346,0.446909732951035,0.42479798521699486
OX-XO-XOX,0.5077255124483604,0.490982152773085,0.11672510421722226,0.5086455004418056,0.5053841547708123,0.6316997988336822,0.5083693340722256,0.507059766925,0.49469892912100655
-XO--XOXO,0.492088414743415,0.5091080748544508,0.4942490358290708,0.37777604451256364,0.6873305113574016,0.5060808976420142,0.5015432253833285,0.4965992337846553,0.4970944566588006
-XX-OOXOX,1.2527822809615532,0.4964109293331709,0.5090288653431962,0.6872379594563107,0.5081171838999893,0.504224321044265,0.49307311624436057,0.5077180642044852,0.499793275649673
-O-X--OX-,0.8035406659190153,0.5031018379141471,0.6872379513795511,0.5055563492857548,0.5166347634620092,0.0960676587981375,0.538755811482766,0.47945579208108513,0.7032714366159515
XX-OO--X-,0.5017281878208173,0.5041412930484285,0.024224698027587643,0.5049185840604532,0.5016477921765267,0.6872340247498713,0.567301136839629,0.5047979186580396,0.5194077267825459
--OX-X-O-,0.6778260740332372,0.2174823204526939,0.49197347005912945,0.4926309190398772,0.6856251109579742,0.4986042347817096,0.6890698166636766,0.49003445470280604,0.2770390147050873
--O-OX--X,0.6872207441169221,0.687236066543354,0.49049352845712013,0.22519328768950098,0.5012293917596229,0.4916010611826707,0.6872379594563112,0.19448410630001245,0.5008513120807748
--XXOOOXX,0.22424689580116197,0.7993098155810459,0.4957810619404743,0.4987652006506679,0.4938364115604702,0.5062707784531535,0.5018471162278945,0.49334069066003206,0.5095587527690811
OX-XXO---,0.4438748045439913,0.5470045838874246,0.11999553646079364,0.5636214500589785,0.47048075435094255,0.495166554382423,0.5110111519644157,0.1065747444522368,1.3176634107614622
XOX-OXO--,0.49192456896137693,0.4991035902127858,0.4945525516214808,0.5515544225670389,0.5092631052201391,0.4967550353386489,0.5064423393812847,0.6888836151723652,0.643986486531292
-OX----X-,0.17909996061750344,0.49401043655018256,0.4971317702070009,0.05952192236616738,0.17616881147381996,0.1384333013437321,0.5591581415654437,0.49434733112377666,0.93547104979996
OX-O-XXXO,0.24689590632698932,0.5347866423913529,0.04446308037969471,0.346859717158428,0.687233394393762,0.45794218721518687,0.06399507129408111,0.982465159764863,0.13432908623612838
O-X-O-XX-,0.49490623120911215,0.4382176841722393,0.49393403763898547,0.28055055737441814,0.5007274512736505,0.6869494358371901,0.4993290530165744,0.4961956173675697,0.6871496332511126
XXOOX---O,0.5022999170315783,0.5011350674231025,0.4900852829252206,0.49439789681731333,0.49385510893687634,0.6873094920163073,-0.27049126687764835,0.6470237087357069,0.5066673989267729
XOOOX-XXO,0.49980639283873396,0.5052944417299547,0.5092316397007102,0.49037409753940825,0.5079749491886899,0.6872379594563112,0.5017456627343874,0.49104252897806633,0.4969236400766445
OXXO----X,0.49207582360219754,0.5083203672958836,0.4939598728908448,0.5004482170873041,0.1939987425686786,0.408837953657721,0.6872379594562702,0.2947391690462243,0.5061109511866693
XXOX---O-,0.493018818648979,0.5089676203701881,0.504601352619368,0.498626778376194,0.08539707492106907,1.2033638564583655,0.528372584887697,0.5011058250125792,0.6454766618568757
-XOX--O-X,0.4379557187858765,0.543646966992872,0.5770651765987342,0.4920250873378301,0.686251943949142,0.7058035735458912,0.46111054658990386,0.5530719059313798,0.5858025304132222
OO-OXXX--,0.4952830057217673,0.5025092622173285,0.6872381218783644,0.49042458059909455,0.49723585982707574,0.5043332799122531,0.5056129394977723,0.4108513010669531,0.1972930421618201
XO------X,0.505124146098157,0.49992338877387427,0.07652129424859999,0.11998129607275554,0.6987998024944259,0.010574407013397291,0.40339666414216674,0.9178323158938901,0.5024985482204627
------X--,0.7019769378239339,0.08585905102007252,0.08534966241025865,0.03831060941675857,6.198788013737078E-4,0.09709986982189905,0.4932798411769591,0.7185715742750132,0.18299519164816175
-XO--XOX-,0.5893256978513509,0.5212259300426736,0.44936856260912095,0.6869411468031017,0.6870351595486965,0.496094648480243,0.4065120421903354,0.5867044830667483,0.34798563217006917
-X-X-O-XO,0.9282612277072064,0.5092463313852995,0.6872422352678528,0.5085873083334598,0.6475485654561292,0.49604329257118146,0.3706231456629496,0.49834945016728294,0.5043403621947278
OOX--O-XX,0.5018873136878103,0.505659261493215,0.506973865601275,0.9748450836300186,0.04507555131714447,0.5031188330042541,0.8731416597163643,0.5088511965568979,0.49521579697523305
XX-OXX-OO,0.47077625610574675,0.5048888857051511,0.14939299616921597,0.4624624117320547,0.44649994322858816,0.5554854573209647,0.6872379594306582,0.5793292744420472,0.4667363673109687
X--OO-X-X,0.5062896587901177,0.6877115986860101,0.21771098069378314,0.5053132708299798,0.49304143304604414,0.6872380841607509,0.4956809866475857,0.690162879798677,0.5087599671394526
--XO-XO--,0.6853857134930142,0.4500068870468608,0.494947960070792,0.49052359184044636,0.4073354990862525,0.4981170430231191,0.5043194418522307,-0.18058578743895748,0.6876804715109935
XOOXOX-XO,0.4934501149193885,0.4972043161274065,0.4963276648598559,0.5043422060819661,0.49824580786610734,0.505454557018873,0.6872379594563112,0.494467306892029,0.5060445958715278
O-XX-XOO-,0.4973037807303694,0.4601660922074515,0.4968967857253569,0.508432528261492,0.21753630227611154,0.4935369165851905,0.49031025501609327,0.5031365226789108,0.6872546482117018
--OX-XOXO,0.09952524485935432,1.608511889591761,0.49208081695445466,0.49160208183455195,0.6872379502953209,0.491475223331003,0.5065004094907175,0.49175091801859255,0.49704374496504405
--X-OO-X-,0.47935095729694377,0.6891095184485495,0.49299502632846837,0.5052364470890673,0.49793445886279364,0.5083870277469391,0.5266235452188908,0.5050905590381304,0.08802056716941209
X-O--XO--,0.4131166517277655,0.28102567459562744,0.41965792597302054,0.8305006363271588,0.6854152666574691,0.40569889497176403,0.44271758953493034,0.7189651465895366,0.687237932797635
X---O--OX,0.4936747177676049,0.4935540447106418,0.6456869027629327,0.6877657177071502,0.4950314095550998,0.6872379594563112,0.40186799462142153,0.5031636758453006,0.49463520494146423
X-----X-O,0.5042491854621091,0.04798426093953623,0.6246221839009745,0.05574354098965084,0.02788143490206385,0.08322746745901555,0.5073076437917763,0.39689238250894504,0.4971823688052918
-XOO-XX-O,0.6568681330395124,0.5875530833522429,0.5385216506708136,0.48113557445134036,0.06681075477123954,0.5358595386320839,0.40965712592845804,-0.17106697969111373,0.44846226661068417
OX-XO-OXX,0.49502806753205225,0.49280964889346573,0.6872379203155778,0.5009272614761024,0.5005402503614249,0.42033113738099054,0.49048622175788203,0.500302141151953,0.5008000833622153
-XX-OOXO-,0.6239553059599471,0.5101103567246892,0.5558933722813407,0.6872134109037769,0.4532870839254406,0.47813883838302645,0.42445329557659156,0.401862475340066,0.435401825266315
OO-X-X-XO,0.5071072343244437,0.49122961997531434,0.6780682209476422,0.5012917700025964,0.6965787141725782,0.4982953688096,0.500943201487212,0.4959549032573032,0.49046165031290584
-OX----XO,0.6871704825198678,0.5738742551954206,0.4528858118137704,0.6271956179000743,0.36238956850154946,0.33809309702775325,-0.31480147767535593,0.58463686455222,0.4143103268512612
X-OX-X-OO,0.5007706072577808,-1.0495050334817002,0.49957839492557043,0.4948211326379825,0.534045547107155,0.5027739796305984,0.6887868277746619,0.5065520002673842,0.5090420804744917
---XOXOX-,0.6444718599020136,0.6787268452036747,0.6872381268942849,0.50859898740632,0.5051841270856745,0.49418420040491073,0.49885301917002417,0.4959257559865013,0.6779207584596445
-OO-XOX-X,0.6872379598779543,0.43369151853781807,0.4554328150082706,0.4918282604967233,0.5571851427408535,0.5111952882676468,0.5516490485218083,0.4470550949634183,0.5578317962706977
--XX--O--,0.009181254247717763,0.11673598555931541,0.5077385423486063,0.49747522174261805,1.0773521092044755,0.563291641730375,0.509996907187432,1.6349779766685875,0.046327899683523244
O-X--X--O,0.49720571972550853,0.23733835931315317,0.4945505652949642,0.68723796003177,0.6872379594713671,0.5051206215703906,0.015997413169301256,0.16249625902696746,0.5009374345313562
XO----O-X,0.501642341941033,0.5031001080620952,0.730137153239875,0.5929372526311465,0.08613879623803467,0.33436767571766735,0.5013505441166217,0.49081012798445883,0.5043528150600471
-X---XXOO,0.09119284227957725,0.4994768278321303,0.3994498016788245,1.0402024072033182,0.5543927457942953,0.49817080061941726,0.4958287248413298,0.4981750280441308,0.4943528127213453
XXOO-XOXO,0.4909916809797947,0.5029187723278453,0.4960686895224925,0.4932594883709538,0.6872379594563112,0.4981141525977941,0.4972031881837112,0.5002888769972779,0.4990701133165811
OXO--XX-O,0.5066643099941964,0.4960923236456694,0.5000466118279943,0.5388486148593448,0.6868429759215432,0.5033830653944751,0.4908563986307828,0.20427079535768167,0.5095785904037677
--XO-X---,0.7014795281566224,1.086415534425743,0.50318200087534,0.5071661602189347,0.48537008112540525,0.5048927728175945,0.19569996639224524,0.009198427711884338,0.13493601535440936
-O-O-XX-X,0.016095143815532897,0.5797152617657687,0.5114370531752279,0.4536664307526048,0.7858826184788814,0.7956535065770202,0.3020885702996402,0.6641314523470033,0.43143571423521776
OXXOOX---,0.4907930230060093,0.4942733707442933,0.4922524130260428,0.4932343015989523,0.4939584304351899,0.5091746294065768,0.6868127034140196,0.49973070203817643,0.6873163970638075
XOO-OXX-X,0.4998909898253118,0.4947968346360548,0.4967918713920681,0.1825506501750112,0.5005776808991258,0.5061662426959141,0.4938170357751113,0.6872379609724697,0.49262653823457364
O--XO-XOX,0.4946525315380756,0.6853423007199567,0.3401841104880955,0.49697988809453336,0.5095477829619939,0.6470359693289014,0.4916191374276796,0.4965883613029408,0.5079438854989552
XO-------,0.5003869899545925,0.5089764821536429,0.2756300840713536,0.03535391330597637,0.14849692336309628,0.03183819364963547,0.34573348533150194,0.5601907792884231,0.687596736621215
X-OOOX--X,0.49596357916722655,0.4944746747038774,0.5005725977277107,0.49079642059739914,0.5008665345603365,0.49086502965117035,0.687316314545648,0.6868089846207756,0.4936697221536622
XOOXOX-X-,0.48558577951472276,0.5309944545697199,0.5728634993577152,0.5804772145112722,0.543317957928802,0.41502554300437244,0.6872371923082045,0.5874820855302656,0.08406334612386301
X-X--OXOO,0.5025830047604812,0.4941874834930084,0.4982712022627536,0.5072873512294027,0.031868749454399214,0.49101015862058145,0.5081799911051683,0.5047166386794345,0.5087789475694802
XX--X-OO-,0.42706163372045525,0.5289446222701669,1.1637003132662906,0.46572062012066495,0.45787958717788085,0.41038619088530665,0.4153051540422552,0.5725564837151511,0.6872131626595939
--OX-XOX-,0.304480594300773,0.04074602671029087,0.4946259319614533,0.492712688305561,0.687237095002217,0.49839570974994785,0.49856150874664945,0.4993157399564604,0.91213327548503
-O-O-XX--,0.4973583233275144,0.5052194534557365,0.44997186859140403,0.5088303829413865,0.5870757017877796,0.49914933662032157,0.4930684396502615,1.4748832320134087,0.6868316683050216
X-O--XO-X,0.49263764796911624,-0.18305557098492364,0.4901275487489039,0.7400002894331181,0.6868179702358238,0.5027510185160036,0.5005568554824166,0.6466373721686365,0.49654192607307057
--XXOOXOX,1.0241137657164443,0.687237959456272,0.4901626839149782,0.49733653684142387,0.5064616560576918,0.4956671274154532,0.5041032831070061,0.5071226864039594,0.49055528245544
OO-X-X-X-,0.4956025387383787,0.5007008810026928,0.6851972965271196,0.4954055112284415,0.6780401784634595,0.5037802268347016,0.49264896420355264,0.509333074027298,0.6150358232255821
-XOX----O,0.4252901800959486,0.49791631501223954,0.49415556317821857,0.5099629862826266,0.687237952817267,0.6872371119149637,0.6456498610507365,0.6861843926511164,0.49149215674863084
-XOO-XX--,0.7613929345357746,0.9896955621401814,0.36504261473412236,0.5794098500118194,0.5096278784383748,0.28778751070050224,0.639674128813096,0.15465950491320313,0.08150151213451629
--X-OO-XX,0.4420198794414813,0.5043298060348315,0.5400832527354568,0.6868785765925925,0.4884961683726541,0.4014238845577353,0.2698282503151477,0.5537007291254431,0.4481278440729493
OO-XX-O-X,0.5031530724420471,0.4971520547900629,0.6453239015944576,0.50099149604042,0.4991537219739292,0.6815546666377212,0.5037301139469689,0.26067128642894055,0.5064394335813657
---XOXOXO,0.6872229395584114,0.52497918747894,0.6872379594557139,0.5938213938648663,0.5397143296654586,0.47729511223011234,0.514762213501389,0.49803187836171625,0.5526937197594606
XXOO-XOX-,0.56791173101992,0.4700228461294163,0.4399379684505512,0.5081745203679702,0.6868312381575072,0.47215825745493367,0.5001958010246602,0.5540287737532507,0.45940751451676753
X-OX-X-O-,0.2164175963549868,0.6554108211197127,0.5742257624218496,0.39424665206634635,0.11033971272250997,0.5351444258737293,1.3524694835212747,0.9541012804124035,0.06369012599154944
OXO--XX--,0.5092018304580833,0.5036096535736265,0.49381781848116757,0.456269309182825,0.16036092451100525,0.49781951402748065,0.4911793430747256,0.3759359457320378,0.3974261969245784
-OX---XO-,0.3764945037337102,0.5042034214491734,0.5016425227907969,0.3740444410760695,0.6872379185866123,0.002409519910123392,0.49517726637198345,0.49495181404431876,0.6459267975413574
XOO-OXX--,0.49176323459745325,0.49263204207240513,0.5035582581454615,0.6878592341376867,0.49716410729788496,0.49818245457694954,0.5078144877359039,0.6872379594563112,0.5753762774234324
O--XO--XX,0.49091534379413915,0.9342099127835781,1.3625448259531567,0.49326984120563383,0.5022168759173866,-0.6423443693885484,2.0549368821808454,0.4934159184670032,0.507350039733574
---X--XOO,0.6866208942742872,0.6419819420664971,-0.03550514873571342,0.41442800642989563,0.04084896858121889,0.2950132826346328,0.5553068048982615,0.5386880362361847,0.5114076373211074
XX---O--O,0.5043593295570966,0.49729895214158704,0.6872379611188218,0.7653974582080254,0.7784106903342081,0.5096395388200499,0.49717405102894163,0.6688760048837491,0.4915025451768089
OOX-XX-XO,0.5004207695940648,0.5099254209826312,0.49618973330616273,0.2749294601330514,0.5021230471012276,0.5052071664619511,0.19737110733806768,0.5035693336700061,0.4927794685565287
OXOXOX-OX,0.49024419101882943,0.5074085443843358,0.4908590266936693,0.5073817916353469,0.5004927976536604,0.49604133392499594,0.6872379594563112,0.4993578576695526,0.4913741794162858
-OX-XO--X,0.08868283710939795,0.5038152893176668,0.4946599920936218,0.028076458815172622,0.4962588811504268,0.4930052764136729,0.1395624869204326,0.006466729161122009,0.49090044487169143
O-OX--X-X,0.46175084770724795,0.5007303312095346,0.4517500865646181,0.562131086641883,0.4329650425624079,0.47278036329037604,0.5309027755703604,0.4725426489309694,0.5265751406860582
OX-XO--X-,0.49442010556828475,0.5020388773155678,0.5036890911972485,0.49911207573343885,0.509985910293604,0.49980916799921865,0.08636887956247041,0.5001210056394202,0.6872337781941097
XX-OO-OX-,0.4711137720890268,0.4658704457808114,0.6871210333570361,0.4151545798851046,0.46932074150190584,0.684778675689678,0.48200993454538926,0.5989708672749662,0.28482406203794
OX--O-X-X,0.5053172102479837,0.5081229952605777,-0.041748237579407155,0.1305594984283377,0.4967988320331926,0.011403998419724282,0.4992404276802888,0.017618661308573258,0.5062596851710459
XXOX--OO-,0.5031037630210338,0.500543258324087,0.5032829590319498,0.5097116106231762,0.6872381569987849,0.6777335914739313,0.5090932190532548,0.4922409239287227,0.5015982581838176
---OO-X-X,0.29362778473939366,0.4934326397730111,0.22920146196862923,0.4920861710603676,0.49907044625539965,0.6872379594554475,0.4949425599684946,0.2066053046655698,0.5022122238041278
OXX--XO--,0.4912200307988233,0.5080658013361095,0.5258355855365642,0.6872379591043577,0.14185508974972993,0.4463910190855066,0.42807072861868706,0.3267133260130636,0.40564880631679234
OO-XX---X,0.4957331237555315,0.4952197171477945,0.49611205011760295,0.509304278968256,0.49898590494415934,0.6847149790773474,0.5004513235141171,0.28737289571301405,0.5031002020317907
O--OOXXX-,0.507962859453244,0.09103854663421862,0.6981539042754858,0.4968006601437394,0.5076246690039847,0.5085715141622379,0.508221289937508,0.4950538591927079,0.50406082493488
-XX-OO-X-,0.6872377738739485,0.5054629575463198,0.4932686836405837,0.6465006956248298,0.4946369685977396,0.5032645801572272,0.38143447593241897,0.4981434432224484,0.49862073227719034
XOOXXOOX-,0.46686788282177416,0.4914108797267769,0.4493208817016886,0.598765628847924,0.4480271404218398,0.5272976277439562,0.4742365263841941,0.5381637556889385,0.6872379594563112
-X-OO-X-X,0.3421156756396584,0.4938464576249261,0.08624684937015747,0.4987855832681844,0.5031663124884621,0.687153071168492,0.5024882284720331,0.22168671240372428,0.49575178910748124
-X-X-OOXO,1.3629029395090593,0.5325677218051795,0.6872139720365377,0.487368485247244,0.6872343903642549,0.573196537613089,0.5342666920696456,0.4360744504171207,0.453020779664376
----XO-OX,0.3494760169379586,-0.29206665505857266,0.7830107937157884,0.38399944766941657,0.49154095794920066,0.504978927100831,0.37866706518640214,0.5076100253626463,0.5066901267011047
OO---XOXX,0.5631134475911347,0.4513236547825355,0.687237957424581,0.6794728163555717,0.447930124427315,0.5583368587594243,0.5881806034840055,0.4854618661133879,0.42136669896755996
-XXO-XOO-,0.67844524431226,0.500463316829769,0.5036328634719662,0.49351563775345775,-0.3994324044058708,0.5060863443511631,0.4988916516782221,0.5027595833431321,0.687510199717222
OO-XX----,0.49230581568277865,0.4928481247433955,0.6872379594563112,0.49031722351167273,0.5030896287186493,0.027327591796639905,0.4216100557648197,0.2529391419331503,0.1809091179747454
OX--O-X--,0.5024630235279534,0.5019875490889941,0.11977656221429589,0.20345560957982722,0.5071012936848421,0.684556449148346,0.5010847128991957,0.2556193290195376,0.6872377730256682
-XO-OOXX-,1.0095373981372715,0.26204133668286,0.6220463836159197,0.52497918747894,0.11815765777394538,0.7980478165661387,0.1368349421953029,0.6115356050668087,0.6754529236221634
-X-OO-X--,1.0837033796553834,0.5008875180859181,0.5925120941318739,0.49763735371857026,0.4921216610005703,0.6872379594563112,0.49080063856419365,0.3666607148410389,0.6270862412439172
O-OX--X--,0.4946829968844787,0.6872379594563112,0.500500332717464,0.49722513811708996,0.29551571056641246,0.6713467524413129,0.4982214891271097,0.6872379594563112,0.6872379594563112
-OX---XOX,0.49850814684474004,0.5051215451255358,0.5093537666921957,0.34831290769298767,0.6884947613178456,0.6436563906699926,0.5078069632350384,0.5084067236092448,0.5018258214975376
XOX-OX--O,0.4900124383931288,0.5002209343451144,0.49299802919240177,0.5073192276244746,0.4941681411451895,0.4950771579578031,0.4552379472020092,0.6873164078954616,0.49298026392408434
-XO--X-OX,0.14268938367565842,0.5001100585749598,0.49479917152267006,0.7814641308323174,0.3262626282571425,0.5000501196361962,0.049967172289033024,0.49737389558033324,0.5070615095674049
O-X--X---,0.4924501554757894,0.6138416326278351,0.5057966769187221,0.07988357398255974,0.05873877891577761,0.49466841074746887,0.6595637970755323,0.11741745110611956,0.6303703449550545
X--OXXOXO,0.5854126798907167,-0.157223909862928,0.5430125624358143,0.532064103135078,0.4234482885687286,0.5379408195554825,0.41465521359233604,0.5117457074881006,0.5475013249440887
XXOOX-O--,0.7315163067839476,0.5796030506556561,0.7117078369974824,0.3672418136643446,0.9269722821333632,0.13708340694545817,0.0033905377349362498,0.2177958904382184,0.6605378120600021
-OOXXOX--,0.6266073834672092,0.1495530842888111,0.1860106117043422,0.6100918561416984,0.8524953065374469,0.6912858113278755,0.733766810585489,0.6432457961035541,0.6855664826724073
-X-XOOO-X,0.6573874666880105,0.49706150018791506,0.6453964026211655,0.5082334735965215,0.49786597569812646,0.49487183724688205,0.4965738543246039,0.14978909281280506,0.4995110466280214
OO-X-XOXX,0.5032463511976201,0.5094846618564667,0.687314000080467,0.5024421851744285,1.3875940334802155,0.4903656053683158,0.49514617486124984,0.5071239723456057,0.4923798991975894
X-OX-XOOX,0.498037280513588,0.2914255495875833,0.5095627955765613,0.5001836031002327,0.687238112135936,0.502806886241706,0.4913231704088577,0.5012890723876954,0.4900005514584846
X-O--X---,0.4927243763187187,0.4405821296174481,0.500960483372628,0.4961178676202416,0.05971026627941689,0.5007121714442,0.5869481486190583,-0.08895177801377763,0.6472543147929029
-X-X-OOX-,-0.16125370910420045,0.47967095039611424,0.4849996864400239,0.5132836924347951,0.6561975883213378,0.513764997478905,0.41928938225489676,0.5038094278995913,0.5432062258369094
--XO-X--O,0.6868212931968145,0.5801621696469275,0.4919508021282944,0.4941537471548119,0.691710468008727,0.49414503315041775,0.6435394119257344,0.13442600916809244,0.4955756932503535
OXX--XO-O,0.5117907168536465,0.5145998713010236,0.5181525310806839,0.6872388785068312,0.6850337405380208,0.43993978440679116,0.44605632343490104,0.6871462531649422,0.42282962018720305
--XXOOXO-,0.687240619681211,0.6634612581265602,0.8287974573997201,0.541576215780202,0.8838990834257406,0.12807251648082163,0.017652121633748075,0.15773103446999026,0.40266076424880987
-O-X---OX,0.0412643811528739,0.05986532921962129,0.6810282947516177,0.4928087961893932,0.6794728163555717,0.2383873684478447,0.6992297945206204,0.8796892670226489,0.19973433598554502
-XX-OO-XO,0.1521491482679871,0.2843906385457904,0.9011864600784031,0.6872378752097162,0.30509201114509266,0.9794717368385926,0.23489818303012577,0.8780195772646943,0.11915714770712926
-X-O--OXX,0.6435409285514214,0.49415794513715006,0.49825331885564816,0.5022697491936007,0.6872578523973438,0.6469489449479393,0.5003788595922882,0.5003077984986073,0.5038449504527395
X-XOOXO--,0.470015536625697,0.04381711561564039,0.5788744549990563,0.5698402799252024,0.46301587599994726,0.43550816683858956,0.4910201983887808,0.5438818136421866,0.5
O---XXX-O,0.5072937125292212,0.49298511787599353,0.029935628548073967,-0.13705595367588652,0.5030899410942414,0.5025372987218435,0.4996604833374566,0.11155949483282379,0.49973670995850145
-X--X-O-O,0.18584271215024617,0.507873002880777,0.268996998721164,0.054524308149923595,0.502506916634286,0.19587226865384288,0.5061314377112157,0.6872379594563112,0.4962980004960093
-XOXO-X--,0.6786928073034699,0.49534987420395515,0.49364722050092946,0.4925421245950589,0.5073714367197644,0.48301483698156267,0.4956444057323863,0.49151404162407314,0.10410088193997485
--X--OOXX,0.49700933476104575,0.5073344731247632,0.4904633803211718,0.6868427582197095,0.6780413440801877,0.49910613384222824,0.5011032255015815,0.4978615610741632,0.5080455818324131
O--OOX-XX,0.49063792722964145,0.49955547321372956,0.6455602934426088,0.49718690803210674,0.5033776321701215,0.5045614787800454,0.6872548010046426,0.49327730547147636,0.4974216987552493
-OX-O-XX-,0.8049393236633242,0.4405264385876032,0.5716907834520194,0.06301871072600562,0.5267706986048831,1.4055770695119152,0.5749343296879605,0.5574059499455543,0.5287137473339417
O--O-XXX-,0.5085673854724603,0.16050657770207288,1.6838103258640793,0.4951758427744092,0.6492729307194922,0.4922315925162856,0.4960095795091037,0.4975136062932663,0.3247286004018295
---X--XO-,0.5510676684400189,0.2043485085890815,0.9448309341365163,0.4911851232902809,1.3506547310857715,0.1330210594213902,0.49027835007456416,0.4980042645200602,0.010915437263153915
OO-XOX-XX,0.49230517000657775,0.5060597667502142,0.6872422352678528,0.49688434997491215,0.5081212052965495,0.4922313966743193,0.006532100065718582,0.5097311564219851,0.492495844581957
--X--OOX-,0.6931191818508777,0.49741890103887293,0.4920411077556104,0.6871419814713253,0.772922971910792,0.49538655685408794,0.49755759943423455,0.5061401688656229,0.30497237995560406
O--X---OX,0.4940677418990805,0.7234181676716777,0.4220998449449297,0.49419173444505415,0.03385568608783657,0.5000609641903967,0.36395776236433064,0.49554079928768235,0.5078376694219023
O-OX----X,0.5005243815766126,0.6852896906584516,0.5078332512228304,0.5075624976624354,0.6872379594563112,0.6504931564386428,0.8254955778825931,0.6435159767540534,0.5069895940139537
XOXO-OXX-,0.5098633216458537,0.5010048160715047,0.5004655484861477,0.4981530751179487,0.6872380019164734,0.5046168256470578,0.4915351005665508,0.5051185069860806,0.49374139391757654
XXOX--OXO,0.4967766523710524,0.49255716531590765,0.4984527868361847,0.5095308868398525,0.6852375855905334,0.6872578523973438,0.49924657722175314,0.4980751846844805,0.5043803777137797
-XXXO---O,0.6872548202753975,0.5039930254035944,0.5028196346654472,0.49784943931277476,0.5059151062159122,0.05594958748112794,0.4015394356174182,0.5503154877457078,0.500936561970303
O-XOX--X-,0.5260434217382512,0.4589547913576697,0.6765758675055435,0.14763041857998793,0.6283400517126273,0.31153722400704775,0.687221354596175,0.819341594115112,0.4035252876354477
-X-O---X-,0.6591825415640816,0.4992895329359958,0.2704841898375118,0.49812652879643177,0.11183357085535761,0.11832156993726989,1.3593002714682252,0.5004399759185509,0.5399428940002663
----OXX-O,0.6872177348842446,0.0893499048539802,0.6872383618422977,0.6872377766232016,0.5061116001718619,0.507562772608584,0.5044006838159936,0.6087647766377541,0.5048869873671338
XO-XO-OX-,0.4985387154096738,0.4691076344043926,0.6871511554903881,0.4661601278311652,0.463035955989735,0.68570117118019,0.5710886284637082,0.40815939814889596,0.49349614618463034
OXXOOXX--,0.4959850949330883,0.495350577063342,0.4964945557539885,0.5015557096205525,0.4983967291282641,0.5055001424928859,0.4922086260017807,0.23215496506232658,0.687237950604215
-XOO-XOXX,0.6869801713295379,1.5548207706818757,1.8886332865369764,0.572022658300434,0.6794728163555717,0.22507847648358525,1.780145919123444,1.1236308250278655,2.0178199760763453
OO-X-XXXO,0.49199399174517155,0.49227559243740704,0.6872381268738453,0.4955504848098849,0.6473236683613092,0.4996291829748818,0.4987066208623401,0.5021812600563087,0.49137102559930673
O--O-XXXO,0.27089565349086864,0.6872377945639802,0.6872371386180556,0.8892182127521508,0.4670564293541124,0.13534891427007434,0.790204600785436,0.8441824512533752,0.7861421793582617
-OOX-XO-X,0.6872371923082045,0.655503916537967,0.32487013834749867,0.46304864026531334,0.6872340695679601,0.18144736361925018,0.0679459191328251,0.4350908240368837,0.15740469187673922
-XOXO-X-O,0.6872180503153122,0.4940214493013845,0.49838370772378005,0.5085718552342858,0.5035088891540876,0.6872185399490639,0.497254825254341,0.5818783394842615,0.4937762086836188
X-----OXO,0.5062649503110589,0.09666116867881824,0.6853265044000936,0.3064136379606772,0.4955309878258688,0.18898609305743097,0.4928543196227865,0.500916193094869,0.508992851047335
-XO--X-O-,0.49872764173187545,0.5015709228767741,0.493335821303521,0.5836286495208935,0.6553266808312797,0.4937131059992241,0.3391706010445903,0.5007161659420833,0.44463338798025176
X-XOXO-O-,0.49569746257890834,0.03355983502409754,0.4927161558520501,0.49471273040372243,0.5024431498666366,0.505990549593186,0.41659568943689057,0.5004936784960712,0.2373178247894842
--X--O-X-,0.04498533814756456,0.06689778735536933,0.5082947401361757,0.09588270093884921,0.26880275844562307,0.49060754661025835,0.6051474986646016,0.5082442234936148,0.03981657930396565
X-----OX-,0.49040613878088796,0.6450424995120433,0.8161181408299341,0.4383415877286939,0.10762530929876674,0.1162824861122384,0.5058371431211742,0.5007138206551061,0.17689164815458647
-XOO-XOX-,0.6827675785018398,1.653616980838553,1.8234494498415192,0.8442046768022533,0.7110461230726751,0.12876704342245976,1.0602994613258798,0.6545096816035709,1.5693805089751536
--X-X-OXO,0.15161066794918798,0.21357791379739338,0.5936786431995177,0.03964479950499289,0.4733132008258957,0.5564490010379379,0.5930727582696975,0.5849342317895823,0.5117075591343988
OXOX-XXO-,0.4905125803107442,0.5008909157147416,0.5015769173522222,0.4950257049389193,0.3835978988044916,0.4901148886061536,0.495226921378032,0.5007212733558941,0.014328802517591832
-XXO-X--O,0.10606910560486021,0.49056164448511685,0.4948222815946363,0.5028429015639624,0.6283652306250446,0.5014637229350813,0.6124786030051478,0.10424523465004232,0.4939018018124061
O-XOX--XO,0.5412497768474144,0.891540660290234,0.49866802672933064,0.43971050715419957,0.524219064999733,-0.17975924749497707,0.6870357364191578,0.5561619488224001,0.4853561149761939
XOXO-OXXO,0.4939613192763113,0.4982467196783381,0.5082686419953267,0.4962579212953307,0.6872379594563112,0.4997438505101243,0.4958894265422395,0.5009448899326332,0.5057905919249004
-XO--XOOX,0.6872422352678528,0.498607845166711,0.5098526116996318,0.686840238304419,0.6777913300243887,0.49003796436122815,0.5048281354270648,0.4903909622855767,0.49718736009888886
OXO-OXX-X,0.49883811161846314,0.5081850944826557,0.4975433687216733,1.3100787781004566,0.5066492772284092,0.49410454970871864,0.5011548243237363,1.1405728204387895,0.4933168777856199
----OXX--,0.49752018762494277,0.6777770771585453,0.7143022311516513,0.3337560355161351,0.49738645755518973,0.49349146683494527,0.4909347970786355,0.170275262883759,0.3767569817769976
XXO-O-X--,0.5032498499592042,0.4916005061663192,0.5081120205933444,0.43060623793432673,0.5041249745690947,0.012590003428116114,0.4927930029004895,0.49689923228929683,0.45322964895620144
O-X-XOO-X,0.5007805983950153,0.46402012485363997,0.5004585488339451,0.6872548187407357,0.4947371681683217,0.5017738975823052,0.49903931251267714,0.6888598907228344,0.5002695113508213
OOXXOX---,0.49118665165874614,0.4979439308671882,0.5022769445359759,0.49118569169644516,0.4946999206454312,0.5046688868631032,0.4993443999559564,0.6852480804394779,0.6872379594563112
-X-O--OX-,0.6867979936092111,0.49814694452911223,0.5090731394474135,0.5041962924389349,0.6787610617926718,0.08675206423236559,0.5047979122846799,0.5002071257592894,0.49909670050898225
X--XX-OO-,0.509877320339397,0.10359704699980554,0.1691879030705582,0.49192819644800784,0.49824314028856,0.6474085415206721,0.4952519755298825,0.509137792576756,0.6872381266977216
OX-OOXXX-,0.4948543238403988,0.5068801378088483,0.15474631076913747,0.4912823201816872,0.49312388267650953,0.49015473903845796,0.5062584305454286,0.49127409011219186,0.6872379943519026
-OOOX--XX,0.6864177601331781,0.6793284761336197,0.7404867238729209,0.25039256754440087,0.6006173102212973,0.8365951148993123,0.1897863340037591,0.03871487231965065,0.11786394087600827
XO-XO-OXX,0.5024900444647685,0.49885359539278135,0.6872379671920743,0.49723188092397264,0.4990849700267344,0.026896924524930532,0.49525085334777025,0.5088702248542558,0.49621756458925087
--O-XOX-X,0.26249367157128745,1.0862842394076762,0.5233536739131118,0.09389408278599964,0.4190987438894903,0.5646494957540864,0.4227885532298957,0.010394470501160269,0.5117638367771655
OXOX-XXOO,0.5421563174781614,0.41989280835094395,0.42297746021760685,0.4884649088443364,0.6872379594563112,0.5799921562132558,0.489003472253642,0.4698990939062725,0.44208870145853135
X-O--XX-O,0.4959962614118,0.5847769396795457,0.5026576276555997,0.9606256955078663,0.09900724121298765,0.5021997216740485,0.49569086257255834,0.5409544189710945,0.5016634167655668
X-XOOX---,0.4983900634084588,0.22158771492484064,0.5035013129915759,0.5094245306809522,0.5093975794502302,0.49626969911432867,0.07838633562683162,0.5075567028823827,-0.17272630592199079
OXXX-X-OO,0.5055500000318884,0.5027672271456624,0.5033415982289128,0.4924949106374728,0.6872380019164734,0.5097332672759778,0.6461694443458623,0.5007196823707734,0.5005427801853511
-X--X---O,0.4979704058546929,0.49493266785998336,0.27433571430024917,0.5455260123864066,0.5057023177644994,0.2974207093512412,0.6238702051749305,0.27723421068628396,0.5041682639263865
--O-XOX--,0.7128953834945453,0.14045836554517582,0.5065147313990828,0.4310051841852591,0.49169710906312514,0.49570325781842395,0.5004169734529518,0.9386941241780242,0.6852452976788275
----XOXOX,1.1438533916117524,0.4221152715450321,0.40455564491596596,0.15180380568298601,0.4912892573959971,0.5007909761738064,0.5023210441227853,0.501346508939717,0.5038370664015561
XXOXO--O-,0.4026609206511511,0.413415757920822,0.5747106469219161,0.4305945287492818,0.5064699355232415,0.537237210129991,0.6872244882006525,0.500527823047014,0.5025793260380504
---X---XO,0.10840804424897116,1.095223164271684,0.012195991503719306,0.5063816219673348,0.6920684091404272,0.05863809344205845,0.08047483479296591,0.4904367959426761,0.504277559728704
OOXXXO-OX,0.5056039903001218,0.5090584190405623,0.4954007919729672,0.5044244113876782,0.4949422182947016,0.4993005860546045,0.3364405788325918,0.5027346057103556,0.501030707543157
XOOXXO-X-,0.49228825519589486,0.49983918829772395,0.5005982623174894,0.5093818082721916,0.5037055394697235,0.508933402212537,0.12551713124911434,0.5097341496738816,0.6872578523973438
O----X-XO,0.4963118252258153,0.6872548187407357,1.4092746229095372,0.687217722469882,0.6872336076788498,0.5044173318444456,0.5024654584798403,0.5055816992431985,0.5054809050929715
---O----X,0.6447436222273624,0.5298323782162687,0.21116525500023753,0.5081341336634406,0.181845592924963,0.684276342653277,0.6835212672938545,1.127257318459702,0.49971710230021715
XO-OOXXX-,0.5009551152487086,0.5018869843671776,-0.36186366425284644,0.504758814793115,0.502385788793388,0.5010162965278628,0.4920114838213882,0.5016416856020508,0.40413702391111245
X-X-OOXO-,0.5036842743100988,0.6872388785068312,0.4967971601772767,0.6872184216495499,0.4911214050201467,0.4984195709103985,0.5043435517863458,0.49481330265401124,0.22585514079531988
OO--XOXX-,0.5178136854823082,0.5753786570274878,0.6869214559201303,0.5083778963748552,0.47759364482319266,0.5048477895919069,0.44468259277810573,0.5227299317089081,0.5610194955141926
-X-O--XO-,0.5620498612659938,0.5052396674381295,0.5430622260529284,0.48471433567356,0.7378736597884482,0.6345958742117351,0.44178379669533785,0.4297247154960973,0.2302557351014261
-X---O---,0.11221451068307031,0.5086089381948516,0.23028417709494708,0.7643509947804334,0.6908797623356326,0.5060345601889455,0.049420618324281185,0.22306711994778755,0.6872562267185242
OXXXO-O-X,0.5079776799713223,0.5036274541230253,0.4939468974384679,0.49045977968438004,0.49858355824312445,0.7062331986924769,0.506114112187708,0.6356455202650719,0.5064761732791028
O-XO-O-XX,0.275114862802905,0.285779841310557,0.28505164235292324,0.8269599308687999,0.6825678856712379,0.47629621201911765,0.6855664826724073,0.9531333726544776,0.09047941380731761
---X--OXO,0.6995884715428441,0.6871024726027657,0.46110269136698456,0.49579085541746765,0.679239869189273,0.49676514042223713,0.5027287005754844,0.49616489568848077,0.5050850585782707
XX--OO--X,0.4900207137389401,0.5056807896913145,0.49638813384164354,0.6873094920163073,0.49644237246218936,0.49447849124989507,0.6688153791655989,0.5007024776987486,0.5084420999365996
--X--OXO-,0.4472226596443665,0.1921553288888589,0.49348648232703224,0.14027513085124466,0.6871378131608222,0.5004202743963134,0.49816615271936826,0.49308414028019226,0.6800155517494174
----XO-XO,0.5000772842183135,0.5662222291540429,0.6868025099634009,0.05173065448641406,0.5087694305819561,0.5022042678421949,0.35309600420104675,0.49159376880829475,0.5013517087165147
-X-OXX-OO,0.5093726799509948,0.4919870825060637,0.6935318562172097,0.5046571803772433,0.5093804115607449,0.5007191459727554,0.6872381266977216,0.49588864292634877,0.49346900811841915
XO-XO--X-,0.5815586970744155,0.4377798644127712,0.40628680518478566,0.5670457151075801,0.4217197969063775,0.5870362984517121,0.6871327628109712,0.4506501094291412,0.3082311217720196
XO--O-X-X,0.5056781813069825,0.5084466012658669,0.6882221912001466,0.613967793741807,0.5079139447874258,0.09607780595725879,0.4992155638567718,0.6872379671640142,0.5011645626181847
XO--XXO-O,0.05023260900559212,0.43456319514972963,0.5142243976523885,0.6591848149630292,0.6653509526991401,0.03363822631021263,0.03916857079625724,0.4826675537219779,0.08848552753613503
-OOX-X--X,0.49938908812003313,0.49518710671794597,0.508924128479502,0.494618730845068,0.5015121181527059,0.5096569460574288,0.39787724789762846,0.6876685844060231,0.4991097969509915
XX--OO---,0.5096122096629632,0.49711821609844314,0.6796987816701887,0.6872379594563112,0.5085743785159299,0.49302906599516033,0.17029857529575593,0.21942490512973728,0.6894983192096095
XO-OOXXXO,0.5017517056728664,0.4985305516933062,-0.3522568359478897,0.491525610748567,0.5016246817918748,0.49905799708529996,0.49714629506925045,0.49404256073486696,0.4937550228523492
XX-XOOOOX,0.49130874553946063,0.5066278878879629,0.6872379594563112,0.5014832293746286,0.5049549893869587,0.5097172921604596,0.5063671772880111,0.5035878801644297,0.5073051754768133
----XOXO-,0.17774262646566086,0.6872286278196524,0.9314283142781998,0.5718163442660862,0.5000088682324427,0.4956337048631015,0.4955522369045775,0.5000105398081119,0.5098994655488198
--X--O-XO,0.13693237219370913,1.609975428952321,0.5048538214440874,0.6466769795788564,0.5580056487985715,0.4914305942873721,0.5019090846546224,0.4957423338953511,0.4933537732626694
XOO--XO-X,0.5090389475876551,0.49677338270432175,0.4937953399212725,0.6114119863181847,0.6871462689617027,0.49826376396451666,0.4931034610545964,0.8956321035674819,0.5043033236187798
O-OOX-XX-,0.5697377239311223,0.6872371923082045,0.521062870447126,0.5561652200317019,0.5403087139066765,1.3029667487442587,0.5751086635190868,0.4723487531445439,0.23334925338100376
--XXOOXXO,0.6872379594541578,0.1533653373883863,0.13502770443313672,0.5703724221350052,0.3045006700251375,0.1410683233550486,0.8444176857698684,0.07505289357366418,0.9920956876833256
XXO-O-X-O,0.5005537168447445,0.49322726061207994,0.4984661875471461,0.0292503565204576,0.5066692230564823,0.6872379175842823,0.5033087517895949,-0.3478621004093362,0.5083964136827951
OXOOXX--X,0.4911184840417268,0.495877161689397,0.5034174729735846,0.5018487113749305,0.5017729227821165,0.49602495409990677,0.6872388785068312,-0.2679397296479128,0.49915004236512306
X-X-OOXOX,0.4918749284572594,0.6872379671127727,0.4964082845210336,0.687146371743912,0.49608540771223125,0.5071767707962143,0.4960189113006804,0.4949362427749437,0.503684373110984
OXX-OX---,0.5076741063646791,0.5077604823845839,0.49200369692309115,0.6878053365725378,0.4934950507356954,0.49873385268706283,0.46736108111442387,0.08954513148592969,0.6872377633932469
XO-XO--XO,0.49734223029358926,0.4963953358874384,0.5553982288419268,0.49110853550458905,0.5014546079901542,0.4221966857857242,0.6523352988725931,0.4909119522677949,0.4906453704319333
-OXXOO-X-,0.6851564990791363,0.5018410720392322,0.5054616465263034,0.4925325118190455,0.5086418856735725,0.5033627159592184,0.4419679794500573,0.49671666013856847,0.6832832199021522
-X-O--XOX,0.8420528791715578,0.3705571049803079,1.0017698133084925,0.4563527994409524,0.24178618744874913,0.09824327859134074,0.286017012360518,0.2595423740806172,0.7909900116051896
-X-X-OX-O,0.9153346189927312,0.493008257402361,0.6872379595331297,0.4998545846798283,0.12200807342643105,0.5020982487133832,0.5036338587572814,0.03637156754701887,0.49313893751147664
XX-OO-XO-,0.5040170223068099,0.5002544534487616,0.08801785550717012,0.5009252628490358,0.4902067837161103,0.6872379594554527,0.5073353434461363,0.49560813392310127,-0.015863871681421338
OO-OXX--X,0.49309289063447664,0.5059859629584054,0.5076157542844016,0.49971862697186054,0.508653118920888,0.5054714396170892,0.678055958527828,0.9008241654469219,0.5023076159489359
OXO-OXX--,0.5006083867117239,0.5089284238984073,0.5015145521076003,0.03692894933191826,0.5078942021625297,0.5096762410954646,0.49900932429559286,0.9012318741006746,0.6872379594563112
XX-X-OOXO,0.4994084031965265,0.5046841533570958,0.6887868277746619,0.49525030265479414,0.8556524219302505,0.50073875082345,0.4955942499198458,0.49923589143264374,0.49838777842250065
XO--O-X--,0.5016991735928154,0.5051460479425166,0.1392273796804634,0.19106072465663226,0.5059252319027645,0.3390254240500703,0.4994220161729242,0.6871504749626426,0.014391984206078567
XX---OX-O,0.5063051747766718,0.4993166197934948,0.6875088970241863,0.6868703500277694,1.176932180549966,0.5046731581985096,0.5043067085675578,0.6987521165114314,0.4916526100195048
-X---O--X,0.9405564757303735,0.5045884043143827,0.06530112411302358,0.040418672112438214,0.9177233489632958,0.49172783819067034,0.4967775550659644,0.7269414375173331,0.5089675003592636
-OXOXO--X,0.5721663299624962,0.5726377424492242,0.41073046862942,0.45047528654270796,0.5476307644499198,0.511373885866613,1.3803661667756462,0.3252609428552764,0.4192501540573689
XOXX-X-OO,0.49520021467117337,0.5013129442918369,0.49807016068744797,0.500598402597462,0.6872415465586711,0.496198893169217,0.4961514816820295,0.5060618736020212,0.5072908202990768
--X--OXOX,-0.3656478404669854,0.1204934183159937,0.5036547125888912,0.15820063948880259,0.5098033112705441,0.5080130984380553,0.49999972361590234,0.508706119715731,0.4919126164815555
OXOOXX---,0.5022871852330371,0.5029285325119013,0.503209845700644,0.5078176668931934,0.49248069216369944,0.4966306313060235,0.6779037893350399,0.6780587747271181,0.49988245359394534
XOOX-X-XO,0.4090454831062741,0.36494563213879105,0.739555861249841,0.20739077026574804,1.054377264348819,0.9918875374772801,1.2186568981083847,0.7102321180800131,0.9793252065947822
-OOX-X---,0.6871443259567422,0.4949245536379075,0.5003653381361167,0.5053502921973212,0.6911616669606966,0.5051708296832258,1.2655929473701353,0.04706721628938271,0.04808556174305123
-XOO-X-OX,0.6453608302750723,0.4943678845701279,0.5069923347932913,0.5021933981479484,0.3277651565536278,0.49009056020080866,0.6473284512199934,0.4993929411633718,0.49555807629686605
X------OX,0.5002827668406774,0.1106205305298863,0.12807534668198062,0.4158164723198336,0.5286245834679604,0.6403805651504098,0.2775078263634924,0.498998981240711,0.4963805616443055
X-O-OX--X,0.4961254869617538,0.644700069538229,0.49439983749014277,0.6980771275577882,0.4973747653680672,0.4922516325985212,0.6872379163747574,0.46693287069813594,0.4947446089459504
OO-XOX-X-,0.4971605291830127,0.5028364195725589,0.6466177988760956,0.4975760682352872,0.49060222499791245,0.5037419825883707,0.6872379611170728,0.5029779944153124,0.6872377603177489
-X-O---XO,0.6466151813546472,0.499422519436401,0.8370730852636972,0.49550226381911844,0.4934912150207302,0.456176343433679,0.4916222502139067,0.5075792742849156,0.5050526024230755
O----XXO-,0.5043756513525504,0.6944215930531055,0.14807893689725193,0.2412869868343117,0.9525143405635914,0.5000417878078893,0.4953512590479098,0.49956769736686213,0.6646424012713958
OXOXOX-X-,0.5001707658857162,0.49759951119017237,0.5070823511431187,0.5044811086013454,0.504293495769566,0.4938872812125685,0.6872415465586711,0.5099506972122544,0.6782880812153835
-X---OO-X,0.6872176603956632,0.47791727797241923,0.4236860381010167,0.6872345118916664,0.68716070780659,0.5500699728858286,0.47122845483617887,0.3394166166670065,0.4688295496774436
O----XXOX,0.55935266635433,0.4609665753684185,0.6956783839899523,0.02564452926241323,1.3878523224973283,0.5638620229825103,0.5143884617450307,0.5102054888527482,0.567837988349953
XX-OO-XOX,0.5028692225305385,0.49783729826716977,0.8186669067818443,0.5098947800268668,0.49888952358631294,0.6872379594713671,0.5017682103810766,0.5033608705185355,0.49524018165120914
X-O-OX---,0.5054339175573438,0.5901248092816228,0.4959340952484281,0.6884133083753451,0.4964733621922083,0.5067927301702482,0.6872379594563112,0.6602348501212557,0.5
O-OXXOXX-,0.5000440839325742,0.6872337779392911,0.4979754514301537,0.4962276065322179,0.5040893544487225,0.4991239421455962,0.5059473600666013,0.5065159063884169,0.6872381569987849
OXXXO-O--,0.5450410097127806,0.5696070433702586,0.4074947454677515,0.4996830742022259,0.5278818613831874,0.48986913246783687,0.5875952567096172,-0.23901330080091854,0.4897448853337271
XX-XOO-O-,0.9466016020415554,0.3116286394750073,0.4451604001490915,0.2513765696600381,0.0629383186744149,0.5977448634787071,0.19696623999962293,0.3205550072387252,0.4518299645686746
--OX-XX-O,0.6853612632137701,0.1302475040066049,0.4981071385474522,0.5092815095896074,0.6451955779619216,0.5016643274400869,0.49637420500749835,0.5475612628514699,0.4980226666844106
----XO-X-,-0.38490438778305347,0.14351615224933928,0.16129020438085928,0.09476696802778084,0.5027514142967013,0.49717935087785387,0.7992536908933653,0.4930814323699263,0.11654851078855277
-X--X-O--,0.5749405332755785,0.4920498278247409,0.012047506689329135,0.6872378783041164,0.49990369927453066,0.4207743300062958,0.5039125963710624,1.3381292744973905E-6,0.537848906787422
-OXOO-XX-,0.6442079820055597,0.4128230395317918,0.5701884880000955,0.5746395775209572,0.5788528734852887,0.687237959475791,0.5829887765470319,0.5993749319586243,0.6871303979842807
O-XXXO-XO,0.4957893891794026,0.08074492183467868,0.5065339610304491,0.49462257694232137,0.49835644380668476,0.5058891314561657,1.232254837103705,0.49482337766282286,0.4910869806215316
---X--OX-,0.2770580477511079,0.7116276034251499,0.6999166456315216,0.5026176574826797,0.5971689251118544,0.2790688990872856,0.5008050974156245,0.5099539082915552,0.25211133534653585
OO-XOXOXX,0.49021274714170304,0.5039907376442497,0.6872379594563112,0.5085343431968294,0.5046287602776148,0.49391950086365743,0.5069310752147284,0.4938883725723864,0.49432449249923627
-OXXOOOXX,0.5832635140165977,0.4930001201953869,0.5067279775078143,0.5041070290860038,0.5053384054733511,0.5013000124944078,0.49924761484274854,0.49685263063976987,0.49970331279322644
XO--XXO--,0.5038162936796837,0.5090130337873626,0.5045961223477338,0.439681012463682,0.5049138894754198,0.5066482113586231,0.5058346112782381,0.9890841147854146,-0.03814654444765042
O----XOX-,0.5885436923791548,0.04040441263112382,0.687221354596175,0.6872379538111758,0.4246717979542699,0.40882629895867584,0.42849328104660805,0.41024974206096626,0.6851417542891249
OXOXOXXO-,0.49257829090454053,0.5007229618626481,0.49403076704101173,0.4988812205880989,0.5093393119935588,0.4926953915766121,0.5029122834854768,0.5093251953131809,0.6872379594563112
XX-XOO-OX,0.508457127337346,0.5061753950746145,0.5178241763887806,0.4939294476473384,0.5025676675876644,0.49887143051647287,0.16137197973763184,0.5004855963567277,0.49951998464132286
OX--XXOOX,0.467252330675209,0.49859563015789377,1.0617066529118953,0.6872379518382784,0.4895154065569667,0.44316256114149155,0.46308987590671,0.5550895465272471,0.40377044214427593
O--O-XXOX,0.5052333718737237,0.5081804176611285,0.6921501014058158,0.5024851309139987,0.878874540820196,0.5064121514861406,0.5031132240159428,0.4918715583208232,0.5000443716095125
XXO-O---X,0.49552435075106843,0.5088482716337767,0.49462737892127007,0.7472622046214161,0.495072745621717,0.64348004540143,0.6872381218026233,0.31872857632013984,0.5040655175370812
XO-X--OXO,0.4939355870429121,0.4967281138383598,0.6873156036681,0.5037763737451261,0.6872336256534087,2.0321398934007573,0.5079102399758376,0.501688460707771,0.4924833485007773
OXX-XOOOX,0.4971710809319738,0.5084069636053219,0.5078978928422042,0.6872379594563112,0.4966287391804389,0.49394270866714884,0.4922827321136249,0.49206066591695785,0.5063315449853518
XXOOOX-X-,0.5030641874196106,0.4900635953362305,0.5010989225960867,0.5019296494740697,0.500605129077677,0.4969427618893982,0.6872505434780438,0.49926504493299556,0.434718165382083
------O-X,0.03068346817030132,0.003388751996062367,0.006345598894872795,0.21005337479147423,0.7132857600437431,0.6801920668934536,0.4962817554914232,0.11183777473120943,0.5049258510102124
X-O-XO-X-,0.5050365168105398,0.5058934435530493,0.5034708522949299,0.2895959352440558,0.5026968455109904,0.49451644565561165,0.33547777612708507,0.5024331219927484,0.6872533345980624
-X-OXXOO-,0.32675657175835615,0.20868590000326592,0.6513501383002744,0.5715190159929927,0.6962949805620681,0.1498485080408858,0.7344625475904386,0.10925453491307369,0.7173988484453765
OO-XOXXX-,0.49520824142759107,0.4946951677443992,0.6872381569987849,0.49715519262565877,0.5058228113319532,0.5080120214556013,0.5089310441113943,0.50956579330658,0.6872338998429591
--X-X--O-,0.006529711544111305,0.07874099158917047,0.5032517616894728,0.014068728134325248,0.4952222236100538,0.0455829576155371,1.3534307014292586,0.4941677612658599,0.08227901717801744
X------O-,0.4979344624664206,0.6885426982726806,0.2513699031903813,0.19699409847133958,0.3624467973943685,0.0477004947506916,0.23523335441618337,0.5047207813003827,0.44388950097265134
-O-XO-X--,0.6871096073694479,0.49146879471534927,0.410994189862416,0.49381968816467736,0.5022496884836917,0.4959483434018391,0.4965804177254027,0.6872379595323423,0.18086872354533434
XXO-O----,0.49785398387228935,0.4936844327183707,0.4974307847754341,0.7061120170600913,0.49971273923468257,0.6872379594563112,0.687237959452298,0.1240919285502996,0.2076950745835655
-XXOOXX-O,0.6872379161353911,0.4990354591754967,0.5083256238366075,0.49437771892863797,0.49301517643471576,0.5097172593941888,0.5009701749699347,-0.13647182145807046,0.5014010624738133
X-----OOX,0.49512486624350865,1.7753716881856185,0.6957518848857884,0.4769614190736539,-0.07863129860519746,0.6439694738336491,0.5015135315792221,0.5063835233582948,0.501104369622509
-O-XO-X-X,0.17704655193453306,0.49915737141472943,0.9160118974152371,0.4939221039060057,0.4982792118530656,0.7586494962244434,0.5083388746413287,0.6868139129362572,0.4982392939397135
XXOOOX-XO,0.5548460429579049,0.582202981879729,0.5773619244350954,0.5824854042654237,0.5987167442246787,0.4899363057168934,0.6872379594563112,0.5168780270610742,0.46256998537414945
-XOX--X-O,0.43562806262172465,0.4557472517379326,0.46611202523700435,0.5579285059966286,0.8048131029048844,0.6872161061932559,0.49211952245683677,0.37916801592546534,0.5648747135751468
XX--OOX-O,0.49359649751409385,0.5004060819432278,0.6872177761871523,0.6872379598779543,0.5023906362371642,0.505950849998746,0.5056338855207275,0.5922283593661389,0.4921491237277238
XO-X--OX-,0.5004683548132082,0.4994951337732865,0.6459497366053525,0.49916075888902517,0.49409416894255714,0.7101945801399288,0.4939438235370153,0.5099549657706528,0.8380347360681618
--OOXOX-X,1.258493499363952,0.5194769490066726,0.5195297475476446,0.5320918002647287,0.8996642854159952,0.7048240653930616,0.7762363014506564,0.24099379025439038,0.6850447756017702
X-OOOXX-X,0.5505661930902772,0.10414523195481395,0.45780055906127026,0.5533041815281509,0.49606731811415244,0.45718988918833103,0.5832136777457316,1.0646620253987868,0.45512058998069227
O--X---XO,0.5011974078234365,0.01511126102467042,0.6852980801467958,0.4910876511033386,0.6456850518187861,0.6827485337171679,0.7035904049291565,0.4909652838151037,0.5048239205468885
XOXX-XOO-,0.5720455412451567,0.778377065100112,0.9672028977543797,0.07088798658087003,0.52497918747894,0.6775318036446475,0.11979575278543841,0.24103027421889667,0.6990992960483907
XOOX-XOX-,0.5079696625657936,0.5093675470594229,0.5078191119384982,0.5023503730245245,0.6872379195650806,0.490965706460629,0.509005319114682,0.49819358826612126,2.0456438381705944
XOO--X--X,0.49094794630104854,0.5024048415637454,0.5017576091746832,0.9882623272056981,0.6872336233729395,0.4981492702575579,-0.09638706749633585,0.3406789774161664,0.4991676848014888
OXXXO----,0.5040150371633249,0.4931799482329544,0.49573243270451145,0.49317961983194597,0.49967053004190076,0.12845669727604442,0.7000169802598472,0.009250828868333894,0.6786379325817745
-X-OXX-O-,0.6485102812815343,0.9959293367583915,0.9747820922621364,0.11563377255321072,0.7184987402522145,0.14210588286531411,0.010947153201660398,0.17386775273411326,0.4110060568405135
---X---O-,0.6830162491348459,0.021781022882884915,0.0794570141134393,0.5053400471706953,0.14927900002814276,0.6729237082940841,0.2480667937863808,0.5055387574261095,0.2781132358387115
O-XXXOOXO,0.49393623862142877,1.1245191814175528,0.4917449216218841,0.5074036579783563,0.49211874789245624,0.5080213389742285,0.5029276805257729,0.5084267169395087,0.49879432210697944
X-OXOX-XO,0.8732105310743449,0.1130062959575251,0.6867768624527338,0.5159096495655566,0.23039604928380053,0.06081434190932611,0.687221354596175,0.7689830183482436,0.34786573635522877
--X--O-OX,0.6280908145961245,0.6462995299176859,0.5051424920681259,0.23516546868605592,0.687562013955687,0.5072127072530912,0.7702390217871514,0.5045826245303161,0.494560297540461
--X-X-OOX,0.3330089265804762,0.030258711205076394,0.4971084709445007,0.37597821016596433,0.5034613285476098,0.6217296912722466,0.5005052500409329,0.49602619131877773,0.5051156107445447
-O-OOXX-X,0.060457645721302244,0.6962189370467543,0.07310432085073298,0.7782389673295503,0.07341279529303746,0.4128627111308565,0.8646885931730653,0.6792226476919494,0.02734356243602032
-OXXOO-XX,0.3934515864934857,0.4958516634372974,0.5038942231625932,0.5028056125541565,0.4918292348976121,0.506452639236008,0.8123006433179648,0.4943112449830168,0.5081056741262592
O--X---X-,0.49923713750343385,0.18325848701570724,0.05394036744353875,0.4963887919302968,0.8105817872910622,0.31457584664851956,0.2751662249892419,0.5053440484657535,0.676231623423652
O----XOXX,0.5040542545419471,0.2140490053093348,0.6872379594713671,0.5028893491074534,0.48598481809094163,0.5079969497627614,0.5020043567707981,0.49792497972152244,0.5061042420340212
O----X-X-,0.5093704205391149,0.6900722904636297,0.4379779720095364,0.6375789905605639,0.220750887902111,0.4975085372725588,0.4901217238487857,0.49999586573931115,0.6944716734836628
X-OOOXX--,0.5016431867604962,0.10930405910156749,0.49383206552790987,0.4954116319874248,0.500362505879775,0.502016355107184,0.4988633586478784,1.5333077749469382,0.06938086393440168
O--X--OXX,0.4912246995645972,0.5082804463106431,0.6868122101693264,0.49044393443321155,0.6783295632557995,0.24455655331340265,0.5056195926808126,0.49525599860289155,0.5099534025396385
----XOXXO,0.72603350236473,-0.9385462776065989,0.6872379594684831,0.49946103144389176,0.4978923053417822,0.49674712108863317,0.49374586300682577,0.49141753769934127,0.4918255463277171
X-XXO---O,0.4364746996248125,0.5093574697206537,0.5222201017566307,0.4565057532317749,0.5321714508328146,0.579456413955165,0.5160555122742807,0.46963030474987005,0.5852484516141253
---X---OX,0.27513614581304513,0.6230129175047964,0.008736254067030158,0.5093704787247721,0.19145864891608755,0.3001921758644073,0.6661842436888352,0.49850279117331125,0.507495856740526
XOOX-XOXO,0.4277551409274395,0.40585157295066876,0.41570365755533245,0.45649767359264365,0.6872379594563527,0.4914054497933108,0.4092780839046408,0.5040113444100949,0.46456765966365166
O---XX--O,0.496040323444277,0.19143507651075709,1.1333732469805273,0.6887216806817198,0.5091194305864476,0.4994725913273147,0.675520661024405,0.19354325420528273,0.5020679483613701
---OXX--O,0.7205429548120678,0.21882933076174116,1.2043758479189193,0.49636602413735764,0.4988315101541276,0.5090006345527135,0.6872188498826686,0.043949530356857114,0.49342891417354456
XOX--XO--,0.06579405484805578,0.7238786887116742,0.5726742540622777,0.17986379353967624,0.8744976441747737,0.8775824970212802,0.12966785908002088,0.30611872094496917,0.6587079165096579
OX--XXOO-,0.5027329636148359,0.4972150974841172,0.29744323959661645,0.6872337737807032,0.4954311598380134,0.4902782700835822,0.5054065044971991,0.4972535069614286,0.687237959456311
O-XXXOOX-,0.5084517920233875,0.021647035600651066,0.496909826740208,0.5013630552017959,0.5030083583843962,0.5005966624401621,0.5005186357632527,0.490036495932457,-0.01942379436210928
XOO--X---,0.49495966545780407,0.5078295663841916,0.5048561441188866,0.3442126538371706,0.858755898018447,0.5028081895559872,0.4998373299877297,0.6720611899708635,0.49609079139321643
X-O-XOOX-,0.49768293080391846,0.494801520796321,0.5080807800400269,-0.2166348415979935,0.5065125557524808,0.4937894782184201,0.5045571068082962,0.4946185968977574,0.6892421596514203
OO--OXX-X,0.501038609875668,0.4910285175702448,0.6873094920163073,0.3032649923121766,0.49044256516815915,0.4900443623687075,0.5046327951056504,0.6872339104301403,0.5075701136125709
--X-X-OO-,0.007573595203314243,0.2711847050746089,0.7880111660945786,0.6872466093512867,0.3054010297641193,0.6975146783688266,0.012197436051474608,0.36186775810927685,0.6872583533579165
-X-OXXOOX,0.687237959460498,0.49044557471897443,1.1506727140283144,0.5097557872374112,0.4968350463117729,0.49074618221842875,0.4922831709603744,0.5029610443774639,0.49677196771806204
XO--XX--O,0.4912228931793795,0.5041726173981698,0.9755752745026345,0.05431788404220772,0.5006134768684928,0.4964457340613699,0.28175929779403996,1.3658096713083576,0.5038278348018524
---X--OOX,0.46754340625038193,1.9045449012240017,0.43099838932156853,0.5095533589478487,0.6451386523995335,0.6755586422455439,0.49016440005957823,0.49397944827588497,0.4956067413593805
OX-OX---X,0.42116403364185917,0.5620474760272001,0.2671307215192925,0.40876575507465657,0.4604980104761436,-0.2462584213843263,0.6872578523973438,0.029232303980463503,0.43051218066097363
-XXXO-O-O,0.678586640709817,0.5083838089416867,0.4906656491066832,0.5030492925858712,0.49357001090426783,0.4965791970857203,0.5083256267559837,0.6872415794000771,0.49253104110813195
X-XXO-O-O,0.5011495547326681,-0.4061554501318071,0.5002439603347377,0.49740056524431,0.49162600565448533,0.4709563101761269,0.49848688557190823,0.6872415794000771,0.5052111512005578
X-XOOX--O,0.5071041819439644,0.7027272695023888,0.4952119401723119,0.5052821491488051,0.504714531322728,0.49366823057382603,0.06084647569259183,0.49331455830365856,0.5056572238846644
O--O-X-X-,0.5086734240194255,0.11434331033030953,0.6872370317412413,0.5053577144431389,0.5010195468248365,0.5093735854008767,0.6872379594570067,0.5071078886562697,0.3328696349898944
X-O-OXX--,0.5041346075544417,-0.11053686454230749,0.5024896763676608,0.38775224346584425,0.4951345228969983,0.4996338223360264,0.5098922193653325,0.2969497895826565,0.2954775238187285
---OXX---,0.7064938223783956,0.5215852322964316,0.041957024360433026,0.4971293106757052,0.5038148932000733,0.4903104900591138,0.7516140503073007,0.28824305650012255,0.5191939825506746
-X-XOOX--,1.2315387593295042,0.4995248051831823,0.33280350746104426,0.5062710328015103,0.5095488417936899,0.49455808305345456,0.509578612851878,0.39666144042597906,0.5507033806143067
O----X-OX,0.508700588163012,0.10575454811246132,-0.39849169095140824,0.602489630043695,0.40315442261903806,0.4959002022918472,0.12150868581962476,0.4963582422645088,0.5052713763616947
XX-XOOOX-,0.49484238119657215,0.4971033664016448,0.6872379594380471,0.507319731515807,0.4957673280964055,0.4976486927350142,0.5036030211475817,0.4999005688102688,0.06267591099182507
-XOOXOXOX,0.4383945390271782,0.5055941545616007,0.4997891703003583,0.5027982424133605,0.5086057193209435,0.49398290499483616,0.5020594616569121,0.5073733359219795,0.49168935392444735
O---XX---,0.502042067099593,0.7454545214440189,0.18350508470102883,0.04900063669213556,0.49673599707689275,0.5012876150678085,0.8589852379372076,0.05827844368716706,0.21335556102938746
O-X-XO---,0.49061787893278025,0.011915927012536298,0.49117717723636356,0.13786416537410962,0.5060349317539823,0.5026651108756621,0.6138940936829632,0.3792140193777421,0.9496090394770167
XXOXO--OX,0.4975194445824032,0.5059346452554682,0.4933165826699943,0.4958708308904173,0.49633339672144,0.3819806921838581,0.687238112135936,0.5022995525006287,0.49164275380379735
XO-O-XXXO,0.5010966457873046,0.49740333134159326,0.0498485814894401,0.5084859820907013,1.0013419601630207,0.49240145349028397,0.5067136850749497,0.5075226368850522,0.49214851183005465
--XOXO--X,0.3288418165208432,0.3268347444153008,0.49993492333393785,0.5067874799426298,0.5033492158206596,0.5048789666631099,1.153063750572429,1.0013246078835105,0.4912530733494848
-XXXO-O--,0.6344125193790109,0.46353426680534787,0.5732642680772112,0.5122562181139714,0.4221309728169405,0.3295278373554882,0.4788823343483499,0.49915128636436346,0.2753299617507988
O-X-XO--X,0.4971786051151455,0.5,0.5031510381384797,0.4941611777112443,0.49755139331026504,0.4965937307078921,0.096638121220468,0.04221909516127492,0.5012413594853163
OXX-XO-OX,0.28029056425743804,0.21645596917976062,0.6700670968943085,0.2724859877685162,0.8088024185147867,0.0977344218783952,-0.009222794688993674,0.7947256559219938,0.4615884640776883
-X-XOOX-O,0.5096341402947997,0.4961579046826542,0.6872548187407357,0.5046960038150772,0.5018163270255724,0.5018822348070626,0.4905167748439391,0.6467326855225712,0.5003884771518303
XX-XOOOXO,0.5153064391068951,0.41030445573624097,0.6872379594563095,0.5395144414743152,0.49328521193323316,0.4249584453366982,0.5721985013854661,0.5547441648757021,0.5709675987035484
--------X,0.09101314204030825,0.1262047100227438,0.012476727017662281,0.033908997091210924,-0.3707832146200497,0.1466152330556696,0.10404633199264807,0.08316449793960229,0.4953206558512249
XO-X---XO,0.5043801658616955,0.49711955440397265,0.30627466062831654,0.5085414270062689,1.2132469317234624,0.6783690024679774,0.7822408971715956,0.506702466856898,0.4918881096675831
OX-OX----,0.5480288201640946,0.5347143699228668,0.6377251513388562,0.42481989510474494,0.4870936329130674,1.3815151379470825,0.6872377752472579,0.17350111985881395,0.014951596356638563
OXO-XOXOX,0.5041104470095346,0.49666971337265875,0.5031965717308243,0.05701774752772465,0.5078637461330535,0.4967245218832049,0.5066772973491326,0.4964836452950023,0.5036700292025418
O--X--OX-,0.49347619189194414,0.6287847187330187,0.6868303603068768,0.49941770630527704,0.6863572014968703,0.41998990394393687,0.5031521377584266,0.49538266338647674,0.16681805243449888
X-X-OOXXO,0.5097445229703119,0.32373067655897003,0.4970403251547952,0.6872379594380275,0.49193685459269526,0.4917013450962946,0.49447453306304395,0.5029839478630121,0.5039930795169825
---------,0.0365373982468406,0.038963352615971336,0.13938523950292708,0.06702424420857389,0.6872379594563112,0.43164297738630886,0.06927474974047687,0.07056008017156146,0.14280099891285408
O-OXXOXOX,0.4914126315857716,0.6872379594563112,0.49603314488797606,0.5041288012516698,0.5001883337228483,0.4946067991894485,0.5061314241132426,0.5042846743096822,0.49163836603337246
XO-OOX-XX,0.4936280846366322,0.5018029975026691,0.4932374838725901,0.49305372592723223,0.5026152148882326,0.4951343844472546,0.6381224056038892,0.491933603098193,0.49571107678296467
O---XXO-X,0.4975176085402258,0.2775120068912262,0.11206888218714717,0.6872379504340179,0.5090452946109166,0.5048417490256706,0.49372874733801597,0.713514974395055,0.5016098144614345
-X-O---OX,0.33494770920127936,0.5056706581386862,0.4390013295515228,0.49772639560115595,0.6873302192395754,0.6530135927215186,0.10298886842406563,0.49167633990493853,0.5030231412953343
OO--XO-XX,0.3308899717839503,0.8507788329095424,0.6513501383002744,0.283342152044071,0.627649113287801,0.38590528343814035,0.6280788454659405,0.12711442408091533,0.9120071541289214
-OXX-XO-O,0.6477816138282189,0.4949959760164988,0.490305787433095,0.5072195877123944,0.687238112135936,0.5029364346720772,0.5025387434147267,0.5063605598141147,0.49849863503752406
XX--OOX--,0.49584308929424376,0.5041667294535673,0.5007362627256137,0.6872578523973438,0.5031931444539913,0.5094358952262167,0.491061611345614,0.5059596189591675,0.6440792590461828
XO----X-O,0.508557257559238,0.5040249892394969,0.348098422484587,0.6878682649296689,0.3407396855534063,0.5437007418097561,0.4915258522157654,0.007137500076088765,0.5001266173799909
O-O-XOX-X,0.4976317029930195,0.6872377660008203,0.5032815203416914,0.6050653714092862,0.4920619734896451,0.4978390005559918,0.5002400689715769,0.4641620695005767,0.5033278946644092
XOOX-X-OX,0.5039758771072418,0.5032735483316595,0.4970394719921767,0.5059245268841798,0.6872379595263577,0.5034272625222747,0.36894635583344093,0.5001047146483872,0.5048517692707443
-OOXOX--X,0.6872386697859963,0.5037422274979687,0.5021530814557411,0.4953893194347746,0.5037069619951261,0.49074964036714064,0.687237950198989,0.6872370785466658,0.49953614809731556
-O-OXO-XX,0.6434770916914871,0.4959318563615693,-0.1355111113559071,0.4919764856885179,0.4958257873561782,0.5043541915500375,-0.38059300496999193,0.5036932641712468,0.49878729473544625
OX-----OX,0.5048432289686006,0.4931721900507417,0.6780798347516912,0.5878813635412268,0.5034204454446631,0.658144205810606,0.7135653526509352,0.5036340245333186,0.5088556217989233
---OXXO-X,0.6872379594563112,0.09924467986735397,0.6466758787029986,0.4950014232053116,0.49368090926480823,0.4937137686036846,0.5025880285928079,1.080497605284784,0.4958391988412975
O--O-X-XX,0.5088932475822143,0.45830693063127403,0.19849197517942052,0.5036079238040575,0.6509641906474543,0.44844437546047416,0.6853398312374227,0.52142069039524,0.41486666904235303
X-XXO-O--,0.5093759432825027,0.8617629855686293,0.4910981153826451,0.4918703312853328,0.5050292061665076,0.6503321707610421,0.5040314003822237,0.6777501212028595,0.16093958866373526
X-OOXO-X-,0.5026072070163345,0.4963623658202173,0.4973619029823262,0.4961607572713661,0.5057890413455538,0.5094185552452857,0.5216292423981314,0.4958368932511611,0.6872578523973438
XXOOOXXO-,0.49606734420272985,0.5051145841168405,0.5050348675480203,0.5018254110289543,0.508011211445755,0.49059477962229003,0.4985183724254896,0.4952105205110476,0.5787795570034773
OXX-XO-O-,0.5585493842794415,0.46357081942236533,0.4273280645071653,0.7918693870829447,0.45505595033304813,0.5954471596874296,0.6872343903642549,0.4876034155454602,0.3883306546950763
O---XXO--,0.5047976850243107,0.044983196694827254,0.5747170988479866,0.6872379575434137,0.4995937297999979,0.4905127256509443,0.49972580237598363,0.46822160880469754,0.22146639400217005
XXO--XXOO,0.5360626611565155,0.5880812903703341,0.5884830869654868,0.49809058053103905,0.803887694915915,0.5403705331735161,0.5795196734395526,0.5286535219402091,0.5968728500751238
---OXXO--,0.4917456749742908,0.6736103626476898,1.1154606651851982,0.4940529945434818,0.5029097798960113,0.49471982350992516,0.4912141223437708,0.5053096099132219,0.7216693214498107
XX-OO-XXO,0.47279727251378534,0.4961045410481512,0.40870907430624576,0.568842632006134,0.5719199851287573,0.6868785765925925,0.5105027920041213,0.5578663175681655,0.4267097979128884
-OXX-XO--,0.07665454844122843,0.04787267908596471,0.09701790392476528,0.13406538873289353,2.040141648072853,0.9687442581155864,0.6866642977946917,0.4823770066050368,1.3717155145633175
-OX-O-XXO,0.68723795981004,0.49673074067295886,0.5008060035830799,0.6868251952319062,0.5071780897288476,0.6868367390492544,0.5054074971032453,0.49409831009645233,0.49108208549363336
--X-X--OO,0.3124913485844827,0.5647635731872205,0.4173397631030493,0.6103239103868165,0.5274552116737029,0.4194653855806606,0.6872379594562577,0.5533023930385441,0.5930364327321751
O-XXXO-OX,0.5013109711799743,0.391033788045954,0.4940829457854015,0.49363094805188723,0.5088617758094982,0.5003702620614252,0.5157414479552636,0.5088759412005492,0.50561971878944
-O-XXOOX-,1.214818147157096,0.5507531366539639,0.687221354596175,0.41201955859049305,0.509437514847182,0.5976392339900901,0.46931479926410524,0.4494657742673297,0.33250272601677466
--XOXX-OO,0.6154067446938832,0.3231144499789045,0.49431815643216315,0.4958857774059725,0.49669153037831726,0.492926736757947,0.687237920462779,0.4931481474933463,0.5072213314812604
XXO-XX-OO,0.509368758222459,0.5047944319214075,0.5002135710684821,0.9216790101871355,0.5071497489998325,0.5068723511915202,0.6872379594570739,0.5084234609371335,0.49701748648161026
X--OO-XXO,0.49513106106153704,1.4007728732261588,0.2528832201203982,0.5023907812474392,0.491323517472676,0.6872196406070953,0.498130845661377,0.4990026606534667,0.5029313168088526
OX--OX---,0.5024573341923164,0.5014028816557239,0.5955558632607416,0.6872149795023906,0.5017997242030082,0.5078224865998008,0.6872379594563107,0.13191653189528407,0.6868175229939694
-OXO--XXO,0.06235657999681499,0.2999508864479914,0.7105633198469998,0.9156347683087477,0.6867658631022541,0.5798103771385968,0.6008373765041997,0.5143014777035874,0.21326713671078934
OX--XO-OX,0.5379967484064859,0.416546422408745,0.0063726311764488175,0.1921576539629002,0.4894142253810361,0.42806475702958935,-0.26274906576490165,0.5914972275280715,0.46251430591372134
XOX-X-OO-,0.507477433850468,0.49401094708846355,0.4943527402609591,0.24073493970712112,0.5036928388267443,0.6437818676283774,0.5048043686228578,0.4956896527687064,0.6779937210368635
X-OO-X---,0.494988709601077,0.08107628092256042,0.4916459584056974,0.49041523245066865,0.5059948785098587,0.5022861065656924,0.5000619000546137,0.7967023600881087,-0.6770023649336228
XX-OOX-O-,0.5089342657746012,0.5002982184449365,0.6742259400872402,0.5031065987441257,0.5095173742703549,0.49969696013623344,0.2727712035479387,0.4995655279803272,0.2281124380152828
O-OXOX-X-,0.5018493770950512,0.6872379594563112,0.4981186725995253,0.5036680645262479,0.5091307056373986,0.4979033971916397,0.6872379594563112,0.5044626274299119,0.6872379594563112
XO-----XO,0.47838698479791386,0.48879606524715985,0.113248250467052,0.34790182522003543,0.7422326386146546,0.5518330768677638,0.09624379961782875,0.5548100705561434,0.4405930922203517
XXOO---X-,0.5743973619315301,0.5965733794314659,0.4182833490287205,0.5225911458065842,0.5653447201795457,0.498340758626539,0.5495583161475607,0.5292871167753455,0.4451911598164927
--O-X--OX,0.6871179580434552,0.6703023670434516,0.49608059623367473,0.37006070772618616,0.4916580730253713,0.45964302411875796,0.2628033834294081,0.5098459292938973,0.4921223916161153
-X---OX-O,0.5936780762387286,0.5020029222946181,0.6787100372217331,0.70847860544035,0.6868190142362427,0.5087770306565202,0.49686152204922146,0.6122016837606052,0.5078487351983207
X-OO-X--X,0.49694723085427783,0.29466681656238514,0.5047885410963758,0.5060819487301055,0.4934445492046262,0.4998159055667079,0.7207370673037028,0.4997718286285534,0.506780333729128
-XX-XO--O,0.2893709233769601,0.5119501586464865,0.8834065999696122,0.48632355318173515,0.3099541074353863,0.24666842159430125,-0.29442149621140234,0.013494983707206698,0.24064980639769373
OX-X--O--,0.5084805190259164,0.5020559075838975,0.6872825486492987,0.4914330838147432,0.714029891341922,0.6867221936143091,0.507464561359806,0.1546911117976778,0.027286120186174045
O-XXXO--O,0.49798615690784376,0.4058128383213422,0.4970573894305537,0.49061208604223344,0.5012522926218993,0.5054759151318373,0.1038234733434168,-0.3866659378982029,0.49534783661355825
O-X-OX-X-,0.5002182791654529,0.5898859345939568,0.504824272092017,0.506042984295993,0.5093461080996421,0.49978113002530067,0.09551889096306859,0.5055320510461974,0.6854027652055482
OOXX-XO--,0.9960831537314393,0.4755305193136483,0.6062897942320182,0.9508318740956248,-0.15552707896331364,0.9027817190358612,0.9888464008023641,0.3810062280180878,0.52497918747894
XO----XO-,0.49406887220899465,0.5049655551918113,0.298469580690259,0.1633043239555555,0.6872379170538644,-0.7789197775696761,0.49579106910041926,0.49767892192245927,0.0576101381629327
-X-O-OXX-,0.7662328628445882,0.4967796163184612,1.1993585680595273,0.5091815196136834,0.6871481742464808,0.49045397549252967,0.5074937868490808,0.4974845662140176,0.15099015674769667
-XOXXOO-X,0.5816801771669515,0.49680335775434603,0.5041732828950829,0.4985302554274453,0.4931838893808794,0.5096984638428315,0.503314535306007,1.331817124750655,0.500058010479716
X-OOXXO--,0.5839230146041595,0.6796712060036233,0.4556512021570321,0.4606746192383232,0.5627048514474983,0.4412455035133198,0.4613364720309102,0.043760922809884084,0.11333528374895696
---OX-X--,0.6256922370132435,1.0018541545606727,0.2541515219852868,0.498400042258124,0.5007059683354984,0.008442743113489803,0.49460490338016605,0.1331343289881271,0.14767564657470372
-X-XOXOO-,0.681898220930698,0.09964305526476791,0.6872379111733118,0.02479663842540092,0.5747085201787889,0.3123001259432744,0.1540219670134747,0.5761425557409524,0.6855664826724073
XXOXOO-X-,0.49076059364656055,0.5084766197709761,0.5066340692924224,0.5040379780254436,0.504135486013959,0.5084493079568456,0.6872578523973438,0.5079318302937438,0.6786996836798693
XXOO---XO,0.49461802382310377,0.4957145753817467,0.4940227914300157,0.4960855813228667,0.6872379511072388,0.6876685844060231,0.5769949877498985,0.49490614328507027,0.5081001655030443
-XX-XOO-O,0.6609363311651649,0.5048631860845743,0.509298402125969,0.3940758816847382,0.5052967683562949,0.4939435741397399,0.5019396780692666,0.5071267752386843,0.4970625790242131
X-XX---OO,0.509031258720835,0.5340871463778446,0.5078911805483743,0.5027901680124393,0.2379634416030455,0.4784969267382486,0.6872379665101157,0.499446352021488,0.5038859715210148
XXO--X-OO,0.49458811562209076,0.506327393129206,0.5039894116065397,-0.3166840249214098,0.24639522266336567,0.5039561797799975,0.6872379594367136,0.5074787751776992,0.5012638176883986
-OOX--X--,0.6872379594563464,0.5009295082930508,0.4983766076963082,0.5032845395611809,0.20862334002661526,0.3074654649331995,0.4993756298003887,0.1156790828089101,0.32814421515027514
O-XXXO---,0.5005444995564082,0.420431857954235,0.4981542544525603,0.5072022131713488,0.4910105992160403,0.4946308365252335,0.5096035586811176,0.15307750221316474,0.7435416694845266
-XOX--OXO,0.49106771096647417,0.5085566367883037,0.4936270547031544,0.49043313741543443,0.687254814124754,0.49789105580900367,0.49473263927035693,0.5002597370195149,0.5012310747830645
-OO-OXX-X,0.6872379505889371,0.4945250020775706,0.5063370793325264,0.31355049391949086,0.5038908701848759,0.5086406307954225,0.5059776690417426,0.6872379594563112,0.5014903667159556
OOX-XO--X,0.46843072034928057,0.32062059926061104,0.9077291466767548,0.23852015775230295,0.5905367074500323,0.2366421561410882,-0.37331164535536576,-0.373557066329413,0.9147350887429416
O--X-OX-X,0.5024268953154131,0.4010036279035296,0.14021073404416307,0.4933811998932294,1.0396187660280216,0.5000914093329633,0.49927031176541753,0.061464502908014196,0.5075244500081794
-X-XOXOOX,0.13120143781584426,0.5012414947157542,0.6871443209312879,0.5014920284048435,0.4940260417725855,0.4969707020320177,0.5042055216665672,0.5071837414004069,0.49577872930545114
OX-X-----,0.504816666380149,0.4906643063637529,0.20840906764966893,0.5020810518065664,1.1064652234919765,0.5414818723056508,0.04766114884758277,0.08844219750654458,0.6873377464189171
--XXOO--X,-0.1314334650524206,0.5451756082724265,0.5065843289895473,0.5080982812059489,0.4987242944188232,0.4989064929924859,0.34751031679792843,0.6867115434807216,0.5030895562410552
OXX-OOXOX,0.530214455985539,0.5010639938406665,0.5304433548560723,0.6872379594563112,0.4041511828586319,0.4262298111766891,0.5662428581228492,0.452325881108101,0.42592430427438704
XO-OXO-X-,0.4918771498430492,0.49131988479554667,0.6965787141725782,0.5011584253071176,0.49428962719822866,0.4905228698745008,-0.5352583968671063,0.4975809017133267,0.606592700917604
O-XX---XO,0.5271898593613992,0.018040343503463396,0.5237438241153856,0.5812527111222365,0.687237929185815,0.501006956381032,0.1271463086737692,0.5666243217222053,0.40726404159894414
XXOO--OXX,0.11155095852992325,1.5445711300555567,0.03729781477496735,0.3786411945516527,0.7291736702546138,0.8072500714131898,0.6042107128391446,0.6598583996218419,1.4650700818621498
X-X-OXOXO,0.493317094395407,0.5568887433803359,0.5053469562795896,0.864870675347508,0.500095831749009,0.5019882772764978,0.5047958096768158,0.5035637259475045,0.5077368567817352
XOX--OO-X,0.269549022015223,0.3147006405648629,0.3365365458207378,0.07338307366063612,0.52497918747894,0.7538248028348241,0.015819514405947976,0.05511583020361083,0.6446919384460359
-O-XXO-X-,0.6477862644565197,0.49997560448648526,0.7005447376605036,0.503790019367816,0.4998367574892237,0.5044074990810702,0.6148571060315542,0.5062461796585594,1.1862628606910919
-XOXXO---,0.06816433744727268,0.4927658408739493,0.5060374071019527,0.5036526284361144,0.4977583715965789,0.49034775742211156,0.4952990674162722,0.673654365331137,0.6872379575946383
OX--OXO-X,0.577589111953891,0.4471114964253824,0.6870005637625721,0.6794728163555717,0.5865312014682806,0.43472132656898166,0.4910815648170578,0.5279978060881888,0.5891025551557499
--XXOO---,0.6872379594563112,0.625694214716818,0.4995544129632349,0.4946518532569164,0.5016944163693532,0.5055945957956486,0.455558329456449,0.41514942678515276,0.47164717113627047
XXO--X-O-,0.4674395527837574,0.42882727133808024,0.5604335420714586,0.43151447905942,0.7149174890564464,0.535272803147485,0.687221354596175,0.5383922419475429,0.4030023533810393
-XOX--OX-,0.45403796864679513,0.856889980415475,0.3069220306770063,0.0730896349634308,0.6902352392973006,1.174226429853721,0.33136299810609504,0.7278933642594921,0.40292605447140967
-O---XXXO,0.38878353833333257,0.4911881168843215,0.6887852358568199,0.29841893682082465,0.40838066883540414,0.5015414639075607,0.49912810941043706,0.5075273275521909,0.5039202478134064
X--OO-XX-,0.5923888279743046,0.5253277628147377,0.23341594849496322,0.41615497275114804,0.4516703519530456,0.6872379579690355,0.48862064107273506,0.577546299521813,0.35759687470431933
O-XX--XO-,0.5673570871353257,0.5313293983378081,0.6851658399659865,0.7890191566601892,0.6742655912616945,0.5414585516047865,0.2773709037473422,0.13543828641106503,0.28998493093789013
XOX--O---,0.5035900982444589,0.5018391353934406,0.500735639782015,0.5016425310429773,0.49390958648953176,0.49509657752554825,0.5054798689853426,0.4965242845565253,0.2844936815761657
-O-XXOOXX,0.63891151842616,0.9636965653452989,0.095767716017371,0.7142733313147063,0.07382447422731986,0.5534127159336562,0.7654702924931203,0.15841699889072947,0.7615497448871144
--X-XXO-O,0.3279373639123617,0.2101034991423758,0.4938343652595226,0.6441792175266005,0.5015507622451834,0.4920835143280831,0.5007153767913494,0.6872379598136981,0.5022531546489303
-OOX--X-X,0.6888861373203221,0.5065692767236836,0.49621993083087323,0.4965782996530915,0.40209741921191444,0.15366188678136683,0.4952350669968265,0.009865157512173428,0.49210108179414125
-XOO-XXXO,1.0593342953390423,0.5093495924621197,0.4922674687739629,0.49359208629616264,0.38587214010106613,0.4986372859713269,0.5062720008482541,0.4906243331997796,0.5094418421244046
O--X-OX--,0.4902738469389114,0.21293789350739023,0.6581379313108017,0.5040105309760347,0.6777670044795988,0.5044035810909633,0.49890097837282205,0.311086397478655,0.6457748116618425
X---OXXOO,0.5035520470034941,0.6872379594563112,0.13091168505690776,0.20980284007953587,0.5030515538042338,0.49661221655541055,0.49212178225408126,0.5046591587187328,0.4925968352834239
O-XXXOO-X,0.49700141739634485,0.5017672084527939,0.4736384987019951,0.40157302941189044,0.5797342170945174,0.5167691289141607,0.519752982906011,0.6373193882091291,0.43132815238187955
-X---OX--,0.025892549974481094,0.4906290462114851,0.05733624240797408,0.7103768226824142,1.2230366381286197,0.5073162677518294,0.4900507305697035,0.2941526355812871,0.12725285790669644
XX--XOOO-,0.40391489264034536,0.5730008207568286,0.4080171754388797,0.13149116200317612,0.5231081146762616,0.4143246358499028,0.5584287054259526,0.5544816952475328,0.6856845074064275
XX-OOX-OX,0.49272719206533305,0.5063922156219745,0.5511258597648132,0.4911695022285442,0.500975552231424,0.4940119078784637,0.49858916924709473,0.5085174602288628,0.4941917259405562
OX-X--O-X,0.5049508000686431,0.5053557666971585,1.1360103237378183,0.5066287113950567,0.1576788939808158,0.4870834990154239,0.4938400370798525,0.556171189868059,0.5046877557604047
O-X-OXXO-,0.4500101280889465,0.6872379594562764,0.41565185544602345,0.3126970751793877,0.5614819401482638,0.5061654022731158,0.5926459592863976,0.4936555742813975,0.687236802520306
XO-----X-,0.5040969099636973,0.5024762947334919,0.6580611879619195,0.6514666081175269,0.034955304981064084,0.08353209249480853,1.3248138808147711,0.5013971466939581,0.15833319751855846
-XXOOX--O,0.865771099348401,0.5033247176195583,0.49311390219443113,0.49604682497528285,0.5099895238866367,0.4995605051922781,0.7267982386682711,0.6469121904934833,0.4972176852798425
XOOOXXXO-,0.4849910341290979,0.43264052187107366,0.4934929698397935,0.4751002172617327,0.44893315077077994,0.5082213144559141,0.5049078421045969,0.44478003311287617,0.03915184664990223
-O-XXO-XO,0.4994995671359822,0.4910444186191842,0.6872370522709995,0.5070713830931552,0.5099292321926674,0.49868754213723016,0.6731483484984315,0.5032783320556147,0.4923385143205514
--XOXXOO-,0.6875124991616206,0.28998592772122944,0.010803942670208788,0.040255495569731625,0.6205323665546241,0.31629590688301856,0.9179313393814034,0.9285189456920788,0.6874802974696147
XXO-XXOO-,0.5106826300475764,0.41506712661520223,0.48520823429731247,0.6894626905110922,0.5727961601775804,0.4412733096106542,0.5524036647313133,0.40772782870923796,0.6872379240140314
--OX-X---,0.4374140480707194,0.7643582575914222,0.49979609681437104,0.505883426659828,0.1556530106788827,0.5061325416239462,0.6872246264723183,0.08597309681049997,0.3924445928959602
X----XOO-,0.492259177439687,0.3692418747584574,0.8234269101488447,0.11612641109727895,0.6872379593683007,0.49319705939869746,0.4932532195474073,0.49876070111236875,0.6872379594562715
-OO-XOXX-,0.6298080442721754,0.4671684968922592,0.47489627675204077,0.2063807273952255,0.5898394128429427,0.44622004571795204,0.4441608960186343,0.4851603437634269,0.6872379594005785
X-OXO----,0.508658058911002,0.38583232003674395,0.5027522736750348,0.4936232748593428,0.5089373591361883,0.22083517024009475,0.6872379594563112,0.5,0.26283643245872557
---O-X-XO,-0.11943226720298283,0.6434600502843213,0.7440142584510372,0.5095026385189112,0.13658808904957298,0.5047298197395134,0.42591301164805384,0.5010516950177325,0.498625415095201
X-X-OX-OO,0.5261144194461077,0.4381919542412792,0.5413703085049247,0.7202544055448198,0.4205752877083132,0.5322413071802677,0.6872379665101157,0.533187584374847,0.4196156745453769
XXOOXO---,0.5041456854137327,0.5092112709098551,0.4950997283229669,0.491465732264625,0.5091907943444944,0.5012459276133333,-0.2212686289908028,0.23050555327881345,0.6871474809184547
OXOO---XX,0.5038782284053177,0.5065322989238897,0.4938616134061005,0.5044763592149296,0.5082540034176228,0.4129611708313943,0.491101135819219,0.5076633671751614,0.5005455356058762
---XO-XOX,0.7411627186724532,0.6871965711697019,0.452722622717016,0.5232374618750197,0.4066328972207279,0.999264366305617,0.5986175572312258,0.43367886294001134,0.5614720041725714
OX-OOX-XX,0.504667112446304,0.4971535029221996,0.09512060587859988,0.49603451301509077,0.49170435333286866,0.501192396689387,0.6872380839429955,0.5028002238625133,0.4932057883214605
XO----OX-,0.4950640531454874,0.4926893059480028,0.3941591216786186,0.846723238898355,0.6457121306302576,0.35365569917978557,0.5072767222234723,0.4983418317606822,0.05715002569154276
X---OXXO-,0.4943291254418451,0.647111570936309,-0.0028629580957918455,0.6530305660988482,0.4931947416565353,0.497184133578819,0.5062995727471515,0.49315785057744144,0.6939204895105547
XX--XO-O-,0.5047075614088087,0.49772771948315736,0.48487722176298775,-0.08536973058610975,0.5013179602355063,0.5051196177801633,0.2728873682666729,0.5063764199160433,0.475206917876073
X---OX-XO,0.5074824298509314,1.1943077409069387,0.6871496523509608,0.6875574051045419,0.4908620683451891,0.5026863092323742,-0.33403418590625855,0.49761687572273855,0.49235576989459856
XXOO--XOX,0.5649941424146872,0.5513186722564484,0.4307266235114201,0.5400807879587084,0.7422515003127117,0.7305544141160512,0.58423559685052,0.4685258791037621,0.4398571701314955
--O-X-OXX,0.580576851998664,0.43484629696263544,0.34680525055071165,0.16602030699016923,0.44810832768436915,0.3501985989996086,0.8131594009868214,0.44961891007092647,0.5985159462820887
O-OXOXXOX,0.5046133172857162,0.6872379594563112,0.4900843772219469,0.4978653573895784,0.4982933585005309,0.4995423235025718,0.49132635418146464,0.505152039951686,0.4925828179479999
-XX----OO,0.6872415794000771,0.506611349597133,0.5085791044046883,0.0718273569309783,0.47199642926098295,0.03735847157772465,0.6872339401503871,0.4917298874468451,0.5041534267168827
---XO-XO-,0.20840955905723352,0.6872379594563112,0.2009666603759338,0.5040429305553695,0.495120309141777,0.05293020924602654,0.5027713482009775,0.5022125175520238,0.6083757958756666
-OXX-O-OX,0.02312706158888811,0.6275065960484887,0.8679687831170256,0.6835353132733756,0.6854196738823768,0.7783064526761028,1.3814238111397277,0.874769252704042,0.9653685223594476
O-XXXOO--,0.5089393729810248,-0.04590031624910462,0.5037820606329306,0.5008875429016151,0.5012122376355752,0.4978250585549857,0.5026495683776367,0.6513259902711865,0.5053723784091734
-XXOOX---,0.6619134257507999,0.4238625905347585,0.40864689933260107,0.53218579929421,0.4913249961684452,0.45193336186903016,0.30966414864954217,0.31389635092538715,0.39193487223952755
X--XOO-OX,0.49536949161066,0.68721903516575,0.7820995899251371,0.5053552359515502,0.5045081567420251,0.500424738106836,0.6872379594563112,0.4961673942933599,0.5012725615812185
XO----OXX,0.4902031626930951,0.49973032055435435,0.06687297324107677,0.05847712978094666,0.6607924596795797,0.5745306744054064,0.495643895022283,0.4976650133132562,0.5017656414368495
XOOXX--O-,0.5033868781453513,0.501415210847755,0.4938982695221149,0.49489974395677266,0.4960858591486853,0.02868641724875831,0.6792378222172272,0.501867125571525,-0.36801696743630496
--OX-XO-X,0.4732915346654274,0.4571137421449473,0.5030707893921166,0.49131788559818995,0.6872379593645842,0.49721635883191095,0.4935141976073577,0.7125835680586042,0.5075715954167351
--O-X-OX-,0.6443958708538314,0.2490104280532801,0.5041042217407244,-0.08278534164917861,0.499472841738657,0.49027070827619446,0.5053281729605803,0.5069377751894462,0.03670639856726854
X----XOOX,0.4961618808208786,0.41466972480473635,0.9223491203216962,-0.1965541011194547,0.6794728163555717,0.4149487994234503,0.5102195804366304,0.5007111435206838,0.5776441720454369
XXO--XOXO,0.8158193713726986,0.573487273295772,0.2762613607523986,1.2417289635682083,0.6855664826724073,0.39404036697718714,0.3951250870133016,0.6592720879917133,0.30276293526513387
X-OXO---X,0.5006635058387977,-0.05182973907042443,0.5002665233620943,0.5088092288119584,0.5061122929736369,0.5391411396473501,0.6873094920163073,0.14262073302693146,0.5089349911539572
X-O---XXO,0.5041131876303317,0.8660412947668766,0.5019047122366017,0.691535861073969,1.3451316834639433,0.6875992173021154,0.5077108358788346,0.5014382556220652,0.5026146144112823
OXOOXOX-X,0.4477726959969288,0.5284410382440348,0.548748890160381,0.4135661084950136,0.4988954107282272,0.5097687035895372,0.515494057580733,1.3298026970848884,0.40043731650623604
OXX-OO-XX,0.4939571679122346,0.49903538865391617,0.4991708404542652,0.6872379509011395,0.49516246648480794,0.5024412518074114,0.4662364198732153,0.4950032520307072,0.49205515805418
-O-XOX---,0.6872379193474762,0.49055425876456266,-0.08465714530956847,0.5001582178020473,0.49434318322728976,0.5097003868868476,0.6455909712967738,0.6852815862537663,0.42730488146369006
X-O-XOX--,0.5091148815089416,0.42788777209481804,0.4976517972905465,0.46575136959870284,0.49474935903651773,0.4932024075816691,0.4997136997894383,0.9893822328247099,0.6452122645708754
OXOXOOXX-,0.5621093604172953,0.5815960748142894,0.517638076005306,0.41814489803007326,0.5726743207887797,0.4783570050988227,0.5523452287821452,0.4117546483721133,0.6872379594563112
X-XX--OO-,0.5275681990001639,-0.34810450016428585,0.47227237039294684,0.47268019914420945,0.6340487931549617,0.23631129677924428,0.47153080218174304,0.5463217118210243,0.6872379240140314
X-OO-XO-X,0.5070469177326452,0.015209690852228841,0.5035874876224306,0.4949990524795146,0.687237960684053,0.504288345302707,0.5050198444859291,0.5993939371704797,0.49574190610040136
-XOXXOO--,1.40761327687886,0.7250951487098062,0.3278489491368083,0.9264225647587517,0.7593550937548909,0.4742292650701926,0.49039267188968994,2.0166727416714316,0.25899212129385607
-XX----O-,0.6961634038465506,0.5034017276309316,0.5070675247247358,0.343057867909339,0.11022912685573438,0.19748515447301307,0.7452049021739021,0.5076377464251951,0.14621065395424038
-X--OOOXX,0.6868315742667331,0.5024429717542601,0.6872379594563112,0.6782648219028647,0.5080508974350071,0.5059283255848951,0.49224428435172646,0.49684976856988133,0.5009098424725821
OX--OX--X,0.4435883153346808,0.5769326382629125,0.08905649017075046,0.04701476178401398,0.5505778231096039,0.50656915961675,0.7043782584005115,0.10334362294211324,0.5388695737140027
XXOO--XO-,0.49265666750181625,0.49823922542854665,0.4968807786586339,0.49198650474641725,0.49563816488070533,0.6872379505365273,0.49769355332699433,0.49209692643834085,0.677756735488921
---O-XXO-,0.6586718754876625,0.6615683468673506,-0.3348776703190579,0.47612677658621944,0.319096011372498,0.5082002099096208,0.5008001726549807,0.5616677913532794,0.309622966718908
OXX-OO-X-,0.4943840414375465,0.49637959393119174,0.4999002683314416,0.6872379594563112,0.4946705570099069,0.5074836897172046,0.49937359393375297,0.500178665559402,0.6853651253351143
XOOOXX-X-,0.494322524052412,0.5036036694384752,0.49718610064907387,0.5042801739148515,0.49321932789631645,0.49422792040358,0.20611670783920677,0.5048793866838361,0.3014671311185734
O-OOXX--X,0.49379642418183217,0.49683487734938103,0.5032347872315006,0.49689966329256136,0.4993217554226789,0.5083572321080945,0.6786872811813341,0.6872548010046426,0.5070745971209838
O-XX--OX-,0.5051573239143811,0.9213693381961113,0.5056193465108574,0.4931520688614989,0.6919560190754582,0.0030285215083171724,0.4969623552506931,0.5097273066500392,0.5453099127844525
-O-XXOXOX,1.2804665404604278,0.49408715639778245,0.857830311879747,0.5036799027885563,0.4954399813757666,0.5066607450888845,0.5059693504592133,0.4990113539461049,0.5071354339264159
XX-OOXOOX,0.4902603888045808,0.49096956495245025,0.6872379594563187,0.5045837180119082,0.4976330358960607,0.49550393682627564,0.4969205353066553,0.5095991677045639,0.5034715007673017
OX-OOX-X-,0.49853483345904404,0.49323032344301176,0.6872379594563112,0.490090775817147,0.5047639131108925,0.4993340840781554,0.6872379594563112,0.49708089293350766,0.6872379594563112
X-XXXOO-O,0.5009380736423491,-0.30094816682400816,0.49183327725468806,0.5039254310023396,0.4954690901866039,0.4997084880038235,0.4990379374908608,0.6872379598779543,0.5012805608406778
-XO-OX-OX,0.2946729504473341,0.49307163073717963,0.5072234611886992,0.03109589406802027,0.5093553486329959,0.49939502942946296,0.6872379594563112,0.5017521477632211,0.49181721621808233
--XOXX-O-,0.5434742930909447,0.4521791206839654,0.5061785427175102,0.49645858622930733,0.5095896570586237,0.5034291815672284,0.12708003290806658,0.4960663426590438,0.5313568822800464
-XOX---XO,0.15028143429847807,0.7608957738297676,0.3888640920716927,0.752739617923062,0.6871009458193299,0.6794728163555717,0.3930535517456528,0.277284045435107,0.2718759856110623
XX-X--O-O,0.49295741334731874,0.503383060141503,0.6443175433244542,0.5068389475293427,0.7269644006904415,0.6443548515911087,0.5000472812319389,0.6873139726883327,0.49593247093224024
-X--X-XOO,0.42354852034447055,0.407768000454974,0.8023053612603904,0.4298504938113647,0.4175135515267232,0.40077739674870466,0.4520649634790287,0.44972492072263476,0.5698359276717546
X----X-O-,0.4985730775154319,0.7948321118719719,0.11022902311206906,0.20441126815955812,0.5880094629389219,0.4375082807744745,0.19394528386376797,0.43713237435300806,1.1922741523048708
-O-XOX--X,0.40803624479049094,0.4953029475749897,0.687237958527268,0.4112535309432603,0.5022247174525146,0.5697846152778762,0.6318369955443984,0.6872371968833847,0.5390699446246121
--OX-XO--,0.15281668492059386,0.1412611030640869,0.4902845193047353,0.49151485811325124,0.687237959456318,0.5040197623080307,0.5021016283205547,0.6880947993448161,0.2471867857912855
XOXOOX---,0.5028416339022458,0.49757638191506176,0.4990176364645111,0.4912502855026086,0.504482971596656,0.49960568440094916,0.5008973195936249,0.6872377656091493,0.4994205089817844
-OXXOXO--,0.09569215638993567,0.5007432725019371,0.5696889518541117,0.6309856481638767,0.3432685602161115,0.30359614574550897,0.4922901523588057,0.6696299852570018,0.6868785765925925
XOOOXX-XO,0.4989517770725917,0.4936701119989627,0.5075244844943573,0.49043097428334054,0.5030468778445414,0.504304808714978,0.6360287764796683,0.4901648768118449,0.4958825217617171
---O-XXOX,0.1943856351743385,0.12510148621922723,0.4171277773912192,0.8901895876606157,0.36695688100433743,0.4808731946750684,0.49942430986237696,0.25292431422948314,0.010255962421998444
-X-O-OXXO,0.5632771392669816,0.49412325624451076,0.6476156796735809,0.5087957512539926,0.6872381266977216,0.5028945135816778,0.4950309042115215,0.5097836029456881,0.5062891807313357
O-OXOX-XX,0.506676142691771,0.67832173994653,0.5041298644426763,0.49112306337866757,0.5064779952112825,0.5071210633114193,0.687237959472803,0.497002629394697,0.5074439386473353
-O-XXOXO-,0.3856052151377556,0.49527635354582883,0.6565013405808058,0.49324679040607006,0.5099501182805448,0.49851683490839505,0.5031572046100247,0.5045242634384495,0.31194594337222487
O-XX--OXO,0.5014795240887107,0.6868227734084968,0.5059146019789033,0.5074514129522729,0.6473020225177233,0.6777473132799959,0.4947144216507916,0.49808758392428487,0.5051237815220194
OXO-----X,0.5092374447389338,0.5092809479477799,0.5086143746551735,1.1045497245714402,0.48719578848227024,0.379218634386208,0.6782710224137989,0.6451396080429114,0.500325977386115
XX--XO-OO,0.5390150597630656,0.409578669558334,0.6856204078707362,0.6638855289701706,0.48462451198705836,0.44846608052244935,0.5400366378968623,0.5800993710314171,0.5097532144449418
-XXOOXO--,0.7194325518201257,0.9756821572952722,0.7963455780947561,0.7508321154218638,0.5820256659867077,0.2819288635684215,0.8378071584225131,0.38068062944524605,0.46141882910312615
---O-XXXO,0.3735174313806622,0.4023362473419264,0.03422272244955704,0.4945473966564542,0.48298525289470595,0.4915317388287767,0.5034578598069165,0.5019100078299429,0.5074085106576658
X-X-OXXOO,0.508600315466337,0.6872533345980624,0.49971151503974176,0.029560246456325545,0.4998900308345826,0.5003636412354933,0.5030387293654913,0.4949421992728183,0.4993041629628197
-OOXO--XX,0.6872379594563112,0.5055750928220584,0.5000674780183348,0.49613173498066615,0.49322162699897054,0.587621206030331,0.6872379594563112,0.5098134951139807,0.4956306649828638
X----X-OO,0.4937000831852113,0.7391439105258555,0.08420852592257844,0.2823742088919403,1.157307271611554,0.4903561746480777,0.6783269226756609,0.5052229906703286,0.49987467682262526
XXOO---OX,0.49813618074864036,0.497335463331583,0.4921214355924124,0.5043341806717826,0.6872191322281967,0.4916355104960025,1.5597489389688046,0.5040489757450285,0.4956227353254112
XO--XOX-O,0.9497039294532545,0.08557250117994641,0.6872377945639802,0.5939919751863703,0.6406478230987318,0.31913462436873163,0.23373437883134585,0.028530450028281917,0.9284366948103034
XOXOXO-X-,0.49452290732502,0.5009026064182217,0.498075638546744,0.5075300428247053,0.5095873525738678,0.5088178104866263,1.0228971146318546,0.4901275569489457,1.77182904233937
-OXO--XOX,-0.3383651109473471,0.5743460707564728,0.41193841987574437,0.5068434439436994,0.6855664826724073,0.6543996770101057,0.5129789069361588,0.485103367062722,0.5280503710958999
OX-XO-X--,0.5450456952821731,0.5819347015617818,0.08534966046009002,0.4330767843862931,0.49210588331775496,0.6585272866726641,0.4805018138676237,0.6521456686709305,0.6872097499174691
--XXOOX--,0.6226905396738643,0.10321290842872383,0.5554921572171605,0.5738271207837768,0.4559072360529825,0.4209290523653842,0.511312095370468,-0.2711947177716626,0.05072511231761534
-OXX-OOX-,1.981890597163152,0.8887492814845857,0.9226371842702284,0.6435097993742125,0.14319786850826455,0.5130426408599733,0.9822191759278287,0.8546155833303504,0.7829130337471905
---XO--X-,0.7205026387997535,0.6915685771622657,0.680705984781122,0.4919548702955377,0.5075110205162189,0.1891102993410031,0.447248187261689,0.49400545737362717,0.0158523579073907
O-OOXXX--,0.4959405566014591,0.6871463649077088,0.5067183706843325,0.5026739468736818,0.5025505623440188,0.49270483762423245,0.49583475603108373,0.6266248919711949,0.2095947380151616
-XX---OOX,0.3838322167749164,0.5020618606592341,0.5047195761409224,0.6331752570327652,0.26723667939997375,0.5902662694356182,0.4957838220762229,0.5068607528821153,0.5091376444944407
X---OXOX-,0.4979661041725578,0.5092951805658668,0.687237959456313,0.5028136455621457,0.500216214099221,0.5048248289986487,0.5048087630399869,0.5089518754429377,0.6854007870075944
XO-OOX--X,0.5370535916175723,0.4386421622064244,0.6872379594555599,0.5651429610785694,0.5072770766926997,0.5278116722011995,0.517951263591796,0.623400076649052,0.4309362160333468
O-XX---O-,0.5008824462447402,0.6473920036136344,0.5077967552159326,0.5065436673769481,0.6851941290803771,0.507731185597179,0.2696320999190501,0.49038065027863703,0.6456840070304112
X--OO-XOX,0.4956384548159996,0.6872379594563112,0.6871520938077199,0.49621994737984654,0.5090760770342463,0.6872336838430237,0.4921702093650198,0.4958204050461498,0.5042848793164433
-XX---OO-,0.6565282190715043,0.4399316205909013,0.5173062538145364,0.5096384459044072,0.63559148122232,0.527545936964859,0.48073656735972875,0.4254566631509528,0.6871805808540788
---XO-OXX,0.40987277090168395,0.5083615683374063,0.6853931268865574,0.4992503376847913,0.4922062175134197,-0.4129451963756119,0.5053766554988488,0.4969704886089945,0.5073813489552369
O-XX---OX,0.4601225334284238,0.2492359469935973,0.4598533274027321,0.46738005954455086,0.5639693979753309,0.4491504594434884,0.5159942305811719,0.5608634098726505,0.5680284659951725
OXO-XXOOX,0.5001329549961839,0.4956419486226919,0.5042304713600817,0.6872379594563112,0.5063781697113243,0.4972889356691894,0.5018748859240844,0.5094970618215944,0.49056005531856295
-OXOX--XO,0.9844285471773251,0.41978593184230006,0.2997054308136933,0.058364355714662364,0.4915763962090871,0.17669038494322958,0.6861716543603187,0.5131140621631047,0.9580777166891029
XX--OX--O,0.4928609954210335,0.4921627665045767,0.16445235925001978,0.9594230141778617,0.5039898772282049,0.5026626715322877,1.0820152852709053,0.24180890889285167,0.490520607902187
X---OXOXO,0.4968902610954996,-0.011867592563177043,0.6872379594598597,0.5092933799399243,0.49644280376712807,0.5009993446418252,0.5041740818924554,0.5020004327010814,0.5081767391490146
XO-OXOXX-,0.5025347347977069,0.5018672666260406,0.45503695477094885,0.5094673986256626,0.4925574781786299,0.4986339281872127,0.49608780917837464,0.49571776458743444,0.08625258801220109
XOXO-OXOX,0.4928598026990513,0.5040148672892341,0.49087872534608323,0.5049582914938415,0.6872379611020059,0.5067699279699018,0.5073851625579967,0.4993080028623444,0.5091780208974529
---XXOO-X,0.33672564375188074,0.6682407641709969,0.508077722992791,0.15785991316486958,0.013590824214608554,0.2732253876749805,0.3885563722062748,0.6135867593498114,0.05108036858753118
O--XX-OX-,0.5081908710665551,0.299905480305219,0.32797587951698415,0.4958540868506924,0.49997075098066035,0.807090446756682,0.5014274822787288,0.5041279224856956,0.6359903944475537
-X-O-O-X-,0.30497278116501836,0.49798509189603013,0.11715518939077096,0.49704553433687637,0.6872379509768519,0.4966561285642788,0.5608339382745687,0.49258503375909096,0.36192536097203065
-XOXO-XXO,0.6464186838333049,0.5034676643044848,0.4903337702412347,0.5009203828781418,0.5002977140358943,0.6892421596514203,0.504735250209475,0.4955765657374685,0.4913686533006531
O-OOXXX-X,0.49933813268151594,0.6872335916523791,0.5036837582805284,0.49399264781976937,0.5029229950437375,0.502234983362616,0.49386539146314434,0.5300644462871071,0.5074885059069852
-O-XOXO-X,0.007179890442920223,0.8467891162702816,0.6690618528993848,0.8522202947824826,0.09513902504010474,0.38828993283459357,0.20808160944413112,0.6855664826724073,0.7978269647293578
-OXOX--X-,0.21456272690743772,0.5016411271648529,0.501488269304787,0.4956417577592841,0.503541310697159,0.34964645400470185,0.6868981112887678,0.4926142519242957,0.2478070308567819
-XOX--OOX,0.7147480925393467,0.5070325433688291,0.49538512459289813,0.49580681516687053,0.6440815393269514,0.49956429418560205,0.5029408735358462,0.5095330195544638,0.5000633548753167
OXOO--XX-,0.5008517821976269,0.5006691728230593,0.49006504025668396,0.4932748000460345,0.5094561376868515,0.2582099127602968,0.5023227364467088,0.49351340998799476,0.7454208308521586
-XXX-OXOO,1.5290631782613475,0.49361812905166463,0.5051830217816675,0.5018033472106128,0.24069399684908993,0.49254730941881886,0.5029610138894626,0.501637811218295,0.5018708557778997
XOOXX-OXO,0.5088978187836586,0.4965786998753666,0.5075338860551268,0.5087900046628591,0.5056889004551989,0.6872379594563112,0.4904721609793462,0.49512468773579,0.5062046621034342
-OXXOX---,0.6725066608494032,0.49218482113476425,0.5448898164312012,0.5322158852300322,0.5309407687095921,0.5428952110066355,0.29048696408692765,0.6872379581392193,0.5307142354801253
-OX-O--XX,0.49075291864092635,0.4933428958384504,0.4999385840149448,0.6454181235914151,0.5018692800327434,0.04642784290289159,0.6482081512857177,0.5045398468294704,0.498248069500101
O-XOX--OX,0.49131395081035895,0.2422821548183749,0.5053076087176145,0.5067947142638496,0.5033292646118311,0.026248067930999763,0.6872377782042587,0.49858334574319996,0.509790163631516
X-OO-XX--,0.4910089182211331,0.549331492699562,0.4962831439397667,0.4942127169872338,0.45911325012163406,0.5087046798115432,0.5079057897352973,0.11022506446260638,0.2323754648689892
X--OXO---,0.4908428812393943,0.14717207361097573,0.8814226798784853,0.5079424701941151,0.49685400410781033,0.5082143202276066,0.6979173623276258,0.5914962853412341,0.1332003038407188
OX-OOXXOX,0.5082281378219642,0.49365845052869745,0.8572383367393248,0.4951115139152795,0.5018679358101783,0.4949038369797028,0.49077770162880247,0.4996879550747902,0.5038074802669789
-OXOX-OXX,0.6875054151872927,0.4905973662151572,0.49954398326059263,0.5044484546812904,0.49930580883507913,0.6666912214023405,0.4903988881214019,0.5045195096794287,0.504038979488398
-OX-XX-OO,0.4355132986557605,0.5826590691068493,0.40417742381567134,0.4508473229509621,0.4109278605379947,0.46006890222063657,0.6872378051783641,0.44504403846483087,0.43602439086857964
X---XXOO-,0.4949683327868479,0.49320324997081927,-0.843442710895274,0.4961740312565539,0.4970168043282514,0.4953220961711059,0.503415716169915,0.49047146057140384,0.6931241288200379
-XOO-XXOX,0.12273800232659582,0.4296947314103534,0.3490450725569426,0.5966941124360915,0.9863565903455698,0.31737572274929515,0.3982876324357454,0.4023998272939475,0.8513095859675216
XOOXX-OX-,0.5065712556753579,0.5073539173644801,0.5086172882876872,0.5075391049850626,0.4920361276636762,-0.21724118398532155,0.5048885194067614,0.5080960219225894,0.9293734859301979
XO--XOX--,0.5906859606945007,0.6405741764048725,0.5156746380026435,0.16679342405446163,0.04756543819691461,0.22546320613221604,0.31036591042693784,0.36895358220457686,0.4310400809919441
-X-O-O-XX,0.009626358800892909,0.047737175692010525,0.6889766663159206,0.2726632297484295,0.6513501383002744,0.9974876627595313,0.31059794351175585,0.2624521878517808,0.6045947795272385
XO-----OX,0.49805700344850873,0.4981992394707017,0.6836292495083316,0.4422540676209936,0.6872379597821971,0.19721491167897331,0.08330281132904771,0.498433290623324,0.4931597835554649
O--XX-OXO,0.49267691655940454,0.38157535189631353,0.7453730076965769,0.4960459439426498,0.5042887858400821,0.6665422921923889,0.5031923864669609,0.5050982539356748,0.5094221368457391
XOXOXOOX-,0.5000862011698624,0.4927525995615546,0.5021672032824706,0.5037627144334078,0.5049669761271438,0.5011892718533693,0.49744214248740115,0.49848357892377876,-0.12768697159789433
-OX-O--X-,0.6700242569970407,0.49195513452645717,0.49363178098307675,0.6871950946883257,0.5049465570914956,0.72998165932961,0.1205997249799774,0.49138983051155644,0.6871644312211813
----OX-OX,0.6779508322782951,0.6851915768573107,0.7071661038446524,0.6667147957158518,0.5049003760765876,0.5025937930652612,0.5064403094176309,0.5015392306914125,0.49972073862749694
--OX-X--O,0.40432337025300535,0.20897584051355345,0.5018623408316947,0.5085147016208462,0.6872379596711673,0.5029081240742325,0.6757114270180871,0.49833639166558397,0.4938151612407109
XX-OOX-XO,0.5009191048093962,0.4974379125401186,1.1944317617033222,0.5056292488619809,0.4966989295004971,0.5097635601898893,0.008205220218328257,0.507429014945749,0.5020637997184774
---XXOO--,2.043582277987289,0.3082162668889097,0.15099230450072088,0.509550935447947,0.5047658971562637,0.4985157765970268,0.5058691181754018,0.6959739129802147,0.5018483703252659
-OXXOX--O,0.6872339688433663,0.5097262519737591,0.4952948562588156,0.49559493071890387,0.4990616204782635,0.4991277347025695,0.6781275309577958,0.6872415794000771,0.49183994525459346
-X-XOXOXO,0.6786943672157683,0.49940182733024746,0.6872379611020059,0.5027674882619361,0.49661474125962846,0.49021370741973336,0.490603973568489,0.5061677104251192,0.495883821759355
---XO--XO,0.6868418443506684,0.6163758886616184,0.6872379501382588,0.4906750645105275,0.5073967673949151,0.6872379606963056,0.8855368086357267,0.5082651612329078,0.5009958388759544
O--XOO-XX,0.5052887262955508,0.4190128260075301,0.5016372671747058,0.4910897147235357,0.49667159330068655,0.5085973731828162,2.066144923210545,0.5028106555608965,0.4944952306392712
OXX-OOXX-,0.5005749237023945,0.5088050229277373,0.5065907824517634,0.6871458740437993,0.4922408718991763,0.5086961904348252,0.49605845555668515,0.5095380992871991,0.6872379611020059
O-X--X-O-,0.4973632790666299,0.49292701228304986,0.4913563662764683,0.9307410479283067,0.6479110952865429,0.4924490472611776,0.7803705944082907,0.5044760459013466,0.7287761225776793
XOXO-OOXX,0.49608049092503465,0.4950188704493385,0.49441119511238324,0.49019998642492574,0.6872379594563114,0.5004314564774651,0.5051471805995628,0.49300510960129035,0.4996389424674422
XO--O-XX-,0.503301625619377,0.5057780883077861,0.10068469964394527,0.5894191900945054,0.4957195778788572,0.011161871742346618,0.4945580434389216,0.504631465009429,0.05042181733137613
OX--OXX--,0.5534170441153359,0.5631950744301009,0.08750326659619645,0.26177949033372094,0.563557531236356,0.49645468230876905,0.5403196335369507,0.6882895500903253,0.4639810951708867
-XOO-XXO-,1.1474605549841674,0.49845048218849225,0.5021169572599253,0.5021665774313718,0.15504590674172847,0.5029723654011483,0.5061328556578424,0.5012969292048902,0.9210145124005458
---XXO---,0.7056242291985748,0.4636758836638385,0.05430439832768036,0.5078692808825094,0.4964217348637309,0.5018819364308835,0.42889854373175407,0.9700051129379714,0.3210610083814082
-OXX-O-XO,0.5089185369167465,0.5024011171415886,0.49981854149122945,0.5083532655737022,0.5243472303541029,0.5018305088610054,0.691476808004522,0.4910212272539311,0.5082623375477274
XOX-X--OO,0.49566811194111754,0.49072655334974236,0.4917037615794661,0.5038754296425447,0.4989728780423308,0.500084386713909,0.6872379595263577,0.5093179756221065,0.5018415261467181
OXO-XX-OX,0.5056693918864552,0.4965962373601163,0.4948124600874848,0.6705955911117406,0.49096118831562485,0.498572239469818,0.4182530573265283,0.5088016834121784,0.4906625050397665
-X--X--OO,0.17888058076837487,0.49170081658644726,0.6782045724697252,0.45079323174464886,0.49821612449127756,0.8429427760627363,0.6458734853875707,0.5080022310918708,0.5090440202876366
OOXOXO-XX,0.5608535797489459,0.4655957454973284,0.43181018899249896,0.5150776249230263,0.557641284156102,0.4072266860127009,0.6872379594555599,0.5340950102839163,0.4029560120067154
OXO---X-X,0.4254244858848719,0.16536768223565956,0.5483753401156785,0.8645238950540292,1.3528835124044114,0.037952653678445025,0.888019219754861,0.20320623751815392,0.2982745921278547
XOO-O-X-X,0.5745308868290138,0.4588880158377783,0.47579819676083085,0.13941926593535592,0.5989222939346549,0.4900571776432072,0.40680140221378114,0.6872379591043577,0.5065859081220653
O--XX-XOO,0.4963961313511146,0.6373651962998285,0.7079830030851626,0.5074541225399856,0.5029740142606954,0.8528148778955713,0.5058366282861219,0.5050413376712569,0.49940307713714727
----OX-X-,0.9771810286883988,0.08636421599188199,0.12271028919170279,0.653491027845481,0.5045350748390813,0.498925753333584,0.5547910253860698,0.4914962849259571,0.48911105864056964
XX--OXO-O,0.40438059065779436,0.5832227909089578,0.628744376447977,0.15302308254372576,0.5529970043548134,0.5930855233988033,0.5179721514158674,0.6872376830923689,0.44143524929335887
XOXXOX--O,0.4981071796097048,0.49210761472640874,0.4935612570158901,0.500750762108031,0.4978462174525029,0.49367609766263526,0.09375877598193261,0.6872381268738453,0.5099116736762066
--XO--O-X,0.6780105469307005,0.05862003311401798,0.4903131561124723,0.49222483273036255,0.15327188427968141,0.6883835786971891,0.5064567487990589,0.7584669855276424,0.505342014080017
-OXXXO-O-,0.4906635241318552,0.49300185651640654,0.5009165329786832,0.5055516479805737,0.4938687896864573,0.5061208787898951,0.6786588626127101,0.5042788716595631,0.5092052502059261
X--OO--X-,0.494308448164833,0.4604125656383965,0.5682782172181579,0.4977701323570905,0.4955206067598055,0.6872379594563112,0.44330945741746103,0.5056164849318893,0.008525870456097873
-X-XOX-O-,1.0314404673497517,0.5101054463463074,0.15089721450694388,0.5791186200460443,0.4289627238315169,0.43483766526108286,0.6646305223698662,0.4446809945375658,0.6778106187598869
XOO-XXX-O,0.5506901501806618,0.4888836196308415,0.5840425778948377,0.5327092304606623,0.495822161271916,0.4598854770466809,0.4273231366650583,0.8858798199713106,0.4733141590467107
OO-----XX,0.5024361094430345,0.5022824471750948,0.6872379594563112,1.1750443166310263,0.5076412868787454,0.312995204228656,0.057286257976027544,0.495766835785459,0.4929780173776643
-XOX---O-,0.45511561979613835,0.49386146057254887,0.497488934413849,0.4986038131615084,0.720746292168218,0.21479275654203234,0.6437969365890566,0.5038470399384827,0.6853975378152344
-OX---X--,0.24950161292475093,0.49107578625506276,0.49669540300290005,0.03860377108597568,0.6904824951579447,0.11014561848798282,0.5095626131578737,0.6134214167645109,0.20498871887185033
OOX--OX-X,0.506060965725959,0.5097500449738142,0.5039263473341579,0.22737689734860833,0.7350107621035753,0.5001872290155411,0.5039416599948402,1.136400045125892,0.5055219244224767
----OXOXX,0.11451015576590184,0.06331631195514759,0.6872379595328617,0.49881274600053,0.4904896142461521,0.49291161430744224,0.503545126108193,0.4997126594244429,0.49111148180204106
X--OO--XX,0.49073382248586334,0.44537149733238907,0.39361326247497674,0.5078642668965562,0.491994964793926,0.6872386697859963,0.07027019607798818,0.4937829882989602,0.5017146312580002
--XO-----,0.1150412247616232,0.12679813765110992,0.49594142885038195,0.49293271434801783,0.6904240279354197,0.02787013267134808,0.9119022301292293,0.07902517933087622,0.21842977059144308
XXO--XOOX,0.4964271777033622,0.5040514013228451,0.4930303885615927,0.49783680095746285,0.6872415794000771,0.490412560419377,0.5089307319155675,0.4939451845689327,0.5086465375146
X-OOXX--O,0.5086628608382131,0.8389901021928964,0.5047864844101315,0.5032268216712206,0.49310302602586864,0.5049895808283198,0.1259827951475092,0.894279306396139,0.4960402027765524
-OXXXO-OX,2.0656532664317493,0.5043952518554684,0.5067167451081698,0.5074840495842106,0.5095636419392124,0.49441341912102105,0.06018522716572383,0.49940373397200905,0.4936794336787394
XX--OXO--,0.5027961453994271,0.5073355037936128,0.64779011883103,0.7503601926543819,0.5008175604296061,0.4932332192298696,0.5053469962125606,0.4967590521811739,0.5041213411043877
O--OXXXXO,0.5911809813790458,-0.3374217266352656,0.1654438962523761,0.47944677551877374,0.4576830562604687,0.5566824929206386,0.4344881023943203,0.40565655460227856,0.4674986931302335
XX-XO---O,0.5040558161777965,0.4917430666947902,0.23451470039803557,0.5057054664456019,0.4958751570879965,0.5012425396428148,0.0988355618107597,0.16898036201804867,0.49497711123616966
XOX--O--X,0.5028395763075861,0.5082801505658305,0.4972893652397628,0.049910709825335575,0.26928498723133,0.505325552218731,0.5006724033302516,0.273983464237483,0.4998246486408268
OXO---X--,0.5749341358590837,0.43720840735812183,0.4536962484912385,0.006125655197698143,0.8151270084469172,0.1630274466228291,0.4216914405632437,1.044142725753085,0.2168921865569654
-OX-O-OXX,0.12281933894111474,0.5064501478717841,0.5097140474196507,0.05392237690651369,0.4906777437282824,0.6934761816584093,0.5064225442418219,0.4984869657300439,0.5013192601408402
-OX-XXOXO,1.1531070640541088,0.5051362210789652,0.4912930295567875,0.37575371206673314,0.49626950874853676,0.5040830731733773,0.5062521466241615,0.5051766165146635,0.4930449319716984
XXOO--OX-,0.5149668318787853,0.5728771905556199,0.25526788559750635,0.7458731469925477,0.6878211318187007,0.04726285440131972,0.8848232286589753,0.4374861782424022,0.05364372288623248
-X-XOX-OO,0.6868785765925925,0.5678364130165249,0.4375492578126681,0.4927480656633848,0.5027522792051272,0.5587334799099275,0.6863195138244075,0.4096380846319451,0.4146399078862245
-OX---X-O,3.041282582183502E-5,0.49464013136845214,0.5018740768508804,0.6132322091782215,0.5269172393048304,0.3141247106531223,0.5056704082317711,0.33099794612691613,0.495138204003548
-OO-XO-XX,0.6731678619651714,0.511740539484214,0.40210024928428995,0.31138503128227313,0.48680355338822723,0.4033948659201853,0.6535991730799662,0.48454180603574787,0.5662121993090098
-XOO-X-XO,0.1381498166565645,0.502177149048307,0.47538501311208187,0.40433700401520667,0.6746852038120119,0.43351232439295184,0.3977175851179135,0.4927928048396438,0.593079624316387
XXO--XOO-,0.5013565276449817,0.5058625116001831,0.4968654324081252,0.6437697341153771,0.6872379598779543,0.5094312879212178,0.492522897554265,0.4918769910895796,0.6455851304695962
O--XX--XO,0.4751065415133292,0.6500579302987795,0.03283041153176525,0.4532159383779608,0.4561908329825724,1.2285479102681631,0.11089499588333601,0.4287699001396267,0.4644277515470028
XOXO-O-X-,0.49370999688425604,0.4997905872965819,0.503033065376835,0.5013263975025813,0.6892421596514203,0.49137509898207105,1.3459641388330374,0.49414307476273295,0.49944165171196064
X----XOXO,0.5334093793074355,5.253351779772597E-4,0.7344504908358417,0.6770812986850726,0.1532424528875066,0.48599926969870605,0.4934199025206579,0.42225700110990844,0.4293345608450782
-X-O-OXOX,0.13689594070832845,0.594213244531053,0.6226441562453818,0.4869465376787193,0.6873305113574016,0.4529642521050312,0.5258895206739856,0.5473665522895159,0.4087571315800187
-XXO-XO--,0.6855664826724073,0.4259171958893958,0.06109266135412328,0.8858416847462527,0.0603545582918954,0.5642746906382432,0.08298382680934091,0.04716052122524028,0.1999695208605753
X--OO-OXX,0.5028590225106225,0.6872379611190248,0.6868350728684811,0.506794936723534,0.5032250612428739,0.6852507669067556,0.5088165721653021,0.5082360646528066,0.503073195217928
X--X--OXO,0.5054344554093597,0.30111380819593875,0.7214085737710217,0.5021517327217471,0.8210974883256839,0.32316252328819317,0.4973040741309917,0.49442084213631177,0.500860583529433
O-XX--OOX,0.424382823459684,0.10277893394739773,0.4924964826264278,0.5477969494856408,0.9152531530098641,0.6940693541759936,0.4975645545660941,0.5316939338270978,0.5208027459506199
XX-OOXOXO,0.5041794017702346,0.495385587542696,0.6872379594563112,0.5051587014640349,0.5028104481955825,0.49958581973414895,0.4949989757251826,0.49091682230449896,0.503412994922625
X-OOXX---,0.2059378575570021,0.19396589156141308,0.5799485378038478,0.8954629472097017,0.1300881777181626,0.5982673415084299,-0.10961322540119744,0.11918024506119734,0.48338339750686493
-OXXXOOOX,0.20756263738465008,0.4908240691190591,0.5023687608430207,0.49621774943886515,0.5002309764133656,0.4956046595972872,0.4908274972493733,0.4949059932578387,0.4970807854635046
-OXX-O-X-,0.9151867378419876,0.7041350602791202,0.4099068516365405,0.2986046965689554,0.7762401508172785,0.08908709480324051,0.31205833833661645,0.6091506160741085,0.32131422995041437
---OX-X-O,1.3962549732488978,0.2161951226353911,0.2592554145919457,0.5011059634352628,0.5026141240241644,0.18876941977134853,0.4981473844349047,0.6789884331230382,0.4943518470109387
X---OX-O-,0.49995393216250805,0.6871452720808353,0.6766546944998435,0.5188165038900576,0.5036824178838639,0.503027389722707,0.4697787275934027,0.5098895021327605,0.6873342299559551
--X--OXXO,0.17060225901945636,0.2527954361978523,0.5933537314835159,0.6672809624242937,0.7183399025138003,0.5611304826529459,0.5522150470217018,0.5284107851287145,0.5715587707660414
X--XX--OO,0.580988276083883,0.22892011874285279,0.47134158577257323,0.42627378725180365,0.5590217715782865,1.378191302506606,0.6872343903642549,0.5415694139303517,0.465545740276271
XO-OXOXXO,0.5086591454234375,0.49229776491141286,0.6872379594563112,0.5080361784649914,0.5085375100114672,0.4970967622275807,0.4967783258338451,0.4955868792509325,0.5020455603236644
---X-XXOO,0.36234350318168995,0.5854548068423702,-0.13038975419820642,0.19867602550684083,0.20786527012584577,0.015466992738547458,0.5650058685369616,0.4370023144304671,0.9357766832731238
-XOO-X-X-,0.060298692428341516,0.8456924277784685,0.9670384490856716,0.16364261100555677,0.7415645079464067,0.38383463626405845,0.5832049154709232,0.14101289236179448,0.10484009779331599
-XXO-XO-O,0.6873094920163073,0.49925020983692353,0.49707660324361036,0.4967919071849639,0.5557077902351348,0.5030888718945167,0.5007707181769009,0.6852802776806826,0.5062195109964527
-XOOX--OX,0.7183520071443512,0.4077739603637781,0.526782103506463,0.5125119645378015,0.5435584643740693,0.6070567980805055,1.0913911818130004,0.5685168347237898,0.4685248979303379
O---O-X-X,0.5027753313675207,0.05438614342389669,0.21005176912285473,0.20580403498687544,0.5042271674300189,0.107433228302456,0.5007155524106703,0.5219652544275022,0.5046817238014019
X---XX-OO,0.33276018348568936,0.6654674086372687,0.31201791759104003,-0.9065032553939092,0.5721854558849812,0.4298221634942635,0.6808561652891486,0.18866073167366704,0.34128010984841717
X---OX-OX,0.49023293888302844,0.6465279895234415,0.6853269402089269,0.5015786197169979,0.4926450405932589,0.4918729863323348,0.6965787141725782,0.505869141403396,0.5069349571624795
XOOXX--XO,0.49162396984990936,0.49015756137345207,0.49952863861094776,0.4966729751380057,0.4966318528530402,0.6872548010046426,0.2708321337346362,0.49245563369682843,0.5027174953813088
XOXO-O-XX,0.42478328544823185,0.5319695762068672,0.594152005814131,0.4519509285368521,0.6794728163555717,0.47086660976333417,0.47011040810619875,0.41356264260573283,0.5196139328178769
XO--O-XXO,0.5002556438763488,0.49335966336735537,0.3263029494982708,0.5111610657116926,0.49528997874440034,0.4023296912543005,0.49672136632435726,0.5079000414432546,0.5041579623400231
XX-OOXOX-,0.5828098409249122,0.49991904982997676,0.6872377945639802,0.4742279631952246,0.526136536455885,0.4081289042259274,0.5974220952305027,0.4255946765269423,0.15137368597503736
OXXX-XOO-,0.8914418624051255,0.32927435161030505,0.6048583405585315,0.9781461451897441,0.8792642787607072,0.8932307254269471,0.08478054457127393,0.17362938888814405,0.6555012605207635
-OXO--XX-,0.6520762084225282,0.4237637518876285,0.5650889927221261,0.5377691984043225,0.4565093360018505,0.6721175588599989,0.502884066503805,0.45931652361886277,0.48440933099054406
--XXOOX-O,0.28753370524474076,0.7225738279604568,0.5212264668443131,0.9083962187992112,0.7893547647090464,0.10076617519563003,0.7045760398805192,0.39728439053333686,0.19083864714029064
XOX-X--O-,0.34274241244167425,0.7220623763596206,0.5298106572258101,0.07521259480332965,0.11239343306755634,0.3606199524464639,0.4466420625075703,0.10798971417386871,0.032388351741133525
---XO-OX-,0.4023778080883761,0.4039936887997147,0.6872338801531768,0.494519944590681,0.4968738516368603,0.6805394983357431,0.5045698600520657,0.508988576850847,0.6872190930758552
---XXO--O,0.6872180029359575,0.6868024883012251,0.6868057172537542,0.4903461067667153,0.5054303392971559,0.4904238052218982,0.6441755922852387,0.6872381251804497,0.5048958307136471
-XOX---OX,0.4924875884049214,0.5090017434350622,0.49833686571387875,0.5065152827119748,0.6892421596514203,0.5013610356577282,0.6925878527605993,0.4921255509689957,0.4969066330361422
OXO-XX-O-,0.47978169559100664,0.5172365579477983,0.4169965604345865,0.18591674574387984,0.5930667694289197,0.4617951823184753,0.6536118491136937,0.4199240374349622,-0.0032509363960766535
-OXX-OOXX,0.4213380407416173,0.49892205902158737,0.4965672014275007,0.49635649382104524,0.5018158201907017,0.49164400630800414,0.5094103370658906,0.49753514188436754,0.493454847735341
----OXOX-,0.687219712142979,0.6852501196441053,0.6467010035943084,0.7510248752962748,0.501819992380085,0.4980291255300382,0.49160421725087394,0.49252021112124345,0.4963143106854214
O--XX-XO-,0.7831102831699942,0.186433555116288,0.49071156384561854,0.030397645823421637,0.25487538530351384,0.15563451245178372,0.1917013756518845,0.45765057822535626,0.43479817368108276
--XO----X,0.17072999059808802,0.2770203161648871,0.5048682835791645,0.49152036715797404,0.641887886476863,0.6803115318123506,0.15528006659345656,0.9055490264975607,0.500230404878261
X--X--OO-,0.5379863593499623,0.4464437502620323,0.4671448026099063,0.4361527556846264,0.4679973171786149,0.6790673535671258,0.5538553710252238,0.57624890861248,0.6872379594561496
-OOOX-X-X,0.6872343903642549,0.36406375380669476,0.6093838800729293,0.6278518630220914,0.5645204320046813,0.24016823986181102,0.4511042746199502,0.33767002340864805,0.2582306470630791
OOXXO---X,0.5088841321583158,0.5081605983316224,0.5060832237259116,0.5079603606324737,0.49976483862564575,0.787438940478928,0.5084474364085356,0.6872379594563112,0.5089707788104908
X---OXOOX,0.5147567837556392,0.6855664826724073,0.6805907528139661,0.5268966906538369,0.49107751086371976,0.45891831577983727,0.5890415597448095,0.5663622638014114,0.47452925022218717
O-OXX----,0.5011183615825895,0.6872379594563112,0.4917877267801986,0.5010876923774896,0.49210822392177,0.6872336079657848,0.4114819474075489,0.3964667183606154,0.8152777427020091
O--O--XX-,0.11270842692522676,0.10051015663991347,0.5430395842905231,0.489377093376136,0.7764154869728315,0.07496863493090877,0.9932964869362588,0.32286733911994925,0.059230950002098215
O-X-X---O,0.4793403584893668,0.406830230480051,0.5562341495525417,0.10072510019042069,0.4960779804940303,0.45685194048875377,0.38795087032727493,0.46930408375299326,0.5169553507402278
--XX-X-OO,0.4911946735593541,0.49806847589594916,0.49469932400518346,0.5078199786164891,0.6872386697859963,0.49893238627553055,0.6872197501889549,0.49310370602792136,0.49348829912975545
-X-XOXXOO,0.6871435652602064,0.5654224994740003,0.3650483965824507,0.4649556431085855,0.46641595613514625,0.4111218515383899,0.5720052285511733,0.5731486161316858,0.4263530499311551
O--XX--O-,0.49073862086090386,0.4916726809031454,0.35308816851056973,0.504395896556318,0.5005709736984543,0.6855726999924786,0.14949702041522178,0.5007569510118062,0.5787205354742488
O---XXXO-,0.4910021224813489,0.027972317303057936,0.49869321847356574,0.46937517444814003,0.4984059736307866,0.4943572612940104,0.5014578025155428,0.5039274409132779,0.3303857817724438
--OXO---X,0.27227721543553685,0.6863329529386731,0.49983205225084737,0.49520335937101095,0.509787411165278,0.7551618318844293,0.6872379575135299,0.6844685511100751,0.4986820910077705
OXX--O-X-,0.2518357510281478,0.700065265521342,0.8404259685935422,0.23507657515895347,0.6845412100626412,0.5978423709174756,0.5124973964842103,0.15275905432563275,0.8672473636677074
-X--X-OO-,0.77738268580591,0.5095069677212953,0.8055258266960417,0.6872183136011368,0.49972373706372997,0.17017870779234223,0.4943897148129809,0.4920048911643476,0.6854051203195872
OXXOOXXO-,0.5027961580638889,0.4909853907243569,0.4977045620924131,0.49812740103029934,0.4997265387656226,0.4994603612727437,0.500844959178915,0.5077387711858067,0.6872379594563112
XX-XO-O-O,0.5076709260897734,0.4929449863533253,0.6852439540953955,0.49359770078753934,0.4992866828978371,0.517432544357364,0.49419694489648625,0.6871531261793462,0.5091144437889784
----OXXOX,0.4402353419602262,0.677973659109947,0.6853389823281324,0.6390713442455478,0.4972945561399995,0.49652302786079233,0.49589444268669813,0.5095971789644274,0.4995152182814968
XOXXOXO--,0.5061989513495195,0.4978318873698199,0.5002081261714443,0.5043777936886464,0.4940025308554792,0.49969522494788643,0.49193358950590754,0.687237959460498,0.07389368295925514
-O---X-X-,0.556027815141507,0.49076957465500914,0.31252888208032203,0.08401946524828918,0.0030594087841501194,0.4926935641934764,0.5446940966746023,0.49514729665064683,0.3112443505939546
XOX--OX-O,0.5070144224465583,0.49728177119199496,0.5023229789708871,0.40115725399278046,0.7081584583979966,0.4991012860333186,0.49135062261496276,0.6064950800447205,0.4927947969775029
X-OX--O-X,0.4983193582402033,0.6134158764900028,0.49026990376963253,0.5028597189616207,0.6781370374380923,0.8713757122789952,0.5032051195466594,0.05633046497419303,0.4977568785698387
X--OXXXOO,0.5090333227248134,0.5744155176069098,0.0023352089067485426,0.5018920101622649,0.4951181981685338,0.49896213414891,0.5061734630453685,0.5049476312856787,0.49867275644141534
OOX--XXXO,0.494029801164505,0.49536752949892326,0.4905033165216628,0.7459762181338221,0.6872380839739711,0.4964314245558986,0.5005028881528644,0.4952216755382455,0.4956152030794831
--OOXOXX-,0.5099080119684287,0.5024601566477337,0.5031424536466034,0.490417953147673,0.4984787271930233,0.4915132913792923,0.5003649471181473,0.5069187991351652,0.6475247401799529
XOX-OO--X,0.4961400899041417,0.49908683409577925,0.5096831895740881,0.6871481454857777,0.4996551409891619,0.49287132340490075,0.6872379594728224,0.6872379594561228,0.5000064624781888
--XOO-OXX,0.6454828184453645,0.5656039451576087,0.5054202053406294,0.5062781597218048,0.5051467057061377,0.6872379611190483,0.49705188882062956,0.5002418979711623,0.5058316569297129
XOXXOXO-O,0.506105784470127,0.5060451044157854,0.5007712288594199,0.49486760489873455,0.5056596910979729,0.5097599164993817,0.49816707072327937,0.6872379594563112,0.4924649388636388
-X--X-OOX,-0.6555295280451767,0.4920534863360019,0.4746817940137942,0.5259428643256246,0.47069785560848687,0.4259749737363647,0.5146988444196076,0.5983979253514076,0.5232965855733175
-O---XOXX,0.6102771035807375,0.45488614131313576,0.09769529433849877,0.8649697335275881,0.52497918747894,0.3902825561818217,0.25177323704074883,0.16005291978140046,0.7755924560575628
O-OXX---X,0.49914051937192083,0.6448724174367033,0.49254317942606374,0.49203898863264417,0.49219390658937323,0.4440513445226439,0.4933299725521842,0.4504684001229716,0.49133596007563024
----OXXO-,0.9712252689788259,0.6872379590469462,0.30967670004308145,0.6793645321583862,0.5084336161670734,0.4925531640507718,0.5072664844708303,0.4943389584268587,0.4036557820601402
X-O-XO---,0.4946732893427487,0.5309682654299881,0.49676686068086123,0.4969100825925493,0.4971060779360217,0.4995587224022338,0.6852185629979646,0.4713453503625561,0.6872379594563112
-XOXO-XO-,0.865924366279186,0.5018151177513479,0.4993428314650216,0.496896004276698,0.5056988554272033,0.24864281182324832,0.504305999518999,0.5080448272278125,0.1381552973073662
O---XX-XO,0.499156241126799,0.3921693834352431,0.2359954994317528,-0.060028419890618356,0.5042795687514676,0.5051226712964744,0.29566974737555163,0.4965041710342203,0.5095297608766207
X-OX--O--,0.5061375289188612,0.24997308824308329,0.5050350197823005,0.5047709067031523,0.6872379594554716,0.6469469408282872,0.49217086027917223,0.07350551772556346,0.6872177515396215
X-OOXXX-O,0.5037660383329525,0.534697480156811,0.49160598076484857,0.4977814010229537,0.49062200324209465,0.5029854780602341,0.5076556262629361,0.5338741446211663,0.49927515564933433
X--X--OOX,0.4929571215086154,0.6781179451482786,0.3350268689589444,0.5080045640631724,0.7951923229144087,0.05239488639704648,0.5057506801976639,0.5046232012439248,0.49450119510865975
OXX--O-XO,0.49473503246868594,0.5037863290534544,0.5040354643364996,0.08058780199877158,0.686820193219605,0.5056329033653275,-0.7600023845292805,0.5031074220958072,0.4975743451727997
X-XOX--OO,0.5352081553725544,0.14482465279324025,0.5652850726537204,0.535254274075019,0.49920885157275663,0.8364399498053627,0.687237272348333,0.5381498860881168,0.495696604698444
XX-XO-O--,0.5079077375760578,0.5007648996943322,0.6872379598124359,0.49116121004186253,0.5023372016226234,0.4502564582114171,0.5059494375687991,0.6970770678337921,0.2667670829379054
O--XX--OX,0.5022067244788625,0.7159794181922231,1.3153076735577856,0.5057776397702703,0.49200986877388514,0.07328759214061875,0.4964867454781406,0.4940708022372202,0.5078199087531333
X-OXX-O--,0.5097239828051712,0.30910146628105684,0.49623885734970896,0.4955614646306843,0.5013389312239022,0.45034919796766426,0.5012181311194371,0.7813273733549548,0.6855287756603141
-OXXXO-XO,0.041824818748308124,0.5024106725952181,0.5025170095820212,0.5042159499271203,0.4957738923559284,0.503907402080953,1.2436885050293323,0.5011926932593235,0.5040848312915965
OXX--OXO-,0.49379160702305414,0.49346512517573177,0.5088643292570322,0.19283072711475585,0.6871469129538469,0.5002639100070634,0.496875294978591,0.49528754209444464,0.4922847508873349
XXOX-O-OX,0.5090120077343763,0.490611437196221,0.508500458619639,0.49004934922816784,0.167232868308211,0.506583568494359,0.45590210135315645,0.4963933911064254,0.49344717178018177
O-OXX-O-X,0.5085815476972364,0.6872379594368709,0.502321056909875,0.4913032727065468,0.5071437548757732,0.37860549444466507,0.5073714098733412,0.3123897280431553,0.4902729303085786
X-XXO-OXO,0.5041351180952169,0.872673544973709,0.5098425864122487,0.4923190624633593,0.5078037071303724,0.966540002734436,0.49191969262390545,0.4910240589416679,0.50527388396726
-O--X-OXX,0.6872371001268636,0.5032281718433426,0.40986615427272044,1.0696637787641579,0.49156921844623813,0.29850455171183077,0.503103194358119,0.5037819100268883,0.5034447027917307
-OOXO-XX-,0.68716070780659,0.5767414247776215,0.5820949287938469,0.5926547335269472,0.5419025288316014,0.22021284608382297,0.5952895161558998,0.5988574297850036,1.2046514768507053
X-XOX--O-,0.49783599774012555,0.23403461774618511,0.5006831259628229,0.49075437176969455,0.5026275584753808,0.0034589000430808037,0.3187073734742345,0.5081975356337028,0.6180369563736634
-OXO--OXX,0.6872387356358619,0.4958867550180589,0.5043546853583931,0.5071280181125165,0.4076727315859099,0.6872196864162465,0.5013000510903917,0.49710428801392387,0.4944363716773997
X-X--X-OO,0.4990224890041815,0.5077769775809077,0.5042848424051951,0.33916601494763976,1.1141545467228182,0.4959813862886684,0.7239367454377589,0.5021905821839173,0.4924907732784612
OXO-O-X-X,0.41777136286911165,0.5701290683296208,0.4777092084012896,0.14048827994733093,0.4516826817896658,-0.3654047629463174,0.5090382178847607,0.5016254216685072,0.4775634335347633
O--XX-OOX,0.4718625749360862,0.317648552109811,0.40909723199774944,0.5467369738795046,0.4629314738366481,0.15325447972281958,0.5268958243462213,0.5119229640369758,0.40391602294114254
XXO-O--XO,0.49044469989334527,0.4937216321873631,0.4982355042893136,0.6778482013332201,0.49427130029728034,0.6872380019164734,0.49673190276692053,0.5091664100612545,0.5099282758778687
-XO-OXXXO,0.6872339951369735,0.45684466675927765,0.5262360325907003,0.8961054075754127,0.5073307565194917,0.49254357205866867,0.4288868924753886,0.5984588375319755,0.43258071719859736
XOXOOXX-O,0.5001217422204498,0.5086860109030098,0.49918746692446897,0.49855422951357947,0.49600798519752454,0.5047119664945919,0.5064633278880256,0.6872379594563112,0.4913826189942586
-XOXO-XOX,1.3512925213412568,0.5928106622564648,0.5750905341726178,0.5345067759060553,0.4646767272209875,0.04257204263331049,0.4233171054240832,0.44854096239440916,0.4436529681958785
OX----XXO,0.5077240136015899,0.4988720755037702,0.16814009938654745,0.3642314189779363,0.6872503197633708,0.6866783197858611,0.5079918691149267,0.4988954774040047,0.5014143645399946
--XXX-OO-,0.1368802463247818,0.4552912939563727,0.49330431593917123,0.5059087281479702,0.4954861407122032,0.46371210297007925,0.5053900291571518,0.509814665038302,0.6872379576573125
OXXOOX-X-,0.5568432464156582,0.5866088825233484,0.49728457405932613,0.42132087916713007,0.4122950038954805,0.4449081441612909,0.6892421596514203,0.4812556132695716,0.6844563388182022
-OXX-OX-O,-0.2651499558838625,0.5023118096628075,0.49566151575811057,0.5059973611784395,0.3493043973740224,0.49881393107570426,0.49323146589807676,0.002475042777535519,0.4954763462313104
XO-X-O-XO,0.49307219614238323,0.509811037831594,0.5063932238772147,0.5058507123795888,0.2666628198022193,0.4968278306732883,0.24686568303402684,0.49868646770758074,0.4934290775298026
OX-XO-OX-,0.4916885255903507,0.5086491700300019,0.6872379954413607,0.5022161201154971,0.5063661074753226,0.6456268627813426,0.4948379590130675,0.5006843061035768,0.687237115518207
-O-OX-XOX,0.7584390732880149,0.49829253556724684,0.3818604997297141,0.499580765034386,0.4939955940424575,0.14402264228540962,0.5013420745087326,0.4928062134129875,0.49500123775307087
XXO-O--X-,0.49477874397381594,0.5036038988567936,0.49998968687204576,0.25369436590379946,0.49239554634432353,0.5016847599120078,0.6873156036681,0.5020968939298146,0.723890429165413
-X--X--O-,0.4675202179861991,0.4981815364821771,0.4902777057926607,0.18788561420787814,0.5014093549464222,0.16818260586255285,0.8257592072383535,0.49535297182068083,0.386759320640104
XOXOOXX--,0.49469888829222236,0.5025641309131759,0.49761186116895434,0.49204174265155265,0.493856466841414,0.49433749372180685,0.5077697069097493,0.6872379595263577,0.017302514487038567
-O--X-OX-,0.6872648179744385,0.5354098901997809,0.6348231323411269,0.43626655267182163,0.5018628983982155,0.628527679862489,0.5546395306803984,0.5273142584759624,0.7199624130730956
----OX-XO,0.68723795041832,0.45061351105440706,0.36829721372837687,0.6872379595305598,0.5082515906376661,0.4970571108740907,0.6872379594563186,0.49398344741906797,0.5087547720673501
-O---XOX-,0.6850818072096283,0.5080366426265078,0.6872184871536664,0.6307012264415462,0.5022174394144798,0.5012778124336208,0.493129940037346,0.4915994113409864,0.47906229332267536
-OX----OX,0.20371279329197245,0.50650710941555,0.5431628818313339,0.3873793538554005,0.6872379095116675,0.676415599031013,0.15151432720601588,0.5614002858199971,0.42847029720313257
X-XO-XOXO,0.5865193505132473,0.39897374838077704,0.4507798435019382,0.48590215094496203,0.11801593319492787,0.5019214242268166,0.5501045947584031,0.45170129904787215,0.48652213026609253
X--X---OO,0.5033629178034795,0.3093783893698119,0.5859865186023059,0.5063164585643889,0.6645217630539602,0.723915734400798,0.6872379508074415,0.5009179345979692,0.49520323334228034
OX--XOXOX,0.4995473896453841,0.49032508504882905,0.3106143740613059,0.8066413982767906,0.49506283528203615,0.5049841083229974,0.49097963296568065,0.5056569891838656,0.4932515424476414
-OOX----X,0.6872379594563112,0.5086584314181923,0.5079226583137684,0.4958300879302283,0.6872178956745967,0.6456491324081097,0.03006533565984215,0.6852497928166241,0.5037485156127284
-OX-XX-O-,1.3697209808722368,0.5096905729021582,0.5026870188154308,0.5422173501829659,0.4993938302492135,0.5050310115036538,0.180956324830172,0.5062492023844535,0.4992592196904445
O-X-X-O--,0.5011753013252926,0.27974788400519623,0.4934820925553855,0.6872379594563112,0.5035823357759815,0.40355033052386835,0.5053730956840617,0.6871944457064578,0.502604691037897
-O--X--OX,0.04306864229343421,0.5078325503092355,0.17885615625105122,0.8879119413152718,0.5069200805254904,0.05108675178247546,0.6862484797640807,0.5024780562168832,0.49350036665588626
--XX-XOO-,-0.33237998088789167,0.12942580412492927,0.32670577054899497,0.4553566163474666,0.13761624501303538,0.9309036773909697,0.29442393868029326,0.35161065403810776,0.2665506612412054
-OXO---X-,0.15036855286966422,0.5089153701855603,0.4986577527287826,0.501544721543453,0.16067196431587993,0.48432225556587966,0.14855400189582146,0.5020388975022281,0.17465482031255342
OXX--OXOX,0.4955188477966104,0.4997186257274343,0.49958533282889417,0.6173865223426219,1.2264908696748011,0.4993141633970352,0.5031331816028224,0.5049066924035125,0.5067447301701754
OXXO-OXX-,0.40821491300513413,0.5031945046379438,0.5655895091749196,0.514401538413133,0.6872371923082045,0.5034196868047187,0.4540006132033279,0.4579161892052737,0.9092444679280927
OXOX-OX-X,0.5196256662097096,0.4051264523898454,0.47315286749410657,0.46146038043151877,0.43827284695578084,0.5293526777378941,0.4266764527994217,0.004338849811074297,0.49453812799211866
-----OXX-,0.20523057805824968,0.05996911298475338,0.3254109416249118,0.7244440757521755,0.026184394981029424,0.5076826091160382,0.49165510118830036,0.5022140227611103,0.04123232331861526
XX-OOXXOO,0.5016519812461795,0.5003215874410698,0.23382310815521556,0.5091795926175003,0.4902117058673464,0.5030417932956671,0.4935350255736206,0.4905331370571632,0.5080940254200427
XX-OX-O--,0.5026832270747825,0.5095740594521657,0.799249243427063,0.4939178333626432,0.5001396802375697,0.30659613997011304,0.4917439552836745,0.8371435776769305,0.6872915295912172
O---XXOXO,0.5045420771965125,0.2476119288139903,0.5087854275753378,0.6872548210656273,0.4985676498111055,0.5033366968003176,0.5087431880963788,0.4982108074964909,0.49197820913756685
-O---XXOX,0.8965124999237016,0.4887796387867287,0.5656717808419298,0.035985309375827224,0.6777498069908003,0.4716227609745299,0.46062798319185383,0.4935318731243763,0.5631720295762936
X-OXX-O-O,0.4949081435762552,0.5096530592921289,0.5056590507594516,0.49802153003388916,0.502746235462695,0.6872379574658447,0.504512916580252,0.6872379594589453,0.5004332173581304
XXOX-O-O-,0.5034048684898031,0.5084794788570404,0.5043110584413981,0.5027873592894341,0.4991474993502119,0.4991796188263431,0.6873156036681,0.49036662571891915,0.4972239213807126
-O---XXO-,0.0791104219872647,0.5032032287619485,0.07964219218064694,0.6783381475403902,0.6872379169882714,0.4952888957706494,0.5044363432337825,0.49044406254075396,0.7971440007782188
X-XO-X-OO,0.8603261317830129,0.04775931727800331,0.9300124011847646,0.7454314270315577,0.3739141518478432,0.45303455100942613,0.6872375837773786,0.21330392932018516,0.33743224736792443
XXO-O-XO-,0.5014888307810984,0.5062009278441834,0.495060176498623,0.67609238256112,0.4939317439713108,0.21302553150921993,0.5081478113797285,0.5055043379306073,0.5
-X-OO---X,0.46366998049164976,0.5030712619822156,0.040310808125384456,0.5035439558514038,0.4953089832335735,0.6872379594554744,0.12399614196736963,0.6383916999344177,0.5048005952948857
-O-OX-OXX,0.6872533345980624,0.5057747911405123,0.4724128207668642,0.5016518387636476,0.5076913448699708,0.0044965607387477124,0.5000858506659275,0.49390273844661864,0.5022914310779263
O---XXOX-,0.5081885230768846,-0.09314987580381884,0.22773489486306886,0.6853588949551361,0.5008086069617261,0.4905119628627165,0.49184532405181897,0.5040360169933155,0.8251637754369956
OXXXO-OOX,0.4921894598061273,0.5025200997971478,0.5032126048369118,0.5067463877641387,0.506172199831279,0.8938051088372347,0.49115868529301515,0.5071528386707924,0.499470733565459
-OXO---XX,0.6393606234998617,0.4212481141762624,0.5238138510863466,0.5619290334084076,0.315904706873686,0.24439354042803285,0.8872054730756177,0.5621218871880926,0.5582004887486856
---X-XOXO,0.5359473012840491,0.04766871005321355,0.4880063583215586,0.525104389555775,0.8838427850239273,0.43097174243068803,0.4984037176355375,0.5124810981351114,0.5689656961591252
-X-OXX--O,0.7091852544962526,0.5011708768305742,0.053160777582031915,0.4927021456998822,0.5036516567618184,0.504177878070207,0.10329830576035276,0.2316244374710944,0.5074247443485816
OXXO-OXXO,0.4982799075750938,0.4980688397415812,0.5015530787656756,0.5044375152913786,0.6872379671917062,0.49178218733563506,0.5019986396715874,0.49333555515225064,0.5057201736778499
-X-O-OOXX,0.6852899495542517,0.49014671477383875,0.535181371528967,0.49796434154635233,0.6852516767890859,0.49413523739218784,0.5087261503996698,0.5000042701271993,0.49048608448854336
O----XX--,0.5017419625234236,0.038279127737949614,0.6065158212757013,0.0655607522636864,-0.07579577954129102,0.5039059766279956,0.4987926164283834,0.3130102935226244,0.6630123830027206
X-XOX-OO-,0.4963853949508081,0.3787469822075789,0.4935283113521652,0.507388737997282,0.500938668775529,0.40336330744629123,0.5026338321646452,0.5010354373248851,0.6872379576473785
O--OXXXOX,0.4134803418075727,0.4145087319879473,0.5240020749235942,0.5436622859952266,0.5255556402253276,0.4400870405952582,0.5708406799019337,0.5523167277915255,0.46591629875529283
XX-OOXXO-,0.5006022779271478,0.49925505280192184,0.6043062679315735,0.5001802729930914,0.5042116948239704,0.5065527771429792,0.5023255319021678,0.5024734762074791,0.5147361329104344
O-X-X-O-X,0.4912642088824044,0.031216599322281602,0.5010256718751354,0.6872414711899223,0.4978901514251861,0.08504894651279993,0.49400081767747633,0.49922969001629847,0.4998443247472951
---OOXXXO,0.687232534050915,0.6731488476864244,0.012485415238262965,0.5536576505201541,0.4791679872506662,0.4028874727306324,0.5937417793496175,0.5194743929660627,0.5095366868758637
X-OXX---O,0.49808656531179324,0.7828925436375263,0.49783102653050243,0.49619197964095985,0.5014325278417203,0.6872379594723256,0.5,0.49483944291379806,0.503156868195092
XXOOO-XXO,0.5073967669560479,0.5077317185344477,0.5055848243530966,0.4945952230274264,0.4969923412189647,0.6872379594563112,0.49213554247506386,0.5018738160247992,0.5074004359575264
O----XX-O,0.5059791490851405,0.4879017202646974,0.638520819673273,0.08464165017739245,0.6872379594563112,0.49607957115095547,0.507747285653552,0.5321269135407504,0.4966729364595253
-O-OX--XX,0.0011420810380439184,0.5306841884936255,-0.28853262326999085,0.40148338594056643,0.47239476629584864,0.975702740324629,0.6290395499812014,0.5551128091757217,0.49355128706886076
OX-O-X-OX,0.4525926773374005,0.5308762186428062,0.46836475098646907,0.46405595656346926,0.5507860938955932,0.5306606448657991,0.6872150885875694,0.5052081092364995,0.48637232667411084
OX--XOXO-,0.5005505133598257,0.5086590093985885,-0.7616336993136614,0.3207890715870554,0.5093890385773192,0.5093564783810364,0.49410718161820044,0.5016895403444017,0.5001842476410528
X-X--XOO-,0.46382703191271357,0.6693855817975528,0.4745318408820115,0.19374465013667896,-0.1587277262094855,0.5674644066473193,0.4823416815960736,0.572124604961996,0.6765061716625558
-OXXOXX-O,0.6872379594563112,0.4995374699543721,0.49204936755510015,0.49248409424460654,0.49043300095863485,0.5052973844235505,0.49986789813447363,0.6868265408785991,0.5008280071831959
-OXXXOOX-,0.8558825185322043,0.49194070271502977,0.5068868022540383,0.4956982728988538,0.493041963301036,0.5074467220010096,0.5025098050027961,0.5065835825017142,0.46560834120915007
--OOOXX-X,0.44022425760024136,0.5390626653643089,0.5144832630364634,0.40963894882862123,0.4014462006554349,0.4179043066947362,0.5078580614913532,0.6950821213678264,0.4095813383379791
-OX-XXOO-,-0.39969349610176375,0.44000736023976106,0.42160277614705827,0.15072679929214416,0.4401064476250074,0.5390419968147678,0.538472597098899,0.45827057875481614,0.6859459263667465
---OOXXX-,0.5565252140102691,0.30402551537241823,1.3326541478329443,0.5906633396144667,0.5819604264330889,0.455726397285221,0.5920419239856064,0.43338853884366085,0.6384475550513449
X--X---O-,0.4964928514557666,0.2817012494619201,0.2824575484681776,0.5074803881872991,0.3591982705183995,0.3348839518618756,0.697727936163317,0.4921064999174258,0.3259094261253441
-XO--OXX-,0.3375252650860844,0.6690435717933524,0.4781703196168793,0.013722038180263463,0.10430423202083039,0.0017038343463460226,0.7731675852693601,0.07494633910946913,0.6812337873320358
O-X-X----,0.5056872811357591,0.1490507037015497,0.5049899667400689,0.5,0.5014502130896666,0.5,0.6551002090984117,0.44569721277236773,0.2988899905269987
-XXOXXO-O,0.6887868277746619,0.5057818439170457,0.49652009637483996,0.5090371799846141,0.4966282509888564,0.4900521325856335,0.4931352088912473,0.6782151025338072,0.5048214930141128
XO----XXO,0.5000063706826248,0.4914889352401679,0.5908074249717192,0.2566400307920428,1.377154652856198,0.4277420774846509,0.5048584529405195,0.49159267553208463,0.5006346700300192
O--OXXXO-,0.5192165194466162,0.5070618085441826,0.20668708747789122,0.443468950243935,0.532066336115041,0.5595374522067809,0.5595986841737518,0.43165502864341876,0.4992935202253785
XOXOXO-XO,0.46700613581865197,0.4177818193638445,0.5404236758515897,0.44847859963191083,0.5608525052982973,0.49081923681414596,0.6316931739868906,0.5612591514291184,0.4974597623438295
XXOX-OOOX,0.4938004437841926,0.505054717869898,0.5069535875217527,0.49693860607019247,0.6872379594598238,0.5004911054749246,0.5080431041329782,0.5093468744216979,0.49089703723422423
-OO--X--X,0.6872379594563112,0.5099305439774531,0.4905295743924482,0.39951640253484966,0.6872379198983142,0.5071183303555981,0.6720417739479293,0.6450818739834614,0.4948181383687743
-O-OX--X-,0.9553984459451648,0.503256943082985,0.5060386069110326,0.4941651225558476,0.49615627614499,0.8749713307191479,0.2832846087389935,0.5047711017170134,0.2970194703271521
OX-XO--OX,0.494184713025636,0.4951468289599735,0.6438078054750789,0.5004685733024732,0.5091430405118655,0.6318665756410118,0.14201440801898324,0.5047077535789748,0.5091348999654994
XXO-O-XOX,0.4939789647819939,0.5025857599252994,0.5089091538501026,0.7574267685865681,0.4961259098046764,0.307221732194084,0.5020557261020074,0.4969465080534292,0.5085458997197037
XX-OX-O-O,0.49943461363530206,0.4950717700908054,0.6852936246974277,0.5096573646096283,0.5038523434301416,0.5041549849149165,0.4955766311923693,0.6875048526430592,0.5098512551323364
XXOOO-XX-,0.49505794665721053,0.5056234690858484,0.4966258407821639,0.4942121392566901,0.4977295567381358,0.687238730474557,0.4931090792548879,0.5003015525374176,-0.25288359968306595
XOX--OX--,0.5075998004689017,0.49829998853802726,0.5087567516442925,0.20630465559138306,0.27277818709254775,0.49912558851102823,0.49700756090213977,0.3446650892865488,0.507409412001824
-OXXXOOXO,0.5445795935622273,0.5009436218880065,0.49177150932951624,0.5090713846448334,0.505079359350515,0.5093818065465694,0.5084104717922556,0.5082665382043521,0.49059686479839754
-O---X-XO,0.6888857540106615,0.502410125179461,1.390950647093451,0.5059148152606168,0.6461375622489101,0.49188974828121396,0.05116273500158064,0.5051601667977136,0.4932582334786455
OXOX-OX--,0.4724459158035411,0.5750846374832238,0.4810385238433715,0.4259466497982456,1.1207939518625205,0.597633355901169,0.4787039261837897,1.143946455623908,0.6872377945639802
XOO-XX--O,0.5020091578967931,0.5069102627539795,0.5030881316949746,0.020794552899247365,0.5040313042849719,0.5095155855364563,-0.6813116967323969,0.022090928832886436,0.4922679898153248
X-XXO--OO,0.49863819011125016,0.6876029090134406,0.4919179720960208,0.5014346962704607,0.49298303791342307,0.7415815022809298,0.68683568045317,0.49961296512220355,0.5051397899295176
OXX-OOOXX,0.5026803955452535,0.5098721845721382,0.49028372387485075,0.6872379594563112,0.49750905619442376,0.49175200716481754,0.4964885070402638,0.5039902985644437,0.5020890863123985
OXX--O-OX,0.4931627564679487,0.5055951805348803,0.5037036867925087,0.6852005630071129,0.6914515149808523,0.501746964488227,0.6461244310622813,0.5096826047352806,0.5078282529038112
--O-X-X--,0.2951061042002722,0.3014410650621434,0.49734484507107135,0.6317702277765612,0.49922954160892347,0.11953303494487177,0.5091233948542137,-0.39510626081642897,0.24474568867178748
O-O---XX-,0.5293656729780638,0.6872379594563112,0.44228166731781093,0.18819704548171312,0.23634191345045896,0.3654312296415072,0.5313969187335359,0.5228942683363733,0.6872104429168386
-O-XOXX-O,0.6437795437091988,0.49607863446718564,1.2269717199994952,0.49194602675799554,0.501211614518159,0.4966137362172392,0.5020162557996936,0.6872379502968405,0.49446952341323375
OXXXO--OX,0.3366789725450069,0.3972787528358007,0.9803352294546477,0.6093368129400488,0.16608712070349574,0.5124973964842103,0.37075287302214743,0.26954990525624845,0.20401625276373625
-O-OX-XX-,0.7247999818609673,0.10866908403652809,0.276839481298918,0.8514165222287483,0.25714658102869836,0.3776944368003472,0.9702881155525102,0.028422823927949592,0.459274514631724
XO-XO-O-X,0.5042703774769102,0.5071508649213112,0.6872379594563527,0.5095798518305092,0.49312915983841865,0.5059086233226624,0.49787388122085774,0.6872379593670431,0.49354105331058956
XXOXOO-OX,0.4930836162286235,0.5099983304063558,0.49822264571396885,0.5088321466452235,0.5077187638410423,0.5033278929846681,0.6872379594563112,0.5000922962027334,0.498195417695111
X-X-OXOO-,0.4917664862687829,0.6930645856278763,0.5051923613967019,0.7680017550452096,0.4908302330286565,0.49778334602218893,0.4970905715084501,0.4993692360647213,0.6853197293397179
-XOX--XOO,0.6745255205718743,0.4735889958164484,0.4348139385449294,0.5870604269950158,0.68017734894284,0.6861882198895738,0.5163464151873387,0.41665209230532474,0.48304861866370824
--X-OOXXO,0.4910265042149028,0.6872379594563112,0.49990859744958455,0.687218801058868,0.5003772525517617,0.49254994875177577,0.4936772042033879,0.4959497109150854,0.5051998705407
-X-OXXO-O,0.6872381569987849,0.49863374438165536,0.08898582310075276,0.4908227835721514,0.5045455934018166,0.49526715403270327,0.49989470267877933,0.6871443694484379,0.5096197439818122
X--XOOOX-,0.49791268946624073,0.6784141749429846,0.6876029090134406,0.49380003309451714,0.4992501470235978,0.5035653400382022,0.4931749666017697,0.504369743437291,0.6875550138703641
XXOXX-OO-,0.5127182203467507,0.5002219269125703,0.40200985562151814,0.47571515808907433,0.43227664816355077,0.9864353748483872,0.43622978138417223,0.44303911698105153,0.6872379496281653
-O--X-XOX,0.2530537134792705,0.5006806869916933,0.5995582203669354,0.2569943761699738,0.49805555756821734,1.7619386621935949,0.5007175904909079,0.49578979916688887,0.5002575525748442
O--OXX-XO,0.445971125293274,0.6456654120551228,0.4397734887657919,0.5791614353524475,0.40903528783184145,0.5486522415601198,0.6868785765925925,0.5399124795321483,0.42797091079445043
-XOOX-XO-,-1.0376299606206754,0.49133669964325993,0.506424579830699,0.49984756152623633,0.4903591022430673,0.6867988504454875,0.4926462383765195,0.49973504870575974,0.6815007634048457
-X-X-XO-O,0.004497849089856509,0.8705218527281824,0.05034242571469294,0.478045953909098,0.6794728163555717,0.8848070809686163,0.9301160177947253,0.681625050297868,0.11576414103481114
XOO-----X,0.5043606637356222,0.5048995296775095,0.5021039901938325,0.01571296359151403,0.6872379594521572,0.09042868817171257,0.19740672686390542,0.6318353474973761,0.4954376945918648
-O-XOXX--,0.6872379682580394,0.514905194294091,0.11241590533275453,0.5059970722241679,0.11592766087868767,0.09653798859888196,0.7235022020237086,0.014821095987902821,0.6591076726466326
XO--O-OXX,0.5755887666594854,0.49994084856095466,0.6309147755638334,0.6354468013602006,0.5474683070602084,0.6873094920163073,0.5535706331490915,0.5175430337958871,0.5489968651539193
X-XO-XXOO,0.4964254431988102,0.8780160503964809,0.5038959259198542,0.507085755018854,0.605238338804214,0.4992765571285381,0.5082819033841013,0.492684132947595,0.5014569202491359
-X-OXXO--,0.6872377750470793,0.5094122932218501,0.07396736992797104,0.5073812883181816,0.49855437919902446,0.4985339621204142,0.5045884444934152,0.26260204834561646,0.487953085655756
X-OOO-X-X,0.5066432351272235,0.5073302509855558,0.4957350027737381,0.5048118553839185,0.49441964979644315,0.6853072991920688,0.5054128454481781,0.6872386697859963,0.5068601876544933
----X-O--,0.20111771442651827,0.6885295281449447,0.08139960446849298,0.7563118143258816,0.5050414662532908,0.3176493879772483,0.4958073832917707,0.47103239794777074,0.03395122347737556
-XOX--XO-,0.7983013348219792,0.5084997695466885,0.5079517713753392,0.49259846388305156,0.4905341802038185,0.5703763836100049,0.5069701595170473,0.4914407674152002,0.4961070089796392
OXXO-O-X-,0.43163781293091874,0.4690560443835059,0.4366165264621264,0.5518689106835891,0.5776384429459358,0.4811879535953547,0.6862994954714646,0.5469601117604886,0.7216966138853805
O--OXX-X-,0.5057381722719125,0.6786846762816389,0.4948621452035468,0.4926769486178484,0.49116571380547547,0.508549599250818,0.6872388785068312,0.49302511948031774,0.500530895768534
XOXX-XO-O,0.5099258868933146,0.4981174744714229,0.5007949465266884,0.49230449146164384,0.011266715012187456,0.49770511143989327,0.49264865107792843,0.6460824611555469,0.5024582750919662
-XO-OXXOX,0.4555114956175462,0.4980982636081055,0.49055583794126845,0.1500941469749708,0.5075757277685636,0.507364223422,0.49292434255370876,0.49750764263641084,0.5070534374856082
O-XO-OX-X,0.49800406140406267,0.027683550769937726,0.4957662359132469,0.49325047517964865,0.6872370841879358,0.49024617791336,0.49177002853433444,0.765155923638043,0.4908843739237015
XO--O--XX,0.5044179695693667,0.49737203138666886,0.0942664736596871,0.20302644449038854,0.5058447235717645,0.3557715774487301,0.6868371756430841,0.5025487367149111,0.49327477104681916
XOOX-O--X,0.507790219957453,0.5095237177977721,0.5008340524314554,0.4919961778158513,0.340081311823075,0.5064107087299602,0.015023506719523017,0.036383824024218636,0.49556305211154256
OXO-XXX-O,0.5096280901571566,0.5022490215012971,0.5002674197268594,0.7435420737016321,0.4952759527578527,0.4965441006869841,0.49087340205232965,0.20445915342842608,0.49358479000892685
O---XX-OX,0.4456235505632454,0.7037304004730371,1.0870997201347095,-0.06691355882420269,0.4186557348865241,0.4943050328424674,0.1173431069930061,0.5088264510321094,0.43641261827919403
XXOOO--X-,0.49808166485885125,0.4953653411397892,0.49347157099812294,0.49526958295332313,0.505175050972219,0.6872379590677633,0.6872379611188218,0.4915240640336175,0.6852628303345631
-XOOOXXX-,0.9309659127823401,0.5039792159881508,0.4943370138688366,0.4982373713084369,0.4995392306726287,0.5048534973702331,0.49666895217710016,0.5090738245349026,0.5742513045672976
XX-O-X--O,0.5099828503235627,0.4976179395943898,1.0363874323114532,0.5023223086072894,1.1984819746428719,0.5050224402307782,0.3650330965155326,0.43026794300926186,0.49026946610977196
XO-X-O-OX,0.4907040437703271,0.504029020041195,0.5623943370600333,0.5003479429675557,0.6887868277746619,0.5083378660869409,0.9508135629788651,0.5036633375826073,0.4958785548343164
-X--OOX-X,0.44634349382224014,0.49026354691104107,0.4989527529271206,0.6872379180301744,0.4971899727979224,0.4923130126029772,0.49404386075142237,1.3859013181799695,0.49974669636232233
XO-XO----,0.4901208545236946,0.49297795819167606,0.11339011476398891,0.49643862077446527,0.5080899717173818,-0.24404315946343325,0.6872379595760485,0.6872379594563093,0.008260155851861073
OXXO-O-XX,0.5005289218185802,0.4930425185814115,0.4935734914958913,0.5043165174253412,0.6868297668819335,0.5015201458168818,0.6876685844060231,0.4956568720157665,0.5084764588939633
X-XXO-OOX,0.5636869474650426,0.6871582250251679,0.4453398124875209,0.5926772860580786,0.4119994907395148,0.7205306606918136,0.5136696009145695,0.44411996356018585,0.43466931414577453
X-XXO--O-,0.5080149198827927,0.688936549975089,0.5066506959710018,0.5070008126798075,0.5069720949086034,1.380693284567287,0.6853726074521975,0.5007980569811404,0.0064358765751613145
-X--OOX--,0.7231281722973452,0.49158219242389256,0.8854989201348165,0.6872379594563112,0.496081175263238,0.5002619487892412,0.4996272571076313,0.6891978662664543,0.6887980711394446
--OOXO-XX,0.014038085189252314,0.9907212141369126,0.5037973961115894,0.5819779412606656,0.40845555935367667,0.5854293403714064,1.0350365570276687,0.47401214133296443,0.42317047561837595
XOO-XX---,0.3159609032780055,0.7147010577130695,0.7146888349798058,0.43559741228192445,0.7091215496872406,0.6574734011682303,0.24877249363714415,0.21152269247460992,0.5247495910576097
OXXXO--O-,0.5004442257374071,0.5020267221825175,0.5006724188955103,0.4916591714801617,0.5040276855445247,0.8045667843048642,0.23238563131040746,0.5003427618463467,0.6872371144822564
XXO-O--OX,0.49699403612061077,0.49514816988550137,0.5091073278812599,0.6461484575519028,0.4903470351565746,0.5014007193857303,0.6872379594726534,0.49354406295221265,0.49582963544771663
XO-XO---X,0.4924688105512144,0.4927438276287675,0.6786593028127751,0.49819124003838466,0.49883867888504807,0.5412818348322932,0.4497851966448003,0.6871502797649087,0.49911181569374136
-O-OX-XXO,0.4971951453646269,0.4994347938579049,0.6872578523973438,0.49395693152873443,0.5064715856552316,0.8143697556888809,0.49301730931366977,0.4963059816604919,0.49946767573434886
---OX---X,0.7173042536614005,0.06624334554614497,0.3363732301485466,0.4991350494868817,0.49945509457254283,0.21589659975290842,0.7779051576093825,0.07765523645066741,0.49484522813033827
--XOO-XOX,0.5022379315902196,0.6871505497385676,0.4984288191303178,0.5009293888148275,0.49029555828257293,0.6872379594563112,0.4978380978546222,0.5013750004245566,0.5056125291017678
-----OXXO,0.6948011155742242,1.1119889283329392,0.49316555907225096,0.6872381217787517,0.4953913425770132,0.5010009417713456,0.5088896766344537,0.5052687646285869,0.5036695328991802
X-X-OX-O-,0.5028206989938211,0.6872379651764928,0.5041770785897411,0.008708400506097225,0.5034463718390271,0.5013857842414363,0.3225940711404769,0.4930511234924701,0.43783591450844694
X--XOOOXX,0.48613969772873006,1.3259380447863562,0.6872379594563112,0.402234846349583,0.43606870782767576,0.48350235901421257,0.5467080215048992,0.4572604883807562,0.4913108989106317
---X-X-OO,0.7263752895096354,0.28570249734017295,0.015992278135748106,0.49361230460744593,0.14673461807878696,0.4975786999970106,0.6872379593653303,0.5025536542624457,0.4948493432692898
-O-X--XXO,0.1204771648774825,0.16925771721665228,0.30162067223544786,0.9594488212248903,0.17213619303173888,0.5892237730691365,0.7284963763012511,0.8163570822293342,0.11971673228741231
-XOOX-XOX,0.27343409060747026,0.4988175296116178,0.494325625215343,0.49770402123427665,0.502829925083944,0.4580790360529286,0.49981697151112525,0.5087871240223546,0.4991340447547819
-XOOOXXXO,0.6872379594563112,0.5005886090028181,0.5057134186402799,0.5092722735452055,0.5055761945361766,0.5050062780433322,0.5045491140311019,0.5081709700275543,0.4941282465632021
O-X--XX-O,0.4912782569873569,0.4399235043810008,0.5014971886420333,0.6914598560145349,0.6872379594554463,0.4930644189063781,0.5067888899624734,0.35444127812895987,0.494191507364842
OXX-X--OO,0.49415969519149555,0.49074649554079625,0.49656529296512486,0.7324870591641437,0.4936674322042393,0.4986084384655931,0.687241583711997,0.4951841315760964,0.5057743765266549
O---XX-O-,0.5069133186385758,0.212908104218552,0.29871497516796564,0.5898161389298213,0.5052686939770294,0.5027332840408419,0.5637632792573349,0.499849293407,0.3099922942943039
XO--O--X-,0.5042399997921045,0.49574023870508244,0.24783795753483517,0.16891895891572561,0.5097512956132503,1.2068271094861895,0.6234019649781378,0.5069661934880936,0.24910151325385294
X-XOX-OXO,0.4950227092362229,0.21582807250318764,0.5058180324085584,0.49611035286364613,0.503725945543869,1.145065092278256,0.4929135349459983,0.5037790625858873,0.49721002591869534
XOO-XXO--,0.50468760861171,0.5029944846730947,0.503223247213679,0.4190476152817558,0.5081882512069026,0.5076024249470567,0.5026806654162028,0.12432079032971033,1.0127113014100386
X-XXO-OO-,0.44016740259768816,0.6872379614179722,0.4260033196442894,0.5013930945603903,0.5779009680447376,0.011458308989313937,0.46892457283012345,0.5427030710180349,0.6513315374971441
-OO--XX-X,0.6872379594598238,0.5086759016309765,0.4970628911828307,0.028076553108911884,0.08640414430284848,0.49907947887197973,0.4943334602319765,0.03671635967569703,0.49649906603720473
OXXO-OXOX,0.5011244934133688,0.49627102765263137,0.5078345797041204,0.5003078799119589,0.68723795945632,0.496609715738226,0.4992461491279727,0.4933916627354812,0.49003402115440636
XO-O--XXO,0.49817535469405017,0.49093463228968426,0.6868037268759479,0.4901784493843633,0.24899001237681728,0.6872379507889703,0.4902310923789382,0.5014676214493899,0.5075305683869228
XO-OOXX-X,0.4923299342334876,0.502490372859282,1.3205720807195271,0.4940058491861001,0.4959614639680626,0.5087716317953266,0.4910990805657579,0.6872388785068312,0.5043505951700641
XO-X-OOXX,0.5038009857126153,0.496070707919102,0.11792378360892142,0.5013307239821592,0.7028348820467374,0.49539868028414935,0.5037019308281742,0.4958443146223811,0.49733408761159714
OX-O-XXO-,0.4210442727559673,0.42787854373872597,0.5102777624100032,0.5718740598878873,0.22918784254379942,0.5671871579355638,0.509919207158059,0.4187095656574809,0.6854330743838516
--O--OX-X,0.017527237744252577,0.6689250944946655,0.491439568272369,0.7319195530563409,0.2046362305921613,0.5019765196894399,0.507243350381026,0.5004844990506362,0.5036445612122094
---OX-O-X,0.6872379594563112,0.5082969802688537,0.009822710773019994,0.5049008347531648,0.4980059948302441,0.6655399815495778,0.497198522812116,0.3538749919959192,0.5023396245203552
-OOO-XX-X,0.6777404503929355,0.490365371540694,0.49880342656161275,0.49643843425019124,0.422098489431009,0.5056753953838586,0.4967321834112307,0.6872422352678528,0.49331717560480126
OO--XOX-X,0.5033370709811695,0.4999641242806581,0.6872176716423634,0.5028074167262666,0.5065742067241142,0.5018275567078303,0.5035242989522639,0.40654765174019203,0.5027068486895592
---X-X-O-,0.3653053344416707,0.027167012455304784,0.06275466834267751,0.502568641115627,0.6773169573407997,0.49254575127331396,0.13860777840247296,0.5042621058148036,0.07730282432130475
XXOO--XXO,0.4977952931747743,0.5059234413697297,0.5015049600640987,0.503718229701489,-0.2698308905939675,0.5053966254927912,0.502073344130692,0.5093935406818209,0.509267390412516
OXXXO-OX-,0.49981598424009693,0.49137084700336797,0.4901476696190037,0.5037393637126931,0.4941785296020855,0.1327858049862065,0.5051182396691579,0.49823296128338235,0.6852124807252821
XXOXX--OO,0.5087589264042017,0.5119195698226274,0.488670151227584,0.4971581225093253,0.49469844084497755,0.68716070780659,0.6872379473763887,0.47220057308109553,0.42385052185645317
-O--X--X-,0.6173503274055199,0.5012280096173097,0.04435946832878168,0.3217979448565932,0.5000313593761534,0.2883856831517676,0.9498350196600491,0.5076452872767794,0.4562792703652423
X--XOO-XO,0.5025937406521302,0.5030345079245414,0.6872381217980553,0.49142082923827196,0.49358012869544304,0.49536761949441543,0.05695388727298967,0.498895212267188,0.5092147844471336
---X-XOOX,0.289135736052196,0.1676258047587415,0.2605943918340402,0.5017176043439125,0.6844341406400924,0.49716745102498866,0.4910477449129573,0.49459970884135634,0.505879019682801
-XX-XOO--,0.10873174029505239,0.4959364402337627,0.5041804320951592,0.10201015212645004,0.4999737741157224,0.503217407306146,0.49158433875146634,0.6419211200877635,-0.16975784924193904
XOOO--X-X,0.15239218377901098,0.9792869841969062,0.6681829290850322,0.5368626790366338,0.2934477930225833,0.6014982872106932,0.7048111101991631,0.8587321135982395,0.9633433546143237
-XO-OXXO-,0.19875742442997002,0.504020173737654,0.4950001785703342,-0.347560927981429,0.5039212541494332,0.5041747446478316,0.49429259488272304,0.500777188162127,0.18730798661202164
---OX----,0.12203968218476458,0.6454452697056599,0.0538049393395707,0.5092726413436319,0.49211865465495597,0.3222742242377814,0.3866170534649559,0.6170258541875813,0.024501519647712633
O---XXOOX,0.5049111406484869,0.3005665385210762,0.35261063752174737,0.68716070780659,0.44058398845277963,0.4985487246929536,0.5774986201876406,0.4652799380649244,0.5675266527668175
-O-XXO-OX,0.20390461083006162,0.508960760947978,0.6783178949470862,0.5051575711728433,0.49555685717482073,0.5004472634026355,0.9504231136315543,0.5086258602995659,0.49868072540708847
O-OXOXXX-,0.49338824074843496,0.6873305113574016,0.503226780347446,0.5099394677899968,0.49050143158320575,0.49855030312314863,0.4984740598315131,0.4934539046447059,0.6852187969171651
-OO--XX--,0.6872379594563112,0.509293823536928,0.5080740343035687,0.2282768854951605,0.6896946171518217,0.5007258468908558,0.490988135861012,0.7540670445325763,0.5091608180400129
OXX--OOX-,0.5064183973515646,0.5051487693325024,0.4967218290883272,0.6872385390561517,0.5054360206703569,0.5048884076902402,0.5045924379224909,0.4924575067636576,0.6434021730232121
XXOOO--XX,0.49488322091735887,0.4951044211578289,0.49368641893414217,0.503919036430628,0.49890616096989243,0.6875992173021154,0.6779196069242867,0.5061821526092827,0.4936284520236937
X--XOO-X-,0.5067224328713593,0.1928839072981966,0.3569369042257897,0.5082079307099783,0.5052050034559843,0.5032023993933651,0.6652375174446034,0.501237772084562,0.02396101190128419
XO-X-O-X-,0.49794457644201895,0.5073776572672988,0.5618728108595674,0.4955587781454496,0.09528308552033116,0.4912813782649224,0.3095212321159089,0.501442651164091,0.9134911427480272
OX-O-X-XO,0.5720488611724805,0.47151564250470507,0.9737243205624162,0.4487764914661029,0.6869016386307406,0.5427501941992992,0.68716070780659,0.409080989946755,0.48294148830217476
O--O---XX,0.4943507102684259,0.34204121885229943,0.053491246171224915,0.4967556516017331,0.603335278829665,0.28016362710615184,0.6872379594562723,0.5044482810956572,0.5072304505637203
-XOXO--X-,0.5024162453201014,0.4979933124039718,0.5075432486598132,0.5060905645298579,0.49654616256933976,0.5059881135161397,0.6872381569987849,0.49957546768759936,0.6783022509667646
--XOO--XX,0.3893020824057782,0.32343948324736205,0.5059682085915018,0.5074138088208033,0.5002716309453183,0.687238738352945,0.491632977057351,0.4954784661316812,0.49373020295460507
-O--X-XO-,0.3606961811093712,0.6036704157648297,0.1802900139197931,0.7898286154235354,0.29484811799434885,1.004883964552991,0.4841430610062034,0.11792424065271467,0.12357667910514686
--OXO-X--,0.6866655750632815,1.1826340407278342,0.49967935452346124,0.4911828108833002,0.4931496798579082,0.6922482567306629,0.5016655916197512,0.3400356179909345,0.4267141009717787
XXOOO-XOX,0.5008519221636613,0.4938694087740536,0.4918347543151415,0.4979070347748357,0.4985705387821509,0.6872379594563112,0.4926733752241508,0.5031356770611702,0.4915349952150989
-XO-OX-X-,0.678098479335191,0.4954882378854164,0.49293780612598037,0.9727717727880301,0.49001060526856566,0.4983986890151711,0.5027515050923609,0.5030562383782852,0.481941128351184
XOX-OOX-X,0.5065588582534891,0.4957792637002102,0.49763406907473756,0.7210242226249397,0.5062981994979513,0.5097130219853699,0.4909811630660828,0.6779980708866524,0.5073655840064921
XO-OOXX--,0.5978366234116926,0.4580083298178822,0.52497918747894,0.43131923170791464,0.503998358816785,0.5815103164294285,0.5544029609461307,0.6796073672893213,0.6976105942300388
XX-O-XO--,0.30332918061177494,0.28037085972029074,1.0561927037084424,0.5380306210820611,0.316402515094549,0.7866467391747172,0.46844443223733423,0.3577860854081302,-0.18311932296138078
XXOX-OOX-,0.8539154103922602,0.3769207883027966,0.8919896656508888,0.1627764348999119,0.6870592218949447,0.938214435170104,0.8631260058852694,0.06991940695107923,0.6855664826724073
OXX--OOXX,0.5226003601440735,0.5517229086838006,0.4831632341847808,0.6872155675173457,0.6604037078226757,0.5864574005593878,0.4682860809796489,0.48602819681386517,0.5145967664012089
--XOXXOXO,0.6872387375335431,0.49097348367725824,0.49538069787848965,0.4917186709965861,0.5051253327178039,0.5005518474531621,0.4982696474738388,0.5078147325466522,0.4919713375433851
--XXX--OO,0.8044861899457205,0.08971628392962716,0.5048634057990824,0.49234588815705954,0.49248359585036916,0.7511078633479562,0.6872379594686123,0.5065832807575862,0.5059451616542341
XOX-OOX--,0.5075296821197377,0.49439140660435776,0.4917783511023603,0.6889346105904114,0.5081043112714875,0.5079174644168598,0.49306900778268536,0.6872176821550582,0.43480641167158063
OX-O-X-X-,0.40347315954506274,0.5213024114494935,0.4833739155960943,0.42817994478316845,0.588839012922477,0.40048976584407947,0.6806719963658634,0.435088969179989,0.7208089223654469
XO-X-OOX-,0.5461520914040402,0.44498815903754774,0.52497918747894,0.4168829252034145,0.4961107315727228,0.5923180606026698,0.40117431960354616,0.4169463490684119,0.5404797635601226
-XOXO--XO,0.6872379594563112,0.5019544025880134,0.5039232256910031,0.5044978729444364,0.495171586406395,0.6872379594563112,0.6779510461954512,0.49526540396773955,0.4979426403153451
----OXXXO,0.6872379598136544,0.4372128544494582,0.7832983025600022,0.044563301646829756,0.4927834553268899,0.49803704524936954,0.496967994466509,0.5006090577652652,0.4940525404035215
--O-X-X-O,-0.3939750781803798,0.6778515624421527,0.503913351958417,0.37786183642832183,0.4952518346809597,0.6872379594563112,0.5008062454293868,0.18297472061337955,0.5023714937834796
OOXO-XX--,0.5529626208417192,0.49102989706246225,0.4360028335699769,0.47540093411628903,0.7326173859611768,0.4245931784637765,0.4360442418559196,0.44615317349859485,0.21629765877852003
---XO-XXO,0.6872379594563127,0.6433988996820632,0.4176782467465531,0.49625834892657844,0.4903612225065594,-0.21781415246045377,0.5031112585944841,0.49465545518755116,0.4953542584105911
O-OX-OXX-,0.27536994151446237,0.4824866585121981,0.93840838335463,0.713872196361529,0.5654745097081526,0.8448258012324141,0.7168547505048308,0.4671446294464521,0.6868785765925925
XO-O--XX-,0.3086416940026552,0.8913751119576491,0.3808250520495104,0.030514560120670775,0.335894535021394,0.5929513566418076,0.8678575754960947,0.8298142699583234,0.4314692240277843
-XO--OXOX,0.6301695050642617,0.5009033108730925,0.5007229353466006,0.1035669983098555,0.490532094368392,0.4351114502162521,0.4108915863619575,0.5879976350266904,0.42389471852909055
--XOO--X-,1.0846376856761317,0.34727060817398436,0.4976612357095636,0.503469693975051,0.49451697272203216,0.6872379594563112,0.6872415984229069,0.4900848405395466,0.24210353184749128
---X-XOO-,0.3414945069010455,0.070414727206774,0.15664518153739732,0.5070360912604777,0.6833369965619378,0.49444429797742523,0.5024533263357999,0.49901101285861793,0.6872379594369432
-XO-OX-XO,0.6777882826251664,0.5015274804092011,0.4907828828558189,0.6872379594563112,0.49249282714075615,0.5065690702485722,0.6872379594563021,0.5019809583765077,0.4984103962374387
-O--X--XO,0.8339320469467408,0.16005442235174328,0.17549086050859597,0.42213264195622635,0.8238539459782053,0.6923098244266788,0.14895708562716364,0.8183437607454235,0.8746564936749538
XX-O-XO-O,0.5839252932584003,0.8354143650572778,0.6855664826724073,0.24252804271610495,0.1784403113251688,0.09709593530090443,0.7097990091787945,0.554788437321383,0.21174776300537568
--OXO-X-X,0.780723240280014,0.7927818271465199,0.49634920287009465,0.5029781097195924,0.49382389647778474,0.12015751559120236,0.5095057209358503,0.04322095300499451,0.5020204229204529
XO----XOX,0.49578867724913994,0.5044877568612566,0.15153390057893218,0.8128740743013565,0.6872422352678528,1.1942981617123571,0.4914876971298925,0.5086905289337094,0.4968835155864558
XOX--X-OO,0.4904511386076262,0.4953587398988625,0.5079341508032478,0.6785914609515237,0.6872422352678528,0.4929689006873831,0.6458928468192822,0.4969205295386783,0.5025721402197743
OXO-XO--X,0.5921265652879084,0.4914652132013115,0.49782774548737346,0.5858190959084038,0.4565002548278365,0.4297369474268941,0.5276949886734154,0.3772725199920825,0.45478427378454084
OXO---OXX,0.5061195846723486,0.4915297913880762,0.5046456751559392,0.6872422352678528,0.6783012363593804,0.0746085966677058,0.4964727119633384,0.5022234165600071,0.49627920349492505
-X-XXOOOX,0.48298837972291864,0.49398111347205065,0.30760216355694303,0.5002199441923362,0.49811961255469317,0.4955631240795069,0.5029141356738335,0.5002640430131488,0.502573855274418
X-X-OO---,0.5070681015812186,0.6894420324802503,0.4910073941882712,0.6872379594563112,0.5039760841877272,0.49740431730653706,0.6826458545329624,0.6797059279513907,0.31754557651188764
-X-XOXO--,0.18528825612073624,0.5054183123975287,0.6779753257206007,0.4993414931637869,0.5015214116857455,0.49029820002824315,0.5015679292987902,0.36404204953740305,0.6868041624768847
XXOOOX--X,0.4960520595869431,0.49700867075908683,0.5004824168904947,0.5044861894449527,0.5053184708777223,0.5054665764562162,0.6871477743305886,-0.014649562027542196,0.5032071246068371
OOX--XOX-,0.5781174229097598,0.5256189800987804,0.5860596991488617,0.6853460605912199,0.52497918747894,0.5323791684278034,0.5888618105969491,0.4793052518346638,0.636303012808428
O----XO-X,0.4914757451620875,0.4282111784556284,0.687237959457074,0.685282047736186,0.04642973759338631,0.49726810471781296,0.49387830526327137,0.28974461279427444,0.4994624029754862
--O--XOX-,0.6852743070561557,0.5422057105510444,0.4974889706055326,-0.22848361394371974,0.6872377715159043,0.4939075462383402,0.506534689430299,0.4928236005252748,0.2428694691832497
XO-OXOX--,0.4901647054917186,0.4985488660513351,0.1613164246294131,0.5041047445291205,0.4965779963719041,0.5044640709557567,0.4976105892838176,-0.6108783592193134,0.45978800283281607
-XOXXOOOX,0.5081710343387487,0.45632281466142516,0.5943352997005183,0.5335676049472146,0.4717066802801356,0.5211214141493131,0.5686969331972231,0.43196788034521677,0.5919156939558272
XOX-X-O-O,0.4571831550918035,0.503373188880954,0.5369851575731488,0.05146047011414934,0.5739530120004352,0.6854330743838516,0.4519870836719524,0.6872366200278451,0.4478954546393439
X-XOOXXO-,0.49853671078636436,0.6872379590429775,0.5070374243779538,0.4968841598318799,0.5000975535947366,0.5031984840366707,0.5043977325696639,0.4919138488732298,0.17368396868576214
-XXXOOXOO,0.6872379597821971,0.49622372517057817,0.5009524847629387,0.5000259549741207,0.4905664591055927,0.4986603540060819,0.4996409511368287,0.5048963410721381,0.5079587907033394
XX-OOX--O,0.9320467941814847,0.10106460762329728,0.14148621860909516,0.34710213640211374,0.9368265876821567,0.34185662182817533,0.028934667275174464,0.5174530261510175,0.6875140931482682
O-X-OXX--,0.8137378928516211,0.45048670172594935,0.3134634060706385,0.5681403413422255,0.18244945344391572,0.16091121768213323,0.7692498600477851,0.507447091332186,0.6855664826724073
-X---OXO-,0.6783765035531508,0.4960638208619409,0.6872504803436089,0.68999022458229,0.7821589411493379,0.49276856320983464,0.5065835076432168,0.49190444717418425,0.10439003895667687
XXO-XOO--,0.5027848198265514,0.5022526735357669,0.5071458416902614,0.8546682108455693,0.50517250798709,0.497179796008912,0.49049144898280206,0.6734944526470417,0.6873140435798263
-OOX--XOX,0.6873094920163073,0.49915249810487633,0.49767325746988583,0.5070893439602268,0.6455333049151064,0.6782556986539748,0.5093695380444743,0.49702184957531104,0.4989981545516999
---OX--XO,0.26618659997806693,0.6845258346124057,0.6869032718256572,0.5050771573508149,0.49436833276053244,0.05117205874551167,0.04041798173202871,0.4953345654386063,0.502632505524511
XO-X-----,0.501791378660199,0.5028857418663771,0.09628892738984413,0.5062198738962964,-0.327247343025865,0.2946640523330778,0.1372403167353834,0.07603021530319609,0.15318190569408396
OO--XXXOX,0.5419410908744969,0.5341847537248487,0.6872379527591224,0.31327902242952166,0.41143543028147317,0.5426739776996133,0.5165880282003323,0.5001994067580214,0.5603390764465749
--X---O--,0.14337867944422922,0.11980145560262873,0.49183066521606067,1.113935039970853,0.3867199301976351,0.07785857648250966,0.508956467040658,0.16377222392988022,0.6600439968394931
O--X-OXOX,0.533216953451216,0.6608737740947576,1.3061067786719311,0.48195216890344106,0.839426545650932,0.4641889912257488,0.5483772568638086,0.4003990582576338,0.4325525087207882
-X---OXOX,0.18324274929546164,0.5086438623455634,0.06310317826985706,0.2238841790259517,0.4091347235066473,0.49040560090199525,0.49367239215842973,0.49947273481390286,0.4978001767490707
-XXO--XOO,0.8160854491545594,0.4912748449820771,0.49945841241025085,0.5065610813464871,0.8998921573946291,0.343175620752317,0.5080289293843172,0.4952762827009656,0.49435487613745477
-OXX-OO-X,0.8643034219471957,0.021169926101301417,0.543848924644873,0.41185276081309985,0.47968964536767444,0.6688739616296834,0.09649897229620064,0.042717159357526846,0.4405182628800097
-X-XOXO-O,0.6872379594563112,0.4983268778340362,0.6444132946906685,0.5085331893541349,0.5089024761821233,0.5042384146117598,0.4933372548702851,0.6871462276940185,0.49601333113362883
-XO--O-XX,0.4769459624752203,0.5390719611965958,0.4782313920634518,0.43248816668640505,1.5248514179278592,0.58180804186366,-0.012620046378131633,0.5748613187274405,0.4738254474831724
X-X-OO--X,0.5045095735737508,0.5339583464635682,0.5063544758114951,0.6872379594561269,0.5018456940144386,0.49462324557660137,0.13462429079320498,0.2497214418536705,0.4937354051442464
---OX-XO-,0.44318156374502254,0.4314264993521935,0.6876799197547939,0.498096452053587,0.5062829670219386,0.4029783594509926,0.5072899266687676,0.506166100860862,0.3217970200312339
-X-XXO-O-,0.17050067830524324,0.5033407243070361,0.20091283260650455,0.5030954853090985,0.504711555426946,0.4971404192498437,0.6473916016164566,0.502110460095968,0.6766437760244067
--XXOXOXO,0.6872379611129972,-0.28273601302118734,0.49844482595717216,0.5077255119007043,0.5016458628524052,0.49471927377805225,0.4977628293283847,0.5080125692536582,0.5048892812941532
X-O-O-XOX,0.49169515016302523,0.6868417814159696,0.5071271357696665,0.687237959460498,0.5043733782376051,0.5763055339392767,0.4912203673497561,0.5067387129982949,0.4977192916072646
X-XOOXXOO,0.4988408251890569,0.6872379594713671,0.5088916504604939,0.5081071004681745,0.49759016439099374,0.5059024267229685,0.4942068597067722,0.5028329031231311,0.493594817066266
XX-OOX---,0.49414296476970593,0.49449805335550084,0.7563174859271069,0.49054097243112865,0.5036153355501695,0.5066128691615308,0.2911254513346989,0.017638253893999478,-0.3453177634772592
-XXXOOXO-,0.7071527933433881,0.5008774205893752,0.49896537208232217,0.5027769246911292,0.4922679291955195,0.4980082735199079,0.508479077788471,0.4961550597177728,1.0876456519652993
XOOXX-O--,0.4977682748861215,0.5075398915155651,0.5017837673906205,0.49243013424038484,0.49803318806293295,0.6696068402882793,0.5063906888643323,0.342907695285682,1.0844417826593524
X-OX-OOXX,0.4955567872045691,1.2856477687984564,0.5070261208313183,0.5070728747402231,0.6872412642096936,0.4904385503659788,0.5075403208115465,0.4909586987200554,0.507600737333755
-XOXXO-O-,0.2696338728650577,0.5043666594882698,0.5065428787481712,0.5031289180035926,0.4905535241543834,0.49704859857315425,0.49402470558156353,0.4982319891878763,0.6872386697859963
-XXO--XO-,0.08911018221013611,0.5022209148831502,0.5027778513169964,0.5032256976373598,0.7049801163450578,0.21332282891629206,0.49490076983740244,0.4935280391587545,0.49435170845194554
-X---O-XO,0.5040636355494913,0.4900774576859265,0.687504470742407,0.38530337467284104,0.6871494946767797,0.49854838462062023,0.3258642240033899,0.5012167158156768,0.4973503708806262
-OOX---XX,0.6872186670682368,0.5016463224190734,0.4984431400289668,0.49569124860577285,0.5919316416122267,0.43128099182113244,0.6853611909628483,0.5062892607210255,0.4956487109034616
-O-X-XX-O,0.6859981704408457,0.5397508083874064,0.4884619264213427,0.47576408251842506,0.6081924367221688,0.48592747214672893,0.4075027696390093,-0.06855742468282566,0.5876919826152779
XO--XXOXO,0.49907237001301913,0.49024600536765245,0.7304661282423417,0.39806916363774525,0.5026792359896195,0.4956809816356411,0.5074574730566588,0.50998548951769,0.502278691253275
OO--XXXO-,0.5058339410593949,0.4952032655197391,0.687237917209199,0.7033893597871133,0.5077823340629622,0.49150160317817315,0.49029890224281547,0.5004774474936222,0.49429625248493864
OX--XO---,0.5044226027720279,0.5014599755045176,0.06445932246551678,0.5092445838060807,0.49046570722411426,0.5025811664159404,0.7081770276679437,0.6973527500231885,0.8824680078732288
XO--OX---,0.4966638744494353,0.5007961858012328,0.6703383115653923,0.6774930019051238,0.508553514683567,0.49852147535083796,0.6782794032744717,0.6872377605148922,0.07542911001317876
OXOOXXXO-,0.5241373438475495,0.515182415313812,0.4088357445051528,0.5052035199296472,0.44533282325222534,0.5088152970178818,0.5017434572400644,0.43170783918975564,0.6121156498415309
--O--XOXX,0.6872379922735659,0.22539909561477822,0.4976735000465635,0.6466208445854306,0.6871454802671597,0.49585044335299305,0.49299949460508985,0.498999181592871,0.49299264906195095
O-O-XXO-X,0.5097575995404042,0.6872543094808845,0.4916131139795399,0.6872182481488572,0.49100237784728673,0.5004391171459962,0.5068395017205461,-0.6099382479133593,0.5084523730399751
X-OX-OOX-,0.5064748226784862,0.49056940403566907,0.4969418288251991,0.5017137697032755,0.6868368849483654,0.49133215112385226,0.5028751732293503,0.49332149694629646,0.687316314545648
XOO-XXOX-,0.5019554311316847,0.4934808550760729,0.4941349137113413,0.25669200549881643,0.4946003109848827,0.5047591776031186,0.4969190496963005,0.4941748477154331,0.5425099041766748
OX-X--OOX,0.5040869254133382,0.5024131610845115,0.1573817164407505,0.5084148717564739,0.491164834946547,0.4923918697661458,0.4925158651318612,0.5041321420397659,0.50896175186343
O----X---,0.5070607075815093,0.6872361685133244,0.6886905610392814,0.6874448962803367,0.043466312381225725,0.5089141482673664,0.7007124147788066,0.054708417328756864,0.041288855149781145
XOOXX----,0.5063965564931829,0.5006372310985946,0.4990377332192005,0.49856724736753333,0.4994422113569585,0.6374230694864046,0.2820218981466929,0.28488775772810115,0.9805267253178402
XXO--X--O,0.5036453124829493,0.5011801585554864,0.5066049977085918,0.21781020937980966,0.49756487370107483,0.5033884253240175,0.6185654451111642,0.7896293045541911,0.49171095041000085
-OX-O---X,0.25113390275900993,0.5038220456744997,0.5019166922441202,0.4414329316290605,0.5062406797438738,0.6872379594563112,0.06598440459094135,0.6872379594563112,0.5051454345756762
XOO-XXOXO,0.4902125301932028,0.49585877480359636,0.5086964688924352,-0.2503331312728536,0.5074050687831207,0.49751114887530495,0.49369989205439535,0.5014359111538195,0.49210187684857554
--O--X-X-,1.0039120882536139,0.13360865300100833,0.49534970874447587,0.6924759395054706,0.09246576051236766,0.5003436024359439,0.9926423695985374,0.5020371753453583,0.3340525801458002
-X-XXO-OO,0.6460111889785818,0.4989027682862977,0.6873305113574016,0.49372223432533047,0.5076190233284171,0.5024254926254574,0.49963645094904996,0.5033857889165106,0.5030239049468859
XXOOOX---,0.5085080000990155,0.5020549583890274,0.5076922250510169,0.5022615862601176,0.5028256321462392,0.4927485676546128,0.6872379594563112,0.49146185635117673,0.2083390148325256
X----XO--,0.509919251566621,0.34343766905503975,0.11023681625295112,0.2785556505855873,0.6800113286654583,0.4918679261878177,0.5070491528700105,0.6872272852441603,0.728188539774373
XOX-X-O--,0.5123975007830828,0.475055380111312,0.45055531014001304,0.04424268941476117,0.4895744335460197,0.10488582283375658,0.4730344003480245,-0.2743298562784411,0.5061518262560725
-XO--O-X-,0.6332523194371211,0.4978892074693162,0.4941517907073901,0.6973880799309538,0.6447259810745447,0.4979354446594503,0.4922716435097146,0.4987545071758273,0.6872379954445835
-XXO---XO,0.01730827730238793,0.4974266345883054,0.502592494053253,0.49748708126479924,0.08882823508107635,0.4956498572868984,1.1463299112601264,0.49673182207629146,0.49337014732819057
--X-XXOO-,0.15215782525531807,0.14670179700566244,0.2091599598091659,0.014891193979605033,0.04859475987436235,0.8215208957154998,0.44907108626676806,0.6184229780802843,0.6870134053856501
O--X-O-XX,0.4381763294388089,0.23937160328911078,0.2740625178661358,0.40420377908738614,0.887626015564823,0.638804182803551,0.24389983757826666,0.45572766161263945,0.29287051479878745
OXX-OOX-X,0.49590039091793026,0.5035795764873459,0.4977761906960591,0.687237959043162,0.5056525008788477,0.4973900861098522,0.5088308139458271,0.33419899063412584,0.49631280200175487
O----X--X,0.5098861130613827,0.08940500985822408,0.6582179534179705,0.22820512329190806,0.27797896529725663,0.501007175785688,0.015336211860095095,0.25041335537638143,0.4926650187695904
XO-X----O,0.4963548287693743,0.4944546053885825,0.6445661904934848,0.5744400764629986,0.07275872547923501,0.48033570558247135,0.67809415857485,0.4264123069390223,0.5041289575685477
--O-X---X,0.7007129235284374,0.5534187574636233,0.4977589958246985,0.2721729166960133,0.490842550975235,0.15173088581268745,0.026962136405200732,0.055635842775625055,0.49351175747123316
---OX--X-,0.2951494900639532,0.6911630298794071,0.18540957879098374,0.5092458116832,0.5077664210002255,0.18346457989695253,0.030767184999772434,0.4921771555999034,1.3269556480481326
OX--XO--X,0.4979426840821946,0.5012751260120843,0.18871896076196326,0.19066839347908604,0.5062692875096453,0.4969929836911117,0.17898563680108992,0.08439717012894754,0.5017668763638222
---O-OX-X,0.5055975102145004,0.07101922577415776,0.6806313244692358,0.4460048916138503,0.6872379594502902,0.5372290007426691,0.42657874006861674,0.4964292163734279,0.45077969409997937
OXXOX---O,0.7339541839567805,0.4918209284483076,1.183036691701067,0.21962376787091387,0.3425132526441569,-0.26796590782033136,0.8779499526248945,2.050799427738934,1.5525628646681402
--X---O-X,0.046986932065036846,0.9094771812511062,0.4948332558235453,0.24420647626599745,0.1030850314840216,0.6531729765838431,0.4990219039368376,0.12109211403802322,0.5031371193101927
XO--OX--X,0.5057601800453716,0.49549591253548786,1.0563893396506734,0.5069443757441052,0.49113215419759265,0.49111588539740136,0.6435719279530018,0.6852347047868355,0.500766554359628
-XO--OOXX,0.6851920623433517,0.5014788143971068,0.5018460804074385,0.5654217185454192,0.6851962616000979,0.5060356913880808,0.5054672142858587,0.49385118439823605,0.4944606564907556
XX-O-XOXO,0.4550580465681277,0.41391006388122564,0.17964418860504272,0.48181419806519943,0.7064673615900714,0.5737066468507909,0.5600122303939448,0.5552001871034664,0.5183708741654728
--X------,0.026324753423593528,0.0024184473896429193,0.5064080408783099,0.18097732598661043,-0.061583041310872,0.8601323714855125,0.21889191648941148,0.40129154398778316,0.024525094220074817
XOX--XOO-,0.5067081547374661,0.4934481397671855,0.4932940243639291,0.6467272330088026,0.6853786040228105,0.5007471603377451,0.4935360881539882,0.4962933947808784,0.6876685844060231
XO--XXXOO,0.5083800000703849,0.4981886522073363,0.8606893766262921,0.2261697496869588,0.504704302999204,0.49396363941895766,0.5030346168741361,0.4965715180536852,0.5017348376368204
OOX--X-XO,0.5092525306584397,0.5036971552182424,0.5009710901586762,0.49399130773855054,0.6868247241701576,0.4940773157006338,0.6872387375335431,0.4969079231688313,0.5047102978696124
OXX--OO-X,0.5064526092141312,0.5043321841995145,0.49758935108259705,0.6851957943318411,8.032226979870494E-6,0.49687937668717147,0.5015221518856164,-0.32790402284018827,0.5009938523825396
O-OXX-X-O,0.5899848325808059,0.6847482230343169,0.5350020448769293,0.5378742222570141,0.5150788185286301,0.6513501383002744,0.5306153635242798,0.7883344206719515,0.5637455027550632
--XOXXO-O,0.6872422352678528,0.490602121324531,0.5020585717830417,0.4926383849148263,0.5060999154267042,0.5042456385103679,0.4911813722123975,0.6871463583780347,0.49535708258877353
--O--X-XO,0.6850082288595883,0.5815820474572746,0.4903527739809389,0.5942347491589803,0.056712086851790355,0.4998759253658233,0.8289339575122554,0.5043648239518069,0.49572665746016986
-O-XXOX--,0.3804815715829546,0.4956815894995596,0.20986880406762937,0.5023315855686715,0.49336610216475113,0.4931367953198485,0.4980250766024277,0.29573191194919146,0.6824359715321365
X----XO-O,0.5036974731149204,0.6783288587677255,0.5814820649494317,0.4134532644622462,0.6884901818399646,0.497507824229746,0.5072074014725423,0.6872379594563112,0.5099079397637868
--XO--OX-,0.6748427985621043,0.7762411028369745,0.5971892818518695,0.40065384447707497,0.7195773236920289,0.6785993442582227,0.4866272417310285,0.4002887660612802,0.6506697991279807
XX-OOXO--,0.49884039712846384,0.4976624312741441,0.6872578523973438,0.5096295447033616,0.5075041637476879,0.4915742700276707,0.4955897832694169,0.11245743224108884,0.13245353080085198
----X----,0.6850925439507828,0.43714143386491355,0.44010057113373835,0.14011104067944297,0.49008183336466593,0.28872711391775663,0.24395577183845735,0.08099309462033077,0.04137024711845366
-XOXOX--O,0.6440685755774761,0.5051498522355947,0.4937752147706878,0.4995516110960055,0.4981735131543808,0.49958171411084923,0.6872379594598559,0.6871462277300976,0.4953338011830651
OXX-X--O-,0.5023846475292086,0.4920431768003347,0.5055577346842159,0.6779189973025368,0.49118477994419707,0.5025481642925397,0.9150125918909389,0.4927033781188141,0.5248750898792945
O-X-XOOXX,0.5318443875284372,1.1285074933048111,0.5632748394520569,0.6868785765925925,0.48526518573217436,0.542896203903262,0.43666825268228304,0.4184780374822838,0.5525979683051334
---OX-OX-,0.6872379595469399,0.7144138849790915,-0.2001092867250529,0.5061455432461661,0.5096641419678123,0.14068067897554887,0.5050246049596733,0.5088198957249233,0.5073204361154753
X---OXX-O,0.49754840515395277,0.49533118196869425,0.08200893488884609,1.0946663797594487,0.4957627223861579,0.4827536894136651,0.5661036515236544,1.160280736116769,0.4564979941375559
OO--XX-X-,0.3627434457181563,0.7976390057778358,0.1815932844070609,0.6918230099725545,0.9655107828085787,0.43356508575551467,0.4108559905328157,0.8438928407232491,0.3900941686822371
XO--OXO-X,0.4933515566130558,0.49127942047664463,0.6852585851724798,0.5763058791309286,0.49808021450451545,0.5053185682812301,0.5002799925604814,0.6889346105904114,0.49883063242970793
XOOOXXX--,0.5021936268870031,0.4917765862042124,0.5082144220048971,0.5060513291520613,0.49510207540583767,0.4930170738836877,0.5008044999644553,0.36424769209284524,0.21325338801402355
OX--XOO-X,0.4980507537225145,0.4972853792002575,0.022949228028470936,0.6872379594563026,0.4982539436336034,0.4980459619049206,0.4907787700438017,0.684245736283082,0.5047909972410106
--X-----O,0.2937730540795895,0.32005105372315357,0.49420659720438975,0.3726708539483593,0.058491653648049646,0.15140884748231576,0.1987418207736089,0.2465945374519729,0.5076711234893853
X-XO-OX-O,0.5030669413745913,0.586057334490911,0.49264961348795205,0.498991985827751,0.6872379609724697,0.4959806099778532,0.49204370059780317,0.9944704577508132,0.499193866542583
O--X-O-X-,0.506725112135213,0.3373155429179213,0.6463234800177131,0.49891168997192736,0.49399990220707946,0.49268430895541526,0.29053908889831837,0.49577253416432815,0.6872184795186859
OXX-X-OOX,0.49917197666082336,0.4924977751043658,0.5090034689162275,0.6872379595469399,0.4984539132508911,0.48825020669282004,0.5083434951521009,0.5011920919289519,0.4961686856855029
O-X-XO-X-,0.4901454133024441,0.1697035545226523,0.49137603987062484,0.10172172112743666,0.5013715074704104,0.5060420680257643,0.10581989555178661,0.49184808429799876,0.18248906464198755
--XO--OXX,0.687237968582781,0.6266152864385767,0.5075981457469966,0.506119609028197,0.503257314028658,0.3380755354704771,0.5084541586627163,0.49541354165853574,0.4999433487720024
O-XOOXXX-,0.5088755187977003,0.12477833064626997,0.5055700198045695,0.5073879742189649,0.4954661468159785,0.4980402705185549,0.5058660325981605,0.49123297355721546,0.6872388785068312
OXX-OOX--,0.5033282470507591,0.4971386857076014,0.49560458831256265,0.6871477770488089,0.5084840470315874,0.49346753233517865,0.5090686171620162,0.6868054769104663,0.6872379594563112
---OX-OXX,0.6872381569987849,0.9660370052178566,0.4978728352443932,0.5040701998866913,0.5015250021679182,0.027300113337863585,0.5027407419067401,0.4907829124084831,0.5057490961856146
O-XXO--OX,0.5015330660011985,0.6780259195447728,0.4908862788374244,0.5081568580487903,0.5039259233623425,0.6885024462717393,1.2340586484713043,0.49879367471097497,0.4968563253966343
OX-OOXX--,0.5061550222805056,0.5074107274467641,0.6451930698149345,0.49791212858362616,0.5075735666063804,0.4903967473386352,0.49253825731350426,0.8432884827669269,0.6872379594563094
O-OX-O-XX,0.01398921763453509,0.6480651166257192,0.273208939696978,0.42992539559843956,0.6328050012862552,0.8563709859134158,0.27652374006622316,0.9485455137812157,0.005666406671683055
OX---XX-O,0.5012393349442196,0.506417186390535,0.09864994937030014,0.6780068255720195,0.6965787141725782,0.5093592223818799,0.49367700609298915,1.1801558398424543,0.49277128531926606
OOX--X-X-,0.5004636714544887,0.4960068644569396,0.49293268772595433,0.49354319394557183,1.3210174456339385,0.4902819355187837,0.6817321932205019,0.5002226792617288,0.42963192329326355
----X---O,0.17325484239169336,0.1665255937966445,0.6569475251561654,0.16028549116975066,0.4967094899834664,0.10797491140648863,0.0493804490587873,0.6153914567356679,0.5097997290399243
-XOXOX---,0.26773717668057706,0.5086713059461789,0.5093010046801074,0.505916666617654,0.5098322877207981,0.5063702405849421,0.687570779640889,0.49371931045048084,0.6441915042209608
-OO-OX-XX,0.685237653029347,0.4915504359654245,0.49448330311859146,0.4950433270291779,0.5016769774323477,0.500830829934639,0.6872380019164734,0.49401669005125654,0.4970529048516784
XOOO--XX-,0.5008735828162495,0.4902292721814687,0.4974864456960335,0.491345043114822,0.03171854352567105,0.49291140441873355,0.49283963219637794,0.5067958556760823,0.6471925753794238
-X-X-X-OO,0.7969381966953965,0.41589312711440196,0.1815947433492613,0.5626853934968881,0.43434805918810426,0.5897128826719157,0.6872377579235984,0.539195954636695,0.449719313309496
OO--XX-XO,0.49715346664241794,0.4959043288405308,0.686832785151895,0.6887868277746619,0.502781420500594,0.49040167688318353,0.7944777789123466,0.4981774560678038,0.5063234179737087
XOOOXXX-O,0.5029323179238868,0.5029787390753603,0.5033273524894223,0.505452774153933,0.5001505817933547,0.497689451957124,0.49492986355078267,-0.21073292231326868,0.5004183138325575
XOOXX---O,0.4314510633268404,0.492027251903613,0.53264508912542,0.4904170906146369,0.48678693622009434,0.68723558886349,0.7754647796527532,0.11076223186706402,0.5950691204850169
--X-O-X-O,0.6872370374439049,0.691954404885884,0.5070114546335922,0.5830102178016369,0.49805723120997514,0.005026532498958902,0.5098044521854499,0.6862752730377749,0.49073194370960577
O-X-XO-XO,0.4839642507360936,0.0318221929982363,0.5785231513085912,0.052989037739562206,0.5864979014146,0.42473910403687487,0.6869385291719406,0.4182747563392618,0.4762063470862693
-OXX-O--X,0.5563911810874796,0.5050083737225938,0.50046876304456,0.5013298679373625,0.6723939461086272,0.5028055836747868,0.06922872105931921,0.25271589939889216,0.4914956807041886
XOO---X-X,0.5005262917923573,0.4931732075652481,0.49763086199476053,0.7994189106655792,0.4753385557790837,-0.24887060929114435,0.5081976958916256,0.2487529598590048,0.4982825162535906
OXXXO-XO-,0.5064081132618374,0.49214119226916103,0.5056300012421141,0.49906317726363014,0.5059994018484837,0.47181164073602305,0.5020473947608161,0.495753081935462,0.6872379598779543
OO--XXOXX,0.49601926110202343,0.49047784551188767,0.6872187076743695,0.6872388785068312,0.4943265237516338,0.49279022938415534,0.5072636319090857,0.5009426024826455,0.507620549429491
O--X-OOXX,0.16342196043601653,0.7419036620631587,0.43714015943165363,0.0487048090028076,0.5124973964842103,0.9084593021922406,0.5483414666136829,0.8124112340545345,0.04544638524580702
-XXO--OXO,0.6872422352678528,0.5064609965114748,0.5015880236206276,0.4997980253168744,0.008708715193180394,0.07736102949903689,0.5009503232931746,0.5058872967810273,0.5076317847099626
XX---XO-O,0.46549855146637253,0.4116283161447444,0.1595122185088903,0.29764110573645197,0.11493102910053021,0.5705180725606047,0.43915101682218066,0.6871032303680702,0.5227304807028968
X-X-OOO-X,0.45785577017388235,0.6513501383002744,0.5463847773887636,0.6769475868885841,0.5915476675798856,0.5408122724289732,0.4213814364656073,0.24805785995346913,0.4081748327702734
--O--XXO-,0.02837019201481239,0.6890847440783522,0.4979806377055043,0.009916349412393888,0.49609188914587915,0.49259850716288744,0.4980891744931728,0.49012887000201033,1.369168949860118
--X-O-X--,0.12268198310745182,0.5704015447235916,0.5014889720216079,0.35910566651595416,0.4947282058186037,0.04360539200914315,0.49900949393969823,0.8836368338609144,0.6860123077981318
XOXO-O--X,0.3991367832799352,-0.7103297448245023,1.0143527583369167,1.3175247393116059,1.232352255483482,1.6588445656326858,0.009711663811295401,0.6513501383002744,0.15108439008648022
--O-OXXXO,0.6872191576364425,0.6872471232439714,0.49857401627423337,0.685401522005408,0.4995234806661283,0.49458813679938557,0.5016676488210646,0.5030107895133931,0.49677683057704736
OXX--O---,0.5020060851027371,0.5079781230466673,0.49705477934874337,0.4901857455548175,0.6871469867355834,0.49726823734088543,0.6778068421217981,0.9880649756539466,0.555544953096263
X-XOOX-XO,0.046070702021337895,0.08306115552487331,0.013816401789613963,0.3909146521352962,0.9296655425955487,0.42705223570299233,0.4577554971824967,0.7384179643218607,0.09018619582072884
XOX--X-O-,0.49113746193135127,0.4919498975739576,0.5023220235462409,0.33503516754527174,0.6781795672964509,0.49582363520453476,0.687508572633304,0.49854496475218735,0.6892421596514203
XX-X--OO-,0.5055803133756248,0.4992783752052286,1.4814284054257398,0.4972148440218982,0.7441530209136215,0.7112740651838806,0.5079201684465873,0.499545856425119,0.6784433017264374
XX-XO-OXO,0.6937061781774948,0.6660923671468937,0.6873244350445173,0.3926098778169639,0.30888557222287183,0.7282726695509487,0.8558625250498993,0.006608115134403625,0.5416144551734428
X-OX-O-OX,0.5004394942624267,0.29200207991711435,0.4914487273293723,0.5096954458286026,0.8694161170065907,0.4911091565152475,0.9482363090693426,0.5068116002131511,0.506076698859607
--XOXX--O,0.4067161987530681,0.49201099648484264,0.55387029000733,0.42512864663859395,0.4762738341650062,0.4129924255465979,0.6336775258898919,0.19830752197567791,0.4091684508540868
----X-O-X,0.005652886036288107,0.0833041317715259,0.10300701208537927,0.30367444152759215,0.49517497766882707,0.29682411629441424,0.4948339332292898,0.08326425708303192,0.5075070201247538
XOO---X--,0.4993009513702566,0.5024502781980317,0.5043368891266126,0.2703749314948466,0.26111521281952466,0.2245796731864761,0.4954681123621328,0.018402192287674257,0.9221115980204565
OXX--O--X,0.5021316897406329,0.5070846135486116,0.5081745204025427,0.6458470780065444,0.1271070543705609,0.4900142226972513,0.6472888547318754,1.869892633062349,0.4962073783253994
O-OXX-X--,0.5033870241019387,0.6872379595132608,0.4923214299353817,0.49150363844502487,0.49173376613638126,0.6434134869701187,0.5071606395262505,0.07272289856976533,0.6853516486393726
--O--XXOX,0.7310585786300049,0.5087488472614925,0.5020088036695614,0.4982967475264929,0.8630631160836364,0.5020720280181155,0.5004805002171377,0.4990942773460425,0.5062282562927573
X----X--O,0.491222429761647,0.636973127747098,0.3493240100197397,0.1411333683982876,0.16057996267652463,0.5001077118631978,0.013309975736887858,0.09257047089411385,0.4943957221770265
--XX-OX-O,0.2608301288269022,0.2759333481549444,0.5543914400563091,0.5014356854558876,0.0401339279980501,0.40472502020321377,0.5220386260672025,0.6989284854676451,0.427587277899424
-O-XXOX-O,0.7237112471375216,0.8800435725999672,0.6872383395852898,0.9595681960929692,0.06701442158593562,0.5640037618752182,0.021377455506862986,0.49025524719664043,0.9054892286401621
-XXO--OX-,0.6872380823851586,0.5089381620676423,0.5061925247224272,0.5010975585775087,0.012106767766099424,0.5380443928580076,0.5003776989166637,0.49256287905487456,0.12522810456246664
--O-OXXX-,0.5489966109337369,0.7273748531174662,0.45585962353681797,0.12009654588315932,0.5398745910687136,0.44384435524618676,0.5751897255801217,0.4539157788189079,0.1610172875320829
O---O-XX-,0.5020937749133837,0.003939554996218897,0.047725854273425794,0.009970922586568176,0.4958422579879533,0.6867049852685562,0.49618126250411737,0.49079604608034966,0.6872379594563112
--XO---X-,0.9348029057214468,0.37704746644796333,0.4904734924922406,0.4968182272124271,0.5994961159111053,-0.3757461300464635,0.061883326019115836,0.49491485779432803,0.7092524557793964
-OXX-O---,0.5049320967386632,0.49867806241140666,0.502400492805464,0.5092292208224524,-0.2632201356203382,0.4903677987082484,0.7324614636658595,0.24174033272025885,-0.0454981957665519
XX-OOXO-X,0.49726526488059614,0.502337689721837,0.687237959460498,0.5044373070407538,0.49061154281814917,0.4963301085666463,0.4976294031613354,0.3785985018860611,0.4990180552213837
OXX-X-OO-,0.4942520318934768,0.4970893600950599,0.5087114539618538,0.6868209001977462,0.5078360569312401,0.687237959457073,0.49386751710222,0.509049383746465,0.6871455947784697
OOX--XXO-,0.5947869998451616,0.4414489580944595,0.43376364463865236,0.21260714626141314,0.687221354596175,0.41398022724526923,0.5783208380883116,0.42263922827838707,0.4077129835938072
XO-O-XX-O,0.5437167310162156,0.5679760627285828,0.6564993624720856,0.45742053774977476,-0.320627297279092,0.49068259912325873,0.4518161372345607,0.6871868650943173,0.5462918682413112
-XOO-OX-X,0.5754231939066313,0.553413597543366,0.5678994719793428,0.5391878795841201,0.6387789424691932,0.5720855639136703,0.5333539483053841,-0.10104553029525576,0.507349974935294
O-OOXX-XX,0.4473638903950805,0.6871708882026762,0.10012816232607058,0.656565494487972,0.46448656980513936,0.2907646073578868,0.6872343903642549,0.3774399630510423,0.6687204327491205
XO-XOO-X-,0.4391243084164069,0.4691089348998776,0.5744725265445385,0.4957221989769886,0.4149419293538551,0.45124878344346264,0.6028865653045099,0.5176270377417985,0.8169685644566862
-OOX--XX-,0.6785898615875776,0.5060703890044433,0.5007747262281093,0.5057644491084539,0.14014762970506145,0.5925721987389626,0.4909781360821256,0.5062336903281816,0.38060079250141643
-OX-O-X-X,0.4200675990097466,0.44115025109792494,0.5065675953368967,0.0063714582972851375,0.5794080376961224,0.30546355300516026,0.540265932724509,0.6794728163555717,0.4826152275371906
O-XOX----,0.5096160810599742,0.14876047658692548,0.5080631328890982,0.4962841234730268,0.4988225306812711,0.4733108029393015,0.6872379594570711,0.1720412064574816,0.49092803781931404
O--X-OXXO,0.5056573229178589,0.6852859713686147,0.6781149907414735,0.49847099379877363,0.687570779640889,0.5079424999201966,0.49698781271253567,0.5010514964284156,0.4946746246450044
XOXOOXOX-,0.4950704032108683,0.502951166069758,0.502289215081485,0.4969918837602746,0.5092768926584131,0.49420819985112907,0.5025968046937662,0.5001605106384744,0.5105785203250941
XX--OX-OO,0.4963354076135703,0.4912368630888098,0.32583944814642596,0.4366783871470207,0.4920060074691632,0.5016051937840803,0.6872387149072758,0.49139499738214454,0.5059406527727038
XO-O-XX--,0.4973925829268077,0.4962924397041131,0.433700282079797,0.509058798584694,0.16217517789749852,0.5075641761923922,0.5058790135114378,0.6528895436798294,0.06176440369041447
--OOOX-XX,0.2498115157687092,0.15237856580785908,0.5074082833539112,0.4955593459448504,0.49081562849569965,0.4927478302379219,0.6443833871003585,0.5020336573135563,0.4911593241317946
XOXO-OX--,0.19526367173733516,0.055369351850801884,1.087068081022542,0.84808574728988,0.52497918747894,0.5759334018083511,0.9824905024852485,0.11265647839678261,-0.35032110502515956
-OX-O-X--,0.07790553874872114,0.496094068490275,0.4992189287855772,0.6460419990936583,0.508239975591198,0.6872379594563024,0.4994414833402266,0.6872379594563112,0.6997994546108012
OOX-XOOXX,0.4704408158372082,0.560658673764052,0.42235850581565826,0.6872379594563112,0.5013476736019806,0.5171424434157752,0.422361958621398,0.4619376591218992,0.4966287525135634
XOXO-OX-X,0.5036389452028438,0.4901645954687681,0.49092589693492833,0.49152677678801243,0.687570779640889,0.4997242183456923,0.4973437659972164,1.1346156003373644,0.508976273458897
OXOXX--OX,0.5068791291566733,0.4964033743973426,0.49228648768661204,0.5038320659915302,0.4927897604084477,0.005404248727010175,1.252408441781906,0.5057244232606957,0.5029019344084854
----X-X-O,0.6957644470159744,0.03352388307182308,0.059006537912697055,0.17559624244721195,0.5014124470126156,0.08331564886591242,0.49298173715670496,0.9260104028468518,0.5098209338130258
-OOX--XXO,0.6873305113574016,0.5052678651760497,0.4923966231804697,0.5034483235907425,1.4232983941405486,0.6777931098741379,0.4988509462659483,0.49824791494784965,0.49252988228104816
XX--OX-O-,0.5348049436331744,0.5624953318105909,0.9940538626102144,0.4528545572335041,0.4624290747085392,0.5931190300746032,0.8463934900287479,0.5836660289385015,0.3618677386411727
-X-OX-XOO,0.3117303188064706,0.5066264692511462,0.4906111042161285,0.4927226491710421,0.5092924607055169,0.4149148893473055,0.4961099874768476,0.49665503166620256,0.5006012186655674
-----OOXX,0.19595897488743474,0.016894362631498572,0.7272837962523871,0.6708699554387642,0.656083209344172,0.513626942975082,0.5828393953618449,0.4080969143721101,0.4078824439307166
O---O--XX,0.4942547287499978,0.19093065276423826,0.1625647755443232,0.0019653148712669433,0.5093920505540255,0.27773410160478995,0.6872399887994326,0.5068823669576468,0.4919827834616677
O--X-OXX-,0.43717107624090423,0.3095097929305556,0.49624757524752133,0.4909975510418423,1.3798960672015037,0.7691596949177375,0.8564776715382993,0.4033122886856956,0.5201277533187572
OO--XXOX-,0.49306850059829527,0.49638222320532077,0.6872578523973438,0.6781421220559669,0.5097122294626389,0.5023486236159228,0.5016401826045198,0.5049738545611109,0.6917777152724791
OX--XOX--,0.49495619906957605,0.49352012125400047,0.5068036977990701,1.368647208528258,0.49918413200582845,0.5061581827504804,0.49633263383827647,0.23274335598324108,0.9407156586528461
O-XOX---X,0.5712789884286597,0.3821642724483798,0.5091961066180477,0.45283859261149717,0.5320817582927642,1.47378956848096,0.6872147401984965,0.4975005851272988,0.5595839605028692
X-O-O-XXO,0.4953860122329902,0.5082950615499398,0.506217199692834,0.3426427688381427,0.4958907949225883,0.6872379594563112,0.4918125599538647,0.5057375291278466,0.5079655224207428
OX-OOXX-X,0.506413652476244,0.5042199376232432,0.1398510328427186,0.5060097749255185,0.5012862399368659,0.49441693399365944,0.5015121816951958,0.27312417016337565,0.5011246196775814
-O--X----,0.6815743494729749,0.5049495270949037,0.6578800969289654,0.08008979172292569,0.4950413903740194,1.3504473652477675,0.06513065186346667,0.36969842494139,0.15227327215165176
X-O----OX,0.4915863218380586,0.49029808405446984,0.49922639928896306,0.4504442098824831,0.6872379594563112,0.6445157508787301,0.16288198821299515,0.5036916981350008,0.5077936116770995
-XXXOOOXO,0.6872379594563112,0.4904244138083855,0.5081375162086302,0.5005829315106665,0.49376734484784984,0.5028587669517551,0.4944987357970842,0.492240239858982,0.49396350060809996
-O--OXXX-,0.06362113339680542,0.5649494620619319,0.6273296978837777,0.533433910411368,0.44224700122995786,0.4600797178675241,0.4189442809192074,0.49095054642320474,0.6344747852307785
OOX-XO-X-,0.4766770481347203,0.42874547966953147,0.5069671558590365,0.6786556181533742,0.595001709069128,0.529663764012678,0.628797835270201,0.5603311153085182,0.49801651315031936
-X---O-OX,0.36209776778800395,0.5096713420330857,0.46768686940844895,0.7046627851381537,1.0542153272687398,0.49555707067873567,1.516923654226053,0.49565067900461823,0.5065060858736365
XOOXOO-XX,0.49454606773708115,0.49588909446066126,0.4959694911328383,0.508203781855611,0.49179867604820204,0.507834525451499,0.6872381569987849,0.5070989714656513,0.49863599021568145
X-O-O-XX-,0.4934645866450855,0.23671744972266828,0.49332889269481,-0.19778227293246098,0.49706227290016897,0.22785676009916928,0.49219804027561576,0.5071780094300242,0.8483429767019257
XX-X---OO,0.5061250772244819,0.499752089492886,0.4164265816418365,0.4933853269667642,0.5133893136017444,0.6273483045224734,0.6872370605357565,0.49904724076317025,0.5098849564864179
--XXOXXOO,0.6872379167824636,0.687238112135936,0.5014589095498602,0.5047985934565835,0.5012689193350589,0.5088393326855616,0.49846032702958376,0.4998427680113385,0.5049010111718233
-XXXOOOX-,-0.15172681952238554,0.40360223390160394,0.4365935269821224,0.5527588265363393,0.44733015401822623,0.5997294573364451,0.5772741065973024,0.48623329259095827,0.5616835155260297
--XOXXO--,0.6869124820616836,0.4900199003651138,0.5303525765510264,0.5268400520405752,0.4399099462086893,0.4580846159907689,0.5307192168435546,0.40325612301991615,0.6872346918567449
XO-XOO-XX,0.004687779550109794,0.020753745220359665,0.20669748279027933,0.46522226126433663,0.9516382703277203,0.8449627578228691,1.1183421999923602,0.8428007745434521,0.8060342359196371
X-X-OOX--,0.4263118569937424,0.19336640310867514,0.5833508045000693,0.6247021152824332,0.584812301628875,0.5389434046289582,0.5824622946392378,0.6069080552267524,0.7208059928110574
O-OOXXXOX,0.49152592114204424,0.6872379594563112,0.49497111575461106,0.4937228452554536,0.4947560110767064,0.4986219952628532,0.5061316028677985,0.49103893748599575,0.496164099086926
-XOOX-O-X,0.685222620577672,0.4975852164447883,0.5054180607721248,0.5050936556101249,0.5023717987279341,0.5099540411814342,0.5069958301511847,0.8005806084151385,0.5045427690644472
-O--OXXXO,0.6852159088120259,0.5044330965891491,0.7057549405148622,0.6958595371856262,0.4946555897213074,0.501679513861493,0.4958080038390493,0.5034897090690247,0.5066447816387263
-OOXO-X-X,0.6303445453621402,0.43372065173879837,0.412005201938498,0.5311051923785586,0.5944614871379535,0.4749772089643975,0.4865893259801889,0.6871162220939827,0.4102737850425897
OXO---XOX,0.49080497663545203,0.49184353635331535,0.4991281723040146,0.688279060839455,0.11042418424738687,0.26386760017680944,0.5034414222476037,0.5004752002188431,0.49206510304103523
-O--X-O-X,0.19269060285254358,0.4916822459414987,0.038984571470098706,0.6625322860469436,0.49151842153274733,0.6816914642091894,0.5048072193186507,0.13395154341762694,0.5095800402243243
-OO-OXXX-,0.6872415706627134,0.49778543520353263,0.5045981330604153,1.8737348396776043,0.5030335292754563,0.507373086394823,0.4981786460509196,0.49946616543198225,0.7016833642663647
-----OXOX,0.0788341845702567,0.6862063301534398,0.12405819617210156,0.6876115774340732,0.032563696261302955,0.5952189714732007,0.5656364849000078,0.5947049407361631,0.5732313410363183
-X-XOX--O,0.072930860368289,0.7707546698216181,0.687485726983389,0.3334433305185983,0.9002388419639399,0.14525819417819497,0.6861919281310913,0.52497918747894,0.5500348908763937
-XXO---OX,0.48422899183660373,0.5019384614389152,0.5094186449795992,0.5039820862225861,0.26175597813211726,0.49394784482785214,0.505385189156631,0.5000427254108519,0.5023824679439952
-OXX-OX--,0.255130171541298,0.520234194257648,0.44061824211608813,0.12886356853737435,0.5263126775402598,0.08719585384747475,0.16299155573337976,0.47203240971786575,-0.30213557717656103
OO--XX-OX,0.49482275322671093,0.49201666170809455,0.6853745407241726,0.5014058737856972,0.4983428809160059,0.5007063714424511,1.387090998566765,0.49693701956487507,0.497939909684496
-OXXOXOX-,0.14131945671130852,0.45805887204126583,0.5879650880941312,0.5001534880211886,0.4295960500714841,0.4337225163217654,0.5230241534341401,0.5402307838889265,0.3145313274644682
-XOOX---X,0.7335767524870689,0.5096547693847061,0.5096365595617163,0.4953878446421459,0.5067561343767092,0.05316682958401264,1.2263164254056205,0.0584098443453433,0.49875761243702404
-X---OOXX,0.7581124719911803,0.5067850531206858,0.496430012177014,0.733284521331643,0.6876685844060231,0.4914975352183301,0.49038768374886504,0.4922639708754692,0.4928100262169427
XOXOOX-XO,0.4951246729371082,0.4962805611940296,0.49622008765000075,0.5085753513199532,0.4979964538904892,0.49275574920921766,0.5955153130553894,0.49774803113247945,0.5030481067816434
OX-OXOXOX,0.49254928402942844,0.49328647483173443,1.2416738471444004,0.5045387767974786,0.508660295093259,0.5012069714800391,0.4909613267495868,0.5079722549169828,0.5041362085655742
XX--OXOO-,0.9678749023718339,0.11868777179816326,0.6917398689840775,0.20063230971284918,0.8921846547429536,0.03459521793642795,0.37698003398390867,0.3038423767436931,0.6226070062487585
--O--X-OX,0.7151489614809794,0.686043979059545,0.5043074725693342,0.5063443437473545,0.5055805322628714,0.49670810119125713,0.45214106296239437,0.5082293857524686,0.5079355038144886
X---XOO--,0.5072160016901057,0.13413442361986805,0.11674984870778687,-0.1695949770903752,0.49120471679410305,0.494264946124412,0.4987041853397073,0.47910589637032996,0.22819745364940125
XX-XO--OO,0.49667143858073326,0.49967305049642113,1.3006258217751703,0.4904434070412077,0.49721101214263835,0.46915913177893354,0.6876016235828791,0.4933452748061795,0.493089637632695
OXOXX-OOX,0.4982332361968872,0.4925008340285119,0.5063231814010247,0.49316213999470293,0.5030376681106228,1.0764011750799516,0.49609960106070355,0.4983505961534559,0.49042440253102315
O-O-XX---,0.500423946480737,0.687237959456311,0.5089931736112927,0.6851348800150553,0.4996273171015592,0.49204540304434585,0.6673092850022228,0.442031964948048,0.31721433561670265
XOO-XXXO-,0.509923591383559,0.49263269866043286,0.5045497873221587,0.564283081234934,0.4929541340323586,0.5004779104308582,0.49879279332354126,0.5043142429376272,-0.3446275182554359
OOXXO-X-X,0.5008459793701604,0.49563428220273237,0.5014535303288926,0.49812285988059535,0.5006938352308018,0.42717964800423686,0.502091778253524,0.6872406409237481,0.5070174803340278
OXXOX----,0.41277148536604474,0.4941006724551943,0.49856533965188415,0.43902929095456544,0.562050385848675,0.262856773547844,0.6872343903297101,0.23437383933959044,0.18856880388472164
X-OOXX-O-,0.5751763542676807,1.4016381008404166,0.47051487640856365,0.4006887687357238,0.46094317740005475,0.4830405068222748,0.36690721532831083,0.563470767586054,0.6183649691151268
--O-X----,0.7083990287424763,0.1995461695372553,0.5041234638032176,0.18984448915446428,0.49029467987435077,0.47979522171184524,0.03118311464119311,0.021010246496522778,0.553432552712648
-X---O-X-,0.4233771720585274,0.49740365870137,0.2423859101744047,-0.09747265442639663,0.553419408516586,0.4923869423514167,0.396790510565172,0.4994921952506453,0.23085149074177114
--O-X-O-X,0.6719445089944076,0.35883431144750144,0.47823763860241447,0.0433386948552158,0.4258165586756347,0.04006623023347644,0.559935232825032,-0.42022511477127267,0.4946442851359718
---XXOOOX,0.4941226801554656,1.3453658864148483,-0.02638303351519411,0.5083503725039246,0.5019553137891553,0.5064975863717793,0.504112518266757,0.5086841883040533,0.5064262739934012
OXO----XX,0.5908594066574344,0.5565033213840637,0.449206413056987,0.6585177444499971,0.4995943937359234,0.3241975068681739,0.7401998595433167,0.40876115130866053,0.5322248852966904
-OXXOXOXO,0.6872379594563112,0.4919554455477876,0.5016939786343426,0.49650721552090304,0.4962018928098734,0.4970388658241685,0.49741341003142936,0.49145436424628347,0.49456287794666637
XOXOOX-X-,0.5017042768432531,0.49532385081079566,0.5087610730089931,0.4994965860978393,0.49230272659137647,0.5094417624911844,0.7010940564578942,0.5002806806638487,0.3415367778282927
OOXX--XXO,0.5044921003643953,0.4995513510553684,0.490181237951323,0.4980493212240334,0.6872370798164146,0.2050352925944285,0.503874811062009,0.49790217691905897,0.5067795071025539
O-O-XX--X,0.4913494346664973,0.6872548140034945,0.49848142623003744,0.6872338322027556,0.5075170477399513,0.4994437511057318,0.5011146084942157,0.49518349436998954,0.495404364731221
-XXO---O-,0.6853059627122593,0.554785266003553,0.4257812587222405,0.5102698334687525,0.009542088595059894,0.6856048562962324,0.10272079174692061,0.48625772779605836,0.31280769836136246
XOO-XXXOO,0.5278732560215202,0.48611601087956,0.476140324391344,0.7092948177555568,0.4355656230138851,0.5333433453681482,0.44074296269380214,0.5496121867372445,0.47880677477445394
-XOOX----,0.42486206030453816,0.49095698812337485,0.4941929301401213,0.507375931570296,0.49694288552551924,0.11731328594835444,0.6197118109553664,0.6920889355125441,0.694915034010696
XX-XO--O-,0.5037037846721102,0.5014238290821473,0.4134247464820884,0.49028401022170465,0.49910816346286313,0.7911546367746887,0.6872543076439148,0.5010027323565223,0.45146841917022495
OOXXO-X--,0.5294213914081974,0.48741644460604916,0.576097928514065,0.511190370894228,0.556798487369824,0.6872379594563112,0.4607836569139523,0.6803528432208387,0.6416978861343494
-X---OOX-,0.06561984828480871,0.5064525198582233,0.6618204821852759,0.012587552293909954,0.6871901275524837,0.5097713372724362,0.503658265829899,0.5052991330031454,-0.018961188418794572
O-O----XX,0.4963233774807454,0.6872379594563112,0.4964824930317041,0.0305927139740384,0.14232021289226104,0.7753611607837542,0.687233847192642,0.5042282314030092,0.5049767704151575
OXOXX--O-,0.49907325504022526,0.4906622853001023,0.4983659242217072,0.5050796328527765,0.504095497861376,0.4806083170635248,0.43452098406711614,0.49589812769233255,0.7725454397804232
XO-X--O-X,0.5060967741495721,0.49823425225757767,0.010806409927632377,0.5014304755229895,0.6461020830627914,-0.10066615143326596,0.5000234020620532,0.490584922989783,0.4985068457909809
X---OX--O,0.4922891838102768,0.6955687842652548,0.506246142322385,0.49529960287780184,0.5077887359965455,0.4946334490491217,0.6854025174513902,0.7269486725263683,0.49640696114955724
XXO--XO-O,0.5057755606254245,0.5065214046176026,0.5093681646641007,0.6872380019164734,0.6872340452569967,0.49224550762842995,0.5024513203980109,0.6780587033357404,0.5042811841070852
---XXO-OX,0.11890125836082494,0.07023277045796977,0.7766198101909749,0.5062538742775431,0.5015983791245279,0.5039010474416407,0.5089713592817211,0.5044642668779347,0.49498451480667227
-X-OX-XO-,0.544671939847063,0.4943067131947427,0.07288944062744518,0.5006898571288081,0.4949981815092986,0.3780007776072971,0.5079117620504431,0.5002117946319602,0.050329282568430944
XX-O-XXOO,0.49865194862947554,0.4949216878194851,0.47493306401428814,0.5008117243084764,0.47707173095216837,0.4933254229300529,0.49779512476153237,0.4902044652761244,0.4925313941688887
XOO-XX-XO,0.49855197007640073,0.5078178531602175,0.4905017035307368,1.3153477008588732,0.5013933962488375,0.49188508620210214,-0.023131583145812984,0.4913335508042978,0.4921698359666873
-----O-XX,0.02276768142621427,-0.1618410255632623,0.017219436456741233,0.10319117726532284,0.6335599764361295,0.49654188042729974,0.02749891234243218,0.497574726478598,0.5031751016017488
OOX-OXX--,0.49452776682515864,0.4936685286550723,0.49298257226104364,0.8163232588846048,0.49281456687127084,0.496694411168797,0.49029001852066006,0.5051828398920187,0.6872415794000771
XOX--XOXO,0.41314975184137886,0.5069218188924498,0.4396668503413582,-0.1865795802356377,0.1799259057131095,0.4739097817191701,0.4383866903810557,0.4422796071455945,0.4689667770339693
-O-X-X--O,0.6513583547466202,0.49200362117910157,0.5290168918009942,0.4963116337439721,0.6736332291034727,0.5008495430927737,0.49895778063012347,0.12014518089671816,0.4950701515967688
XOO-O--XX,0.4923873923960026,0.5042344206737949,0.5075001629718549,0.7897238638146705,0.49970718728522906,0.41392723622535244,0.6872414699282287,0.493985494733235,0.493407828256187
-XXOO-XXO,0.6876685844060231,0.4944152132352894,0.5007485398773348,0.4926681357634795,0.49098970823602006,0.6853082231680631,0.5089221889276211,0.4983799487071362,0.505689002920235
XXO-O-XXO,0.5062151428161307,0.49576360701189703,0.5097829770505156,0.5020436773684479,0.5097139615656325,0.687238112135936,0.4995859727400164,0.5024102320638465,0.5059626816416329
--XO---OX,0.1786702543049452,0.3050097744976623,0.5945167070772527,0.43758912735054045,0.5259636286803578,0.49290365985159784,-0.1895474121192302,0.5357930000695149,0.41998977458088826
XXO--XO--,0.5410871867862567,0.4759527058758823,0.5749493613192495,0.2617477888591454,0.6544663332306376,0.5557181989177665,0.4862955712312717,0.6764098876158073,0.6794728163555717
-XXXOO-XO,0.687238715133505,0.5060163696901226,0.49549437420289066,0.5081994292644191,0.5094502506767971,0.49333166689183006,2.089078123665317,0.5022900008811348,0.4963067254822885
XX-OXO-O-,0.7131856200183488,0.7476513968692494,0.36213923518552604,0.7522152549719383,0.8370930059168509,0.8228678881607144,0.43298507396365155,0.7503346946722648,0.5689280414825824
-XXO--OOX,0.6869199508185725,0.6846514799761145,0.04966341704728039,0.47259027737487613,0.6298980627426223,0.7703616217134129,2.6578491996165354E-5,0.33529887308946715,0.15509611399380996
OXXX-XO-O,0.5027959334280299,0.5038372883856078,0.502698740540644,0.49030083061126395,0.6782950096594917,0.49149079193146705,0.50490364891188,0.6873094920163073,0.5082773271970642
O-OOXX-X-,0.8227972366342463,0.057038934566837285,0.07612737296575489,0.7209825685654321,0.7346468314868076,0.9593885086909157,0.6872377945639802,0.7766196137409938,0.13382503148268532
O---XXXOO,0.5030765684159748,-1.0480710946626055,0.1268217878493768,0.08245413404656787,0.5076121219127997,0.5086735316458816,0.4966663900050866,0.501905275722033,0.49412680768053735
XOXX--OXO,0.505927143540263,0.4939544892213795,0.49136271117903546,0.5093359335865095,0.5000733213700455,0.8260600964740807,0.5053553351506465,0.5062985805496422,0.4976401550817332
-X-XXOOO-,0.2281748374944168,0.46806418519142834,0.8671186043953527,0.44373547369771754,0.45579046585320465,0.44054578939855776,0.430749614687027,0.44558519335873176,0.6801673600388793
XOX-X---O,0.5008773283110147,0.508041633678263,0.4943663562681963,0.3305893934694092,0.49582054745091225,0.29927416933825124,0.6962874566649836,0.49951474734344065,0.4983874767742229
OXO----X-,0.49359149084381543,0.5046685777909408,0.4908741901950693,0.10603068405834937,0.6872379594563112,0.43268832326361895,0.7692608769756265,0.4948678624427354,0.2008339401510576
XX-XO-OOX,0.5025860789803478,0.5086203371183695,0.6872379594589537,0.5010851707531379,0.4944824559104671,0.20995856143174146,0.4948965984422446,0.5054746120520663,0.49405905457830135
---XXO-O-,0.6809542773516499,0.4757067582438726,0.796016163995235,0.4945717125861902,0.5050713905604686,0.5078431870062193,0.7011548091439852,0.5066383393756788,0.00476975754418929
XO-X--O--,0.4959386236521376,0.5095474208154276,0.35787695892381743,0.507685161084913,0.6868278309404484,0.13536285596099507,0.4989927702878959,0.4926540099973689,0.6869326251252269
---OX-XOX,0.24259211564067823,0.23374311369041534,0.800357623862217,0.5057290956601929,0.4998957731514754,0.10714345860100205,0.5030500822042886,0.5049395461024496,0.4938904408649606
-----O-X-,0.04507709895390055,0.27376692896838845,0.6220987445939603,0.46851102331684896,0.04389466188701785,0.4983773412839033,0.13195158719803296,0.5024242293187164,0.46375693164965626
XX--OXOOX,0.5073260673422584,0.49054654180541724,0.6876028115764824,-0.15727167074057558,0.5028748093192078,0.5037400478736486,0.49501683226763743,0.5033858913672853,0.49991417752084194
-OX---O-X,0.6797207505838563,0.5054896172393057,0.5095690139748013,0.5840720756333048,0.30454884564959206,-0.19346301767916296,0.5067860152866793,0.5362362568107399,0.5059386732819567
XOX-OXOXO,0.4966110307054994,0.5039852206180792,0.5045277768095576,0.28379300847358446,0.5085535191181869,0.5007835895748163,0.4953819983394681,0.4909305493907883,0.4904530852957919
-XXX-OOXO,0.008970491187076102,0.4164332840351373,0.41010636281932106,0.5437121228457393,1.88303092275289,0.5526065727158807,0.4660735221634966,0.5606213984145411,0.48232116393530283
X-XO-O--X,0.5642441459744626,0.09029848603428614,0.5998814613805207,0.40697158431047686,0.6872379504494263,0.5087635462949028,0.09269387635302861,0.6152522101500681,0.4324089609361545
--XX-OO--,-0.08492728814182826,0.46666940021067205,0.5348841084575481,0.4303188685023537,0.49013749329257245,0.4548697326941623,0.43531515498163537,0.4137130633950797,0.6868451038725907
-O-X-XO-X,0.056397327121016416,0.4970730726209249,0.4949803063864429,0.5083892608558122,0.5040934534748757,0.5014515238621355,0.5070043276763899,0.7142607503647226,0.4920739141033912
-OXXOX-XO,0.6872379597225444,0.4921820678052656,0.5095915034183595,0.4989211101342334,0.4938478408426266,0.5026927418152809,0.8079263420477466,0.4936422378667446,0.5077927304628451
-OX-XXO--,0.18689633224069174,0.43008283408736936,0.5105851031070338,0.20225141031669625,0.4204354641189269,0.5492424246140184,0.49640537138383456,0.10939330717681839,0.013371731097570227
-XO-X-O-X,0.6817911490823436,0.5063363835355297,0.49756997176825557,0.0736171360781731,0.5069075861774616,0.0816394292394268,0.49946157088404236,0.06615828195455709,0.5043255809664055
--O--XXXO,0.6871567994034192,0.23302360602587013,0.49357875206974505,0.09372097501367915,0.42412110023956917,0.4926131095135697,0.41821489567018433,0.5758567856877622,0.43894327697791724
XOOX-O-XX,0.49587393647601863,0.4960582980448347,0.5007531732407252,0.4987280700342528,1.0715125286998823,0.509933057148748,-0.2776146444684363,0.5076283865594727,0.49579129292391527
-O-OX-X-X,1.3786527607629555,0.46967015857022926,0.25081896622129085,0.5992564330457233,0.4133343722308569,-0.02555877586866273,0.5438921894299921,0.09836361045152059,0.4113250965715816
X-OOXXXOO,0.4955965146517589,0.7255684208138216,0.4933073432910641,0.5067128797171502,0.4922240711746587,0.4954527244408299,0.4907005841146303,0.5072263640376246,0.4927295439284635
O-O-XXX-O,0.5335714823087905,0.40952988273509705,0.4613839306993846,0.978732537068858,0.5132770216207199,0.5071637457361996,0.43065680497269726,-0.23830997126064146,0.5586137092889968
-XX-O-XOO,0.6872339289062727,0.49721700661793244,0.49380641001151765,0.028037350087373236,0.4974765087750344,0.6594080683068447,0.49888277163779204,0.4950342179448674,0.5094090483107332
X---XO--O,0.49353298408585006,0.6785825262207401,0.6872379594561302,0.140352701657725,0.4922005453208295,0.4986555300416409,0.11222664830087203,-0.025907130740173367,0.4916226050434727
-OO--XOXX,0.6418667801497887,0.9647607697826939,0.8269763839950195,0.16898993225385295,0.6855664826724073,0.5282294384996227,0.7445215106196226,0.33549187521440205,0.6090491543571078
XX-XO-OO-,0.5083683627237123,0.5065890023310314,0.7243197132627907,0.5088810117080564,0.5073464426446227,0.6463841977010518,0.4981483259137035,0.4914276139939061,0.6852952194617997
X--X--O-O,0.49204231940574467,0.33504116021480734,0.6225092796043673,0.5060047830018138,0.7082219534856803,0.557680413992601,0.4904837790051548,0.6872379594563112,0.5051742439482414
--X-O---X,0.3793209534562655,0.022887492275170618,0.5088217781339374,0.27879843961950485,0.5012247676416418,0.33480739104146934,0.05136349409547458,0.002192157770664227,0.5045265550348552
OOXX---XO,0.3358796147351808,0.9315057467768938,0.47589215047673805,0.49291248100171103,0.6537857017847215,0.011293470882122958,0.114523668220608,0.49658958887729765,0.3228932033342028
O-O---X-X,0.504968228440898,0.6872379594563112,0.5057372985983847,0.5748938414043552,0.6802933370311631,0.14435036108235932,0.5093941458883765,0.6926495137597478,0.49919773617815333
OXXXXOO--,0.5004243642175661,0.503394295495129,0.5053339571532917,0.49174821288903403,0.5037111175846847,0.4950994858969691,0.5021979527606366,0.5343396859536855,0.4747688692537601
O-XO-XXO-,0.40252407403673623,0.8109237985062296,0.5802220633299304,0.47361772380722955,0.27269780554106227,0.4518888528348215,0.42651286608638783,0.5974375171680587,0.3309831012696175
OXXXXOO-O,0.49416288702275224,0.5085458431124181,0.503248840394423,0.49238915703667235,0.5003050544659123,0.49977321794413093,0.5096017190915196,0.6872379594563114,0.490611546587564
-XO-X-O--,0.007987779395470795,0.4976509660328703,0.5032857130818367,0.3202527550464011,0.49350154059802076,1.1081499802130985,0.49248690934328115,0.6962869543020146,0.07804654683786427
OXX--OX--,0.4982625335579461,0.49705682657584577,0.5074229134333526,1.1251138400125333,-0.2641931056873321,0.49266244933774483,0.5043922699257251,0.6105736340658985,0.5092552299413864
X-O----X-,0.4900129988128988,0.7482529381042031,0.49089190958044704,0.19596012735286428,0.6642259318692282,0.7706917866737233,0.013052302701538565,0.49618253602455287,0.713621033181211
X---OX---,0.4933801662343496,0.15909629539610048,0.0060140977288852815,0.4772665399438894,0.5034412197448211,0.4977044281959769,0.1465895644335251,0.6477665020795738,0.29723593234992274
O--XOOXX-,0.5998696740566196,0.6364204343049399,0.6023328983735562,0.5822829312041361,0.45338384960338546,0.5522071940663794,0.449562457465426,0.41254301480151917,0.6872319248742641
--O-OX-XX,1.2632350780416493,0.5281122828529777,0.5059171661163422,0.01073137318874351,0.4959538212786488,0.49519054069060015,0.6872379598779543,0.5037183529006544,0.4989595587703882
--XX-OO-X,1.137158563484117,0.40031714780768557,0.48323314064460865,0.596021114893629,2.0356492004279083,0.5827398388262809,0.544061009226596,0.411117947579204,0.5743606019829545
-OX------,0.6774375831719407,0.5075610763735643,0.49103890467898315,0.5827726807312239,0.6881631140327664,0.005336514052519448,0.5750196874863773,0.02909046400847598,0.6691856641115618
O-XXO-XOX,0.5032574378989547,0.6872193242864987,0.49882278541222724,0.49866416552712123,0.4954629231285785,0.1612435432913934,0.5095076907393727,0.5078934148627899,0.5007541794109254
OXOX-O-X-,0.8332327626889159,0.020979635643701755,0.8544052170148332,0.5980337553258203,0.6868044774379917,0.12904737386430853,0.6166497590392311,0.819731749962005,0.6513501383002744
X-OOXXXO-,0.4917483152793773,0.17910571937079178,0.5061644369592824,0.4900563841725951,0.4941919391066422,0.5066820250586528,0.49635702747630517,0.5010104229681768,1.0216810244342103
OX-O-X---,0.4950643750964228,0.4916861095933308,0.5077249501755665,0.5049242120444241,0.6855219844147916,0.505351466798461,0.6853026282793712,0.4953378274371245,0.6872379594563038
--OX---XO,0.7561157308269332,0.687235191448952,0.5060982490249539,0.5034930845587041,0.687237959048223,0.6872379594563112,0.8547244065049682,0.4949084711873841,0.49536129078836905
OOXX---X-,0.40618531076847575,0.4196392502229822,0.527013484456749,0.430233828389851,0.684958696338139,1.1463178730497856,0.3224582242665831,0.5774356641099039,0.5625759678231745
XOX-OXOX-,0.53986428258571,0.48365702299171387,0.5445951443359316,1.0790920114083904,0.427500113946536,0.5371404245033539,0.5456183849622349,0.44447374302853704,0.08761079599667548
OX-X--X-O,0.46737300358555317,0.5133887137782187,0.6872289914896076,0.4336082070591455,0.68721706214096,0.5438123702595562,0.554237451597745,0.6855664826724073,0.542931940988015
-O-X-X---,0.19298205978093746,0.4974389776994093,0.5014858925937881,0.49600101048847073,0.6872382659885862,0.49392579501433065,0.4221969497421863,0.46515820171881533,0.3940390716243353
--X---X-O,0.7160337529800498,0.0689032614650783,0.49191537180818345,0.05254173277864149,0.2624794472219733,0.0050616842998850164,0.505729062971217,0.3432385951021075,0.49196451835820365
--X-O----,0.013474143890578272,0.6872385199026466,0.5085863297982929,0.6399767802529658,0.495971013598317,0.004958621728354373,0.6854752207555673,1.5843082682387433E-4,0.09479122964680964
OXO---XXO,0.4902276240179401,0.5088393101742654,0.497639263744744,-0.8680588718116433,0.6872578523973438,0.5038520195587782,0.5077525198202382,0.4923542318615909,0.502533539866151
OXX--OX-O,0.49654805840285665,0.5075993353084167,0.49100701991791124,1.0724272055119135,0.6949175490594474,0.5076524349179584,0.5025423781523728,1.2054317505980032,0.490587912103586
O-XO-X-X-,0.5871390524725799,1.2750473953487529,0.4620473441546466,0.4664705435802821,0.4564249168487944,0.5262677677288033,0.68716070780659,0.5664959468489165,0.4386077287595157
-XX-O--XO,0.6872379576046284,0.5005556153649773,0.49094279745916847,0.14716161762110436,0.5016641391208736,0.3648734648292573,-0.3249528645130697,0.49424291371525514,0.5005473435993637
X---OXO--,0.49565925444890346,0.6872338217002156,0.6438159831302324,0.3338186189167338,0.4930705320796768,0.49265155060112287,0.5038198816299608,0.16064012960720797,0.03772283204228333
-XXXOOOOX,-0.2478092405638086,0.5050605171987325,0.5028030606930236,0.5095789283984714,0.4960618733581083,0.5071142026543523,0.5088553143902372,0.505569709932881,0.4964955193561054
X-O----XO,0.5093126665751949,0.6890366011964786,0.509973735007142,0.03760101507709945,0.6872379575169305,0.6852128890049222,0.687237959456187,0.5036024375516172,0.5073056550594996
X-XOX---O,0.5014009651065522,1.199388638077688,0.5073174301236963,0.5057350087750834,0.5097138344819173,0.25937153157864345,0.03031248528942987,1.2081336720576314,0.5043091149898831
XO-O-X--X,0.49469769842479716,0.4955937080314621,0.07079699999141337,0.4990206765861039,0.17086357966495264,0.499272704638731,0.501759959987177,0.401882786216465,0.4944109032728749
---XOX--O,0.6872379594563112,0.6872377633972719,0.6853253986337183,0.492008834493236,0.5095766254816569,0.5071804954186495,0.6867981244956584,0.5011101774857509,0.5098199210509666
--OX---X-,0.7843708285891111,0.094731981259355,0.4941352130709355,0.5091431795973531,0.5447379061761074,0.005556125986816651,0.7336964487702767,0.4996159273636858,0.7564176641928894
OXOXX-XOO,0.4059081644067438,0.480863330628156,0.48555388756352286,0.5489855974962211,0.57048759513733,0.6872379594563112,0.5465381404040455,0.48097217091123634,0.5083773760314261
-XO-X----,0.11505580564047146,0.4949947624974165,0.5001408524332742,0.16591155626219234,0.4923267271165114,0.0564883654737911,0.48564091531715575,0.5000882171172287,0.4296182720920435
-O-X-XO--,0.5490311146732993,0.49757161163906644,1.1359532988483756,0.49671175708687026,0.6872543180917167,0.5058881711439935,0.4927232859542488,0.3679744853109632,0.6996174975729066
OXOX-OOXX,0.502063807181456,0.4998849652258726,0.5065385290382947,0.5097746322691551,0.6872379594565045,0.5064302109604575,0.4995109371667681,0.4985455745854231,0.5043624384980944
X--X--O--,0.49674941854411364,0.8437232877014087,0.6427698353906022,0.4900404486227354,0.22254534503782858,0.6382990716503644,0.503905181254192,0.7568373968902022,-0.3217826390819689
--XX-O---,0.204597395935825,0.09277426755604001,0.4986855019925158,0.4989643349396558,0.18873252355471537,0.5049738773703321,-0.341962625731124,0.654381777582831,0.0029569649434326717
-OX-----X,0.8079166111752475,0.5015808428925901,0.5075528117521805,0.36929108729339344,0.18794775779074147,0.8959302568948958,1.2085918970790932,0.13199314461301437,0.4962876500073931
X---OXO-X,0.5042658728401761,0.6777394252774877,0.6872379606911375,0.5080341738509245,0.4990858923513248,0.49126878918664374,0.5075188591784406,0.5014058639303397,0.4939174894151496
--XXX-O-O,0.060806930685999405,0.10445729226168654,0.49495549537178546,0.504476131717333,0.5041200783709386,0.380941925309467,0.4973533797904172,0.6872379594372482,0.49986336276396515
--OX--OXX,0.6217989475624937,0.6853514306873515,0.49431902688878604,0.5065662615500496,0.6872370874838081,0.3231099034786056,0.4980172635868835,0.4920572502220966,0.5016476644196594
XO-O-X---,0.5066834962164097,0.49711354225399995,0.4022379571646314,0.5074351807775976,0.5094772904203623,0.4905244998711277,0.2214617379524717,0.7659037485522823,0.6898367091782535
OXOXX-XO-,0.49285152618620903,0.4992068459632535,0.507572377971171,0.492222285371875,0.4936390389960119,0.19834909032142423,0.4935725687114189,0.49555759437260655,0.5287848166732514
O-XXO-XO-,0.8379832420595245,0.6508562811948905,0.009653318074350437,0.1084480612166474,0.5054720154572937,0.6872377945639802,0.45679912731819694,0.7953453968429951,0.6872379588119615
XX--XOXOO,0.49208440883944493,0.4930198757908194,0.6872388785068312,0.6108268390272648,0.5064159139615617,0.5041747735687026,0.4901858318334087,0.5080127270745503,0.4967924411010293
OXO---XX-,0.5040891135800082,0.5028887560591587,0.4912104451309256,0.425763082253491,0.3372989637946784,0.4545046784156266,0.5044807844329479,0.4923639352231699,0.5530346510411006
O-XO-X-XO,0.5021127818411055,0.687238112135936,0.499055331697011,0.5072517650362428,0.6868298270784436,0.5024030863372525,0.6871476979900057,0.49855788044188554,0.5043595157989066
-OXOXX--O,0.6625586096534927,0.28123029025446966,0.5949779719491495,0.2887898279318689,0.22567373000672286,0.12045957381172656,0.22856995243661338,0.16604748977780526,0.14114900062486435
--O-OX-X-,0.6872379594563112,0.4926093275887002,0.497850240451718,0.18674222843461774,0.5020717084699972,0.5092529317084845,0.6872191085487368,0.5075956261082086,0.5004629393756748
-XX-O-XO-,0.3421065932865204,0.502861321150737,0.49323145803797613,0.33132651933651436,0.493170609710608,0.4733758033795084,0.5014113117346984,0.5008553859647706,0.6580417447174597
OOXX--OXX,0.5020193631033377,0.49441208134416503,0.4981072486124178,0.49031254418325115,0.3956836992898725,-0.3767106543940557,0.5045569065229655,0.5039488706667027,0.5066519865909591
XOOX-O-X-,0.5572978364355183,0.5830986190781222,0.4427769153297536,0.4875747621184896,0.6229371193065752,0.40184447895899755,0.6872412642096936,0.49224892453669167,0.4681071663615288
X-OOXX-XO,0.5608098080347398,0.6955596184730721,0.4979283979977424,0.43078528180263653,0.5127681208283493,0.43619916751062154,0.496002161403671,0.5107090291546019,0.4531865532242713
X---XO---,0.5029535870775026,0.7942884178231256,0.006509297698502059,0.06146022449976796,0.4939346562128256,0.49501619024993565,0.1434700114252937,0.1593718053001712,0.3436236575965843
--X-O-O-X,0.6966327957876237,0.36721407867287875,0.500966544682609,0.12331455661133683,0.4944039933116031,0.7071055568133078,0.49506387122337203,0.07855916577943522,0.5018493030898971
X-OXOO-XX,0.643612907892781,0.17055778226108165,0.5986431389278342,0.550576155510176,0.6601832587674156,0.19108320838036175,0.6855664826724073,0.5722694781545856,0.150714159863384
---XOXO-X,0.7412826299629947,0.724753476131206,0.6872379611170728,0.49081907926282825,0.5074314702776213,0.5076724574468088,0.4969864761668766,0.7182802614130023,0.5035876589850622
OOX-XO-XX,0.5050936107219541,0.495049614254168,0.500930270540343,0.10752437993803587,0.5051803505084678,0.4963486859951938,1.2028515633126122,0.5063501142811381,0.4942701224081797
-X--OOXXO,0.6872379594563112,0.5069962989546491,0.6872370601377147,0.6871507043446523,0.5073892676493239,0.5086130457772433,0.49698616919384786,0.4921599315098499,0.4990272817252731
-OX-XX--O,0.23526356436550133,0.05811062407613299,0.7090324263840388,0.11002899657987641,0.5499431092946544,0.07905001185600258,0.3373194442852181,1.1671815303670776,0.5912554494617364
OX-XO----,0.4963278607815842,0.5086705646260564,0.6866009756847055,0.4987978149324268,0.4985087144566987,0.48292476072544277,0.6877305463062223,0.7287432364515692,0.6872337398063896
X--OXOX-O,0.5026188513832367,0.16822633114732044,0.687237959457211,0.4993252614009234,0.5001183584277763,0.4965285414448965,0.5069592386148274,0.6019182392455752,0.5072271960305891
-O--X---X,0.1481885931100388,0.5008227079555484,0.08474794131480523,0.3179881490609395,0.4995399201530655,0.0729534984547332,0.4680218842965869,0.03260750442709376,0.5052914204288073
XOX--XXOO,0.49588646993922364,0.49931888074325087,0.490513231779579,0.3960606610981433,0.6872379953189984,0.49959182172779787,0.4997037973571704,0.49598948836139556,0.5065990764648689
-XXXOO-O-,0.14969417210471292,0.9732015790223404,0.9906309452032787,0.03319416442444212,0.09820679120419662,0.478705074398207,0.23512998929212792,0.6395759578154909,0.5594069958812948
-OOO-XXX-,0.6872193338560897,0.5001264745877363,0.49617769470873624,0.5050887420948948,0.20837313536662166,0.4959229931229937,0.49317459928629376,0.5027330245286944,0.6872112938356003
OXO-O--XX,0.4316960016379268,0.4452131310625956,0.5832210510346574,0.5269769749896477,0.4914191027818721,0.5775843757217501,0.6872379594570067,0.4792379314089462,0.5175019261185795
-XO-X---O,0.5700310726244344,0.5081053728002092,0.5041820182203315,0.2517143375365778,0.5086282849283208,0.6872379594563127,0.7450981956977966,0.6872188471264078,0.4970336133052773
XXOO-XO-X,0.49677185131116397,0.49956010857714683,0.49440173872416604,0.5049141642038849,0.6872381569987849,0.4966339242379352,0.5013942613551222,1.3805356784076213,0.4982998207414548
OO-XX-XXO,0.4258281261809749,0.9325779567226629,0.6855664826724073,0.4394322695994256,0.5125839891790772,0.2570817845103962,0.43676969041694835,0.7898783059889595,0.19499335010105112
X-OXX-OO-,0.678936623856164,0.4357626975244687,0.48089025262773344,0.39618969603389353,0.12514347828553918,0.6969398598781135,0.5178064251013157,0.1512886208335965,0.6946738900022613
X-O-XX-OO,0.4993767150862297,0.2799697556534174,0.4962853173315867,-0.1531258166220919,0.4913683365372415,0.49724154931236153,0.6872379594377953,0.4943179476998493,0.5094205004739585
X-XOX-O-O,0.6436598105633018,0.5635910850836914,0.4859401897771388,0.8606232130065176,0.37898785861153406,0.08729577475187833,0.5564635966429288,0.7225627249341458,0.20676281157675636
-X--OOXX-,0.6439021468886759,0.49931878088706977,0.22361550049063333,0.6875992173021154,0.4981133557160027,0.49416191370605345,0.49301638001354786,0.49510876207460136,0.6868001606652031
OX---XO--,0.5082525312924668,0.5037862556422122,0.22482288587232147,0.6868398596035211,0.03784638582098743,0.49561125000792083,0.5066737074818186,0.6872379594563112,0.6853862122675058
O---XO--X,0.5093569883706911,0.6872343596801838,0.03188263630705723,0.4281169113740346,0.5083054524399265,0.5076553348861166,0.6871472271920017,0.5517543000689489,0.5006256503046964
XOOX-OOXX,0.4928034037190883,0.5043824637763403,0.5063826266865199,0.49859226307485555,0.6872379594563112,0.4903950394510314,0.4999377629083851,0.5050925370929866,0.5081072662781475
OXOX-OXOX,0.49043539934069064,0.4973047726099999,0.49735129434615816,0.4983621626235038,1.2568110007340159,0.490206868327339,0.49325408017233374,0.490710278331911,0.5044670888178764
---XOX---,0.34493136346728365,0.6872564189539149,0.68723795949334,0.49106405771248335,0.5021171778929571,0.5054087543890644,0.286971992804418,0.6872198645822456,0.16213834758698586
XX-OOXX-O,0.49116222892207856,0.5030841755749478,0.11257369422209429,0.49728378516503186,0.4936624784013906,0.5055464826751246,0.4902367673353947,0.539122410070585,0.5094259645594691
OOXX--XOX,0.5063031064636464,0.4979192532069326,0.5090186980381372,0.5040319592080525,0.6872381262917483,0.11064597489822459,0.5013543489260092,0.4937921069908302,0.4926281271773686
-OXO--X--,0.7945260401405229,0.4157008532672119,0.5152615778623095,0.5655373119215452,0.6736161666479699,0.427565397577513,0.5310310327111996,0.52497918747894,0.2973019446274098
XO-O-XO-X,0.5424841373260002,0.4558484098679052,1.2181354590718356,0.5240002253953535,0.05059187536273135,0.4864347785486538,0.45052719372876665,0.13132753150464005,0.509351102920624
XOX-OX-XO,0.5081332770041702,0.5037646142476252,0.5003941818920105,0.5113010070157972,0.5039451614005527,0.502906608408006,0.12324441113313722,0.5025043362077212,0.49119826812218476
OXOX-O-XX,0.4972226937352721,0.5050059577893242,0.49194722138410746,0.5041875804854766,0.03986450969644445,0.5000405657573758,0.7413112349753121,0.49173442226754177,0.5013611500327093
O-X--XOX-,0.4853065265951447,0.1905521903191132,0.5215335970575992,0.687221354596175,0.41628930283468085,0.5260199544402482,0.5840718029557936,0.5942822130689296,0.6945942191972599
-O-OX-X--,0.7368047007114163,0.49578166491139486,0.4172819262949596,0.4912212072294783,0.509790254990929,0.26861131045758735,0.5048315408838977,0.24414582570036936,0.578104620626277
X-OOXXOXO,0.5071045348845343,0.5439341216822388,0.4935111322544745,0.49476568589239633,0.49361039342559626,0.4921558305676254,0.49417107894046625,0.4948265487097031,0.49935894285523463
X-OXX--O-,0.4953009215125839,0.43168087875315764,0.5034331200135177,0.5077747744397741,0.507530053226086,0.9032046587070426,0.17142973496267633,0.4941271761955821,1.6782726260261733
XXOO-XO--,0.5084307627199706,0.49623791251185756,0.4910055984423416,0.502204553101354,0.6892421596514203,0.5026542174833611,0.49356775944228964,0.6868358081660862,0.6779100321785438
X-O-XX-O-,0.49096398769608873,0.6336789243012408,0.49063203700457964,0.23281010577594463,0.49952291550359057,0.49925802093827215,0.1440618664190214,0.49981058081431534,0.6907503591939395
-XX-O-OX-,0.6777575054472111,0.49754806590364475,0.5029856741347214,0.723495049937932,0.5092876787900905,0.3688202704531477,0.4917728608738142,0.4993480370408747,0.570934614079017
X-OO--XOX,0.455497999263647,0.6889219019075888,0.20310633142014956,0.346507605540352,0.6513501383002744,0.7159060294412917,0.9511856070847512,0.14901878823034653,0.8365074840696659
-XOOX-X--,-0.0205469632525902,0.49527058918204364,0.49563768445091866,0.49823707956826824,0.4951641632698445,0.17225679311949138,0.4908105182979612,0.5032866783388408,0.4962629578934945
-XXOO-XOX,0.5271096981777956,0.5036217313949948,0.501238153945765,0.4982252037842195,0.505871604767666,0.6872533345980624,0.49785197115340624,0.5023987024995925,0.5020044428161688
OX-XO---X,0.5078262358708938,0.49112461600999513,0.6816962175663658,0.5024101773741572,0.5085038516258994,0.11775860596467663,0.3306435041476821,0.09132323977894535,0.5080940320787042
X-O---OX-,0.5049693696798389,0.6458313536945017,0.5022153164942971,0.6779303885153306,0.6778533875700317,0.7017263947872959,0.49486691566529767,0.5044803595160331,0.6872182684394706
X-XO-O---,0.5063908194974123,0.3191717890640061,0.49101726782447686,0.5001416283355521,0.6872379595132395,0.49479854808516877,0.0028795645688453053,0.7554069808148798,0.04441604418766942
X-XOX-O--,0.8559436152393259,-0.09277533211630162,0.29476079060092064,0.9273908738652417,0.07049383773697337,0.501541370279058,0.16648596382390768,0.018388179981887465,0.2645340348673607
-XO-OOX-X,0.5054360449884936,0.49134106620843937,0.5068143462103374,0.6872339087234264,0.508471530269724,0.5084720241588824,0.4976292099105317,0.5412874500038111,0.502455644565775
---XOXO--,0.5077987301064992,0.6868104884683517,0.6872379954463298,0.5000486955768066,0.5011299839912082,0.5027770186503806,0.507279528797262,0.685287519198908,0.6872190912986759
--OX--XOX,0.49123950547609785,0.5054262475125242,0.5066363080100356,0.5017887507433496,0.28844524180096254,0.8797274568002917,0.49591397827245076,0.5003486368731962,0.4940828511616472
X--OOX--X,0.49832333476520685,0.8192576016162384,0.28062486225409056,0.5081775914870537,0.506205916505002,0.4957375038780366,0.49234764351462573,0.061362246429360945,0.5070346359387575
OX--XOX-O,0.4762837665465245,0.1572699834868323,0.687242957573325,0.2202269637149139,0.6012150803332873,0.9387059131205167,0.5279231842158386,0.027719603232605694,0.866814468649094
X-XO-OO-X,0.5078168799463159,0.23877771630267253,0.49964398805082905,0.4972475204423966,0.6853457503229475,0.5003418409821208,0.5016999670380835,0.4295035537866795,0.49878832543140667
X--X----O,0.4931374816558077,0.49605772041936336,0.6825825480463966,0.5089502762499079,1.0648758442103803,0.577754926170252,0.20775716190298643,0.1015294534469231,0.5033591726449531
-XX-O-OXO,0.6872379594728204,0.49769215726243465,0.4946666773211436,0.23197785106121277,0.49235782065843875,0.23054891580374137,0.49620535635350577,0.5017606932295008,0.4904316825886304
-XXOXXOO-,0.6782903114871537,0.4902939553416039,0.4922289995627677,0.4994550627842374,0.5035693557244488,0.5034685292816813,0.5099038153173722,0.5021874364642462,0.687238730474557
X--OOX---,0.5000065116720294,0.4311053306641548,0.6872379594563112,0.490905026993959,0.5059257200179172,0.4988509151212774,0.5,0.3718950095330982,0.5196642263564923
X-OXOO-X-,0.5067624281510568,0.601411580515935,0.5056208005704111,0.5017438015458449,0.5016185629416233,0.508381176793429,0.6872379595469399,0.49077094596913046,0.6455744071471159
O-X--XOXO,0.5019199962583915,0.5037011295040539,0.5080243272353293,0.6438463881807701,0.6873156036681,0.49866411181985826,0.5083769106039647,0.507910384094556,0.5019747555665116
OX-O-X--X,0.500392980208322,0.5014736948042344,0.5019428675744039,0.4977126464528724,0.08702619592969951,0.509921469606961,0.6871457042620904,0.6467929642193194,0.49082341203652596
-OXO--X-X,0.402090514545703,0.5506521664648596,0.5766117597922686,0.42372242438397756,0.4842837870331601,0.13107859805854594,0.5156096688642713,-0.4434238526633003,0.5133268575268279
-OX-XXO-O,0.540322847088549,0.49854672863145855,0.5012588568014587,0.6852747729753137,0.4961952187261681,0.5063505465191264,0.5061487912190753,0.6872381218768577,0.5053699668998087
--OX--XO-,0.7205291121304909,0.6905078126633539,0.5069326528786402,0.5043605872910112,0.22988764190019806,0.8033734704177713,0.5017858458907356,0.5056233668805914,0.6893114670636965
OOXX--XO-,0.494460829678311,0.4966643706077395,0.49703904339487254,0.49631879636338416,0.6872414703533916,0.6999718878556369,0.5016019094247791,0.4922186115818783,0.6857724930114517
-XXXOO-OX,1.4395282232321942,0.5027168180172102,0.4935218524661536,0.5052435423463284,0.4974439618918259,0.494649024710022,1.5406237800144684,0.49180686564539733,0.49012603544070565
X--OXOX--,0.3250520053126642,0.46341350509295576,0.3304730777787265,0.3416371428156397,0.690303076836212,0.20360998869222968,0.25731020654638803,0.38558035502977284,0.6006269384986734
O-O-XXX--,0.4177217193497501,0.6872258090095206,0.49840914109880136,0.6805999224574012,0.46157569948779703,0.44804310476297304,0.5315629625163735,0.014406701316875714,0.09924010872534872
X-OOXXOX-,0.5097916132146214,0.28731469036316193,0.5050801365255703,0.508845011961701,0.49489716515301285,0.5063562821541815,0.5069491761634085,0.49551062919997785,0.646030704916571
OO-X-O-XX,0.49678898642205177,0.49002542849756353,0.6873305113574016,0.5051333503202949,0.4981443025690838,0.4954579887281333,0.6433842882375648,0.4908123222183538,0.49739503356920656
--XOO---X,0.3223120452602921,1.1259374634535375,0.4939998887292027,0.49440828054084723,0.5004078314474941,0.6872379594727637,-0.401971687840181,0.013612111363174084,0.5086496223749755
X-O---OXX,0.4919410272313028,1.2927620840844627,0.502928048086394,0.5030802022265841,0.49402145926697477,0.7114477513205958,0.4984475120948254,0.49511741196336173,0.49636765318790665
---XXOX-O,0.8437856136953747,0.4988055519498837,0.6872371157022283,0.4951241978224709,0.49456704425340964,0.49374097060997874,0.5021151727471255,0.8151924042428439,0.5045499082171848
XXOOXOX--,0.5009462141096865,0.49162000622858293,0.5076556847444899,0.49494813072322325,0.4997753468272328,0.4974844372795695,0.5067990362363861,0.7486073772154362,0.6889346105904114
-XXOO-XO-,0.6872379594563112,0.493902449375121,0.5092371773825738,0.5049515184035938,0.49438469812570324,0.6868158018732907,0.49968767927886376,0.4939129634987835,0.898498816116585
O-XOOX-X-,0.47376841107609174,0.4807395593668186,0.539298241898233,0.4077430641795719,0.5210236642034446,0.5451537467659782,0.687237713052356,0.5776884273027989,0.6872335635940281
XOO-XX-O-,0.8807142607918039,0.786648926613616,0.7492992528474518,0.8960611711988112,0.30292759583094464,0.2019258409064595,0.34604841422288823,0.7542127785754815,0.38606264055396694
XX-OXOXO-,0.5044285247829718,0.5058288371660553,1.2396259561082812,0.49906245880045563,0.4948809572872489,0.4910978572142218,0.49298300819804675,0.4932500718365368,0.556242044503465
OO-XX--XO,0.46716988948671134,0.4859116376253188,0.4435986528790813,0.4376341049622794,0.46290507209610565,0.3711267935360958,0.49621610776834424,0.4048544392542934,0.5581222149622905
OO--XXXXO,0.4990441470787036,0.506625024056352,0.687237950794348,0.37831160914644857,0.500354593428625,0.4903239524817958,0.49327351552634807,0.49451883700044824,0.49293447102141114
-XXX-OOOX,-0.2648560732697274,0.5079587624249718,0.5033489584869769,0.5008663055290661,0.28125742715859947,0.5027601854537039,0.49898504482174455,0.5021333069894492,0.5013683135684632
O-XXO-OX-,0.49712674893982717,0.6862639920700082,0.49374805810312145,0.5011831155215247,0.4913692186508481,0.5402209418333795,0.4978198961122161,0.4975289771769334,0.6872379594563112
-O---OX-X,-0.2786885795662418,0.4952778856674996,0.2332118849139358,0.7372950334244329,0.9056535806374564,0.4906997348114954,0.5055285288895799,0.181910679389658,0.4913238126395322
--OO-XXX-,0.025234530385647713,0.29915582350012637,0.6718289331253638,0.06567766068278624,0.7730405635596391,0.9367315804235384,0.9756964015047598,0.5356074774607434,0.817344802369198
--OXO--X-,0.6872379594563112,0.6872379594563112,0.5097824625508042,0.4930060256689961,0.49834581831321095,0.07979285024257676,0.6872379594563112,0.5020699233529132,0.6872379594563112
O-X--XXOO,0.4921535257911521,1.2861818919570878,0.502941967276775,0.08582519389755844,0.6872370523281183,0.49481562879936364,0.49985933014158335,0.4969136751253248,0.5094910779725483
-XXX-O-O-,0.1882810926312205,0.34929467562050476,0.1972263815456584,0.37331060072050526,0.6558046109903065,0.3064529053436519,0.0672443046365292,0.44773300752109113,-0.9957297226677875
X-OXX--OO,0.5073383626859442,0.534450757185207,0.5020651646764331,0.49934833996514294,0.5018345957339978,0.6872379594563112,0.6853412777215947,0.490628179017196,0.5047627750942725
OO-XX--X-,0.5043802438960613,0.5061385416190485,0.5076197835006715,0.49105542842658645,0.5011925097670386,-0.18851174642991175,0.4377152082276172,0.49968715166501476,0.4910344540013209
X-X--O--O,0.40821937005550823,0.3557325705485712,0.49132662939415916,1.2223002862760006,0.19239463890500969,0.4485323074931939,0.20688797553041427,0.5060423655524247,0.4499784049660717
-XOOX-X-O,0.2764846598939844,0.5466931558608854,0.5494311803344282,0.5649866399131789,0.5377989508387356,0.6872379518382784,0.5894922319118112,0.6104125128753263,0.4513848467528022
OOXX---OX,0.5252196404361443,0.575479345735138,0.5751143513848049,0.495261820108881,0.6855161144341223,0.5660214552290205,-0.3870301717450123,0.5214769054018782,0.4994844200560191
XOXOX-O--,0.9724346440860024,0.04601148457714577,0.40705758528324,0.7907552720233576,0.7255608093390605,0.3191272555084834,0.15555334328994297,0.16091108759170725,0.6266560969629513
OX---X--O,0.49528222533879146,0.49517278270650206,0.48681873934262165,0.6786523516845684,0.6852413240178233,0.5067892764962776,0.6853060649780154,0.4941828407716121,0.4904736952269766
-O-XXOO-X,0.5063600307600424,0.5018829047875216,0.4339938910469826,0.509298409627612,0.49907891751285505,0.5066434492816356,0.49890542216775097,0.7036095721520598,0.4921696075461797
-O--X-X-O,0.0714316971860105,0.40700146117256386,0.01943353284438054,0.15539870877754636,0.5346775369276033,0.9329075236063267,0.5916264031934639,0.36709372932108775,0.5637226245588803
X-O-XXXOO,0.83693221084769,0.4957603424061306,0.986550654679232,-0.12145315430146708,0.3379138792256735,0.5189165641266675,0.6311397327015642,0.6385217980704254,0.5658673969319884
-X--OO-X-,0.5005919362851704,0.4973285880506808,0.6853713628176822,0.6872379594563112,0.5090670431779928,0.49257681945075327,0.6781970306247004,0.49448679031747245,0.49790951820678075
-X-X-XOO-,0.4923828892887616,0.4992158484771331,0.6468616202093569,0.4967556454086748,0.5038095236262522,0.5090396458840376,0.49776715588680265,0.5039250546310586,0.688481384609863
--XO--X--,0.12521077598817343,0.08698048649809298,0.4939979685631156,0.4958007294956949,0.7176484711894302,0.6886494552073673,0.5099321029169553,0.03140526389265863,0.7169358878648497
X--OOXO-X,0.4976410504809807,0.07428061978552203,0.6872370858924244,0.4952171703461327,0.507667574132067,0.4913903835404499,0.5023779516284365,0.49611348607831146,0.500991621253059
--OO-XXXO,0.6513501383002744,0.7111775102041766,0.41373132191139467,0.4006852561627491,0.6859200215899657,0.43770696475572923,0.5491524489503414,0.581441132068335,0.5498556787787887
O-X--X-XO,0.5031361834038777,0.492636907428247,0.5038373778621134,0.6889192118066049,0.6852530905065951,0.5083377869152635,0.6786535344726217,0.4970098859582981,0.49981070769826824
X-XO-OX--,0.4964671670179271,0.23641809388540713,0.4910060382528469,0.5034203156541861,0.6872379594375836,0.49055835245494195,0.4940183025652997,0.015022101215994343,0.6785401043822423
OXXO-OX--,0.4974913975171015,0.49128307057201803,0.5071687661903318,0.5006981818240842,0.5086137459585911,0.4985661185421501,0.4935417425761944,0.6143833080774452,0.6965787141725782
-XXOO--X-,0.4939425952332669,0.5041856894724359,0.5059048928485215,0.4998117621133268,0.5026653756579579,0.7242757862249558,0.5049950922149753,0.4933657188054687,0.50204798720561
OXO-XXXO-,0.42551441032567977,0.5764249969357578,0.5052513742512151,0.5017061110703405,0.4529016981369987,0.519202191843648,0.403339682220105,0.4320869116380926,0.1256346201676457
OX---X---,0.49614406946733586,0.49401321329572834,0.24739504442977667,0.5400935637009379,0.7276857398682522,0.4952897605135678,0.687237986924546,0.3595647977522636,0.3328430712489804
-XX---XOO,0.6242582949257416,0.49535351486346224,0.4908150121793286,0.4350419863006666,0.41048745745716775,0.4937090656375848,0.5047994082231418,0.5078339625309038,0.5051817032070055
-O-XXO--X,0.494019057874567,0.4940396681014293,0.5707716114773033,0.5040236477162158,0.4935261073285553,0.506725534513347,0.2544379864701193,0.4908891539891105,0.49124147108152116
--XO--X-O,0.6457345743406616,0.2506654045970812,0.49111090656400874,0.49552434826996117,0.6872386697859963,0.6434244866376735,0.5003536703594307,0.6096682162252852,0.5014864168846538
----OOX-X,0.11896658751000766,0.03480642208967699,0.1890803406220305,0.6872379588581933,0.4876170259445106,0.4832107609236858,0.46499736512148804,0.15204569266225143,0.5851475979207291
OO----XX-,0.5053770882185763,0.5026114958975538,0.687237959456114,0.2270153475963863,0.4080029675006816,1.4034587445181326,0.5007242409391974,0.5042681106826882,0.6872379720158955
-OOO-X-XX,0.6872578523973438,0.4955795754680635,0.49424731262386884,0.5087567706025067,0.04606014249714929,0.5074256104505119,0.6852083670674057,0.4925715967534957,0.5021426689084033
OXO-O-XX-,0.507051424793776,0.5080441300335384,0.4958153200731782,0.5047187954554918,0.5000741712136921,-0.30417718684640493,0.4904883011494429,0.5091476871191324,0.6872379594563112
-OO--XXOX,0.6868221969006614,0.497710001033037,0.5022920375752308,0.6783273315885415,0.6872388785068312,0.5036371622391627,0.4902983690421061,0.5001832545095625,0.49975632814916154
-XXOXX-OO,0.5040705693700301,0.5057188221739343,0.5032558180715102,0.49917632947332663,0.4993680023726694,0.5066202959933944,0.6872377627288199,0.49496118670988365,0.5081151222700324
-O-XXO---,0.5049225899120966,0.5069658724855169,-0.20144786323365227,0.4900516357963093,0.5096051545009336,0.4934512858818684,0.5034258019947196,0.23317329839199863,0.6952405247088468
OXO-XXXOO,0.5079373821254173,0.4907780451219349,0.49575914533739035,-0.2679971468190343,0.49418756524277585,0.49870491675994205,0.4987854634134776,0.49380440190282265,0.4989355663547656
OX---XO-X,0.5083996384808231,0.5081082310914279,0.7110738922503845,0.6872379168117572,0.7521558257840504,0.4939682549033532,0.4953082911403811,0.49398702609351164,0.4927793163547297
-X--OO-XX,0.30597674422892635,0.5025817417217189,0.5219912660705532,0.49522741951413624,0.4958408668967984,0.49245932989482727,0.6876029090134406,0.500115818412813,0.4907665877323104
XX-OXOXOO,0.5915356485023778,0.7637390525033656,0.6872371923082045,0.4010125163318382,0.483381795537704,0.36917425532058534,0.18170934353737733,0.487538558794693,0.10104409591515529
---OX--OX,0.18977204958639504,0.14509232981109155,0.011453808223416018,0.5092207439730496,0.5038053913236089,0.7219027700760082,0.2894722212832057,0.5022298288248033,0.507340384986596
XOOOXXOX-,0.509189275074232,0.4981225081543972,0.5080573383928344,0.5037761063290941,0.5057583131055039,0.4940661866443827,0.5055958246114856,0.5027128416281016,0.6083424678219584
-XXOO--XO,0.686806607376912,0.49080355353467514,0.49461856974443913,0.4990827896976231,0.4965264232446067,0.687296231528012,0.5063188507105284,0.49145081077258734,0.4996363628879331
XX-O-X-OO,0.10092332754247324,0.8720715041820444,0.6873444276000141,0.041621816237328746,1.057788809654673,0.27720682462100843,0.52497918747894,0.9351167562607258,0.5295122962723057
-OXO----X,0.36475316464625135,0.4892511101304691,0.426555420311898,0.4611405501484157,0.6871084847582604,0.5559964251018665,0.6529078535932625,0.7682599059899655,0.49248059972365077
O-X--XXO-,0.4910151871338592,0.6338022218610841,0.4930616689231024,0.04858464373973026,0.3151935354766703,0.4993981269970467,0.5027539624468845,0.498180876718026,0.15624422005322447
OO-XX-XO-,0.5017456224028289,0.5043494031479535,0.6868257063376119,0.5005079709048773,0.49703210135279896,0.6696049410436086,0.5011507575050728,0.5085981385073778,0.50764120697967
-XXX-OOO-,0.23461954693778347,0.582613618263847,0.880692716272734,0.5432454450734054,0.001135468613866375,0.8795624243031859,0.8924618893363633,0.21498091025337307,0.04777868239679739
X-OOO--XX,0.5032246571857524,0.39543323314442447,0.4924185987535033,0.5064894388895851,0.4963271886262862,0.6872379594563112,0.6872377636567859,0.4942137957540836,0.496359037302204
OX-XO-O-X,0.5042201494426207,0.49412829616191367,0.6475784515416722,0.4915124812192219,0.4910854319327846,0.7978923225487693,0.4912937803275818,0.5744324022609486,0.5081493885958831
OXOXOO-XX,0.5057117794443107,0.4965479278984145,0.5019000234636797,0.4981184619565468,0.5021396294963545,0.49616273769790814,0.6872379594563112,0.5051767196524353,0.49601407198563924
X-O---XO-,0.5062802819349485,0.41151685790647663,0.5031026766195777,0.6517201494508594,0.13537711710631184,0.22724028608263053,0.5048195169569331,0.5076892668711903,0.7289313929693128
OXOX-OXX-,0.8266966935343104,0.31568326680969006,0.9317509742255008,0.46078601494876714,0.11291403674464184,0.6392525626053774,0.4180101737378267,0.8123770539228888,0.6807727739720703
--XX-O--O,0.6575564347183784,0.20398191214516787,0.5051153260800352,0.49704935311170456,0.045511349725013805,0.500803318118284,0.6599368684529743,0.6445805844978676,0.4957288941956888
-XX-O--O-,0.4016711776660338,0.5021214939716346,0.5035803721113898,0.8823882550019723,0.49446595094710233,0.6844308929596317,0.49455692025224973,0.5052523284709808,0.2003540155229252
X-X--OO-X,0.5095247202645995,0.18417156022484382,0.5059217756166932,0.2134752794732656,0.7949189977815,0.5060949349956356,0.5097089639373644,0.17113938584153715,0.49168032510051235
X--O-XO--,0.5067623955782024,0.6760165287256785,0.6868500089344407,0.5055393196168191,0.685407146189778,0.4946814181220992,0.49117884699054426,0.49131515867394787,0.19602140579242722
O-XX--XOO,0.49383281552018893,0.029681029334932885,0.49710216861252055,0.49685626579273606,0.6965787141725782,0.8113928451933643,0.49833246005991755,0.5019081793983818,0.4902762087113136
-OXOXX---,0.28310938684871,0.5074146354821318,0.5013625345311052,0.4956996563695182,0.49178524898955867,0.49282252559173373,0.7870836655533082,0.13969492963692431,0.5937086415032613
O-X-OXOX-,0.5599830216474131,0.09750817306947218,0.5696714308075889,0.6872379594074302,0.5865751923300064,0.5269382526765012,0.48989882931583484,0.41365374196569976,0.68716070780659
X-O-O--X-,0.4945434647187089,0.7283947417668822,0.4998798633495792,0.4972610426636568,0.4952574295148622,1.0662924477358415,0.68714851262678,0.5078156515590189,0.8470448803259407
--XOO-X-X,0.3502545418518216,0.6267260190996082,0.5031337965467617,0.498087391830579,0.5082663870132148,0.687146317578332,0.506114298545452,0.43605145372637377,0.4951591291685354
OOXO-X-X-,0.504254971311421,0.49257841213938053,0.5022871228934533,0.49595010344826607,0.5092230049772379,0.49841550114778904,0.6889346105904114,0.49262634309607073,0.6478239658280653
XX-O-XOOX,0.9092856511018149,0.3387942797504182,0.5156211828295453,0.08207289152197472,0.29976018525527603,0.19344443388386667,0.039961482263474624,0.11273281021206472,0.3665375159553117
OX-O-XX-O,0.5065849547016608,0.49088262340066086,0.8106854562890363,0.49797635487354264,0.6872379575828752,0.4990893488756368,0.5053232924687723,0.09618304105243636,0.5006830974086781
--OXO-XOX,0.6768056870792232,0.6869377745287694,0.4858178889571774,0.4240610096284419,0.5899894113858151,0.4949702594476685,0.5280002853876613,0.45408549658222724,0.5836122246887404
OXXO-OX-X,0.5099126923168936,0.5015526226383428,0.509499935824239,0.507792415798834,0.6872542904902218,0.4903886288822407,0.49820157934064163,0.6904993480716185,0.5056233146735204
---X-X--O,0.14236074081259054,0.769467982827305,0.6737225634262541,0.4357561641884318,0.6872379592679596,0.4844144280232213,0.6971014589533533,0.002607232582210406,0.491690113980926
-OOX---X-,0.6872578523973438,0.4941795651101733,0.49954114888024653,0.5030300393536433,0.6852589938860277,0.4920250743833404,0.678327742825123,0.5025909829244594,0.5070640706885777
OOXX--OX-,0.49457005382525066,0.49190186356967647,0.49691304617356363,0.5070896333532299,0.732125992357801,0.4088270072198801,0.49074359361403763,0.490299412682645,0.49132460758112095
OXXXXO--O,0.4031421316921237,0.5964427020287643,0.5432295532782884,0.5167729311652649,0.44924161080667235,0.5620319159530398,0.04315333655623188,0.10285986473837216,0.5390934447898657
-XXOO-OXX,0.6855664826724073,0.5135324319250132,0.42276571583948597,0.5870426120529095,0.5997542858522609,0.6670701857593782,0.4305415068710446,0.441700092524836,0.42086573402680105
X-O-O--XX,0.49562118106411074,0.23150566120555927,0.5026584353102495,0.5763716689502497,0.49206859815491527,0.18371970743342664,0.6872379575865525,0.5077715739414079,0.5008682313600732
--OX--XXO,0.6872533345980624,0.4986522313052023,0.49514120870071704,0.5058576854547981,0.5053086115435498,0.49517098071994153,0.5079197897419402,0.5021308958357632,0.50911533581386
XX-O-X-O-,0.5014237352204456,0.5032805701520804,0.45549637354653527,0.4966634141819561,0.49787619833085817,0.5013406762269484,0.24160026756416225,0.4959600361661548,0.4969367391556201
OO-XX-XOX,0.5073005722237129,0.4995614879608196,0.6872578523973438,0.5022606172084081,0.5049650747838382,0.49390666266848743,0.49977858341976183,0.5040434134631013,0.49553538339626163
X-X--OO--,0.586874444226474,-0.17890703306698696,0.4383077331378192,0.4301940358079862,0.4027316418964564,0.5589273508128016,0.5990413930358959,0.11384158350152485,0.44828476375488296
OX-X----O,0.5082938469203504,0.5016827643061333,0.6853575917958644,0.5063072657673526,0.5092735238770918,0.4908167888912719,0.6872379594570067,0.5619462492224823,0.49768379890775377
X-O---XOX,0.4962705440337436,0.7633230265844648,0.49496935430050837,0.05976534525848676,0.001927739719505106,0.3982874396361174,0.49493164162291364,0.49865170154922694,0.4914981071186166
OX-O-XX--,0.49088476459055425,0.4954116588751792,0.4827889494515992,0.4990531354651864,0.6414753139740422,0.5070153919050215,0.5027384919009291,0.24146352439888852,0.68525505812217
-XX-O--OX,9.915683501443562E-5,0.508302444886046,0.5006165016859818,0.03279142256206524,0.502636966793181,0.6797289097202747,0.15834027174320553,0.5043228500280207,0.4909290376499067
--XXOOO-X,0.29502867539865474,0.45104376011520175,0.507798072627597,0.5060870223445774,0.5004028643226273,0.4904171953987668,0.5062408489840999,0.4614465219199063,0.4979286024045846
O-XXO--X-,0.4999498044074183,0.016387324404041614,0.4979718229952809,0.4997319386376278,0.5096011675866688,0.4982283090713402,0.49753117640797256,0.5080544709532572,0.6872387357053723
-X--OOXOX,0.4210231124155025,0.5057883715892727,0.10468507372241498,0.6868006755802097,0.4972921686755749,0.49377904898276404,0.49501982139647477,0.5058919457434312,0.4979652546745774
--XOO-X--,0.5040400282460191,0.6872379503691617,0.5066897777443911,0.49199034656961554,0.5079106900979368,0.687233787204264,0.5049369216650899,0.6872379594563112,0.6679236955594441
X--O-XO-X,0.5008215414107163,0.5915606259188603,0.6772913292445115,0.5057371403792191,0.7928256913517218,0.4995849033201785,0.5050359739476868,0.5777668681343396,0.5054723432375131
OO-X-OXX-,0.552851236459994,0.5677900222906193,0.6792986694985957,0.5364253690999968,0.516030143699351,0.44567079778055374,0.5081006473764222,0.5554247059282655,0.6872368835292502
X-OO--XX-,0.5058030797071364,0.5043223454953601,0.4916138180195767,0.5067551867796938,0.6224593312018546,0.6460568803314122,0.49730360595454226,0.5046778736152163,0.4111071015649699
-OO--X-XX,0.6742946015662782,0.9094819869335253,0.8907976874868014,0.010629111333535779,0.1740463438677602,0.17162599720061655,0.7707414853693977,0.27929968892642143,0.2676379783989453
-X-XXOXOO,0.25342485207239096,0.5096220078267412,0.6872379590263933,0.5037598180933462,0.5055906426283325,0.49529083798407314,0.5035110051106915,0.5067906709154598,0.49275064782327976
X-X-X-O-O,0.4973314164382739,1.3110974730353824,0.5086447704037534,0.38810773728619463,0.4970719145461753,0.0512130297709632,0.4995596896253863,0.6872379614179722,0.49972547092107844
O-XO-XXXO,0.49357585566972106,0.10745859447143336,0.49034650961766535,0.49946375202629545,0.6872379594598601,0.5020792198925467,0.4931420312334058,0.5011212016175066,0.5044278075718003
--OXO--XX,0.6471014431471928,0.1016253828831144,0.5074172520869615,0.49042210996028907,0.5062714285193649,1.30799164966339,0.6872379671127727,0.5077038446896477,0.49969264182112383
X-X--O---,0.34534330562165283,0.1089074475815835,0.5408444032471216,0.11159014966334724,-0.3660329955305144,0.34155750454116873,0.05181860830909918,0.34414337580129367,0.08278497697531267
-XO-X-X-O,0.322508969732337,0.6500603040141224,0.37484865466794803,0.5124973964842103,0.9215477320954922,0.6872334477233373,0.48424176777896,0.5327525320271479,0.19048133452524485
-X---OXXO,0.586251392945968,0.4954062732447585,0.678366670755018,0.6457775086146962,0.6872379954413607,0.4953242725509348,0.5026578076454672,0.5094630662101629,0.49721954157100084
-O--X-X--,0.044517410014467296,0.5018824005203054,0.6878976535582768,0.23774611788259853,0.49502757408167414,0.5338911193440635,0.5072051321355296,0.05894234356180916,0.30046520330311544
-XX-O-OOX,-0.08181438155055287,0.503496053473332,0.508025159179036,0.1368335786189977,0.4940658593499454,-0.9656392039886961,0.49450637081495347,0.5079628354941355,0.49288792689655586
X-OO--XXO,0.5391993672707313,0.254805904184203,0.5035242105280555,0.42382946655492604,0.30834310717082514,0.6872343903642549,0.546838202636495,0.4295456637910986,0.5092940240812367
--OOOXXX-,0.4987340325739724,0.35965830576196267,0.5079572198086367,0.5514618177101412,0.4592733545979022,0.49173360362322754,0.5830741934769956,0.5486164428460268,0.6867911255615833
X-O-XXOXO,0.6287726806420233,0.49730579704602296,0.15090774799869,1.2268554913840939,0.135553803106491,0.5106449937969245,0.9002003071335708,0.9429651075554003,0.1004059940499793
O-XXO-OXX,0.4983002874090923,1.2835176486480135,0.49404062980233565,0.5001419058888944,0.49771567191238064,1.0611136922736697,0.49595601232062586,0.49141915333891767,0.5073868396362139
OX-OOX--X,0.5042257338828019,0.5034126140522364,0.6091255627024198,0.49305496045901476,0.501594005753988,0.5060288183073306,0.687238738352945,0.2663929700289047,0.5017090210478568
-OO--X-X-,0.6872179388660508,0.5005380505988465,0.4933901459688867,0.6783199081896774,0.6868099679574894,0.5064309716174452,0.6453919884365579,0.5025892958499535,1.5468047868845394
OXX-OO--X,0.5019268176541538,0.49478605233924156,0.495530353380408,0.6872379594563112,0.4983773366478156,0.50914120248127,0.4195705513722197,0.050467752316004866,0.4991043477557507
-XX---OXO,0.04657530097375956,0.4248949785378165,0.42293963921730904,-0.21990803790273572,1.2658864735621318,0.25624568694066596,0.4213179525598706,0.5497974549086513,0.5995137611224605
X-OXX-OXO,0.5084575445498727,0.35717776496314285,0.501456890266851,0.5003506445002756,0.49751662680965586,0.6872412642096936,0.49775336318410357,0.4906998288658042,0.4915325285002691
X--O-X---,0.50939315603742,0.14960931901449215,0.152696379366959,0.5004541483800776,0.506047676945552,0.4995943117989503,0.24128889056151803,0.14900371918025135,1.3902426091004865
-OXOXXO--,0.6950713623111818,0.4773450368213887,0.5126714629517035,0.5150603946966029,0.46246592758421473,0.560409661567949,0.4581029874356257,0.5960507367471497,0.4926664451817261
-OOX--OXX,0.6872371923082045,0.42158433085841995,0.5286574765636485,0.5651983999829785,0.68721150504369,0.6385210051084147,0.45139203184340937,0.45658217559956726,0.47871267957439834
--O-OXXOX,0.8680593591976595,0.6872379594561496,0.5393569817139321,0.40226222607240897,0.5088470810916497,0.5219135518185204,0.5149662630507075,0.42194252219502243,0.4500185865380178
X-OX-O-X-,0.920956722215434,0.30255112183005584,0.97459234158585,0.9706029551995303,0.5656168287818139,0.9321658401646871,0.6499046648886462,0.6481241702858658,0.6409129415711073
X---XOX-O,0.49422561397537684,0.036012716995727945,0.6872381251804497,0.646577814977792,0.4918446805692231,0.49725463786613694,0.4988998364135807,0.06464117844305473,0.492989796052687
-XXOO-OX-,0.6855664826724073,0.49925426731082356,0.5110184412378944,0.46495033187180557,0.4748355730284879,0.6872379239856465,0.5003293938521436,0.5221148233125736,0.6984254937803409
XX-O-XOO-,0.5055811946982515,0.4951245216346858,0.7210242226249397,0.497072049660514,0.9290679321834727,0.5089261493080417,0.4953948712470894,0.5079112117129361,0.5099103755769767
XXO-XO---,0.5159150276717567,0.5043259612968596,0.5009929015094539,0.047012149512290824,0.5981736968125844,0.48517821814574935,0.5366716606029327,0.6263542237469228,0.687237957762079
---X-XO-O,0.04719145097697758,-0.27355742414092,0.6482315186062075,0.4984810272737707,0.6872379594570067,0.49774318969878,0.4943281067987548,0.6782964663094658,0.5013889297222526
XOOO---XX,0.49516895361560775,0.4986257831155234,0.5008483944840189,0.4985327147309169,0.6240284277853807,0.34311705210653887,0.6451187011730248,0.5013528226473702,0.49692483740047916
-XXX-O-OO,0.6513501383002744,0.49815416264694745,0.3250557901371601,0.2545820851813989,0.10529652832495506,0.6260929176727991,0.6716539094612116,0.9088150688757536,0.25106386159101013
XO--XO---,0.5690559972147442,0.5000821746175911,0.2128897036264113,0.023959735584310415,0.5910991125477946,0.46615335332476787,0.024253101069754535,0.25208786245329295,1.0714755332283632
OXXO-O--X,0.7054558589039446,0.24158783226046054,0.11965756400879846,0.8106685052805117,0.6794728163555717,0.7350203016959568,0.11336524125904412,0.10754203557018582,0.15279534720780574
XO-XX-OO-,0.4976001771691026,0.5006021332004073,1.8979752502163043,0.49374247437385,0.5031334618929331,0.41519753122230474,0.4942896889850309,0.5095639407413466,0.6853354745417599
O--XOX-X-,0.4991267603163949,0.49348174388265575,0.6466918112038659,0.4937185869545848,0.5084343586591137,0.5079410352947022,0.004618268292834682,0.4931910191313073,0.6889346105904114
X--O-X--O,0.4992465433304948,0.49399808645376925,0.7939149495587217,0.5056699994650744,0.05158621257066087,0.5099128994508898,0.7423447322849804,0.3119413421661149,0.4907204436014988
-----O--X,0.18071449093905467,0.042866802588561015,0.04679202309576025,0.0010357360316219921,0.6861993687861436,0.49859685286988387,0.316132823980697,0.20065870584903944,0.49170955142023937
OOXXOOX-X,0.4990674344817583,0.5059223942116271,0.49268609200309577,0.5078772701463827,0.4911622944206816,0.49426720238368993,0.498709555348584,0.6872379594563112,0.4925786933187156
--OO-XXOX,0.8808435806062065,0.6863653923166302,0.6677594768953227,0.8723565776063543,0.52497918747894,0.8194944000405289,0.7582652175377971,0.12876380974702217,0.6941066796547746
XO---XX-O,0.4936964597705245,0.49934776674175996,0.12381528387567448,0.5275250332036567,0.9670391464389311,0.4964201139834701,0.4929052693005783,0.63319839715194,0.5038346054262475
OOXO--X-X,0.6800498990920092,0.8169038747974161,0.09977650542752647,0.7966857722484038,0.3531480549325644,0.5010204685759001,0.9150175326921489,0.037510134628979286,0.8847051950615414
X---OO-X-,0.490501694804985,0.788522506873857,0.6872370512897554,0.6872379594563112,0.4906688414492623,0.5085877660862677,0.6871160374472473,0.5067201074539074,0.4685651084673841
-OX--O-X-,0.504248505892229,0.49140581460635474,0.4916135403205736,0.7177386788104784,0.6888808560438072,0.5021704259158577,0.6740630844904163,0.5065829076206196,0.04253514616838455
---X-OXXO,0.2069329028841113,0.502020177496958,0.6872503138048374,0.5031403301980535,0.6872554645150375,0.4971497173731929,0.5009003136043553,0.49610552427917143,0.4934753943229385
X---OO-XX,0.499180038856358,0.1901471740373356,0.41281833124214273,0.6873305113574016,0.5042369558292553,0.49318486552893975,0.6853175504517419,0.5092604270036653,0.5010491838713528
OXOX--O-X,0.49135570868115397,0.5013320584984485,0.5069389919706351,0.49091107697311426,0.687238730474557,0.6320190801716232,0.5066626365373893,0.2857302810385569,0.5008669095253968
O-O-OXXX-,0.5294436689513429,0.68674272696339,0.5199267907111024,0.4145218695272826,0.5757311314182492,0.4693781329388972,0.5223103435707206,0.5475706532833977,0.6872379594563112
-OX--O-XX,1.790413522532602,0.5044473810728546,0.49966119761683875,0.2736596326770499,0.4369055024741094,0.49341979514744705,1.0867823183997594,0.49222313944125756,0.4952149344315639
OXXOX--OX,0.5023051327939996,0.5001498780499031,0.49405724913550636,0.503875924851433,0.508302249480963,0.7400172823575513,0.6872379197451456,0.5035468893953955,0.4932541366632178
OXX------,0.4942565961044242,0.49217480575043676,0.5033457249330413,0.7358445480832003,0.37407434337191037,0.45931467896508094,0.6921712857687127,0.08077250332172237,0.7307366214933817
-O-XX-X-O,0.26710998945200626,0.49163995959660606,-0.2880097762191389,0.5088673122888339,0.49952904209553356,0.5101720402816807,0.5046918937071246,0.4383657975057472,0.5038930598123033
O-XXO-O-X,0.49670407667727484,1.3430902537084213,0.49708718157461573,0.5016246070745267,0.5031146530885667,0.06338108905325401,0.49160842051711023,0.559961409197291,0.49641981454397516
-XXXOOX-O,0.6872954263022427,0.4930390684598232,0.5027722557621901,0.5018154888768991,0.502931155158638,0.4990478837805663,0.4935833906938613,1.1850594933961622,0.492567657416616
XOX-XXO-O,0.5040716973287952,0.49734347583250477,0.49954134609285944,0.43089964811943376,0.5046542197762516,0.5038772915565461,0.4998058497704246,0.6873305113574016,0.49636599993204716
-XO-XOX--,1.1718763116970492,0.49079877913910813,0.5016191689249346,0.5050191197288074,0.4910700533804364,0.5065348620427789,0.49529061811950437,0.5065886208613282,0.6871491317960037
-XX-OXOO-,0.4937224555070646,0.48106008983736026,0.4689684774956834,0.4482298740723153,0.42130631894318127,0.4489497113254791,0.4203345031623474,0.4389235378399239,0.6872379187732086
XOO-X--X-,0.49608111368176444,0.5088380512674511,0.4997795717947466,1.362319134782387,0.4923405368354532,0.6840044411912699,0.032326508116201635,0.5048779525299045,0.6012593493266575
X---OOOXX,0.502044782067776,0.6872379594563112,0.5031773008608585,0.5043668443030027,0.5088076181239118,0.4932009864163049,0.5054389665360797,0.4928290738017211,0.4934848024470872
O--OXX--X,0.30285150216644685,0.039594158741467156,0.3573199625882199,0.9153724476394923,0.8779808800744576,0.12039753327311797,0.6872379758303472,0.3445249420092085,0.8942729263438989
OO--XXX-O,0.49984086904505753,0.5072255174869162,0.6449335636007801,0.14666177656818213,0.5087932713158965,0.4972570837481656,0.4968021132067843,0.23507244950292594,0.49823987210565523
O--XOXOXX,0.4964694956076094,-0.08158506459449866,0.6872415821890228,0.49493570923464497,0.49296010775627325,0.5024618195291335,0.4975326402922833,0.4955103055049069,0.4957977563906459
-XXOO--OX,0.49939602557286966,0.49908578898840605,0.4993652948542982,0.4949954643242835,0.49170528892387827,0.6872387357111396,1.2805402836229418,0.49332513993280125,0.5086282149238174
OX-O--XOX,0.4918015200166332,0.5047998933447647,0.4127890917713162,0.4939303609170686,1.7470193790624091,0.644743706810353,0.49171192514461687,0.4909457865168995,0.494245010574421
-XXO--X-O,0.0036295720057054615,0.5098638991681637,0.49837044874304604,0.4947247206330435,0.14831036343483228,0.01707382406913932,0.4944804490906994,-0.20193003664486464,0.5013438545269032
-X-XXO--O,-0.09344516670716851,0.49558411405241104,0.6872379953185456,0.49854527875016097,0.49839188085276825,0.49728785263490743,0.6871523909381475,0.6872698225195564,0.4912211589616347
XOXXO--XO,0.495484971070476,0.490043607784917,0.5076097818045797,0.5020209832525246,0.5083248786058657,0.15516693634067313,-0.05008753185739434,0.4938362445080663,0.4934654737440492
O-OXX-XOX,0.5044840794550247,0.6873161250351615,0.5050026158906192,0.5082790617312793,0.4948447964645153,1.2133898426828993,0.4981792357724874,0.5037660508491599,0.4999151221152756
X-O-O-X-X,0.49201408730956525,0.7063024791358876,0.4997095896113847,0.39561845978039306,0.5006959928864481,0.23346882926099521,0.5009734902864488,0.16143433515526245,0.5074547699820988
XOXO-X-XO,0.5021822080802125,0.5090955026275261,0.49081543108615994,0.4928651669113543,-0.2768457144041955,0.49461348359541923,0.5279845744453467,0.5084274580235828,0.49698156484150696
OXX-----O,0.5143354101422869,0.5733317370226867,0.40255110652277754,0.4207722660184522,0.6872379594562925,0.4209792089908117,0.6872142710320003,0.19316985681474025,0.4004877603558876
OX---XOXO,0.48473838474055,0.44382656574900314,0.67732059141414,0.6872343903642549,0.6447140625948846,0.4065225201555582,0.5095251978527396,0.49439365870941454,0.5492643888428855
-OXOOX-X-,0.4841165602777423,0.4401821218565245,0.4767950638925496,0.5971699145843594,0.4282208888299923,0.5172268623931395,0.48232849981193754,0.5441640768070019,0.24585790099959198
-OO--XXXO,0.68716070780659,0.5673173912033989,0.5059786857832592,0.6867176907303307,0.024118755489800137,0.4518208113724599,0.5565799748855147,0.49804732593619383,0.594109557579146
XOO-X-OX-,0.49024514852294276,0.5009856276360104,0.5044688129334282,0.5027890852634588,0.5029634226760916,0.6833269210927513,0.5075815460166477,0.492299000125001,0.6485379733131896
X--OXOXXO,0.44559356523529037,0.3380914093688072,0.6872379240140314,0.875180487833203,0.4997685823093915,0.7877064720933278,0.6898206803900284,0.8811186402319552,0.10264926399836871
--O-XX--O,-0.18243689479842784,0.5057497841991082,0.4445014734961342,0.2536662108008403,0.4156306198981429,0.4109597285286975,0.5031407237392354,0.06931717306610286,0.5248164700506801
XOXO-XXO-,0.47517427235495036,0.4450039861891928,0.5649227142855907,0.4955318446593532,0.6871756462452016,0.5405452393828564,0.48335492289021115,0.4328649198403325,0.6097341133017551
X-O-O-X--,0.4936917782592417,0.25019446264301604,0.49043705732877274,0.6943630766374854,0.49451071411561537,0.5046081132162035,0.4970453899139395,0.005008927037822963,0.5
X-OX---XO,0.4951473308165822,0.9447428370186441,0.5065598399004627,0.49105479663208806,0.49313945190367137,0.6884884741570465,0.6783493462883698,0.4931697528133119,0.501502440255194
--XXXOOXO,0.16688136390585623,0.29537366306432244,0.5021974474430845,0.49076276836460775,0.5075486565785422,0.5049201504780825,0.4943414123234005,0.5094304365601253,0.4962356832320414
XO-XX--O-,0.41588378768066836,0.7138322118495415,0.5128814719548082,0.08248722257521235,0.1374192182066324,0.16518882246620825,0.52497918747894,0.16528779112670278,0.5135605544891532
---OOX--X,0.6281375099065896,0.011984989660240086,1.3519681241992643,0.5629567575098643,0.5399039851226674,0.4618687615788698,1.518695376440424,0.11867517729386157,0.4586974156274381
-O-X-XXOO,0.6785120867088472,0.49652213658757655,0.08821163159946721,0.4907109272720217,0.6875915295106476,0.4925304007242439,0.4940002363052923,0.4963179222065096,0.4966773583510505
----X--OX,0.22645349788164015,0.0423773858793689,0.21641227737536328,0.16045119625672527,0.5080359415709784,1.1929546423585065,0.03139021358337174,0.5054918737038483,0.5044162467318329
XXOOO---X,0.24282807440180443,0.05532531187671319,0.6900651539004654,0.6244089034130659,0.15355977007448718,0.21743467225198554,0.6872371923082045,0.14970523890201515,0.70327740533186
-OXX----O,0.5674738402757442,0.49599895376247677,0.5065369303656841,0.49540987682677895,0.687090876117013,0.2901162931436837,0.6786095346863382,0.1009964747458516,0.49923978531302055
OXXOX--O-,0.5528489245550363,0.47031158204613777,0.5345108467580973,0.552062996748109,0.5152416695076959,0.4084741685929068,0.686777184292268,0.5709133590493461,0.6608755751680858
-X-X--OXO,0.49056986004580777,0.5084664214100002,0.5072831104350993,0.49662862187467777,0.4974114396721951,0.7310585786300049,0.49069762417757495,0.4982478966450839,0.502533351122379
O--OXX---,0.49914064011456777,0.43556153678829196,0.5074330810174391,0.505893945357412,0.5000803676984032,0.5046579218436763,0.6872379594598559,0.6852498891109464,0.255137290716144
OX---XOX-,0.49593245695362737,0.4926098243732529,0.6435399462692366,0.6872380019164734,0.6781167805365759,0.4916842097087688,0.5003871009816245,0.4971104359883664,0.3520407827950325
-OO--XXX-,0.6872386697859963,0.5083587661087624,0.5011096321188715,0.345669077143113,0.08769995261418106,0.4904906327639498,0.4960636521931715,0.49973895166016474,0.6787175096729811
XOOOOXX-X,0.49692683837783863,0.49477501690485415,0.4913317551805147,0.5002915492103458,0.4954879014477294,0.502976880804543,0.5055254262754982,0.6872379594563112,0.49431384315155363
--OXO-XX-,0.897293348481146,1.065111607805156,0.4935745852132423,0.49988414927235275,0.498363098256606,0.5008181401812378,0.5040896959542349,0.5087417372797584,0.5683523046293015
O-XO-X---,0.4747861307144505,1.527969006549665,0.5675563649711023,0.572937880183273,0.061496564827611566,0.42110272308489655,0.687237951553588,0.8894833112760556,0.6871841332095797
-O-X-X-XO,0.6220938968617828,0.5577350818693467,0.2537442937687377,0.4000701656149127,0.43651949118850086,0.40263046081062465,0.059194691163967805,0.5598486430602807,0.5148969857492184
-XOXOX-O-,0.6871506274535513,0.5045539467954638,0.49089577624903136,0.4913269409601268,0.4957887489516468,0.5092327595900892,0.6872379922735659,0.4916452132765955,0.6854038779634359
-O--XOXOX,0.5415024041444384,0.05280962700364056,0.09703208254896767,0.8286090008154943,0.08857861202817574,0.16951604171738965,0.2108126350877988,0.5428163626741292,0.329176582421455
OXOX----X,0.4985858511832857,0.5021141770866779,0.4963587076715287,0.49282682650826154,0.4332637103313844,-5.24469813592443E-4,0.24637863471948096,0.49492150844846194,0.5012330283608809
XO-X-O---,0.4907264393986219,0.5036076480999441,0.23365188919957358,0.4944477158810948,0.7366624993734974,0.5012008191369792,0.8123880425327726,0.07597490621734593,0.1629769933617239
O-OXX-XO-,0.49017182578612606,0.6872415832122833,0.5043717817078812,0.502185262425662,0.500583515985594,0.6853447229816125,0.4953647438716145,0.5092535308073037,0.4730258570576886
-X--O-X--,0.23004488579204957,0.5071875270260329,0.4025571687063283,0.03416099212708534,0.5087284270786622,0.7061422207081113,0.49153786423364704,0.7811394725184576,0.3326526398373083
----X-OOX,0.5789333747086136,-0.2862519117323665,0.06569520163171344,0.020280981846730883,0.5075394208033981,0.05458744141224192,0.4944653515272328,0.5082631473091135,0.5053613479806863
OX---XXOO,0.4945038871103028,0.509454559361935,0.6947624971140338,1.257826635436766,0.6852381713738368,0.5064322890157766,0.49007240833011856,0.5015784348751156,0.4927037538895487
OOX--XX--,0.8174913655461684,0.2847754210951847,0.28179463501607416,0.3798601118183993,0.36131470932046195,0.20846353953458063,0.8882079613647834,0.22678364172244314,0.8102601745320324
--X-O-XOX,0.8546949372339796,0.6868005854324701,0.4947901251612744,0.5901635287312665,0.4906538446326254,0.8577560991290044,0.496694395231698,0.5084563073028933,0.4950796730985649
-XO---XO-,-0.08535720590421969,0.5065497890741967,0.49579673281328485,0.2888833367179299,0.042152292346936515,0.1250791974847918,0.4940166150504411,0.5099537541642308,0.13973255112188931
--X---OOX,0.14639121160951252,0.2745191843975288,0.49027754660756434,0.24335005924009417,0.7067555162430511,0.07602984346635067,0.5019682997959206,0.5096590094914165,0.507741168263228
-OX--OXOX,0.5709306603853743,0.5150870889416395,0.44849105943220624,0.16331829387261088,0.6996440568059936,0.8970353906740114,0.1598422155583633,0.7216633272889089,0.6106628168998057
X-XO-OXOX,0.5022175856386113,1.3231055028399816,0.49060519839229394,0.5094101653777995,0.6876685844060231,0.4901478955501961,0.49708201791049034,0.49404305079605254,0.5038745773061832
OX--X---O,0.5083438457543301,0.5063446473593453,-0.22960751080539332,0.059255946758342004,0.49256511792224095,0.2272018609148302,0.0045532265984324916,0.19988330751073458,0.505884438873454
OO-O-XXX-,0.5095126098961059,0.5099438845087578,0.6872415465586711,0.5083108550194082,0.024824123570836687,0.5039028577766695,0.5087170614878465,0.5019994512787816,0.6439673666533186
X-XO-OXO-,0.4986604607158979,0.6561072143669079,0.504964986903186,0.4974604499193884,0.6872185905908088,0.49646168917797096,0.4940374711415343,0.5018744977102939,0.3239158504398848
OO--XXX--,0.498145132233711,0.49367576351576564,0.6888854878877189,0.5061135153194656,0.5032034383109619,0.4992860261242564,0.5089808306825364,0.5078756116214125,0.529858513291692
OX---XXO-,0.5673923830432993,0.4433955090518027,0.5312045552559124,0.5148743823603714,0.040170061807571766,0.546242617961249,0.5414127451311209,0.5936607771507032,0.45644789298742866
O--XOXOX-,0.5070661453174028,0.6872379594563112,0.6872379594563112,0.5040193571898842,0.5089334164355348,0.5052534190806127,0.49941408310210383,0.4959827577295139,0.4938045725119889
--OXO-XXO,0.6872371923082045,0.20949875116457772,0.8714040943801327,0.7976559159398835,0.1314145404713516,0.6872377731213288,0.2616487087805529,0.8073921294107865,0.39749625039664627
--X----O-,0.3370050019227787,0.15437668728873738,0.5025717015097521,0.069413639482649,0.6879729939111607,0.15421546607672026,0.6870516550110877,0.4986970224333063,0.608971772329251
OO-XXO--X,0.4199748576320991,0.7976597288849779,0.6872397571869973,0.8099142384840634,0.09277017588404701,0.7112934749570586,0.7287740176272022,-0.765473761546543,0.46031822348424134
-XO---XOX,0.24144898179417257,0.4949768463836054,0.49929198511682427,0.4353490770064407,0.4815696582653972,-0.039946689918399336,0.507724739867133,0.508040934495197,0.5029169830943058
XX----O-O,0.509526346361568,0.5009867041272474,0.687019407182918,0.7100560774164643,0.7296702575690577,0.7009255592660837,0.5087675269581998,0.6872379594563112,0.5007021715531534
XOXOX---O,0.49794872537397067,0.5095031725792658,0.5070576581801804,0.49609620174737407,0.4963793239578889,0.042480072812866254,0.9219279627829784,0.29508499049366643,0.49449297937945286
XO-X-O--X,0.4983686739334146,0.4938842521441436,0.13491940686563586,0.5012334638538443,0.8587909589694535,0.5075791630874781,0.7249290914606175,0.6440481448209182,0.49843076846557016
-O-X-XXO-,0.40054278581142544,0.5056739448011603,0.4964026187594447,0.49168153331404924,0.6872377665351339,0.49443792752167626,0.5005586615039933,0.5096554470121489,0.40206038790938053
-X-X---OO,0.6560581300272313,0.5097351235423293,0.45339944814243793,0.49102971831960823,0.6314795987419453,0.5018387621084779,0.6853454209070194,0.5003398277594163,0.5047095044051993
----X--O-,0.6055522905196353,0.04546179567254327,0.49873288922028675,0.7032236972258943,0.4949527748828599,0.23736519958643781,0.006549909422070621,0.5093576983559581,0.804410589384698
--X-O-XO-,0.6871464799299986,0.6872379594563112,0.4939201532288126,0.6441291128341209,0.4963099398394906,0.7246870096084098,0.5028687227390216,0.4926074544070182,0.695194465829919
OX-XOO-XX,0.431651697186748,0.5081867077366363,1.3416766888553313,0.45478398549798116,0.4854017997413015,0.5838755240379041,0.834866058811464,0.5755126284971757,0.45108775450010613
OOXOXX-X-,0.1810907436136937,0.01868411868738895,0.5663626547413817,0.12939730051631404,0.927247427108399,0.9305085345046576,0.6872379553767889,0.33452742107236755,0.24383451903557968
O-X-OO-XX,0.4994446877030005,0.3285580499122499,0.4923149154110761,0.6872379594554622,0.5043217542445503,0.494976192096214,0.5036948495854303,0.5052885785139137,0.5073148002047547
XOXOX----,0.49658342087107815,0.4960443493134882,0.5080293237363095,0.4924819200524856,0.4974131325605367,-0.048782940404906494,0.18128629848108585,0.0640075174450615,-0.17113310926270964
X-OX--OXO,0.12323964129292408,0.6872343903642549,0.034560666571189835,0.5797303758127299,0.6871384946541155,0.6872379584697222,0.18848091293058122,0.8829711547196444,0.2887400651148647
OX-XOOXOX,0.5022341989386242,0.5086273217664092,0.09951540812785697,0.49046747860575507,0.4920677507029992,0.49100592326373194,0.4945463483233338,0.49004809858902726,0.5026590998229866
--OOX-X-X,0.2767458054290502,0.1943596147216804,0.5019350998823102,0.4940475681015959,0.4955639204279198,0.11281858534058176,0.49826943049533784,-0.3245765697267484,0.5057465592043134
O-XXO---X,0.5137272671308216,0.11023883363793663,0.40503400621895475,0.41736681315557544,0.4020326629839495,0.5,0.2015469317678974,0.4503261029525575,0.5338604621938585
XOXXO-OX-,0.4987451717241804,0.5087021238702364,0.49622576048289974,0.5080818305258061,0.5033094913788839,0.653585178554134,0.507492832604458,0.5061094395695269,1.7082815602798271
-XO----XO,0.5608994159263871,0.5098165076012264,0.49535621303027444,0.6566557157641436,0.6872379594563112,0.6872379593651924,0.6641412417737164,0.49564883261071807,0.5021986145134542
XX------O,0.4919198069707677,0.5025690466569488,0.687237957573176,0.18797350551027847,0.16256097064498054,0.9494538772602964,0.7287465303316082,0.2703438137269557,0.508951269593222
OXOX-----,0.4908550321646612,0.5028894504420219,0.5074737437107798,0.4986459359558454,0.0021569998851370675,0.20330755423593383,0.6444273317335475,0.4263643233037575,0.6748608534727975
O-OXX--X-,0.4602973548635163,0.6872212790100672,0.5983716103874003,0.5071420877510662,0.5754081047237221,0.43362588565652027,0.45553008785731264,0.5150620062545653,0.40761019539917803
XOXO-XOX-,0.4960298138143039,0.49988160590263725,0.502005103920045,0.4905716987706768,0.1505608877151992,0.5035469801599404,0.4926696684218285,0.5022131207010158,-0.00934065625032321
O-OX-OX-X,0.49793888153541493,0.6868352270614201,0.4931436670449723,0.5049897624320457,0.0981213720327968,0.5023788572357961,0.4999086969918163,0.7077007600153807,0.507639333480158
XO-X-OO-X,0.4143128303539894,0.48037294056840985,0.853984079329347,0.5441396858129401,0.6872533345980624,0.49320639822987344,0.5293776075164351,0.4881585254976551,0.5703908465613173
XX-O-O---,0.5496259311643964,0.3512802367579517,0.5831280603211914,0.8626522992049418,0.6873251486956723,0.9903762575089493,0.22255971511441908,0.3755341163034174,0.6087907773104788
O-XXO----,0.5060181134184627,0.508250061781268,0.5049779442901097,0.4956049278279443,0.5024325599651228,0.17189450629796243,0.04301770227496915,0.6849851958128576,0.6872377661937356
OOXOXX-XO,0.49885624456367683,0.5042398945960549,0.4943254016547713,0.4989757442116161,0.5091299152834718,0.49245673744292195,0.6872379594563464,0.5022604479247107,0.4909377049397857
XX-OX-XOO,0.9818101757420628,0.2783172505460446,0.4441306361203837,0.3707955180287774,0.783519678382652,0.4605645286437214,0.20839979336581949,0.9420372094205152,0.8212556693655199
--OOX-X--,0.49593588201266636,0.4931807993062379,0.5035244675791078,0.49088427132379403,0.5029866563205784,0.6561688882589052,0.5017265168328564,0.7551385383895378,0.6436479828663295
XX-O-O--X,0.4912549942047272,0.5039274309181951,0.5036315234976605,0.508897917642808,0.6949067226983504,0.5008276125711802,0.4926672851793053,-0.3267787477224593,0.4953517885586013
X-OX--OX-,0.02264998393254103,0.8044627181923227,0.8909764580406355,0.19560951319166242,0.6872423501047434,0.49407250526621954,0.5277860855533715,0.6222825570422552,0.32869121479194163
--X-O--XO,0.6872370799239368,0.15249300247329167,0.4920578886656057,0.6847813744951767,0.4935181843175654,0.2676191554277553,0.5748781278658576,0.4973064195553858,0.49262726216040775
XO-O--X-X,0.4907303421188863,0.5076080839038004,0.14096335543946803,0.5004688002107205,0.0736268317355403,0.44509386980049015,0.50974013616096,-0.360496627403615,0.5044347532810536
-X--O-X-O,0.6872379594521512,0.49095681904397553,0.18697164036520164,0.6855846313624845,0.49096242316215394,0.6865805761719247,0.49876100922621514,0.08900868586743504,0.5050025766163706
XOXXO-OXO,0.5054557300507498,0.49099134590554244,0.4900111841178103,0.5044373535862725,0.49125787977691965,-0.30432264418486255,0.4970601969294653,0.49050972146688315,0.5025601808543564
XOXO-XOXO,0.509244853844164,0.4975444371229367,0.5028655038019639,0.4927588724421098,0.2715798979495224,0.503473394185394,0.4911591999342939,0.5038907552632425,0.49552466106050297
OOX--XX-O,0.5029786149210943,0.5007756709768924,0.5026990505835589,0.418855444853164,0.6465100371437358,0.49882162313124256,0.5025689309720164,0.08492747256494065,0.5040927635896898
X-X---XOO,0.9964336831546774,0.40966485206736747,0.6370038008375197,1.2756063275011433,0.11930758068813946,0.3879582864375946,0.14796582328403673,0.7551831677330612,0.4166611852374795
-OOX-O-XX,0.6873305113574016,0.49861044215500483,0.4991792421944599,0.49772658418274673,-0.16235121754747983,0.5068300169342541,0.6852189111685447,0.5096155456278343,0.4912962870132556
OXX-XXOO-,0.46745000580247054,0.53791868023513,0.4205141954396584,0.6872379594400508,0.46182367432313837,0.506146761576976,0.5945820584008816,0.5726863781926439,0.4196553875698551
--X----OX,0.1854944450003172,0.7331585374502262,0.5063919396394022,0.050828744505469814,0.30301702731369395,0.10084242247925695,0.04190281990623357,0.49685783413222573,0.4903206594928761
OX---X-XO,0.49191464574110555,0.4957421769253488,0.797196073400771,0.6777695860786044,0.6887868277746619,0.4959001662127034,0.5069360549527483,0.5001440355643615,0.498030831429847
-XOXOX-OX,0.5318022765920993,0.5353818928647578,0.5687576963802582,0.4165523043315203,0.5782459704943115,0.43484098341334376,0.6871487951601712,0.48122975343779656,0.4224600035198914
O-OXX--XO,0.5098334155137575,0.6872379594564734,0.4998683073135398,0.4982940840969437,0.4990245675224215,0.6872379169301525,1.071273235338057,0.5003070276816843,0.5050261370094922
X----OX-O,0.4934491839361446,0.12187708605487224,0.6872377616941131,0.5333235183377105,0.7123769521744104,0.4913713087679989,0.49741620693981087,0.5041437831437964,0.4989969939948945
O--X-XX-O,0.5186449225934529,0.5254053296868146,0.6815813184277958,0.48730957882786297,0.6513501383002744,0.49264788634491785,0.41153783874094074,0.4246447182970834,0.5884727684698754
-O---X--X,0.6618744812076186,0.4987152504559312,0.19634971393061262,0.07765672054473793,0.3499269060606264,0.4996459735709012,0.12757734901568973,0.14275912538813207,0.5051693782679418
-XOOXXO-X,0.6872336731442539,0.4981764864089508,0.5057169103977067,0.5068617991373683,0.4946301962443037,0.4949244089314734,0.5005410782736396,0.5091166649438487,0.5081592643450761
O-OXX-OXX,0.4978104174782659,0.6855664826724073,0.48633381318092234,0.5524795994994622,0.40930796818404225,0.08171026666578884,0.5025769137573584,0.57825081466932,0.4311083333700651
XXOOXX--O,0.5053450027220596,0.49263128557962965,0.49668240550615594,0.5000824865883255,0.49220310913832926,0.5062319499509563,0.5014978025460066,0.5650044996717489,0.5006365352675405
-O-X-XOX-,0.07605551732217619,0.8071944764629986,0.6974659173562134,0.22830166831921073,0.1536193049763156,0.2963538514964784,0.2762039658890434,0.4883016996110531,0.10259371447176158
-XOO-O-XX,0.2658566562376091,0.898531982437681,0.28607637290079035,0.8910829055302639,0.6794728163555717,0.21521740207754048,0.08698066129807752,0.045996386570529846,0.9660929842452491
XX--O--O-,0.5026680443301142,0.5022721759886164,0.5,0.24267049414984898,0.5060673032397405,0.5503124611322057,0.025056712434123052,0.5091932121401107,0.05420646050543565
-XO---OXX,0.5093715193114253,0.030610143550614977,0.30392381833933335,0.41641202786726306,0.7254769668531502,1.0326434338948005,0.1158365324587251,0.17720120885605473,1.7418868403705436
O-----XXO,0.4966010683681143,0.6853218876905514,0.6872415837105,0.17099437775414789,0.6472407926963945,0.8465794092666424,0.49258569679454445,0.503065145558245,0.4955087601171608
XX-OX--O-,0.08174854984473334,0.505035272158629,0.5239620506356873,0.7664707166816174,0.9613632853623193,0.3652181794894879,0.563953269118921,0.6642666549473153,0.12405049401801005
-OXX--X-O,1.2198393972058192,0.5045204159970931,0.49271362440976835,0.5071356970117488,0.22666354142895684,0.18869156341149385,0.5085807181687316,0.07169590547927218,0.5040140943990119
OO-X--XOX,0.494589459941562,0.5045893545896403,0.6873305113574016,0.5077586791530477,0.5068849651935647,0.6872182878091909,0.5082009505399184,0.5091095751315643,0.49375892676726224
OO-OX-X-X,0.4959787803311612,0.493345088291031,0.6873305113574016,0.49278500526707597,0.49638994943833,-0.11760115876209787,0.49977350251614555,0.0511602176287127,0.4900491644812114
OX-XOOOXX,0.49419024854841054,0.49726309417453346,0.6872379594563126,0.5043399351841014,0.5048905214456315,0.5037472113325967,0.5036007725656646,0.4918467552757341,0.5098331824904138
X----OX--,0.4965566932464664,0.14804684320521416,0.14040430050052066,0.6743440793765632,0.8006735367937753,0.49623775983457824,0.49522190398727506,0.18730832166231598,0.9695267489437496
OXO--O-XX,0.5070033414318635,0.5038444182816211,0.5099671110878684,0.08031256104283102,1.0480959586536571,0.4925723089397555,0.5087696880183669,0.4943960980206841,0.5095652591148275
---OOXX-X,0.32693226043309237,0.15597736956923675,-0.0505402806349059,0.42948843365619144,0.5221154048633966,0.5532647482664129,0.5439109704731186,0.6550920303946546,0.4587151215744913
XXOX-X-OO,0.580561977081889,0.5931095720989642,0.5041001885254803,0.5086535151625099,-0.5691007984660879,0.5620232154991953,0.47621880556709445,0.5234262091540782,0.40203318461745946
-X-X--XOO,1.2274376653964265,0.4519667308427796,0.10749962651060518,0.4840210992517445,0.7138681753112246,0.2620958695777921,0.5619467890744261,0.46370792807661704,0.4897598292475121
-O-X-XOXO,0.2927880677312483,0.43811743367053235,0.9900472538250241,0.5968681279459875,0.68716070780659,0.41403440766445676,0.46210184480315825,0.5900498183809834,0.559292107020614
X-O-----X,0.5066483541584978,0.3616962898311864,0.49936946676959393,-0.31798877329105846,0.8273426842450762,0.0715679677020653,0.13501487927292377,0.2170560406921032,0.49543993668751246
XO-O--X--,0.47658268135295306,0.4803625649259196,0.8656707482637664,0.47625805512648645,0.645469337748411,0.18222725237784632,0.5609107087244408,1.1713877856709376,0.6951568459820929
XX--O--OX,0.49340956958883825,0.4972276504938272,0.30597376686350286,0.04095237549851971,0.497795055897379,0.10709061413482668,0.2332386084492618,0.5073344679498685,0.4995319605686058
--OOX---X,0.1390101425715538,0.6962477979127186,0.49338244726556135,0.4914639708625569,0.5048204660834741,0.41111219400509696,0.18487834327124308,0.20661769116774914,0.4997971799241385
X-O-XXOO-,0.495567503559137,0.7320555403277962,0.49382903001209566,0.7975704214717758,0.5001507300066729,0.5067809893565304,0.507547841372578,0.49071383558698634,0.687237968582781
---OXOXOX,-0.1868571978496406,1.9116991804818846,0.9899173260470018,0.4975774251556283,0.492436535492822,0.4969304643992047,0.4910428128229322,0.49223212293195806,0.5070637176842219
X-X-XO--O,0.4735457705734033,0.16689277293297344,0.57485942947868,0.07745390701596688,0.5852038144184228,0.5993037683081971,0.20790987056584986,1.192632299452097,0.42114201130686935
-O---X---,0.0012434137001775536,0.49349610465024213,0.6874814843532561,0.687584252636438,0.6874346021837151,0.49284146683826846,0.15134266723980916,0.1601305836353174,0.05354649837076553
---OOXX--,0.6752775979709629,0.6787125456926925,0.6353910377931595,0.5047049864671295,0.505448680771669,0.49568348558413494,0.5099381444692928,0.4158711388381585,1.0686127842575965
-O-OXXOX-,0.6867995387453182,0.494270242932877,0.6787396701528358,0.5005252220741566,0.5067770369488184,0.5049476950775604,0.5009573264201106,0.5022309639333061,0.3459109883383501
-XO----X-,0.17802171758382535,0.49955500321735113,0.49464671531159743,0.017182390778582746,0.6495753992490938,0.6975528038747029,0.761870284457451,0.5057936264403646,0.12707284881687986
----X-XO-,0.17382564730496036,0.017523271319954237,0.6933617360780673,0.8021368635548105,0.5028958747394942,0.059522747304093904,0.5080875242283883,0.4922794962165461,0.074176585760384
--OX---OX,0.6850702318952425,0.71219135347274,0.4857473010909995,0.4703366289742083,0.675810818445055,0.4132292644733326,0.2587892751214377,0.4060825771996221,0.41595776628802894
XOX-O-O-X,0.49682656154399346,0.4930201813035587,0.5022952710547912,0.9209904462714067,0.4994580309007275,0.6872381266977216,0.4921258264073638,0.6868149404202517,0.5026828383733086
-X--O-O-X,0.6784115611017604,0.5042062641219823,0.6872379594563187,0.703770572133586,0.5039427922970348,0.6868054207986313,0.5085201362278347,0.16421813122708884,0.5092690524574437
O-O-X---X,0.5023740917986165,0.6872379594366371,0.5089896598437982,0.6168825726934761,0.4957254219254532,0.385798569857786,0.6239518606985495,0.28647394868668563,0.5075586167873369
XOO--OX-X,0.49865735085636265,0.5080763367050536,0.49910739332026777,0.1009838741569522,0.1944710773385414,0.4901056466953042,0.4991319227944737,-0.32680393024293797,0.4925552375127451
XX-O-OX-O,0.49103974638554476,0.4935424042239908,0.6780012617064409,0.4966998294548107,0.6887868277746619,0.50618802288029,0.5093532086848815,0.501822013673043,0.5094733639895839
O-O--XOXX,0.5036349016941204,0.6872379205011747,0.4945203790464239,0.6871487668498131,0.6872379665101157,0.49362869160328804,0.5020872042885706,0.5035730026150964,0.49819961697738135
OX-XOO-X-,0.49322460802008966,0.50027740320908,0.6872578523973438,0.49595660838428046,0.5040818270082728,0.502910808425306,0.6783251332834738,0.4997282578149374,0.49771149277949434
-OO-X-X--,0.6872379566255694,0.4025828835299662,0.5810983764136775,0.4900679216605369,0.4748595017608087,0.5056585336984742,0.4008758664534285,0.009484079920525912,0.6872380435475406
-XO---OX-,0.26620607987359113,0.5838200452385159,0.5419272833168581,0.761351881115897,0.6872379588516886,0.27824855378252367,0.479209923347554,0.5200601492143231,0.6960828314033137
OO-X---XX,0.5937958506605024,0.42048326388813806,0.6872241143818877,0.5299836750557965,0.6893235348571144,0.20161177308097994,0.4700550579340675,0.5276656599509654,0.5438625224882673
X--XO-O-X,0.49542265715641115,0.4003214029886557,0.6872379614179722,0.5055745529623384,0.4922767990232769,0.6868304790752485,0.4999862053180588,0.4982756096042397,0.4957966900658235
---X-OXO-,0.8285275754427521,0.6754582340569467,0.632825692675597,0.49377951416391586,0.4637168512628155,0.596980517853553,0.44321525427507014,0.42433576303347403,0.12821747077965895
-XOX-XO--,0.5061635036701707,0.4949294368416744,0.49213566493127425,0.4964797983209631,0.6875082930108728,0.4906386233534703,0.4961886836677725,0.6549691211843259,0.4972394247757267
-X--O----,0.7584667846302021,0.5057591690521637,0.1445837966890054,0.33092466062044656,0.49762997935903497,0.6872179519831684,0.6872377963116286,0.23597678815967044,0.051813390688623784
O---XOX-X,0.5081649297170064,0.15456306657486185,0.5100479264349451,0.09192279151296845,0.5049814128257986,0.5034035592978486,0.5041875256184406,0.035281767841988554,0.5020172551454154
OX-O--XX-,0.588199736745697,0.4288998537652037,1.2776393623027782,0.6222721799527439,0.6855664826724073,0.491893608917715,0.37407978531311137,0.6056737996448461,0.5393954752675919
OXOO-XX--,0.422389086593452,0.5590402786056474,0.5335787154963116,0.46349788325096647,0.5074978375177667,0.46173178207014587,0.5272960109102848,0.19066477140476512,0.22755648099372966
----X--XO,0.19608929889813598,0.059043087208517586,0.33562244604113267,0.11703915738738108,0.4944623294378567,0.4905367739327875,-0.22075398763638976,0.49183326906939695,0.5089042472073527
XO---X--O,0.5031573521018542,0.5042268351274822,0.3615463499076226,0.03822580375632628,0.6856585718197097,0.5095747919981701,0.40013752438698835,0.29370154704736373,0.5074138368766582
-OO-X-X-X,0.6872387381381,0.5098463236248264,0.5096643248077505,0.40230142550178544,0.5063789572142816,0.17739161914855667,0.4993360567377068,0.651658374224665,0.49675939467497127
-O---XO-X,0.163867701463275,0.41395486265174114,0.7780571893803047,-0.20696185942160394,0.008390988728507298,0.5556974818561325,0.5436875210933128,0.4682503578820663,0.5945185027850978
---X-OXOX,0.29161176735536465,0.8149381872837395,0.21501708663379782,0.49146167126772167,1.3935778710114508,0.4955791816682577,0.4906206262032457,0.49310952884255366,0.4993827149592967
-XOOXXO--,0.5041919359993563,0.4978665502401447,0.499898829367064,0.4901623633877178,0.5018751790525019,0.5092433594697057,0.504594917092795,0.6871447489625622,0.6998405527800838
-X--O---X,0.5499603943845276,0.4900652166037388,0.6849077725073616,0.7888287012649319,0.4960541892151823,0.6861954960027801,0.6857831519289103,0.404183923728824,0.5013433070695419
O---XOX--,0.5029288155641625,1.0853622645793752,0.13748740100728996,0.24339619166329463,0.5091746035110803,0.49218343154578914,0.5090798315533391,0.1751637770647282,0.7092214410255434
XX-OX--OO,0.49791328682256536,0.5011837176094167,0.6873156036681,0.49891646825788,0.4962680321572709,0.49949588030173225,0.646345983723321,0.4971814101341663,0.49169543703113366
OX-O--XXO,0.20964472295334813,0.6843251596519738,0.37336411813122294,0.165672262642373,0.6874074107726288,-0.020212662413043092,0.3813795081030058,0.2532637978336797,0.6367999449517476
-XOX-XO-O,1.3646330353222025,0.4932073601041709,0.4996174363049085,0.5073439553271315,0.6873305113574016,0.5011007295418323,0.5054073028235672,0.6868050069181855,0.4950573220368794
X--XO-O--,0.4907107281545011,0.33057326910653595,0.49451356364454346,0.5007498739860939,0.49628782447072967,0.6852279987130676,0.49885422082149594,0.013469280985289434,0.6778180418452592
X--O-XX-O,0.5007252051898509,0.5036749119955793,0.3895389339451295,0.5080302460517871,0.28376115156205584,0.5043603621519855,0.5082679125150366,0.5046443413141495,0.5055643780009103
X--OOXX-O,0.49700333594518376,0.44427271215405395,0.2499659866056188,0.4962206004529027,0.4965712891810866,0.5010040708536784,0.5005064347178114,0.3729992157293729,0.49842042920087953
--OO-XOXX,0.6870077955416846,0.6794728163555717,0.4595003319233901,0.5847239082435208,0.6872379594555219,0.5738687472422658,0.46568108830272364,0.5466394696472717,0.4424807234947182
O-OXX-OX-,0.49950387311497674,0.6872195197103431,0.5035223090614716,0.4953072748672404,0.5002757626602656,0.15025513713835353,0.4929062015600819,0.4919184282607266,0.1509664044238011
X--XO----,0.49262738329689715,0.20138035459564502,0.5771469087523122,0.5023261852338938,0.5046638056768766,0.034296744780312194,0.8358160412692068,0.8005409612079393,0.017286700306678116
XO---X---,0.5034566992778979,0.5089514074584973,1.2697822764710494,0.11351682827672283,0.031123915771389954,0.4917121114868722,0.40472581133547403,0.44830028692379187,0.06446041726111518
--X-O-XXO,0.6872379594563112,0.6472880086955503,0.4960247177432049,0.4934500383265471,0.5043890780164476,1.2209657565984444,0.509406940766085,0.5002296175803977,0.5008651818484587
XXOOXXO--,0.4988468618045503,0.5081836541793191,0.4967096856568777,0.5099879439471282,0.5021893782506225,0.505130529554678,0.5010167117530688,0.44998007926188205,0.4504126441235142
XOXO-XXOO,0.4121325935180077,0.4515346523998136,0.4960954944542175,0.49987571693860755,0.6872379594528161,0.5157391835398732,0.5616541042018347,0.508770290097171,0.4191430843244277
---X-O-XO,0.043015524206952094,0.7009041845725983,0.6872369968865052,0.045083186510841755,1.330780064689757,0.6811914911038484,0.07511355547780418,0.6129780013228732,0.14182442767512682
OXOO-XX-X,0.4963697000257201,0.5079374948250787,0.5019604007278553,0.4999897387135569,0.5518893908286107,0.49463932509599134,0.5025571279753789,-0.18822692395148832,0.5073606667257364
OX-OXOX-X,0.396802084637936,0.2965719248667542,1.0989913265021085,0.25425545157048546,0.3482943910069243,0.7170114318265064,0.18834714521526463,1.1036552615441058,0.22023197235980096
XOO-X-XO-,0.8705203196867263,0.03428766582932463,0.786524187860569,0.4943508525642367,0.7881392526781179,0.04622850847303983,0.9785754226060486,0.8727166565735983,0.5352015551634686
--OO-X-X-,0.4933457256390029,0.6853215150028958,0.5094394443105371,0.500307095301335,0.5023176062639708,0.4961907709077481,0.5060022753271567,0.4941039984230726,0.063769922806032
-O--XOXXO,0.49350691177283434,0.495910953698494,0.6868068694368535,0.6437519911361477,0.4986518181749698,0.49226836013041514,0.5046656547148213,0.4926904822454869,0.5008668106339925
---OXO-XX,0.46238188315690393,1.8045863211878637,0.8535577446943983,0.4966997001112554,0.5058246073049728,0.49439662893130937,0.05684077784129826,0.4904087896565617,0.4937252864051246
O--XOXXOX,0.50588541484221,0.6872337228101799,0.5756327267534549,0.5099672695355273,0.49483170341626415,0.5091357513839635,0.495452601984516,0.5082769977052146,0.5093474531626262
OXOOOX-XX,0.49177778201363803,0.5008706753710307,0.501107886992832,0.5086778506171814,0.503593646840434,0.5019063231631737,0.6872379594563112,0.5012884750592931,0.5055572766264683
X-OX---OX,0.4968339967798746,0.5024370607503652,0.5015236389980559,0.4940517900103319,0.9745294536363599,0.12902041901320682,0.7188858856503252,0.49142261580275604,0.4963374766414042
OO-X---X-,0.4927182063065258,0.5048398244818082,0.6872379594563112,0.5041315520346024,0.6872379594563112,0.046233604341760826,-0.13628656707306497,0.5012565943289427,0.6471643190452895
--O-XX---,0.24722044612631283,0.4585440531487976,0.5096662382300088,0.2735632565625452,0.5054073797073872,0.5069375301916206,0.4353730640167715,0.07599582824284112,0.1013944003478972
X--OOXX--,0.5017129754747647,0.18922078484622695,0.09269020070851591,0.4958578031273029,0.49840989528887164,0.5033638286880542,0.506352504136505,0.7649319193711063,0.49134449219033643
----X-OXO,0.07909360064884896,0.7545400991592381,0.03944384351042618,0.39744698622304153,0.504225779055443,1.45502912542368,0.5025964998575045,0.5033126435873777,0.5086890279604275
-O-OXX-OX,0.5295975291739559,0.5091310056216685,1.0518386256185106,0.4923242292528971,0.5026935495295926,0.4952092479188202,0.07667305080755404,0.5070735289299813,0.500583306360535
XXOX-XOO-,0.49149682477695145,0.49802684176572953,0.4917088120817001,0.5057242332344403,0.6477956700222791,0.49270799506064716,0.490317003512802,0.4974084654291534,0.6872381569987849
-----OX-X,0.3419928632285998,-0.3169364900545355,0.07223064362275528,0.28885777976431537,0.021693703999023706,0.5022603618913833,0.5008264244693783,0.12018870272179144,0.4923838123644264
XX-O-OX--,0.493236279019065,0.5076690378695309,0.6855960537539129,0.4927952408698239,0.6872370591979338,0.49443736203217525,0.49715611466361115,0.08753800543097118,0.6890849728218313
-O-O--X-X,0.4957065007369552,0.5058413931786417,0.49617738918065496,0.4934296280146827,0.11107855442379005,0.14895030171105095,0.507908177439773,0.24065265505976147,0.5031710273546234
-OXXO-OX-,0.6230474786979866,0.5940368802174678,0.44781865596725734,0.5934744762346155,0.5535760055418922,-0.18204686401122028,0.5766775507925901,0.4599474637304466,0.11842235729777123
---OXO-X-,0.20921087464569366,0.015569217575604588,0.1859029031853231,0.5096068156700719,0.5037831642677977,0.4948023614176925,0.2722892124703429,0.5080878608368085,0.7311200301391012
X-OX---O-,0.4920837815517848,0.032173737672795855,0.5092225331900474,0.5013790444222291,0.49862109050797154,1.1209244043321995,0.6871442674862628,0.5033789069460484,0.6837472032924233
OOX-OX-X-,0.27287389773938353,0.7729392895289968,0.7271551157822528,0.42895253913122183,0.5992409140729449,0.4735370433784335,0.3447432687284312,0.7038504511601094,0.6872343903642549
O-O--X-X-,0.49561401788986,0.68723795085787,0.4981222453835737,0.49475344548005196,0.05816938494678403,0.5008638636436256,0.687472732547679,0.5084576412528028,0.5042442918107672
XXOOXXO-O,0.4951981948994346,0.49016775108023014,0.4943288491710253,0.49373253642167136,0.5052118017361934,0.5060246405064961,0.5018591477100177,0.6872379594563112,0.504247753613328
--OX--OX-,0.6852769777303813,0.6872377678091763,0.4986934786789287,0.507056262499949,0.6872412642096936,0.6433984636003163,0.4950339932405122,0.49465183260184464,0.6868255330893427
-OOX-OXX-,0.6866260197867305,0.40395042614925514,0.5334803523375669,0.44344882921948353,-0.3980057240150924,0.447573672985364,0.42996565856462077,0.43452674002110236,0.6892421596514203
-XXO----O,-0.5734258267183763,0.4900239245591803,0.503076551241977,0.5071068368405287,1.6324234596306428,0.570860416079864,0.8109510161782392,0.4486576426654299,0.495204010918245
-OX--OOXX,0.6437418074060208,0.4937882004240543,0.4948532728322649,0.6872379614179722,0.6468878545474654,0.5087512272877815,0.4980558752025536,0.4925176915761739,0.5050145245849172
XX--O-OOX,0.49807953550318707,0.5017602401987661,0.49096667176728065,0.6665891291056322,0.494984830282685,0.4307896766949688,0.49377106563457046,0.4972861289897247,0.4914916924098629
OX-X-OX--,0.561114103829554,0.5977634413686757,1.0686918262804566,0.5280547304131576,0.06120979522835729,0.5796804579532964,0.40901395569209975,0.23902309413730094,0.6896914168655534
X-O---O-X,0.49060278055710205,0.35873334316927696,0.49153223170258065,1.0309219987743108,0.6872379594563112,0.1377364748338361,0.49256165535348867,0.5546179621930348,0.4947621468512511
-----OX--,0.16547163845974455,3.450002836385968E-4,0.6858104290443123,0.17616297491378824,0.6941215073885298,0.4979881376755545,0.4917989485345346,0.353436173072424,0.3585607511448481
-XOOXX---,0.13926593928366843,0.4958114251933741,0.5032486476999575,0.4955471616069614,0.504415486102766,0.4909778370021233,0.4329814594336805,0.4033221067369059,0.23805344428757086
--O-XXO-X,0.10607984714642871,0.8049718808516606,0.5035898974377102,0.5370238026077878,0.4959248779816008,0.49351325331448576,0.4992383732362591,0.5049722690971664,0.4973872709319862
OX--X-X-O,0.49461974461195574,0.4931508095556213,0.6950381985911069,0.11686772303552584,0.5007089994691261,0.030671966578908028,0.49487674864348297,1.106565149112936,0.4981745282009682
-X-XXOO--,0.20734921167797982,0.4916651333226236,1.0389880952643094,0.49281112767538765,0.5052405376673018,0.4926295164697536,0.4912208114338763,0.35250388098390173,0.6990200997301174
O-OXX--OX,0.4932915712584789,0.6852227072060201,0.50341000956417,0.5091667399620193,0.49477536307398984,0.4907957912424384,0.9576297224300216,0.49755497424625034,0.5030630604262378
XX-XOXO-O,0.490721069628477,0.5090579258618306,0.6868127358398581,0.5052900585674588,0.49197481455056064,0.4940544525600219,0.49591652345992404,0.6876685844060231,0.5078765611528391
XO---XO-X,0.5718334356092223,0.43879367734774233,0.32105785952722243,0.4390752509657807,-0.8220287505805086,0.4455577598344003,0.5530771878702276,0.3322564804835527,0.42551951478581945
OXX---O--,0.5065228745077512,0.5063166429914896,0.49228373546135845,0.6872379594563112,0.6780588490241499,0.6781877133606757,0.49494607470187274,0.6911589237671465,0.7648695798113873
OO--XX---,0.5050473680684897,0.5040983359162452,0.6872379943772015,0.22037685416489622,0.49903291499584124,0.4916497613306326,0.617175386435057,0.22321571802705575,0.3945691814289093
--OO-X-XX,0.06474291292181256,0.16864164055184633,0.49616155579189186,0.49703198171030966,0.150750708626451,0.4973623810261163,0.8316210904275922,0.4964550936281487,0.49594670730987284
-XOX-X--O,0.46387935397531554,0.7952467517845967,0.5570563090279055,0.4965566808824786,0.6865033322735311,0.6499426676316706,1.2646043171958827,0.1537864039507736,0.5826158201804281
-XO----OX,0.24544479374063555,0.5073675940328011,0.5021086641872583,0.6852901349009999,0.3320730294052462,0.49251440908765853,0.009710443832395055,0.4934898535374503,0.49798521532835627
-O-X-X-O-,0.5855537868781405,0.7257106766399873,0.696346002791833,0.5740791801762622,0.6872371560735375,0.19267041419794384,0.1611497665534921,0.3678609330766405,0.0018963629526043135
-XXO-----,1.0819998703191005,0.4908682003050254,0.5039925876331335,0.5043424844459642,0.313320465312923,0.055060845387188695,0.021001643406231785,0.25928902904053,1.0003454492247392
XOX-O----,0.5033885722170418,0.5054429551685143,0.507564458942152,0.6872420422095754,0.49192974712631526,0.03518701298877347,0.3277310542433448,0.6872379594563112,0.6444656846872946
XOO-X--XO,0.4116958827304373,0.5064588270953466,0.40171319270667544,0.7141764226363022,0.5696280735604001,0.6872377945639802,0.6878636599317658,0.5254089016399763,0.46215366417748355
---X-OOXX,0.20400315629671006,0.4883739444533337,0.026775054007764587,0.44693902971020694,0.17767853525923072,0.514236567765308,0.46816216648737163,0.5439631557541209,0.4294774732371031
OX-OXOX--,0.265224346246135,0.9638444637113969,0.49315345417293843,0.11766170108031959,0.4023857095860415,0.4020620571518658,0.335950653118413,0.04081470301058632,0.11595907069176581
-X-OX-X-O,0.8944641457459321,0.8266440672103981,0.23631517846393857,0.9644368781623739,0.9599610571016077,-0.17037073413184967,0.8539012699616456,0.6347985948090649,0.6574977268349829
----X-OX-,0.7545422504733752,0.48971091590871657,0.06308397808528754,0.10807786814333442,0.5031423230510735,0.04965334235148822,0.5038741609793275,0.4970391137808765,0.9294529076356066
OX-X-OX-O,0.19879131409224926,0.5070412630100393,0.6794728163555717,0.5372860713676044,0.7208297094417648,0.316311521547619,0.3936311137833194,0.7273386985475688,0.42231653171084693
--O-XXO--,0.7162546913084593,0.6397465569764035,0.4967859266914138,0.10450760960934208,0.5097155489327879,0.507500857685964,0.5000361501952681,0.5242148754458211,0.40697013103071666
XO---XO--,0.506060237845817,0.506665139085905,0.5652658577933215,0.49072635051037744,0.6450169115225957,0.5088550367940341,0.4956512043157597,0.6862948777155369,0.49468630583370177
OO--XX--X,0.4956917240944092,0.43208277297500775,0.5132958649969167,0.5944497665153714,0.5672567091060257,0.5349698938179555,0.953090112543744,0.7908057972221905,0.5592760145976206
OO-X--OXX,0.5023895766459067,0.5004022390915844,0.6873094920163073,0.5021557413783031,1.2205619561726493,0.5065825220718853,0.4942513071999008,0.5088695514538716,0.4988550559661598
O-----XX-,0.5075749174652033,0.3631181699257196,0.10399153265461503,0.08204650426804688,0.33115794066352944,0.2558807794226225,0.49751826793660686,0.49151561377259845,0.9817308554399711
O-O--X-XX,0.5093802457761681,0.4994161356398955,0.5003457661797106,0.646921394276927,0.507507875634038,0.5004728772815903,0.6872422352678528,0.5091164569101934,0.5055189033280555
-X-XXOO-O,0.14027769313411487,0.660873089678849,0.687221354596175,0.8109306562603897,0.579631646150363,0.7942929775095345,0.1674015570514138,0.5366869598332783,0.6073371950321241
---X-O-X-,0.3928130982770568,0.7314582862920181,0.032566829120008745,0.5087002042523986,0.4350582183085471,0.5098203718858931,0.05275225729583166,0.49111930130483533,0.6853616892891341
X-XO-OXXO,0.4949337751165367,0.2749367646443438,0.4943344461074071,0.4931512900072284,0.6872379574637685,0.49861157893981556,0.5088592183826341,0.49054374033086834,0.5009501076360512
-XOOXX--O,0.6357528367298932,0.5743042387584655,0.5334901767837503,0.41676389744160997,0.431314362259341,0.4831611541141435,0.6631959645744769,0.6366790132237492,0.42972396117677936
-O--XOXX-,0.11747174149634848,0.5051710278016833,0.2852710445388237,0.10153789623111653,0.5050373284732801,0.4911987383493564,0.4964432604043399,0.4906128584441687,-0.22240892763386177
XOX-O---X,0.5014336173797997,0.503577004251041,0.4922533743114178,0.6478926281379519,0.49334883868923096,0.5013400192352188,0.10448620375801909,0.6872415794000771,0.4967662840374755
-O-X-X-OX,0.49292823081478954,0.49858000948162867,0.49834940215945295,0.4982792873305281,0.5003400335834446,0.5007026832685211,0.7146886560882956,0.505929228796361,0.5054494432109736
---OXOOXX,0.6871504707912283,0.4992839456194279,0.40075814768416684,0.4652836553887518,0.46529281734961037,0.4216115611333388,0.4462009277380465,0.478162364904004,0.5610129481147833
X-O------,0.5003914731026413,0.8039187624533567,0.5028085066057999,0.028651604168984324,0.6118447317889227,0.07795526593263691,0.06550582173084113,0.018911464695378688,0.7155271587363475
X-OX--OOX,0.5011082494330252,0.18158824373143834,0.4927303358210214,0.5082403115896692,0.6872194543370014,0.5121444548295433,0.5020500226107975,0.495193678956619,0.501674012020812
O--XOXXO-,0.498410981718677,0.6868132225400311,0.6872379594563112,0.5006002510314139,0.4917619256808065,0.5059586407823399,0.5049646255124416,0.5080248612427019,0.6872180162869319
X--XO---O,0.49170475001602454,0.35173894237376135,0.44761096917719334,0.496849883368112,0.49390332190624536,0.07112108670186001,0.6875540442647146,0.23421854159938849,0.4937399203066726
OXX---O-X,0.498115357634847,0.500782668310815,0.501899363650852,0.6872415837060388,0.506310074859049,0.6891826945891484,0.49225526271733744,0.4935930156158928,0.492103071016191
X--OOXOX-,0.5062939539498951,0.8784343388101348,0.6868041596572202,0.5015562747497727,0.5094901042781108,0.5080474610254041,0.5070065534138314,0.49464388771156753,1.1439975882873363
XXO-XOXO-,0.5062692469869894,0.5054582421563169,0.5013816173907012,1.2949993434029274,0.5069131646180158,0.5017468739438946,0.5041996314471496,0.5021844465746282,0.6872578523973438
---XO---X,0.6957979186897558,0.482609119142574,0.6500882856516291,0.5048013379231105,0.4981517605071767,-0.034493053530451845,0.03575785921995378,0.23336346681351894,0.5047809199478318
-OXXO--X-,0.25551757095760863,0.49755721446501877,0.5024200704749615,0.5009917433035551,0.494544889299295,0.49126314868776483,0.2086358161888936,0.4900391922276118,0.6437274813358289
-X------O,0.053900417450222116,0.5069705717875193,0.6865692700218443,0.07521443729881311,0.012859235557274529,0.11681850990619058,0.6872303991212104,0.13836143188511774,0.49898719899757255
XX-XXO-OO,0.4994877767634967,0.5092980986440092,0.687233779559686,0.4954341042451185,0.5029894284904229,0.49787295997707653,0.6889346105904114,0.49885108058349475,0.49695814563821417
O-----XOX,0.5949655131474929,0.7911283938920606,0.3004429358745646,0.4542959692157762,0.6831800869053881,0.6599124004282614,0.504724645210761,0.5105301846933922,0.42644052380200925
OOXX-XXO-,0.4385162988296645,0.5173678361995706,0.4318944058926897,0.49303628392833204,0.6872377945639802,0.5665301889251896,0.4568020482912617,0.5174346339001398,0.2716963943191628
OO-XO--XX,0.4987937920841149,0.5765739208985263,0.6872379594563112,0.4051856903130585,0.4244938026187671,0.18816034702867923,0.5381219902006019,0.5303795475190958,0.5755522362566938
---X-OOX-,0.5966840814704958,0.5362183161259703,0.6619838779254331,0.45372823049367955,0.6584326257293425,0.4156950743713054,0.531157943999259,0.5331755889299735,0.877175877414731
---O-XO-X,0.6872370795764956,0.1697304910456533,0.6920315374523375,0.5078901274863652,0.4797331472858648,0.49141414529850047,0.49382094282781824,0.5037865369299551,0.49249954619456204
--OX--X--,0.6054121504043265,0.8497658653143977,0.5027255100289004,0.5051618235005614,0.7699874049348289,0.8190228709444232,0.5017812852647581,0.032924624890788734,0.8216220000266752
OO-X--XX-,0.49207537929695905,0.5024122575430885,0.6889365517028003,0.49449994263214814,0.49280955993673514,0.4895727467568663,0.5050736283475366,0.5076047157745285,0.6462749225184983
-XX-OXXOO,0.6476989152751675,0.5098153880208411,0.5014651154201595,-0.31828864736013196,0.4989059467621054,0.5061024342241177,0.5073958384484895,0.5069686039472273,0.49891794050080773
O-XO-XX-O,0.5779114530674438,0.009038172505834274,0.5665613570861119,0.4977111427520904,0.6872379588263406,0.43177058009869457,0.40041774096423866,0.14114706499851137,0.5071346576843158
-XXXOOO--,0.2740540460859844,0.5903747303820506,0.4532699621026788,0.43054617904200654,0.5471612506116286,0.4305910024047423,0.503021355462153,0.08205535318361967,0.49171256196761803
XO-OXX-O-,0.29581855107819954,0.31693410559858193,0.33791710489979254,0.3457433296579909,0.07259158518892017,0.5661731028917117,0.4898277576303588,0.1809669130905347,0.6665162848097029
OX-OO-XX-,0.5034476203012265,0.5009915815584651,0.5494802776146404,0.5042829494615759,0.5002563350046182,0.6871531842706103,0.4998317581335304,0.5058432518631952,0.6872379950773789
OOXX-XXOO,0.508027813085471,0.5046791430920902,0.5058949828831996,0.49697400684878096,0.68723795945632,0.5052140229474165,0.4989029139959609,0.5045724568439371,0.4965158283958881
-OXXO--XO,0.6872337608019481,0.4952742060073477,0.4910762156675568,0.5074587962644361,0.49231827218779345,0.057609649245206285,0.4026398237379161,0.5085822841608271,0.5024277264940068
OXOO-X--X,0.5023286631813768,0.4975454736863687,0.4976889592644614,0.5001547479502036,0.6876685844060231,0.5096405648863667,0.685332521269701,0.6472686030696806,0.5036253417461503
X-OOX-XO-,0.5054483416367491,0.6358762115749389,0.4909508925985595,0.49108855519557704,0.5083294021781712,0.705048055787459,0.49028636465190534,0.5005034765731224,0.696474166902753
---XO----,0.6855007050697923,-0.251347811851771,0.22895348270984656,0.5077946294621211,0.49032577410198275,0.05381813632799459,0.2641599442135558,0.6872381072965448,0.6867396816147402
OO-X--XXO,0.5056049542635919,0.4984786357528087,0.6871501799740456,0.5037095277931166,0.49392207275779704,0.6872578523973438,0.4930849479303519,0.5022708728519939,0.508183138454168
-O-X-XOOX,0.471946974280813,0.5071129867155784,0.4269722494894584,0.4904686902375609,0.6475629162053209,0.5014994874149417,0.5094860001726063,0.49650947621378194,0.5018289686489263
X--OXO-X-,0.4964978119980673,0.15410304448966494,0.06347583246645006,0.49230703532395154,0.4989472093094513,0.49353209733149406,1.2440811800193048,0.491581240923507,1.2427175829470263
-X--XXO-O,0.494405454185628,0.49411883460035677,0.49590371411564016,0.5011976855963698,0.4956504592376729,0.5080565936194148,0.49833404256770164,0.6892421596514203,0.5003215122986666
-XOXOXX-O,0.6861675283850683,0.05928309461140557,0.15663244707940083,0.9780383439652904,0.8431699239818251,0.3554997415040593,0.15601956767836733,0.717742482095348,0.40900931778854743
O-X-OOXX-,0.49539809938106927,0.20511718581749638,0.49893342400113916,0.6852004953396948,0.4932659680434517,0.5099261817788566,0.49682892411152796,0.5046913721936059,0.6872338862528691
O--X-X-OX,0.4979528938847163,0.7631664349240062,0.5008916970279799,0.5038231626861712,0.16972348684533167,0.5025821044744286,0.8495644656797123,0.5035235665080967,0.49112156139369517
--X---XO-,0.21568752875526048,0.16201240242148818,0.5055238390738587,-0.18236697123425294,0.8735996405613721,0.04417472176251064,0.502842541256558,0.49683374226906846,0.5466924698633332
OXXXXOOO-,0.4929096331729821,0.49963670657252635,0.5087746050730775,0.5067800102430923,0.4914657738502275,0.5057884650320712,0.49270840118787673,0.5042841855292537,0.6872379594563112
O-OOXXXX-,0.4962129217114434,0.6872379170501579,0.4947585225167343,0.5028309711398811,0.49298421479037163,0.5014110703335792,0.49498474381159036,0.49966062109677783,0.5406941050264376
X----O-OX,0.49695760055340765,0.8830292224408225,0.03195027091559122,0.5018327442352979,0.7535692669042474,0.4939692776271992,0.49107956633373706,0.4911847611556827,0.5021453741168572
---O-X---,0.14958923410932,0.09443568970592575,-0.3785420695309917,0.490775375046626,0.0019799837525572572,0.49674476875747414,0.08457002019934562,0.20982102744215503,0.02434792999258134
OXXX---OO,0.551292170883684,0.580797957601833,0.5780490310297541,0.5521777151341549,0.6466326892504132,0.6570945713536829,0.6872422352678528,0.4175506598053224,0.5543103986073945
X--OXOOX-,0.49462426498883955,0.218507757789423,0.5021490858116874,0.502450143826056,0.4977503132004988,0.4962059729161196,0.4909885758056547,0.49681163958242797,0.3797201729378063
-OXXO-OXX,0.5072726661777807,0.5011952687082726,0.5089985060720295,0.5018870136755109,0.4913101320094696,1.7812303670068452,0.49741878175512366,0.506941658310284,0.508751322686626
XOXXXOO--,0.780605453433719,0.39974581694937605,0.26782150106937663,0.9422224779052019,0.19891268160901776,0.601014688604831,0.9965276435480621,0.11670370325528034,1.2281364155538466
-OXOX---X,0.07086089571652121,0.5736047777232764,0.15403048245715212,0.16270618279142557,0.64284147122899,0.0174007988039645,0.9845490893016842,0.2802591744975078,0.16512002718837548
-X-O-XOX-,0.57059748542423,0.5481395789311544,0.4077858576062214,0.44339107108847303,0.6869537375889198,0.5694394893511586,0.4925666289249919,0.5823305939084658,-0.8780851308806157
OOXXX-OX-,0.5047637950252349,0.4967229012849664,0.509587751621366,0.5029597448343799,0.49009380163030525,-0.31496053331352347,0.501301939377741,0.4970653184205441,0.5008493305907937
OXOOOXXX-,0.4959935235561227,0.49376280050914007,0.49014466260865025,0.504174201479212,0.5071632071810886,0.49836915568140605,0.4906443124374321,0.4989167496538775,0.6872379595330383
--X---XOO,0.5548228099292963,0.5534474622626948,0.4987117649127972,0.6566062970757507,0.6555131235016172,0.05468616930237963,0.4906042568272845,0.49083075261915643,0.5019683095993067
-O-XX-O--,0.2678836953878818,0.5081203635047888,0.5031297410099468,0.5001364415558819,0.4937701697228413,0.2008625386530702,0.4931113812367436,0.46543534851931734,0.01766153345072785
OX-XX-XOO,0.705301210691316,0.09873910064003089,0.11676778319865266,0.8872727730804931,0.7411554825021708,0.661957477147232,0.4764038478046976,0.5951813102674474,0.3421044152941217
-O-OXXX-O,0.6859499713408361,0.5434049053644033,0.4708100997374592,0.49457546736052305,0.5156402856069816,0.4631900357658253,0.40177445644631926,0.2248205156324775,0.5976507924215299
XXOXOX-OO,0.49455026682332104,0.4905415989054555,0.4975182134113585,0.4988474915567379,0.5018921698209332,0.5045942512895727,0.6872379594563186,0.5083579799704395,0.503868624109887
OXXX---O-,0.4973909890703486,0.4998546568502331,0.5079110284311545,0.4961555585046529,0.6439956124619716,0.5089338667762827,0.2771618984291129,0.5055701502639187,0.5029330938013372
-X-------,0.22615107723667044,0.4990078949401761,0.450326147428965,0.05978548354466573,0.6871214216935067,0.1908060207721728,0.3052694312321693,0.03743717555259912,4.8526276044874583E-4
XX--O-X-O,0.5204013800290073,0.5114970511286212,0.931580536970471,0.1075768882844681,0.5953515568541285,0.06288658264554409,0.5279194234274283,0.21548574929357966,0.42254170643727984
X-O---X--,0.5085240880146306,0.017928510727815983,0.5061435494100213,-0.04357093314044458,0.7233386403335815,0.006830496422886911,0.49683848866698854,0.05576454690636801,0.2945507839458348
X-XO-O-OX,0.49748710755447334,0.4924459545214804,0.4999843515486128,0.5046300321696934,0.6872503991278507,0.49200389447968546,0.4943114683495036,0.5085741866643121,0.49745030974058346
XO-O----X,0.4958086397685489,0.49791509728399436,0.004355635277766723,0.5000374908241755,0.6872370884239353,0.7562042942127642,-0.588650233754413,0.5045873310030246,0.5028730828616638
O---OX--X,0.4950992093704129,0.677876584410504,0.844849719762236,1.8719931055181054,0.4979633809740351,0.5060824284975783,1.4833792159527825,0.4981298289491359,0.4944339154243725
OOXXX-OXO,0.49265173233811155,0.49481983939509927,0.5034967856233449,0.5037432677431742,0.49578101356170146,0.600742986856512,0.5059120419196482,0.49954931514336076,0.5008470870048071
XOXXXOO-O,0.5090133317423,0.5004777287886157,0.499066111146882,0.5071527955064377,0.503105224342319,0.49452862607807974,0.49562573670726084,0.6872379594563462,0.5034119269046009
-O-XX-O-X,0.4682222953168648,0.49367576942022917,0.6781743434885426,0.4910116260709204,0.49134552137270215,0.43996156273434756,0.5059182171177424,0.4749152311827697,0.5029955237412364
---O-X--X,0.1740064905528575,0.30368075965147656,0.08964482608937085,0.5015180135380946,0.13475881227974895,0.5069755259659109,0.5957268624482748,-0.2234596394842957,0.5035045695172953
O-XX-OXXO,0.49230573901576463,1.2792880079585924,0.5060132627742456,0.5016687868568682,0.687233989013043,0.4903034701090342,0.5016106085566033,0.507325868336713,0.49467438913796136
O--X-X-O-,0.41986334633444444,0.4964330745165878,0.35206419887196744,0.5854002841546402,0.16147179378559962,0.5667238582989401,0.24990417696879852,0.48998821114330676,0.7046077907979329
O-XO-XX--,0.49882914116685245,0.583409759795821,0.50970780599565,0.5051963042839315,0.24544898379240587,0.4914648253573268,0.4963826651158023,0.5528761139450306,1.40896618195496
-XXXOOO-X,0.6168447736675317,0.4974467063885687,0.4966597937651042,0.5025863412451601,0.49595258105287937,0.49249087356992344,0.5081898983068059,1.1650422789939592,0.5099653765416546
-X-O-XOXO,0.7292887067858828,0.62727579940312,0.8529712524231176,1.0730882231171468,0.8058033058424292,1.6504640269996373,0.5771294595093912,1.674763290138691,0.18304720590335782
X-OOX--XO,0.1341738334100594,0.7355383014083112,0.7578645356541795,0.46038584280457495,0.09029993966027694,0.6872379594400508,0.01747359057858966,0.9719526742354441,0.1863100966722535
O-OOXXXXO,0.49142754176381376,0.6872379595323423,0.4955235948678313,0.49441792662576634,0.4908129007571497,0.500520728595261,0.4945363853775055,0.49834636235774993,0.49971942067912895
XXOXOX-O-,0.5058631336132738,0.49504522919086447,0.49101715923224204,0.5084817307332553,0.5023818826447694,0.49463435439334613,0.6872533345980624,0.49753955820716916,0.2670299238424708
O------X-,0.49066696216120165,0.2855138043582185,0.5706234160875623,0.6701277582057914,0.6872379594563128,0.07095857536035194,0.5456331807258541,0.49800188952111485,0.142863513370168
--OXXO---,0.8017540311577103,0.6808120617778073,0.49172260383775795,0.5088523082447001,0.49394744248680245,0.5028932266085835,0.8508065828938773,0.6678449885332142,0.6872379594563112
XXOO--O-X,0.45238227898899663,0.4752332414555961,0.4828392686930777,0.577749409187212,0.6872348710068462,0.048169626340353044,0.4401213578421015,0.508523310730739,0.41006106479654575
XX-XXOOO-,0.4824810722842946,0.5709415223202161,0.47299898379491934,0.5810851608150854,0.5824865394518062,0.4373588390820758,0.5179205356823954,0.44774600889167115,0.6872125073265348
X-OO-XXO-,0.49607197008931275,0.0490393005580233,0.4965230331494002,0.5058993332340797,0.6940699242124674,0.4901704766989951,0.5028283483067406,0.5065222864226909,0.2510474357717001
----OO-XX,0.2965804899406663,0.22695900902268185,0.11053102615009647,0.6872379593672513,0.5037873932676887,0.5063815534390446,0.6871073236088335,0.4929533608875422,0.5007128454915837
OXOOX---X,0.4982070729402555,0.49851917613418856,0.502718229960947,0.498197647939273,0.4976698903725035,0.09122659956947388,0.687233765509718,0.6270455573738696,0.5035495282530408
---X-O-OX,0.5325503449192435,0.6438051715946166,0.053458997390793295,0.49304690146359487,1.0747744347968649,0.5080150903320306,0.6702910090628053,0.5086370122964861,0.4961905733201817
-X-OX--OX,0.6058779240478536,0.4996973834725261,0.12727226630661115,0.5056188928886957,0.5064473601420082,0.18540050250639217,-0.33297676551194244,0.5051945546245508,0.5011061541969623
X--OXOXO-,0.45168429269942795,-0.14363633160973222,0.14330169946399784,0.40435531710305367,0.5734125500860416,0.5649948395703275,0.4135646293824624,0.45783823868768875,0.7564180193991958
-XO-XOO-X,-0.19204328100235912,0.5060165163259607,0.5088861924975402,0.4561960706841611,0.49328500721151347,0.5082576324826082,0.49375507964188897,0.30805785762864235,0.5025448092443051
X-O-O---X,0.4968071437550724,0.4952422509301864,0.50391729235882,0.6868163754920185,0.5054555667631251,0.5903842070653915,0.6872379594563112,0.6781710235295424,0.5068092605491024
X-OOX--X-,0.5293418712256781,0.01713721388566769,0.4431061125376212,0.4335087597755054,0.5793323153001587,0.7609020680456624,0.13718295226723454,0.4104954990555823,1.1414997559056848
O--X-XOOX,0.4327495872467332,1.2205854239611575,0.17598323232982976,0.5491242049760453,0.9610869835334391,0.4707191291738085,0.40522275514117195,0.5532731726291052,0.4718582922755139
OXX-O---X,0.4005893825009635,0.4411270220419171,0.4790494560051799,-0.12701595598583826,0.4941411281311227,0.00509812395374909,0.14868741140368213,0.11164589417812926,0.4798897207958038
-XXXOO--O,0.6872377333373698,0.4747088699452161,0.42612852394535816,0.40174621557935253,0.4690201879520359,0.4850637870605253,0.41861796543019414,0.2090965808539944,0.5639431640826226
-OX-OO-XX,0.5340639020373121,0.49485772749989126,0.49915563732414014,0.6872196362004503,0.5038621620172715,0.503151112719776,0.6788301859302774,0.5082332456064742,0.49493443683983646
X-X-XOO--,0.4998054585701081,0.9043687741759054,0.5086254068000493,0.07263813280049669,0.4940511676984568,0.4931011753726147,0.49620876358762794,0.9508831058078835,0.6556131728871973
-X-OX--O-,0.6459902024131713,0.5079224403259216,0.6473790999362133,0.5015331403241639,0.5097559669978661,0.49508667304073256,0.8828143636111111,0.5023828189067946,-0.6228228243391649
O------XX,0.5042849960409146,-0.9125209314687444,0.7219416487684983,0.6960418260235657,0.2940731459812593,0.012845333155550254,0.2664112512484575,0.49158599053036,0.5032367070504123
X-XOO-O-X,0.8282519071164693,1.011980951823325,0.9714613332241689,0.12362197380532935,0.9248439103404571,0.6855664826724073,0.43069754389460513,-0.32968627230428604,0.8469693281223778
-OXO-XX--,0.2574918417766725,0.43789033384811643,0.5194071917903937,0.464224301830836,-0.4483655479106571,0.470803041333438,0.430951063697217,0.05242054223635384,0.09684302121394472
X--OOX-OX,0.49646476086832675,0.6463346974223503,0.687237959456475,0.5009718455980238,0.49284976056469476,0.5045634402002895,0.6465490191527714,0.5025683318890177,0.4983961935023284
OXX-O----,0.49215923633814695,0.4955392016644823,0.49647582177180094,0.6872379594563112,0.4906295474329546,0.6781248695407347,0.49422568506795184,0.26063420791339353,0.687219020629509
--OXXO--X,0.6817122241706874,0.0816753278529686,0.4921779300906287,0.5049695214055255,0.4988576075563158,0.49795027053535595,0.614740542576333,0.4487559765075616,0.4957627464531348
XOXX---OO,0.5073729657131095,0.4941764651945103,0.4940086232456719,0.4911272443774043,0.6868070114513385,0.2464723070188804,0.6872186735667257,0.4996973223736144,0.49827644877857147
-O-OXXX--,0.503157502027517,0.5492391840723316,0.6853769437957743,0.42819901154225093,0.4562271169645635,0.5140884087035351,0.5578115139595489,0.5640182061466388,0.416893558645157
OXXX--OXO,0.5296997206506194,0.4394915990833626,0.5586364205641353,0.42295705903816394,0.6872371923082045,-0.26433954636058854,0.5990330666717704,0.5860338919488151,0.5105634988507397
-XXXOO---,0.7737672485497171,0.46842700555607336,0.5718239025996801,0.5990617077944225,0.4983995536680098,0.5106027297042296,1.7565728216968879,-0.7095295351998705,0.6515550028387241
-X-O-XXOO,0.693036150370193,0.18984381142995643,0.5124973964842103,0.5475684241628693,0.6796632164687865,0.452353879560502,0.5068523006272249,0.8027779260053934,0.7547402287991806
-O-XX----,0.23782959810339527,0.4996517995317832,0.08605620084260329,0.5017620427950134,0.4924954068467544,0.39140080609847655,0.2509366806539223,0.03776537055302176,-0.07472986753848132
-XX-OXOXO,0.6872379165124446,0.5248545540813323,0.5477190495975072,-0.05588562193193192,0.40102265526063824,0.5910733828758427,0.4385270758993514,0.5441020254979232,0.44328874011805514
-XX--XOO-,0.06391460544520267,0.8469474764950334,0.7321042199067468,0.0772087328939981,-0.0184598924697027,0.3793275007702661,0.3932462126906585,0.5729619856038607,0.6811480175588485
O-X--O--X,0.5727333168249844,0.839638481868129,0.5336459998958812,0.6513501383002744,0.26683758750303443,0.514526634870089,0.6856381286221026,0.5808523175294096,0.47061951776064265
XOOOXOXX-,0.4970630572129927,0.5021344869916351,0.49026690931446715,0.4994891801324745,0.49119456220550717,0.5085440889850635,0.5004628571410068,0.49343480927152594,0.6872379611020059
O-O-X-X-X,0.49862556837195576,0.6871435758407313,0.493549884324379,0.4650662308692989,0.49930895530580727,0.49344210623471746,0.5060260042978848,0.4935960658835067,0.49184540486638206
XO-XOOOXX,0.49502113018320726,0.49814001290210375,0.6872379594563112,0.4965675846148468,0.493521406467911,0.49596498433205,0.49009641773345086,0.49160666598272507,0.49365438209155915
X--OXO-XO,0.41046507908268975,0.8062835488911493,0.6742491294887512,0.5222481998954129,0.4191218287828287,0.44740668137375716,0.5566721451145323,0.521733135297952,0.504972862651127
--OXXOO-X,0.28190460244375903,0.19925803381333973,0.41530618836856387,0.44006588857970674,0.5821839683142335,0.5916577189263639,0.40764958210724633,1.1640223686494209,0.550668330248625
OXXXOXO--,0.5034728272775797,0.4922648417997128,0.5082040132239963,0.49872066768672535,0.49436567404313286,0.49000742442528833,0.49397157936811237,0.190507144446186,0.6872379614179722
-OXO-XX-O,0.2976599455945469,0.9379877011181732,0.2715513673588552,0.7322533380641788,0.030504796179764537,0.02873649183594884,0.8168523059355219,0.17957527300176618,0.5986306454991501
X-O-XX--O,0.46699338126057877,0.5,0.4693541059720676,0.407503842421017,0.5914497332453698,0.5657192539202092,0.3394791752622638,0.06393936036126091,0.5907750697243802
----X-XOO,0.503336946383033,0.14243616470446402,0.7549400377114911,0.1786335719978373,0.49147317227765536,0.5523188239128947,0.4943838583918867,0.50418219941891,0.5086915827969722
XOXXXO--O,0.036506566202816115,0.26262654536377095,0.17462139738035531,0.05626586464598893,0.3903859600075844,0.312961288324605,0.5093534506811439,0.35432732318679444,0.03194747540333065
XO--OXX-O,0.4966918055809958,0.502824559374107,0.01863638740464335,0.6118295937373289,0.5001447124042379,0.5082062709533844,0.5040831269150167,0.6872379595323423,0.5099080619414232
-X-O-X-XO,0.1033311032947889,0.5002380405197384,0.3170332161745122,0.5034551280585379,0.06949492854045658,0.5086444226253107,0.1312722873922837,0.4932584589889278,0.4920316509853469
OOXX-X-XO,0.5055141447584648,0.5063288004024985,0.4920832320758877,0.5093239323378533,0.6853938177628542,0.4987310950405862,-0.21647535482899005,0.4986302853286049,0.5012287943071558
XOXX---O-,0.5029599841148384,0.4944918530779835,0.5053511457714261,0.5086966385954138,0.5099354404358215,-1.0787749828351458,0.6853134404504942,0.5050554548599918,0.5108716276956132
XXO-OXX-O,0.4185997245037786,0.5593863465863512,0.5529885955504344,0.2405890103679454,0.4120673679047444,0.4970413130587967,0.5374319697522509,0.17357451667999846,0.5433503286818132
X-X-XOO-O,0.49724294893670906,0.11604333794690758,0.49189017992624273,-0.1865355432925716,0.5087811063614083,0.4990859473024259,0.49693041199813054,0.6854055406434721,0.49270128755182757
OOXXX--OX,0.49597657879365026,0.508830856703433,0.49894560042943664,0.49937405369267107,0.5089965529668531,0.2578863005478563,0.49517553088123095,0.4901599882364114,0.5062172602887538
-OXOOXXXO,0.6872379594563112,0.4809076314855025,0.47348376443957685,0.45973036914963916,0.4725367441428594,0.4386518876252715,0.40198847247116043,0.5584034795032691,0.47992175508178253
OXOXO--X-,0.49779492968708244,0.5044824759242567,0.506382568320965,0.4910267753974557,0.5052737059361139,0.6872379594563112,0.6872379594563112,0.5062307718314679,0.6872379594563112
X-OO-XXOX,0.5061353579152762,0.15515394082786815,0.49454989621919754,0.4925942174596936,1.247452850755442,0.5086625188802568,0.5048445506298445,0.49172799959415703,0.501433397280064
-O-XX---O,0.16870369759284498,0.505127246988641,0.4907147312348357,0.5097027932504034,0.5017112629202597,0.6876237788516021,0.7990602169492388,0.5046215883090319,0.49363752629955504
OX--OOX-X,0.4639162137334474,0.46347863596229366,0.5401453676054833,0.6311222985593304,0.4316446904006734,0.5202874538871562,0.5696526995999752,0.6800469524043934,0.5657739927296281
XOXX--OOX,0.5088672214391275,0.5025125489861687,0.4934197077827966,0.498739720959164,0.6872379860451205,0.02449873316322415,0.5036347265519379,0.4950334381826741,0.49833408210905655
-X-O-XXO-,1.1626081493912315,0.4938057506817978,-0.3560738071649707,0.5000862222025606,-0.13341860157907215,0.4980126708795528,0.5059717736807167,0.5008372059043338,0.022506934785411548
-XOXXOXO-,-0.48208883315460405,0.49864410425941924,0.49422965333410535,0.5035621259072248,0.5088549411263852,0.5095724543271728,0.49562163125928177,0.49321460903838377,0.6872379665101157
XO-OO-XX-,0.47259865548425806,0.5803944463411995,0.4378835062499724,0.5747875615876187,0.7370820342671742,0.687221354596175,0.790379705040046,0.9275042739785133,0.06640957454207419
XO--X-O--,0.4948676549968865,0.5035377800996964,0.4438540482217601,0.4259524304277487,0.5091020550675018,0.6435351708899245,0.5027720873908302,0.45149044291430646,0.08660415882947359
O-O-X-X--,0.4971422778918203,0.6872379594563112,0.5088605015616576,0.1336041830973531,0.4934614985640968,0.6196673013607865,0.4943555418294554,0.21118167089336815,0.610679481500042
-OXOOXXX-,-0.24052198353787246,0.49736545700935525,0.5033289297295046,0.49250286177341074,0.506051305243302,0.5087029355016212,0.5099930228420742,0.5077847476594834,0.0067526506296201605
--OX--X-O,0.6872379199526951,0.06851245488651436,0.5045499018818028,0.492616502640051,0.5370612973728174,0.6872379594563112,0.5068888264382919,0.5281668722549953,0.5067306847302291
-O-XOOX-X,0.507712573081084,0.49685878443145853,0.5284751206543283,0.5680987500017365,0.5204817564857598,0.5332256837378853,0.4357983308868946,0.6784544390713413,0.47590985769798105
X-OOX-OX-,0.500063923694802,0.15519376956372832,0.40465003127192956,0.4384373561403475,0.40939386294103264,0.49023189868397915,0.5933568830242151,0.43520979719689756,0.2064097151646226
OXX-O-O-X,0.5084575755792802,0.43921390048469244,0.49049768479440453,0.6869325032531214,0.4568184500344696,0.8219457435360076,0.4076680618532603,0.5128930227151207,0.5659733292304651
---XO-O-X,0.49361384602201636,0.6871500547947631,0.6872379594563187,0.49204286948812015,0.5076882645998555,0.6853550242369946,0.491717905493649,0.5086412601608241,0.5010490581566983
OOXXX--O-,0.49895943356640676,0.5031647269703571,0.507177217356482,0.4988980145606018,0.5071336572595809,0.0748055711876473,0.27706896749251475,0.5024491445364667,-0.27431571797278365
XX-O-OO-X,0.49990218401646763,0.4968355026573945,0.4979852028367118,0.5064177891043863,0.6872387148493809,0.49042875932921587,0.4921884798162284,0.22959284715747758,0.49897362118307204
OOX-OXXX-,0.50696068526571,0.5069551502389854,0.4901108951378744,-0.14377158377648502,0.5087121069207671,0.5087365890425594,0.49464633602888647,0.4948921144977732,0.6872422352678528
OX-X-O--X,0.5138973333712443,0.4738535185817179,0.6930654358619048,0.5779560358491995,0.5124973964842103,0.5793314513058327,1.2656441744792613,0.07094654050406701,0.5180093096529211
-X-O-X-O-,0.4980893928389978,0.5027487608286143,0.8427678476121246,0.4954776499202419,0.4304440882171646,0.5018327873073923,0.02661786047764958,0.5041524217565407,0.6853720677821629
XOXO-X-O-,0.5009946723276164,0.5036951392100907,0.4986317846064122,0.5098833178317365,0.6872370417764413,0.4971567384997331,0.43668413325151634,0.5047472697777612,0.6853073783563342
-XXOO-X-O,0.6872964170545345,0.4985869449981858,0.5001762010691618,0.5059600924081588,0.5032334369831424,0.6781538294397176,0.5002065508561829,0.3944546665522548,0.49715555668677175
OXO-X-XOX,0.5083278532959862,0.4986490422240117,0.5087142517741945,0.4929476739546198,0.5060966040742126,0.4938467471949224,0.4917843028987663,0.5013099690115081,0.507548202262148
XO--X----,0.49896679574293296,0.5067078587264325,0.24182617267738887,0.025674707725846624,0.5029006494530012,0.5035627469543152,0.14639893101876644,0.05103751696260872,0.6610870804947766
XXO----XO,0.5860510332114106,0.48715461729638054,0.5388041980902154,0.3793192049270012,0.6734037380093941,0.6866359348229558,0.014166905350172287,0.5233797856737608,0.42527639968087094
--X-O--X-,0.6877577576932918,0.40018831277769373,0.5048081897759314,0.19895444547326846,0.5031515412466294,0.10569238149271376,0.1557572427573074,0.5027682788779035,0.2807224468570576
X-XO-O-X-,0.09771778010721988,0.1249451357157032,0.09271249679038773,0.38954168557077506,0.6513501383002744,0.37289461365187804,0.816460750250968,0.5286325674201608,0.39436960805241505
-XXOXOO-X,0.6872377792500226,0.486184287717044,0.41412695142155503,0.4143284354769424,0.4738569244650331,0.5912275970161648,0.49392600691521643,0.9105841731529587,0.5078654600449131
OX-OXO--X,0.4324123177505101,0.43305418947936714,0.4614351365165787,0.5374405443624563,0.4707461351741566,0.47209219096422833,0.6871853414623406,0.5124973964842103,0.5744734121475349
O-XOXO-XX,0.6905194060678955,0.5053110255715599,0.9913464488912234,0.5365164774846408,0.4763277412356406,0.8005357993702776,0.5323488917751773,0.7515023237462574,0.32202005323396177
-X-O-X-OX,0.01902248369135573,0.40050755389321685,0.24745773402755172,0.4135887664466782,0.29546385244071016,0.584683374561462,0.5497004457873318,0.48244621508219815,0.5945539391743009
O--X-X-XO,0.5049142221189066,-0.08220091351951453,0.6780161832688226,0.49835072497789257,0.6782127041265711,0.5017239070528381,0.38009312252639504,0.5076991279847367,0.4995733711543591
-XXOXO---,0.5142443035739251,0.4976109164177508,0.4973147828417627,0.49261993188817943,0.4924361976338997,0.5015936423189504,1.81160109033789,0.07054657031038669,0.05272928580576386
XXO---XO-,0.5258169315913407,0.511199880814368,0.4947915823669226,0.051402695779241336,0.1741731695849843,0.520918617316686,0.4098385929044478,0.5748246590131083,1.0559351856174424
X-XO-OOXX,0.45537931011212035,0.6816955779885225,0.5428150858788905,0.43988366569049014,0.6872360678635998,0.5580183843278854,0.44384545099589157,0.589382909425961,0.4054325064219636
-O--OXOXX,0.8447806914054088,0.5061086394379989,0.6873094920163073,0.685305281687339,0.5020864714634866,0.49755473104522313,0.5078060155322326,0.5054035238166416,0.4967653691081916
XO--OXX--,0.49731293825030715,0.49399315771060154,0.520735299030768,0.020528752299708575,0.505881161227105,0.4906366468545386,0.4989597769837087,0.6872379509507134,0.4916344940162063
O--XOX-OX,0.49399275944138776,0.6783960248854396,0.6872379594563459,0.49562634729722355,0.4967255841912524,0.49598591526801455,0.7199746508121125,0.5075686572536663,0.5071438418175825
-X-X--OO-,0.5091267060874534,0.5047906665795722,0.6783733249134405,0.496070226578283,0.6435652350884914,0.08840191869615532,0.5042216087280743,0.50577292547578,0.6873305113574016
OXOXO--XX,0.5033239228356007,0.49039127872671784,0.5073085446040821,0.4928917633677055,0.49879139930722,0.674381236479411,0.6872533345980624,0.4951345581826728,0.4931774235274445
O-XX-OXO-,0.511900378775366,1.3833970572973342,0.406980956562951,0.4285623357258938,0.6872129464214698,0.4261621990407796,0.42596257381522046,0.4721515861365255,0.48628976198463447
XOXX--OO-,0.5889805124545333,0.7168206238568703,0.720826150825295,0.1385198410679297,0.41049306179769596,0.6513501383002744,0.43615323457949373,0.18837878416688547,0.6878129624973518
OX---X-O-,0.5584536638890265,0.5878532289994314,0.6951818953716142,0.6876705706151817,0.300190343078128,0.4134137275514504,1.049999197773111,0.4293449282496768,0.634772134735237
XO-OXXOX-,0.5071869834559476,0.4992927663695417,0.126544218618796,0.5086086179225464,0.4963413419132736,0.5069798131290377,0.49612492146048215,0.49150936057877853,0.16779424788742714
-XX--X-OO,0.2339326204338953,0.4629634667774418,0.46209630508074356,0.507893548737601,0.10380678757819017,0.5952764046742993,0.68716070780659,0.41586146125525136,0.448234238356281
XXO-OX---,0.503907753372256,0.4948960891871957,0.5013837255598844,0.4908226975263485,0.5005696022462159,0.4999699416926145,0.6872548187407357,0.5016649382663747,0.500040377297955
-XOOXXX-O,0.6521883940198944,0.4939657552848355,0.49558826866841993,0.5013180561282156,0.5000943903851088,0.49776604204453856,0.4931737977846442,1.0719968864483964,0.5071574963672396
O-OXX-XXO,0.5040706095077189,0.6872187044392506,0.4945874988190238,0.4959259197587482,0.5085150259327782,0.6872381569987849,0.4991096564801364,0.4968799875380023,0.5088667394047787
--X-O-OXX,0.5778658940874496,0.4130534894631975,0.43078251328613193,-0.24601447631981332,0.41073640809711365,0.6826506725944768,0.5185988056781352,0.4440014958858573,0.4800626107596715
X-OXO--X-,0.5006627197572173,0.6443718958911863,0.4997116015675073,0.4943229101630524,0.5058234139411557,0.9503892503954146,0.6872379598030657,0.49836796816982304,0.8538296271083813
-XXOXOO--,0.6876685844060231,0.5029013481478537,0.5082194050935241,0.49778451970332277,0.493253444478916,0.5093140572131687,0.5017676008545542,0.5814041156375959,0.4940671124932702
OO-XO-XX-,0.5063968852310268,0.5076855873370775,0.6777595356665502,0.49286938837973654,0.500149328770789,0.5091878563650026,0.5083647934830331,0.5013786902941535,0.6872379594598559
--XXOXOO-,0.10863088790504821,0.6872663598017537,0.4511728876770015,0.8959391043684676,0.5721989972088628,0.1602916994957414,0.029564289617751482,0.79013076304597,0.52497918747894
X-XOXXO-O,0.5087997046951204,0.272272553570041,0.5076077557396721,0.507027648018464,0.503877269131353,0.4983290839523531,0.5035785467032188,0.687237959457211,0.4941698569174115
-XO-XO---,0.21652753062175023,0.492966631640864,0.4915855620844267,0.2172593692084055,0.4920245295299995,0.4926021420124571,0.5690756580413173,0.017877376855045368,0.6872379594563112
OX---XOOX,0.5022637355423578,0.4947032510751856,0.6461989160819034,0.6872379594684661,0.004589982552409166,0.49336969834928135,0.49419916571242084,0.5097811547954176,0.4931772009126676
OX-X-O---,0.5012761691572147,0.49379942778525565,0.6886551457281052,0.5012245849537206,0.7035193092971559,0.4912081193655142,0.26796586572685577,0.30294009043054937,0.7053049019069012
XO-X-XOXO,0.5698551345698819,0.4890868017049416,0.10666487447861378,0.55657270694313,0.1369068475971913,0.563280355403484,0.43801644007297225,0.5027903983887664,0.5049200077563437
X-XOO---X,0.5039930986450626,0.8920429177691125,0.49394329470559634,0.5012104208003622,0.49331016462920996,0.6872370400007143,0.33480576616594093,0.26421741603997995,0.5013024709152256
-OXO-X---,0.19699405153006555,0.5036621932072147,0.49747608688629547,0.4924191872986766,0.08256296393890422,0.4942664205777144,0.41383344740835193,0.37667268945209254,0.6887509092824626
OXO-X-XO-,0.5768977682417933,0.563342174600472,0.5515067161152307,0.34255175791115666,0.4768849220686532,0.4913442813088191,0.4688557399303959,0.41706119992258406,-0.3288439588428641
-X-X---O-,0.33801107711208006,0.5010846838422298,0.5007805233637811,0.5066743724840818,0.47074185585433026,0.4926909411036393,0.7790738672887224,0.5001793519981301,0.4657287494495133
O-----OXX,0.4943334452053227,1.1178617490474965,0.3912239612475119,0.687237959456318,0.67839549688564,0.06789779351032466,0.5017354656185165,0.5023457068192877,0.5032056353226377
OOXX-XOX-,0.5008907771308693,0.508202238183273,0.49069968779841705,0.4975967368025706,0.06396734663376114,0.5095269379637041,0.4941692155921702,0.49314150278008356,0.22560586714739467
OXOXO-XOX,0.49520459650985227,0.4995129212171306,0.4938673042917537,0.5065650354241972,0.49289464657507587,0.5551168795192306,0.5087511593892635,0.5052599889610112,0.5071353493103171
XO-XX-OXO,0.5003418534137778,0.49305187846292414,1.582495414240185,0.49015463263531245,0.49521430055972554,0.874567188799947,0.5097062820278195,0.4921801993308684,0.49513640726100216
-XXX-OO--,0.4143129755153113,0.5093243798581378,0.5083801677472778,0.5061691290012641,0.49188278021360465,0.49648496827802396,0.5088499721075692,0.16631989383082302,0.31447897859276497
OXX-O-X--,0.5063017778814626,0.49216360154283056,0.49035370343669515,0.687217696200142,0.49286032928036805,0.6872337285313446,0.5037816731353636,0.5015707715101325,0.6872386697859963
O-XX-OXOX,0.49527633340508664,0.30574419421888377,0.4975138182436965,0.4943250594608799,0.42467319341675636,0.5041093694166218,0.5071607435405296,0.4916268221022939,0.5030224800428102
OOX--X---,0.49346517427350256,0.49831113409688443,0.4941088130967936,0.06120611094515521,0.6850583654354795,0.5065660020109566,0.7939912011613842,0.0035062241116893267,0.6868425174505915
-X-X--OOX,0.12988799064501533,0.4903112149323033,0.1870510609278817,0.4953911848255015,0.6786197061192512,1.107635727159546,0.5021552315364597,0.4950587932092192,0.4945382304672941
-OX--OXX-,-0.35326252527091384,0.5079501957751388,0.4917454289697938,0.16278700506510269,0.6399649619556641,0.502068745318168,0.4942758390918136,0.4973536917039648,0.0260287762385073
XO-OXXOXO,0.492932455125766,0.5061095580601396,0.8215312107731036,0.5017357445789123,0.509990602394372,0.4957313164055865,0.5047051619746644,0.49761138193086996,0.5067576462288246
-OX-OOXX-,0.035495176758694624,0.4908623593605399,0.5025856597150117,0.6872379594563022,0.49678289729756964,0.5084829491714861,0.5080069480686686,0.5062304759279044,0.5079725356166271
X-OXO--XO,0.49136741890853575,0.24473794481941447,0.5034694825318747,0.506584959223836,0.49953131195052614,0.6872379665101157,0.6872379504413179,0.49229267332676396,0.5099826465034798
--X-O-OX-,0.8179440635949597,0.11333985677603364,0.5042505397497608,1.3474780509256905,0.5026955694997722,0.8579680158891514,0.49052280142491933,0.5013483656947874,0.6283744720651673
--OXXOX--,1.25572581778504,0.496915675778533,0.4984538309586956,0.4976352112097036,0.5028475214715514,0.5088996654060727,0.5038954673893002,0.43231217949682654,0.6777996734076079
-XXOO-X--,0.6474170450255143,0.4986730754814661,0.4965133464330724,0.4944941251464242,0.497159832379079,0.6875992173021154,0.5082330679699106,0.49200526335221545,-0.19758749623455873
XXO-OX--O,0.4923434724818188,0.4996099065818649,0.502477545906974,0.5848649419420736,0.4913204017939498,0.5088927404921897,0.6868070938044303,0.5317762294508451,0.4946234885140196
OX--X-OOX,0.5046928508679116,0.5074996589860596,0.8789362544485653,0.6872387375335431,0.5044165653379319,0.5005207191872533,0.5070806315976123,0.5025192684766823,0.4921835598142595
XO--X---O,0.5044833931927515,0.4989966155384415,0.5814961181207285,0.16157653128009314,0.4900079073080463,0.686825628333617,0.3316287141427325,0.48045018749280705,0.5003537551497167
O-XOOXX--,0.597052261963448,0.09746939991114906,0.7411065887463769,0.41884607128572804,0.03378672658083304,0.6331294057529566,0.8808311088256428,0.7269694040451364,0.52497918747894
OOXXX-OOX,0.5065705252685204,0.4936009720905373,0.496452173030864,0.49545826543766797,0.4942856458382934,0.2327773572755748,0.5096908106332432,0.5075368922823833,0.49306856853927994
--X---OX-,0.05630897221224562,0.3226446829476326,0.4961829761206011,0.12940501668100557,0.03550555410269496,0.06335953299673491,0.4969895957637842,0.49806247049013186,0.5825335217024266
-X-OX-OOX,0.6872422352678528,0.5339074265994183,0.0012055277454467994,0.550187226145498,0.46715317352826075,0.542579504324037,0.43355639893222986,0.5994408121275008,0.4363032261512759
OOXX-XOXO,0.5010890255511783,0.5040412896886549,0.5008700177150426,0.4966543621745661,0.6872379594563112,0.5017014875428878,0.5003245185208832,0.494816590658211,0.5076899271752534
-XXX-OO-O,0.49731514720729725,0.4921226383891116,0.5085958710412795,0.5079261905904635,0.6892421596514203,0.5019272363355595,0.49301798484589826,0.6782564622519218,0.49426575263064276
-XO-XO--X,0.3217960864409807,0.5041515123575849,0.49665782018558735,0.42044032140906107,0.5001609527076452,0.4968398375059677,0.6436070983358844,0.09414181218010442,0.5029207188029743
-X-O-XOOX,0.6874993087405733,0.9393129825258966,0.3502330990813659,0.7131986790194375,0.5837539329922129,0.7884667733682653,0.7896504955526803,0.7624410633581152,0.7557263992951772
X-XO-O-XO,0.5753166250698041,0.32760978983477357,0.500209508358387,0.48580843563568715,0.6872377902285609,0.40974583406083065,1.3919886473391874,0.5179949043349829,0.415607376081497
X-XOO----,0.500548905074327,-0.1671968512812636,0.5005259563933168,0.498122478800974,0.5009819275500549,0.6872379594563112,0.5026341297456723,0.497637448911459,0.449855797937287
O-X--OX--,0.5093862480522532,0.027168489691774544,0.4909869289223632,0.43351048879933246,0.6872379576331159,0.49972624437845337,0.5091729993606812,-0.6264905893463524,0.09151300852066802
-OO-X---X,0.6872379594563112,0.4902225344462316,0.4964249536061315,0.5917182326862704,0.4975178089886348,0.49778382411513444,0.6597927135511323,0.032252189818543164,0.50334252628074
-OX--OXXO,0.49504751892451754,0.4955364026025655,0.4901964294535988,0.02389586611567507,0.687570779640889,0.49549147904506397,0.49652994387872457,0.49653208405230853,0.49114013043613697
-X----O--,0.6979575503734012,0.5041419222693868,0.6508006021036601,0.6872335953651051,0.2828448594320814,0.23884729755405804,0.5059405213824708,0.3000389199750272,0.6872353118604996
XO-XX--OO,0.5086428103610828,0.497245653056835,0.5034208804577089,0.4916478941342585,0.5087622002001215,0.08392901729875496,0.6852081702076082,0.5073392258469736,0.49988544053763906
X-O---X-O,0.5041524958013643,0.25765152352511367,0.5068405992538632,0.3953169414297122,0.33856322032205155,0.6872379594563112,0.4994688462298164,1.1155391168749214,0.49182201542740644
-OXX-----,0.6436567988837557,0.501341862218344,0.5083213085392473,0.4970438758057016,0.1531788948643214,0.4451949804721657,0.6535098186875298,0.40187418952506954,0.8636725522196833
-O--OX-XX,0.514346841027753,0.4925513657751932,0.43046413284186186,0.43868290797943016,0.4936091370914452,0.49744750496140894,0.4552032745758328,0.49962604084140405,0.5052204125873268
--X---OXO,0.26126129807281795,0.6458791708260577,0.5009078557307569,0.712226713304629,0.4919829037264992,0.23910055403864888,0.49876621081038425,0.5069361892511093,0.5070109266718585
O--X-XOXO,0.5771776419414228,0.34515958579279105,0.6734450135398999,0.5770538857937904,0.6794728163555717,0.4045916612371524,0.4905015497634472,0.5787036923712833,0.5759597826478121
O-XXO-X--,0.509689540052696,0.5010793738387904,0.5048486593902307,0.49861537150809604,0.5034154975733066,0.4272955023947905,0.49012432463981276,0.5075232830390259,0.687145212261077
-OXXO-XXO,0.6872379590350232,0.4942418466069997,0.4933279382894362,0.49267662470597495,0.5048278710994644,0.014843203681624062,0.5060806882599554,0.4922753227930804,0.500892658115712
--XO-OX--,0.4840358080983427,0.45448954237028694,0.5507346161602128,0.47978884502146013,0.6871781806117914,0.5984589108538029,0.4592302268876791,0.44542078663871226,0.7061199807704314
XO-OXXXOO,0.4981651554674709,0.49292320022577035,1.0176003845407713,0.49878536949442137,0.508977650707406,0.4929675004553939,0.4913749770393348,0.4979293976167737,0.49907983457542554
XXO-XO-O-,0.5003296241174648,0.5018673800451302,0.506998454628562,0.7161586714317808,0.49108483280119386,0.5025950148421203,0.6229952118210791,0.49655832022876656,0.6872335901201854
OXXXXO-O-,0.4935156201351141,0.4939408909497117,0.5069733298527903,0.5022698300234638,0.492906727758709,0.49951860145378035,0.93947820798541,0.5073109698226655,-0.299562496361235
-OXOX----,0.6858983733419455,0.49696805064331506,0.4945355005840746,0.4920028944677102,0.5028402883222859,0.033903213059050974,0.013786910095254123,1.2862115474422968,0.12883926157438874
-XX-OX-O-,0.41656714314424886,0.495348182692573,0.5069661012556335,0.5017885740857616,0.5034147930352506,0.4901164394483439,1.0970068672872122,0.49479248398520376,0.6782297546981337
OX-X-OO-X,0.49546055198534006,0.49745458253364205,0.6594399046688545,0.4991161660979915,0.6783219275938199,0.5070314309175249,0.49841487394695577,0.059240152849506345,0.4916458453402349
OOX-X-O-X,0.4162753577829028,0.5431196065322443,0.5065557629583136,0.68716070780659,0.4306550571020948,0.11812855849241577,0.5078179512228902,0.08589581502781618,0.4343656708122706
O--X-XOX-,0.5056127584124965,0.06930386569978897,0.4983898424006453,0.49733652396733247,0.6867995049785517,0.5024074397330643,0.5004303128963933,0.5077553641264857,0.27762244158628324
-OXOX-O-X,0.6872381251804497,0.5086080754899818,0.49188860167806897,0.4988648258395801,0.4915346505920719,0.538488196124374,0.4963215284041574,0.08357505579097058,0.49643522743335605
-XOXXO-OX,0.5422792944288024,0.48605200673882376,0.4312466221647495,0.5315468099674305,0.5950748174904528,0.5546789877310475,0.0530555760980615,0.5189731376046907,0.540352332116038
OOXX-X-O-,0.4560030899697569,0.4889245725605247,0.48594548340830224,0.4889316994974151,0.6806015071319165,0.5330509023473292,0.483183479488652,0.49988927146262147,0.8922897800797571
-X----O-X,1.1124165125695025,0.5055358904160475,0.7717866181641574,0.8200787236383004,0.2274877244500111,0.5992852675848834,0.49212320277505595,0.16965238945395134,0.4988504872332942
O-X--OX-X,0.5139264402395921,0.19245369372358812,0.4614445569491835,0.8223942916437277,0.8237713798310567,0.5544004278827289,0.4112551645571943,0.27753200902134806,0.49659546393426335
O-XX-OOXX,0.5752621985573971,1.1123169565518833,0.5994183129919051,0.5154230194713743,0.10404111314006914,0.4034417825648656,0.4606153296992704,0.40403556106761623,0.5339600516929929
XO-OO--XX,0.1192966065859834,0.7230111977244319,0.4832280691836968,0.3274025664745097,0.48087756648972524,0.5699120030129889,0.6872371923082045,0.558708112562546,0.9718934629715066
OXX---X-O,0.49655337868539917,0.49691458473778277,0.5035205172114102,1.0704626731221767,0.6872371099180306,0.12189324217116249,0.5030317768023035,0.018596449652879654,0.507522032356505
-XX-OX-OO,0.6858958372474118,0.5552836779637568,0.4746686618967246,0.6477095627257364,0.5005266052330275,0.5106623470498701,0.6872276771966945,0.44995372470209927,0.5588162036603713
OXXXXO-OO,0.4884294124510726,0.4359878304592116,0.5009160117119411,0.5780951254135628,0.5247881145387429,0.5016226063739663,0.6872379594563112,0.44575819391985055,0.48477612020783045
X-XXOXO-O,0.43727562352890875,-0.7847052289081036,0.47226228137706633,0.5787356601845572,0.58284931042525,0.5112590207675026,0.533872477366546,0.6872365706508583,0.5956379469081663
XO-OXX-XO,0.45460370911843606,0.5106997589178331,1.0108948981251085,0.5842123037460758,0.5805441696378728,0.547049673224316,0.17927429102151266,0.46247631825127206,0.47830531100741164
--XO-OX-X,0.10289889951197961,0.47524142234249184,0.506327440990228,0.5018006090872011,0.6872379594554073,0.5028063784435729,0.49839171738255617,0.1276775742830395,0.49627009084195156
O-XX-O-XO,0.5833699013818362,0.42538280588147037,0.5723788093396636,0.5267746653600267,0.6872379579939604,0.5058010191800382,0.4068606758674512,0.5103972222198462,0.5558951200571765
-XXOXO--O,0.35713071754563375,0.5032560213091639,0.4929819057789637,0.49827428936254947,0.4927540077227209,0.5042846397962901,0.3891966144011819,1.128469872984196,0.4990237022859132
--XXOX-OO,0.6852491588800157,0.6466586788391161,0.5071750133545752,0.5044439786304258,0.49843450382015453,0.49622540427389317,0.6872381569987849,0.49077955205302226,0.5011449344897253
XXO---XOO,0.5429793379737047,0.5040614103607349,0.46222774108236764,0.6573004815767067,0.09147418237886007,0.6872379594563112,0.5601521421875496,0.45227512304125356,0.41912754577819344
-XOO-OXX-,-0.03366515571928852,0.8908670760508904,0.8586488809749195,0.22297823959227436,0.6567335288009075,0.1597624122287894,0.5790950245079485,0.7285370420151384,0.0465815162199088
OOXO---XX,0.5664426108184843,0.5879999945491812,0.5489522840325538,0.4168051311453027,0.7395991410001214,0.6270474800492734,0.6513501383002744,0.5487099888911169,0.46503324036481963
X--O-XOOX,0.506904600351034,0.5083857556495147,0.5025620092569375,0.5002152458108565,0.05599195315339167,0.49230734446260116,0.4904416328459992,0.5088902349360331,0.4935873831318241
X-OO-XXXO,0.5532016949711984,1.1308231336175956,0.431493793366735,0.5234080445370624,-0.11223550388599479,0.42974294027828974,0.530232054106217,0.47149320736470024,0.5624450277294621
X-OXXO-O-,0.4956191795623127,0.26698651887421787,0.4953106574816735,0.5025016638821816,0.5025008756061039,0.494280208389955,0.5092718277481266,0.5021904498791991,0.6872379594563112
-OXX--O-X,0.5304189399776579,0.4951917940427642,0.5086180281605139,0.49731999996467063,0.504587655702327,-0.28990282050606897,0.506209107325919,0.3700975118573134,0.4961572050534193
O--XXOXXO,0.5025666888984952,0.04897933937957144,0.6872381266977216,0.5034790449126367,0.5093357241771739,0.5021738933019415,0.4967315736961261,0.491747671530432,0.49707012939363426
-XXX-O--O,0.6283086952949116,0.49102748833179277,0.5078636970872279,0.4956803274939627,0.18479524702648953,0.5086643045387353,1.1007525099941877,0.13110052486834878,0.509604509584907
X---OOX--,0.5046145271303951,0.040729480858789524,0.6871030479224853,0.6872379594563112,0.4926126691397185,0.4966420573889439,0.5015867139029004,1.1013065552084451,0.29452206659665037
-O--OX-X-,0.16418650124382356,0.5000063400404884,0.6460458909916518,1.2459599085285538,0.5015602283892863,0.49599660821020347,0.5400041840708852,0.5040657105809668,0.6880997127502064
OXO--OXX-,0.4903255924589763,0.508617918873038,0.5013878469759059,0.5050173523061792,0.6306705942482274,0.49703232625196775,0.4972032450054551,0.49283878529217695,0.6868035144007595
O-XX-O-X-,0.5795923492512374,0.05784246767839912,0.4634947855193012,0.4716710636151186,0.35531281613713794,0.5233102869376872,0.5669996470001017,0.5271806560406744,0.7615767885827199
OX---X-OX,0.4925351494309688,0.49832365593344213,-0.6046243617598734,0.6781210396089501,0.508762144046436,0.49470216506025877,0.4988901986916822,0.4920222045977802,0.5043751655436344
OXXX--XOO,0.49140477026958673,0.4912601885639599,0.505540327594175,0.49207255062283667,0.6872379594563527,0.2659947324854234,0.4904218444682327,0.4935705352547372,0.494113155717321
--XXOX-O-,0.4931880179498489,0.5039373895566701,0.5046593644568554,0.494792145502626,0.4953129736735298,0.5037291727038301,0.49054539324547597,0.4936655910407075,0.6872505389135516
-OXX--O--,0.48209712673886956,0.5191431498020138,0.5101809455251206,0.5380097672784522,0.4045960254297999,0.4535815273539023,0.46668767784239557,0.6872834394401343,0.6872578523973438
X---OOX-X,0.5746797413209406,0.15224533595954348,0.6860976108018708,0.6872343903642549,0.46481426958716715,0.4442291853282953,0.5761602704945175,0.10333751039721528,0.5312183405489052
--X-XX-OO,0.4827757834798652,0.4051267181342951,0.4560699550785974,0.52497918747894,0.6614860311081904,0.7632633577371762,0.6714670081157239,0.26163542071067325,0.167677818938337
--X----XO,0.568528563540022,0.7477281754656442,0.4938896290774435,0.1478388234060759,0.04333524371932962,0.7578896473843013,0.7389792803010614,0.504742703672136,0.4929586420603299
O-XOXO-X-,0.5594664751977078,-0.0898413761228869,0.43804192102808526,0.49428050546789604,0.5099928738307141,0.4752730629500805,0.6868164647106684,0.5317952019707926,0.486286595364064
XO-OXXXO-,0.5046857209025222,0.4956360311146242,1.0379342627669499,0.5047607165872233,0.5006242339825349,0.49781114397309234,0.4907012632872829,0.5003918879823276,-0.2966425695962134
--X-O--OX,0.05428713425599163,0.6872379594563112,0.49236813908903027,1.0977514279606568,0.5022604648947386,0.6783415740646467,1.1484868001472042,0.49238748629812656,0.5065669999488931
X-XO-OOX-,0.7675226659637698,0.9085974354144579,0.17101293043997423,0.5968483852640897,0.6651418339572528,0.8617461985676257,0.25292872167295855,0.9744900271634094,0.899224079667426
OX-XOOXX-,0.5388651968549311,0.4985556356955371,0.4035657435397764,0.5218208276341764,0.48427262826820283,0.49786763353934305,0.5970797316940045,0.44867840682621324,0.6871521290563188
X-OXXOOX-,0.05334684550152835,0.08583411862435336,0.6323852824663881,0.9919247757404005,0.5704689506953914,0.17736834170149585,0.4960143617716759,0.24190746243845973,0.6513501383002744
X-X-XOOXO,0.49272971581658226,0.12950094157505782,0.49524935043868895,0.08288265690608704,0.49998665457824176,0.507004253478841,0.4924787140014728,0.49860202220027916,0.49081966753597694
--XOX--O-,0.003665742616870471,0.06139679880488369,0.5141569088202974,0.5571668526044893,0.49638581972021323,0.6797516994258671,0.44435126845000983,0.5634109280055531,0.529960745344897
XOOX-----,0.5040661859049949,0.49784405403033444,0.4985441643355616,0.49997842455427577,0.4942014581868256,0.21252795327313168,0.6853373877755624,0.49789962548111266,0.8343538687124088
-OXXXOO--,0.5004815021663124,0.5060076990758102,0.5062016804958197,0.49373801819809615,0.5086321261485969,0.4902289723933977,0.49703970421874805,0.700699276209296,0.036377839149487834
XO-XX-O-O,0.5871303843743398,0.4597132109205276,0.5997849892930531,0.5841716410433384,0.500766233964606,0.6872378462499142,0.5374105332142147,0.6872183642425501,0.4894677335212967
X--O-X-O-,0.5048277909106822,0.6465944779796217,0.6872716055466735,0.5061566331886167,0.6784750280311636,0.5054896161540413,0.16078956264310273,0.4968547741835383,1.034821595293693
-OOXX--XO,0.52497918747894,0.034097454471764044,0.23122725121122512,0.2233835314839535,0.6496073641204041,0.6865708952429692,0.5063960534477593,0.24427808183505906,0.7230209169354055
-OO-X-XXO,0.6872388785068312,0.4995891439400833,0.5088419851178574,0.6783410363351444,0.5096210493757221,0.6872377689734372,0.49793764116860295,0.49955297570607565,0.4902918857876933
X--OX-O--,0.5077424417559656,-0.05737320705366378,0.3779720203361553,0.4902716660990453,0.5065959148486894,1.1980491400851523,0.49065590109640705,0.9668373803070065,0.16770772027100633
XX--XOO--,0.5875934303208518,0.029040809502883125,0.5857320583327881,1.2751049834671466,0.12651694282632653,0.03191754209043185,0.03774555450101347,0.1561929436463868,0.8423234930668262
-XX-OXO--,0.4476239797327227,0.5088633993400868,0.5052840463061817,0.450662260784823,0.4920408876136054,0.49212219085939574,0.5065802770808957,0.4118794595113623,0.49197086263985085
-----XOXO,0.17590589513540256,0.20572010835119603,0.181685753758977,-0.22817970780453722,0.6872379593676172,0.4505904417910117,0.5005659280548254,0.5382533279074595,0.5082747247595922
-O-OXXO-X,0.6872370535896444,0.5036020978903555,0.10678157292597051,0.504609009182297,0.5026654715651261,0.5097006376353213,0.5067779363879404,0.4085009404379164,0.5001685159395406
-XX-XOOOX,0.1940272456876928,0.48945955032835464,0.5138065190230258,0.036536362357656615,0.9477946180657,0.5103943175889576,0.9617799138958458,0.6646305857869773,0.3825341810015024
XO---XXO-,0.5037821690602761,0.5060125988613117,0.20378722490414097,0.6476426551764134,0.6872380019164734,0.49475508630919296,0.49133040983531007,0.4925502994930514,0.08415440775837624
--OOX--XX,0.7119988792088474,1.13723336631897,0.2062225852864692,0.8245908477709517,0.5916237835654296,0.11039423373209589,0.05020381896974524,0.2954391240939167,0.9851133120927261
XXOO--X--,0.5007116593151141,0.49110533088065306,0.5016961129776104,0.5096145005252161,0.26614398694177477,0.7239367454377589,0.49100602396836357,0.48120002529830064,0.4991445943200687
-XOOO-X-X,0.13037865552350175,0.5059063691581785,0.4910818814283946,0.49581419224254186,0.4916409176992998,0.6783483137961274,0.5092225192412919,0.7774636650004156,0.49062713868871943
X-O--OXX-,0.49345486242587605,0.49565349597143565,0.49675106845856787,0.5079222305370578,0.1031695928875428,0.49344345984314864,0.4915200087205232,0.5082145214410903,0.6889192118066049
O---XOXXO,0.5037652782510333,0.6441068990432325,0.687570779640889,0.9323384285351726,0.49398079106186543,0.5069518936524645,0.5061358918133586,0.503405477276748,0.5078692310796894
--OOX--X-,0.997926924538836,0.6876957466329365,0.5402539057704321,0.4619828168918521,0.5958683236349156,0.14004598786671563,0.038147318761529825,0.5710697787873658,0.10328255493299243
XO---X-XO,0.4939275852812582,0.5037549674506517,0.667895562138438,1.3002257402467623,0.1868588877174826,0.5079625122135897,0.4941306109839275,0.4982355738753205,0.49860270751999464
-OOXX--X-,0.6872284625554907,0.5377421688933456,0.44755896576386917,0.5663283783666925,0.5347902934968022,0.487317281165251,0.16316146738467835,0.43542490963047303,0.85034112441193
X--OOXXXO,0.4915287800153521,0.6452301663134982,0.46527849650192565,0.5068167647833198,0.49346459246355623,0.4958013873571915,0.4905636293759724,0.4965332332008373,0.4983280379157689
-OX--OX--,0.4092027449685402,0.5066576574128482,0.4914559401921999,0.1779880591646365,0.5018657872098102,0.4977127890335273,0.49057193138365135,0.646767512435892,0.6394740959890571
O--OXX-OX,0.4819849435762471,0.6818397668211059,0.6872378067020335,0.41663651638737936,0.5936826185971293,0.49000892414033853,0.68716070780659,0.48714345787352153,0.5160725391171519
-XX-XO-O-,0.11141156576834133,0.4951101653783326,0.4946725938612253,0.08322401412658992,0.49610236974946453,0.4981970905211452,1.146402023009844,0.4971293204320465,0.005764187309846125
-XOX-XOXO,0.9704510403487684,0.5697787881414841,0.42109233740596463,0.45577041320825185,0.52497918747894,0.5279384403805285,0.4682936017625806,0.49484821857023187,0.5126013804562556
XOOX----X,0.4002947357109203,0.5134025568737154,0.5213796420849013,0.4691476361574451,0.8602465615763353,0.04099892038687658,0.634116713131559,0.6968427632946776,0.5990578459363727
X--O-X-OX,0.5669320654065437,0.832259138583305,0.15111363620700347,0.40370179867205375,0.5703012477855753,0.45327173696002465,0.4420128770616142,0.4766609141442313,0.5322033944085789
--XOX-OOX,0.687221354596175,0.5605275417821318,0.4181422208094653,0.19546298592632116,0.9885310880283147,0.37478686042000897,0.5350173699224341,0.8970027982699398,0.2768251387586569
XX-----OO,0.507211850539374,0.5058616049348424,0.41317141098772864,0.1265337529090345,0.5000800338050728,0.24072736207101642,0.6872379598137037,0.49705648176952105,0.5011855458985649
-X-OOXXOX,0.23235492669251806,0.5030792092511809,0.38279524007409504,0.5082858469748217,0.49204814484761417,0.5069653075657413,0.49755544532157814,0.49041625267069705,0.5019808872661605
XX-O-OOX-,0.5519076553277446,0.046202342677973185,0.6868785765925925,0.23329578597295464,0.036780206374229296,0.09178956430299656,0.8007008643624832,0.30933648215428367,0.2003561839472402
-XX-OXO-O,0.678407758333588,0.4938804480195485,0.5035068006174789,0.6768360129068357,0.4937685702779163,0.4979707621850892,0.49643020079694544,0.6852473792950087,0.492330960131527
-X--O-OX-,0.6871517335887093,0.5029144762560657,0.685284418748504,0.6871364674301853,0.4935200878125215,0.6454508349657975,0.495313827962159,0.5015413228622775,0.6872379595331297
OX-OXXXO-,0.4968857477056757,0.49977701076434194,0.07178640487386756,0.5016969910634912,0.5033377208172758,0.49503013207424434,0.5095486244323643,0.5038443338301859,7.872075124578104E-4
-O-XOXOX-,0.6872381268942849,0.4952109192459333,0.6872191918413474,0.5026561905716718,0.4960958346294627,0.4954900987118432,0.49711526385348365,0.494289486516462,0.6853741357894676
O---XOXX-,0.4967166556699589,0.7203977526426872,0.5232891462067903,0.07273237964420043,0.5092834875815476,0.49555635630383815,0.5083432890398196,0.4918824542902094,-0.10433754605654888
OOXXOO-XX,0.49834102647238465,0.507883973044456,0.49572452554135904,0.4994123546208901,0.5014813410234527,0.4976237192123573,0.6810636675325987,0.49964674388474506,0.5017639860132228
-XX-XOOO-,0.6873305113574016,0.5041361722335117,0.496683119354658,0.010426266270879947,0.4906218246685746,0.4913709722746919,0.49022830301777914,0.4928985588382781,0.677742657796765
O-X--OXOX,0.5614559041448103,-0.48183597566542746,0.5105299875004121,0.44275289152985026,0.6744396701505943,0.47481089098772644,0.4251299080386385,0.5399798121546595,0.5865592268962126
X-OO-X-OX,0.5087003613355933,0.8595086046767525,0.5031291668588264,0.5091445605148013,0.6466455519997517,0.49828814499630697,0.8090497389810973,0.5072609016848366,0.4923165088904535
----OOXX-,0.6468284184817633,0.6883983863323998,0.23045863245893272,0.6443140463894323,0.4913630940874683,0.49696901886800066,0.4963365465534254,0.4972083086514969,0.6872379594563112
O-OX-XXXO,0.5062012230060525,0.6868339952509325,0.49839128677676475,0.4971169206254739,0.6872533345980624,0.4901884198811755,0.49479209756200276,0.5094364144698217,0.4923389738060234
XOOX--O-X,0.5073103727683812,0.4955025511937253,0.5025575430203609,0.49404949031357354,0.68723795981004,0.4901595954768357,0.5003391534274716,0.5087990589049708,0.505700836910336
OOX-X---X,0.4956302202570544,0.5055221527455434,0.4904778551300285,-0.9765729406875103,0.5019909499437306,0.02836397330545387,0.6423168654646644,0.06878105739966922,0.5032597317722167
-OX-X--XO,-0.3483476449939984,0.4513233164049757,0.44925296059493897,0.06377689115829588,0.42655757557731916,-0.3667001516402576,0.6619012806213942,0.4391976505485524,0.4238675869684233
X-OXO--OX,0.5721579806774403,0.6872279831994272,0.4811318504920916,0.5127829781881158,0.5250746728237553,0.6814391441337133,0.687208161500155,0.5965486291200972,0.5414931001540398
XXO----O-,0.5056460456440688,0.4940679525852934,0.5062407271864264,0.6873142492235884,0.7296957468796673,0.6455284315455805,0.45279923201734573,0.5089392131069999,0.6872379594563112
X--X-OOX-,0.5005190528045874,0.05269676325412359,0.6853246758801771,0.5012396202867393,0.6868190945860243,0.5050097614795523,0.5048473689533388,0.5064571823157681,0.7510757016002342
OX-OXXXOO,0.5080990266803708,0.497178407650557,0.569542671607531,0.49017261744392476,0.49367753232951594,0.4967674432203108,0.5091008224314251,0.49306797051655565,0.4964209651332974
-X-XO-OOX,0.115263220408854,0.47972946441610076,0.6872379594528161,0.45271803972311947,0.4453111464597784,-0.25548875521319725,0.5220105232865849,0.5835814367738023,0.5236583377589382
-X--O--X-,0.6443935967920387,0.49009306108179906,0.6781892344133237,0.6999681741741728,0.5038241649319986,0.4938620316210314,0.5062378531075399,0.499759675237022,0.29307733763848476
-X--O-OXX,0.4908516235755798,0.501684612863302,0.6873094920163073,0.49905479727315044,0.4992517186530073,0.6461225743075233,0.4910636474442473,0.500922890095801,0.49403401598147106
OX---O--X,0.49101824493511165,0.5050882317900774,0.37600651138429414,0.09261471342023142,0.36701995651387553,0.4985866339552124,0.6851949738023473,0.7857565375797413,0.5024659827047039
XO-XX---O,0.5012689846685215,0.5089047659892058,0.02811192586645539,0.5013162825264049,0.49003470777083363,-0.8057427011616736,0.45902048017297836,0.6415354993465014,0.5036125496358259
XXO----OX,0.4582819268130677,0.5337003838438423,0.4667157622630343,0.07330261796695625,0.7298603739786907,0.0821082728880379,0.00378452524593631,0.5117128444446926,0.5150671833024663
O-XX--X-O,0.5040053257795621,0.4999666663158376,0.5018553519086129,0.49816016060419077,0.6872379506617263,0.5130120290654325,0.4990923487802626,0.01404595927484642,0.4971692653191365
OO----X-X,0.5026011274902157,0.49836341839955733,0.6447799499212891,0.7025394494853286,0.012624449812301375,0.061864281692204925,0.5029423742855367,0.68723795945647,0.4935259388971343
-OO-X-XX-,0.6872379168320616,0.5013124261159392,0.492827710855701,0.4435932695780966,0.49883207714234046,0.054608834015551166,0.503604201358173,0.5005030696952668,0.7030971828057719
OX-XX-OO-,0.5011514923084328,0.4931026358268099,0.9410164808586532,0.5084405875882376,0.49101377880842145,0.4996425084912497,0.4993726518838209,0.49000077381117135,0.6871478527942722
OOX-X----,0.5095106953430801,0.5053441550797674,0.5000826229401543,0.04187186764552686,0.49310561665197195,0.6121173985811825,0.016511983664904806,0.7158755499117118,0.5519782511315336
XX--XOO-O,0.49629737665592105,0.4941451043975352,0.647432888828264,1.3523329867662102,0.4972144345873971,0.4990996363774052,0.4966078511725067,0.6872388785068312,0.5002732780084175
-----X-XO,0.10087546612887938,0.19410328153519668,0.12924050364125284,0.12650973661632603,0.5030673804516061,0.49434522696207495,0.3553205598955173,0.5000912700745159,0.49182836422088944
-OX--OX-X,0.08322016276040856,0.5586366966044514,0.47202235379286506,0.7928471365569182,0.27025345216704677,0.4834899497819034,0.9099206677942469,0.023401326698503366,0.06781770228018458
X--X-OOXO,0.06263359771584542,0.6891212476451988,0.6817943925113791,0.16633444973570188,0.6485102812815343,0.4468432865631562,0.5120965165211107,0.4247046694598887,0.15588046503942476
-OOXX-XO-,0.6872503643768202,0.49917457360277845,0.49215863274723987,0.49082984666237056,0.49636284944246273,0.5033343221661774,0.49798005580246635,0.5065887405027347,0.4929923981516404
--OOX-OXX,0.6855664826724073,0.7110373705688421,0.5849616519375731,0.32499269769512773,0.18648843379328273,0.09396433944778798,0.7047040541092698,0.10580372715362307,0.9751599492104717
OO-X----X,0.5058248154936574,0.49094245539123,0.6872194407599498,0.5092137018579597,0.34040498270736164,0.24065906204292736,1.018942009995462,0.3589011081140398,0.5066099422039881
XX-O-O-OX,0.4943173498618736,0.4991502390091709,0.8745291860149509,0.49167541113430957,0.6875085656134632,0.4973449683678655,0.5055143297536009,0.5099145426553572,0.5047721141066474
---OOXOXX,0.6474419039968333,0.6466097699895507,0.6872379594563112,0.5054956093802315,0.49208512137600946,0.4983837095308116,0.49809216637113124,0.4963731166989168,0.5056959426471678
OXXO-X-XO,0.49641334411884336,0.5059915153533122,0.506289782620328,0.5087043587295366,0.6872377680860206,0.5064332194423286,0.6873305113574016,0.49191645419348456,0.4998194783917116
OX-XOOX--,0.49369654912277583,0.4969480190382677,0.4946833702236837,0.4934325089427752,0.5056394790120692,0.49422658452036095,0.5008558510495081,0.7143012893847364,0.687219358599114
-XO-XOXOX,0.570165165925082,0.5295829994199897,0.42790908960039253,0.6024283490863239,0.49700601624355145,0.45281858312882856,0.5143060822632322,0.512531215462379,0.5743427367289954
-XO---X-O,0.14550592119983696,0.5088849798955042,0.502218053462751,0.33552483086104556,0.8958379401822218,0.6872379594563112,0.508277561884319,0.6384575410789051,0.5016830087537787
-X--O--XO,0.6785204572457229,0.5063505218506777,0.6872379594563112,0.14280164304873122,0.5007269449851355,0.5012310335435031,0.7175133990682218,0.5069784483703905,0.5037967201004265
X--XO-OXO,0.5022116172527267,0.6436731855257223,0.687316314545648,0.5074046878019863,0.5010627664976663,0.6581921912654725,0.492196947813611,0.5027151691002252,0.5054891014296683
XX----OOX,0.6136012742051649,0.275655903315137,0.2543738212688643,0.10535040753842784,0.41742352406071104,0.03147084558472346,0.6991086465600238,0.5106298549786896,0.1440948208693481
X--OX---O,0.5019295645147045,1.0049941818957218,0.041531774133019894,0.5054719462222201,0.5001205305248438,0.530226118976859,0.8185301702901497,0.05046880075301352,0.5030615970039846
XOX-OOXXO,0.49147680052940146,0.4935698319333015,0.49219997476081806,0.6872379594563112,0.5079945737844231,0.4910945058982333,0.5048862998145618,0.49437687502537975,0.5066679131163523
XO---XOXO,0.49178609010643043,0.4928562308195148,0.7024938350549186,-0.7531712016558931,0.32140385923174825,0.49353017265306204,0.4917092351464875,0.5080954642968221,0.5080691514655757
-OOXX-OX-,0.6860081788990382,0.3038120433357434,0.4136587632670232,0.9055778963761901,0.19395519262055128,0.6872343903642549,0.14954583102697871,0.09735731934549408,0.05244247142467673
XO-O--XOX,0.5067069655689445,0.4982245530948675,0.44119339583142325,0.5015461836103103,0.6872379505673919,0.7848091540090112,0.5052420021372969,0.4995052781320153,0.5066941838178647
XX--XO--O,0.46093669981796925,0.44188374578615974,0.6872390074149434,0.27924085929696596,0.10623826453539265,0.5465632608697254,0.52497918747894,0.38637064014262124,0.23838893762804947
XXO---OX-,0.5044861204784051,0.47101481651100957,0.44699644030506624,0.33590042053558,0.6871919176828376,0.6513501383002744,0.4962090946402441,0.5922339787436895,0.4471051380426055
OX-XX-OOX,0.5016891168167739,0.49863472280294613,0.07066593418673794,0.49825074229142746,0.5091153267405845,0.5333718188026559,0.4935334635477016,0.5001606954197665,0.5097264896979563
OXOO-XXX-,0.5036756961277018,0.5041981170447781,0.5051355282488519,0.5051745396472269,0.5,0.4966293721479137,0.5011575691604253,0.5005956292094821,0.5578163436765124
-XXOO----,0.687237959370179,0.49260889722285384,0.5048436481052507,0.49090446470474,0.49784124595793405,0.6872379594563112,0.7313396394431406,0.28975323972462363,0.12230514217530519
OX-X-OXXO,0.495076722749072,0.491486132499088,0.6892421596514203,0.5000374065927459,0.6781260094207571,0.5039136410626477,0.5007676691099054,0.5047901464347093,0.49000353141966274
-XXOO---X,0.22210171769506992,0.49614323249594416,0.49296915069568276,0.5002808804202462,0.4964557839902643,0.6872182227070026,0.10719324072213893,0.21141108333186942,0.4921856019794596
--OOX-XOX,0.7954455001805232,0.21023994690539421,0.5050817664843508,0.505049354940154,0.49950634453187276,0.40253036942104514,0.5098557867947224,0.5013413819249659,0.492529169793773
XO---XOX-,0.4986442678132824,0.507540030290456,0.646497528123119,0.490548376159273,0.7014059529062647,0.5004372332106145,0.49133927144852113,0.5078179089412678,-0.3604041206359593
X--XO-OX-,0.4090794860319046,0.713965148492762,0.6872379374954959,0.5371537871357897,0.508793338276878,0.43708301553025813,0.4586344495706147,0.4712362042374466,0.13153720770746274
XOXOX--O-,0.5955594965314539,0.49550850621578696,0.4807297771489055,0.5891380810185576,0.5629249578405694,0.2891251643676791,-0.32118294608108877,0.5609655212822054,0.4903783065003573
---O-XX--,0.08204858655831831,0.5735873064450219,1.160413799155184,0.5042535798614147,0.01948295403213507,0.5053125328779979,0.49405827138127595,5.478360022332929E-4,0.008656255114155909
XOX-OOXX-,0.5070246210833813,0.49391912898879037,0.4987947646006786,0.6876029090134406,0.49423546395080964,0.49958920344656627,0.49006275325011867,0.5031403881393566,0.030780334414512778
OXOX---OX,0.5111015597506366,0.5945170309180419,0.480167992836832,0.44529721377593745,0.52497918747894,0.05977081730644407,0.6967076523359009,0.43041972255603267,0.498721179253134
XX----OO-,0.4910774712472768,0.5055984715660244,0.6855879097944805,0.0881272135890871,0.5312643919687947,0.6852952323266697,0.5027967111505481,0.49048928548212106,0.6872377776228139
--OX--O-X,0.9462528503301538,0.744562276460819,0.5012268157852926,0.4958334383900422,0.6853647291418421,0.644059632711076,0.5034060560115132,0.43231133716741527,0.49737208161622415
XO--XO-X-,0.49271549680801296,0.500593900533567,0.6862589307956037,0.4943235913327703,0.49998946358688445,0.5042188900888568,0.4992018434085628,0.5097769097037965,0.8150558507092464
O-X--OXX-,0.14716639587832359,0.07855541558528123,0.7128459743922256,0.5671171828946989,0.7293127332631203,0.9798854814646258,0.7185015532845086,0.9465071640832993,0.1729773691578625
XXO---OXO,0.5066398031990536,0.4972610253535392,0.493461206294317,1.0051543883549907,0.6872379594379492,0.6872338322673818,0.5043546502274824,0.4915569431047246,0.5099508072403944
O-O--X--X,0.5025459460709513,0.6872337257749672,0.5049490564330599,0.49929461594512,0.12765426263221696,0.5038115769946687,0.019842066109161505,0.6907239739345082,0.4979091158337547
---XO-X-O,0.6872387384600317,0.1405067812866202,0.6853305295365663,0.5011684012655521,0.49660004848360867,0.645846124072827,0.5075960531345272,0.23998288935719614,0.5009058588054348
OXOO-XXXO,0.5142588563374441,0.43724693357382766,0.44895442655409806,0.4634721331220098,0.6872379594563112,0.40565667762244084,0.46899848014358153,0.5755731615622556,0.4863292246929611
-XO-OX--X,0.47239996629530867,0.5020370765476222,0.505743720848482,0.42734740358624124,0.498883322834173,0.49672654844236264,0.6872379575186054,0.6906822793941153,0.5067562654595809
XXOO--X-O,0.5078625041090483,0.49253193845862714,0.5001532584925583,0.5047220283155642,0.7405788029651822,0.6873094920163073,0.5063882796247998,0.7190359686909351,0.4995212785355075
X--O-XOX-,0.508366067874649,1.2326349112725579,0.5886860100277197,0.5074290064256295,0.685976201271762,0.49751060339826186,0.5094511370598953,0.508937602942881,0.08182397363202809
---O-XX-O,0.6872095525125208,0.10517491722003669,0.24235868126614113,0.5875474233754567,0.40070045568299345,0.4843497957266921,0.4655115342180457,0.6766397644027985,0.49027661548926754
-XXOO-O-X,0.04152167548533636,0.6175574755836967,0.01579383344337426,0.7722362331142257,0.4123908082477422,0.6513501383002744,0.007921754970467987,0.3124675850802414,0.09897602513433146
-XX-XO-OO,-0.10597054517802229,0.5292507349717339,0.18226052054853226,0.05776834590634661,0.97726663401203,0.6356410254128824,0.6601015773835549,0.5934648600587248,0.11491593975091274
XO--XOOX-,0.49962283351565395,0.49373340646027586,0.5055078869356722,1.2650875956344105,0.49841610970572375,0.493294896025295,0.49234929497696156,0.49098993302064575,0.8885374137640301
XX-----O-,0.5057079256168793,0.5091788832300111,0.06447289682212903,1.2679750806844572,0.12679930924935268,0.06521477458494612,0.06363986568989932,0.4999525336025809,0.662781308120427
-XO-XOXO-,0.6859692216608908,0.5078591061399368,0.500191656506163,0.662873159133373,0.5037191935394133,0.5084170516591309,0.4921198264955592,0.5056050207105692,0.687237920591593
-XOXX---O,0.19765346395882322,0.6779812811345073,0.811680645352594,0.7578440162880715,0.7544555464333732,0.6855664826724073,0.018883417695068516,0.08983582342347451,0.2719936505055588
--XOX--OX,0.2460682737928213,0.06318090181569236,0.30157628502093115,0.5748888503421377,0.5102210420771801,1.267304155018084,0.6796239100852692,0.9001020912023097,0.059869967561497095
OX-XX--O-,0.4949034452733571,0.5059301090124417,0.3025561636000955,0.5048571043005722,0.5097816173857446,0.021152831374367242,0.5020331372887099,0.5022122260286749,0.6985423254424694
OXXO-XXO-,0.5085902519827036,0.4985333493436457,0.4907089292518184,0.5052070375402715,0.8919564851610666,0.4985081946830633,0.5094255089570271,0.5082808361747053,0.05812492576508599
-X--O-XOX,0.49511153335021013,0.4915495875370939,0.27535290346317276,8.293342840821061E-4,0.5002207571995677,0.28618203061537073,0.4904766626345772,0.4986431956404355,0.5073935371398207
O--X-XXOO,0.9002540760461089,-0.028598428164855805,0.12289099042961737,0.2503520423526059,0.6872376303011878,0.4620842346327789,0.3768824595667849,0.5952543717064205,0.6030909076628694
X--X-O-XO,0.5056501433880514,0.18305550993210246,0.6872187757656667,0.4991036858475052,0.21245616055913086,0.4995565552972424,0.6781670238842877,0.5083132572814667,0.4947860446348096
OX-OO--XX,0.5089373536300216,0.49115076399017116,0.23891636110267822,0.5082199814514707,0.5089095392155404,0.6872379597821971,0.6872379594561198,0.4969850007254167,0.5031293657344604
X-OOX-XXO,0.49077281992761124,0.5033214063536793,0.5087080360318361,0.5056111530148406,0.49604687089845495,0.687237968582781,0.5092490852843272,0.5016132917174925,0.49288118699328975
X--O-XOXO,0.758155268551621,0.1784619489974668,0.03218155348861229,0.44180096518669687,0.6514060183606045,0.6415103738798584,0.6556013385392447,0.9227353515047022,0.8169349537963533
OXX-XXO-O,0.02629947546556255,0.6437648768067518,0.5180459650603026,0.6513501383002744,0.4558814986425337,0.6798313979396398,0.6247507950540891,0.6872365338442263,0.46804785680846106
X-XXXOOO-,0.0036476626680195245,0.2110551594483407,0.19463152333712386,0.1365919316454287,0.34125433467571265,0.0763714308984812,0.6640516245943325,0.05828099759646299,0.6868785765925925
-OOXX-OXX,0.6872388785068312,0.5059627893486188,0.5080362412425309,0.49028511624328064,0.5019525968935253,0.505937033243798,0.503267189942997,0.5027972939566915,0.4926287619663809
OX-XOOX-X,0.4914032348209324,0.5021678807067572,0.3392418503817429,0.5017709828382286,0.5060509523071368,0.5068076455675877,0.49746932102642083,0.4395275319706102,0.4977980341522047
XO-XX-O--,0.5087022278889172,0.4959435547620937,0.04043928392131646,0.5045667062850377,0.49350117733404636,0.24924963915203957,0.49357955794973657,-0.42324687260663085,0.6469707683180749
-X--O-XO-,1.3156628348007626,0.4937949322062953,0.13941567652340936,0.12323636194073506,0.5039677201455551,2.91116405910008E-4,0.49070448613269035,0.4900894702354717,0.032722090086862665
X--OX----,0.5007623439687144,0.47505550849862654,0.1383612160191089,0.5044806371415402,0.49021032926004554,0.06944923395132391,0.7255117369845181,1.3220590529401068,0.12929544506492097
OX--OX-OX,0.5012453548236468,0.4950347673550002,1.1024613565556205,0.43904513991827765,0.5056738862042863,0.5047888788146095,0.5061506975542861,0.4960601689197224,0.5089925153725571
-O--XOX-X,0.08996160186853125,1.6548111994107721,0.9713467477977187,0.8342992997041705,0.5994264712672142,1.21784742520003,0.3348239400095412,0.10061552227236731,0.37459112616385504
OXXO-XXOO,0.5080323736224578,0.4914868236776751,0.49012488561661155,0.503284961633187,0.687237959472803,0.5085074837851443,0.49999405394251856,0.4963509243164503,0.4945985017900523
OX-XX--OO,0.9835103399416887,0.6880367961875915,0.11297119987484405,0.31712533726348013,0.45096719522277884,0.6872677071095107,0.21615173426635748,0.31072344884969727,0.33206176437062473
-XO---X--,0.4746167681226355,0.4972493100394699,0.4964050784893139,0.25996625769864534,0.006795025927624598,0.636425427299867,0.5050962315678923,0.3581891286139569,0.30596146214801084
O--X-XXO-,0.5085671630481241,-0.43158111278866906,0.49695536142719604,0.49205575136706625,0.49974176485242494,0.5046467281867941,0.503875404951824,0.496479620643071,0.4987413743361798
-----XOX-,0.05116743993298267,0.054323504362277064,0.5277426209687103,0.024783199354633467,0.44087253036546226,0.501966921405211,0.5037528353487115,0.5086702131298921,0.7623631681018399
O-XX----O,0.569088823688888,0.4288666266859439,0.594760854418858,0.4138868755422818,0.6872379594528161,0.44726807171720717,0.687138834566602,0.008528531538366413,0.5728289866221756
XXOOXX-O-,0.5031128780496715,0.49812021446086796,0.5013036483629664,0.49854837202255137,0.5041241664673192,0.4972729709626416,0.1392347960581034,0.5057548227032681,0.5352880053295972
-OO-X-XOX,0.6872194500711372,0.5096425776290776,0.5011663931313094,0.719686739315158,0.5034874875576453,0.09191408074439866,0.49110328760417227,0.4979985049339772,0.4950347407187158
O---OXX-X,0.495089185940081,1.3771182989606747,0.016047058885382937,0.16914158148804964,0.5025271830039787,0.5041737849989705,0.4942112573223357,0.04584545484690272,0.5015177190614039
OOXO--XX-,0.4998091044815908,0.5034975247498026,0.49996679410651573,0.5038881804180143,0.49746947340581843,0.10740829292438392,0.5005377304792301,0.4914767128418266,0.678229615335996
XO--XOXO-,0.4995717451446285,0.4906176610011388,0.356226223734604,0.5054936756080232,0.49548642754644956,0.49195510885820254,0.49562698149799317,0.49610046405391917,1.0490018774351153
-O-X-O--X,0.0345866074483171,0.49529061378745476,0.29254038522207426,0.4979432155583598,0.6868295500953581,0.4975737812793141,0.6852066781356667,0.048010619703271584,0.4962869029785714
-OOOXXXXO,0.6872379594563112,0.49546747723195445,0.5011966787395927,0.4901158698281156,0.4947686269216912,0.49316318111231117,0.49617483050475386,0.49761966792543844,0.5033075824297055
OXO-XXO-X,0.5098117361579376,0.5027087052944003,0.5045877485360889,0.687237959475791,0.49656542636510886,0.49671421234862606,0.49238565704520726,0.31038870207338864,0.4999844396466924
O--XOOX-X,0.5701561387877416,0.2313075440724321,0.18870766402478523,0.5085248195130945,0.4643916092124736,0.47415672842923867,0.5725901913397129,0.647490717868732,0.42448253316313017
XO-O---X-,0.49152117892722696,0.5040024951625472,0.49013675867355627,0.5012020227855791,0.5032419433284409,0.6994622304452827,0.25942980664147863,0.4943806971776561,0.1669732022279108
-XOX-XOOX,0.9508465133230779,0.5062876286938031,0.5029972655738996,0.4922171400455891,0.6872954225916335,0.5008865892302671,0.5083988950378162,0.5057505104764494,0.4929637717880661
X--X-O-O-,0.5016643704277819,0.4752742530040751,0.4919799010499183,0.4940238354734114,0.7467567414012449,0.5066895924112497,0.6868428014891799,0.5059455210476708,0.21527021404183988
-X-OOXOX-,0.677809413088633,0.4930895535102319,0.6852182271439652,0.50781881224834,0.49092384532268196,0.4944130698404258,0.49983384414904725,0.4957987405140234,0.6872379594563112
X-OO-XOXX,0.5001096813807812,0.008394926903777633,0.4998562793756434,0.4982155910097453,0.6872379180453843,0.49439937223267527,0.5002285964350296,0.5099930931095229,0.49174360268741274
OX--OXOXX,0.795973880248775,0.7301981656830554,0.6872343903642549,0.6871964428611589,0.5372792097147691,0.5301960595440154,0.3165464709521758,0.34164695640477016,0.1179464502905686
X---OO--X,0.507779252889556,0.796203494666256,0.27699739188268935,0.6872379594554817,0.497762491200011,0.49576661369120684,0.5069502544532234,0.6843774404640623,0.4937048974753286
XX-OX---O,0.5848289306186967,0.5613995412940629,0.4888300724370169,0.4472675593984147,0.5329447414801858,0.6739448908418996,0.4697057217119774,0.4982404133450408,0.5657096864793559
-XO-OX---,0.10111468307608851,0.5050663067347154,0.5051609102726679,0.02119817961162751,0.5066451775390749,0.500730813153095,0.6872379594561239,0.4843836652893671,0.6878389930684198
-X-O-OX--,0.24885300807637378,0.4997813882986759,0.6853376128542457,0.49189028287635406,0.6872578523973438,0.4936277978135111,0.4992079629123945,1.3511422037480751,0.6462352063875001
X-XO--O--,0.4906665323169656,0.03910552469392592,0.5012214484536205,0.49300497246844666,0.09667587924039073,0.21913308877220483,0.5023624335002157,0.4521413306120949,-0.3740947144975888
OX---OX-X,0.5416421732442845,0.5911066595214567,0.6249742527708211,0.33747362316695717,1.0658526265886725,0.41405263358214117,0.48013051798051176,0.3344732003109151,0.46620257621645117
-X-O-OX-X,0.4838432990549315,0.8422672352514573,0.1493230176335525,0.8896222142889508,0.6911872127273853,0.8027726332635682,0.7793275113111537,0.16420362765236274,0.5420809185605988
XXOOXX-OO,0.5050888293968434,0.5002339446974372,0.5083010058410915,0.49030408317332586,0.4959062759362942,0.5032572775132848,0.6872379594563112,0.5001025440412942,0.5044284154629838
X--OOXXOX,0.49961140221315287,0.6872379594727627,0.2883297150321403,0.4926216773256847,0.4981512084351617,0.4928181159331593,0.4935435898248511,0.49815622707456314,0.4905645113225625
---OOX-XX,0.8450402772015547,0.17503090123687048,0.19509964459005746,0.5084723905936529,0.4927718139347215,0.49860020190499554,0.015105021177148903,0.4916879160581201,0.49258317229165893
XXOX-OO--,0.003269202164600249,0.1565066711731964,0.8217051155325612,0.4883092079562442,0.6868785765925925,0.03175527564303626,0.5055641882915526,0.5605182199792588,0.6877783502628472
X--X-O-OX,0.07275803766175826,-0.3969083312856112,-0.08254482753690817,0.5910674205515746,0.12815390079246491,0.91474546929088,0.31607268756282386,0.3880691606406561,0.045470182128915515
O-OX-XXO-,0.5000309543076844,0.6786783149693898,0.49637345233180247,0.49305233725773656,0.6872379594563112,0.4935370655597232,0.5033614611904332,0.509779115364723,0.18788587348807484
O---OXX--,0.4963727748685877,0.03494691011201101,0.6852842513450516,0.47838203769467535,0.4924457478832187,0.49520585168974135,0.5048219302854113,0.6853751591354375,0.6872379594563112
OX---OX--,0.5072523249661329,0.5057341537555055,0.5034572555933081,2.0239518934920087,0.6931115784566861,0.49092959830386507,0.500869815607857,0.6800965923263922,0.5025292303860949
-OOOXXXX-,0.6872379195906694,0.4963740336397788,0.5007175968611094,0.500434625341512,0.5026077493068059,0.5068764624414723,0.5064970705273873,0.5002414333699146,2.076164350935559
X-O-XXO-O,0.42013814526807136,0.50787316780411,0.45801507210817294,0.26256875420000014,0.4127994857610757,0.43143336122276627,0.5090448322965666,0.6872343903642549,0.44403726907518243
X-X-XO-O-,0.5151596580931396,0.10995406826826831,0.5963842570794916,0.5413948890195047,0.5218811057332006,0.5372306558218523,0.18623829428584188,0.5369452854315622,0.10213063855796556
XO-O---XX,0.4148826135857542,0.32849557764856674,0.509468822162217,0.6761205296233793,0.6658561264273168,0.52497918747894,0.2274618709280336,0.19764396878207158,0.29894074544144156
OXOO-X-X-,0.9898811175294365,0.4385398629399996,0.6289618604706229,0.7654067675195187,0.52497918747894,0.8746303447147545,0.6876139350886998,0.8796629977364004,0.017359093654498725
O-X-OOX-X,0.5459173857710419,0.474938493925798,0.566191112252184,0.6871035574764828,0.45610961445640325,0.4541036718455358,0.4719639240637667,0.6872379594563112,0.5138669936300484
X-XO--O-X,0.018791401618336145,0.1584666873493777,0.26862374316146287,0.346064980300008,0.6036065018701472,0.38417718005548407,0.025907757587400826,1.0277442339302638,0.44859424531015446
--XO-OXXO,-0.45527240785210177,0.04793348602335423,0.5011645027387289,0.5080500636420977,0.6445963514878678,0.4974149484850138,0.5004282733649041,0.4931758530000684,0.5066555350645946
OXOX--OX-,0.5096643415313313,0.49839094399108747,0.50176864859137,0.4904683484027913,0.6872381569987849,0.6689317649510137,0.49957130436719654,0.4989533559152514,0.031396197619301125
O---XOXOX,0.50619483930084,1.3452096332759016,0.2602480135311954,0.6021716052830193,0.49145187356470804,0.4905007874956013,0.49688687667411807,0.5038136184550456,0.4925348973459729
OO-X--X--,0.49876187807902933,0.5021572251101916,0.6872379594563185,0.5080417823673338,0.6851976328375002,0.7086710045136949,0.501014020939192,0.6871446898485093,0.5049308143293689
---XO-X--,0.6895808719979674,0.6928878783365676,0.04659423025978571,0.5042262335105843,0.5034409382374926,0.5276961730874515,0.4916105920742465,0.4100318255254507,0.773304005052017
O-OX-XXOX,0.49904889980064326,0.6872422352678528,0.5033259189759056,0.49450352367210976,0.2032691024151841,0.5006928186633406,0.5066367754816103,0.49714571750974684,0.4956577485932116
XOX--OOX-,0.5019799935120737,0.5002723797305497,0.5063415897438722,0.6786408760748809,0.486595534260742,0.5009857602400531,0.4906257145018055,0.4992874685819442,0.5145237197819684
XX-O-OXO-,0.5944465430735756,0.5649948933263715,0.6872378683245206,0.5465780154208523,0.5010110426144514,0.5468495325921693,0.5877927381696011,0.5437147533646195,0.45910732572301494
XX----XOO,0.4907164295616893,0.5972884706664254,0.4723557832317842,0.4405129674660269,0.5399169393891553,0.5634560000847653,0.5562173801203748,0.5836969925934987,0.48013130326597964
X--O-X-XO,0.661084756198302,0.3145844649453935,1.1393067548348004,0.11035067341202165,0.18789119905472135,0.8053961477733489,1.2701132880261756,0.6290250352164389,0.6205941603819972
X-X-XO-OO,0.5939853608688741,0.9496009260451476,0.5303941309330773,0.4664073961920279,0.4408484909161556,0.5688620713815344,0.6871714940372686,0.4533806857970785,0.5242862930538893
-OX-X--OX,-0.18936803614290387,0.02747000710100178,0.2906315653815269,0.09196048838751131,0.9434312882042167,1.2146443973814018,0.9226505986280635,0.3855284757004772,0.994175441583485
X--O--XXO,0.19467335663688257,0.06598633286453859,0.2323704411009968,0.5213518594405983,0.5513584529136211,0.15296114240834835,0.5378507449956992,0.3033753652978184,0.6885714215696039
X--X-OOOX,0.5086104624180062,0.5008412227217431,0.6448693037662918,0.49688122043003974,0.687219037651904,0.5050188288670986,0.4916909753054215,0.5048157054975969,0.49812496297065256
XO-O--OXX,0.05307502465516667,0.8753647357493324,0.2417870113947087,0.4752493567186937,0.6872377945639802,0.2623885379607229,0.03827314889809208,0.5716515653427867,0.49169724734595066
--OX----X,-0.22179560303779589,1.3478342801355376,0.4902566245527391,0.5063738744002114,0.6875506364819837,0.02568245798652702,0.03247835070888633,0.3124664925576567,0.5094338235239176
X-O-XXO--,0.509103613321964,0.5112326548705238,0.49951110903880785,0.11885721329231325,0.5035290487037868,0.49473793810547917,0.5027894529413164,0.3096504803766316,0.04028840246543364
O-XXOOXX-,0.4982689161955884,0.9331091987354445,0.5076167753658223,0.5043213419593894,0.5099122073465676,0.5087662463288747,0.4929238140567667,0.49179161313149145,0.6873305113574016
-X-XO-OX-,0.40438754307303654,0.5280864864086561,0.6871398390415567,0.4930327488161889,0.552623894532982,0.6999754635110659,0.5357095142217292,0.5051919702996521,0.435628709504648
OXOOOXX-X,0.5017542615736823,0.49484396232597483,0.4947059473325706,0.5065853946475619,0.49319616746461814,0.503702060863825,0.5022459715063615,0.7327314840625997,0.4992449438885512
---X-OX-O,0.035272555706687914,-0.3546768198979705,0.6889366233686287,0.5028805806013636,0.4955373587746139,0.5024492770770962,0.5065744579227113,0.4909642025804215,0.49464149874401137
XO--XO-XO,0.4937579031816981,0.5044159454245088,0.68716070780659,0.6761494706437554,0.547183762542707,0.44218241975895134,0.7955093341762465,0.5889986600994829,0.5578670913324615
-XOXX-O--,0.409752484673507,0.5027552104445806,0.4946419276580379,0.49545110545462273,0.5089223767707443,0.20204611470333522,0.505796241702022,0.21352761769190065,0.026355655196343586
O-X--OXXO,0.4944609271963139,0.1455003454141659,0.5086329584519753,0.5093412332451276,0.6784833267653375,0.5012765710926261,0.5095586050483312,0.5004703772492674,0.5053705731911037
XXOO-----,0.4903741425139716,0.5025088368962886,0.5001195686296737,0.49379084789755623,0.687231473731463,0.17321426596690315,1.3847550192207105,0.9548140571259229,0.08705053260955498
OXOO-X-XX,-0.8178736604943133,0.7800424752233686,0.24559037084902646,-0.5854957334497797,-0.7935034765766984,2.0936881014337088,0.52497918747894,0.6180680098424147,-0.8182990625949473
X-OO-X-X-,0.5046722629550304,0.6833135298575636,0.49063836106128905,0.5068715511473904,0.289825526756627,0.5053580855553026,0.15564566495598398,0.5081056620292007,0.39456012038648025
XO---X-OX,0.5098769729334133,0.4958393233718237,0.608189668844474,0.3011803869938934,0.6782027090109018,0.5024492719821968,0.04712625137552706,0.49112206921176627,0.49512300128274966
-X-OOXOXX,0.6868785765925925,0.4727843298322846,0.6872315990317652,0.40781102317120305,0.5859146473987411,0.406386250281364,0.5517307452711072,0.5554842031287281,0.41663272790774114
XO---X-O-,0.5001481325794119,0.09569807530443852,0.40518665033078105,0.6872343903642549,0.6872379596530939,0.4072417824785338,0.05466815459570973,0.8905655257777866,0.19835568960513783
X---XXO-O,0.5065975726036853,0.6779854973288811,0.13649853430396436,0.08753501485389098,0.4997744724014126,0.5098105915022975,0.506505006897904,0.5054271036439074,0.5077150134015506
XOXOX--XO,0.5997640723640418,0.5715618979796707,0.48909082407686666,0.47904411451145923,0.48477634405097136,-0.2535645722172446,0.06028213505331692,0.5747588831949104,0.5441270856464722
--OX-----,0.054200405626280146,0.0948635863824055,0.5017376018879373,0.5007391233775964,0.00964163558564679,0.3619382700789996,0.05002847242108782,0.2852044605809746,0.8150175356123105
X-XXXO-OO,0.5065900414060542,-0.2414630566391045,0.4999646707322964,0.49635855496016473,0.5096441472196964,0.5019256703560682,0.6853831366784772,0.505738869069032,0.503261206799516
-XOX-XOO-,0.6582123068097856,0.8748373009495094,0.1768809178911075,0.4725303001749539,0.6184700532216707,0.6916768506110375,0.5722116742211658,0.46888702198058796,0.7005396976169989
XX-O-OXOX,0.5929951106745777,0.48799069917312066,0.7963305796831928,0.4875107613780525,0.6855664826724073,0.5688859411728342,0.5753333621813508,0.5465777017653239,0.41801146309117243
XOO--O-XX,0.5032466454937873,0.49685068937399957,0.49502336988096374,-0.13107638934665933,0.14917810615596772,0.49645109799908643,0.7093259453808176,0.504960599233587,0.49763771104068527
XXOO----X,0.5098744523350137,0.49022093494555075,0.5093836482651509,0.49575892430192775,0.21929746712109793,1.2816139403513338,0.1894763292661718,0.6719931869235084,0.4904663191392761
X--O-XXO-,0.4927933467357693,0.6868126615177047,0.4071147254009582,0.5045112272171016,0.6867576993872433,0.5039295187190325,0.5045908254099117,0.4989880349162231,0.3020947512647983
-X-XO-OXO,0.6783614450989981,0.5070363874196966,0.6867996584334224,0.5065046973227084,0.5088752096554994,0.6872379594564606,0.49605044638734386,0.5071084556590074,0.5052009123761623
X--OOXXO-,0.5034339113048715,0.68723795945632,0.85062904603416,0.5047593805668927,0.504938282472868,0.4938300288638953,0.500268024865395,0.49412245243090347,0.040233458558750046
---OOX-X-,0.6871011132998794,-0.0010749458869596662,0.1537931331951366,0.45061462728059565,0.5810401308946203,0.5517908953309477,0.21589741390258854,0.41188538856651014,0.6872343903642549
OO-X--X-X,0.5091342622438871,0.497263366756734,0.6784165582807726,0.4964962736484724,0.5713212724921828,0.22610873949677857,0.4903480820530843,0.5088108262195344,0.5021257155462046
OXO-XXO--,0.19731632415792222,0.4157600362720253,0.5834140696875342,0.6872379594563538,0.8545089784965055,0.4813870656732807,0.789418088156618,0.054443276159574006,0.8768647485686708
OX--OXOX-,0.4945403372292989,0.5034479123916147,0.6872379594563112,0.6872379594563112,0.5028232973388126,0.5014189020678153,0.49131413315209654,0.5042097504652593,0.6872379594563112
-XOXX-O-O,0.33492524530735857,0.5007922000495757,0.5073700590931416,0.4905002824474784,0.4957588786242472,0.6872381569987849,0.5051090612610389,0.49218076106159336,0.5053834750127933
OXXO-X-O-,1.3815849051918712,1.103872354472153,1.2611495744585064,-0.222556848786708,0.12114540822516451,0.19737848286536236,0.6895148807711436,1.4107448851147169,0.52497918747894
X-XO-----,0.49098108116109096,0.4204249410662243,0.49263050899161986,0.4944502575946875,0.5485924370627211,0.4188990389847358,0.5761609317667233,0.19338486923356474,0.16515324535040243
X-OO-X-XO,0.5473856161021479,-0.37149698007855836,0.5570574282018346,0.586856154949684,0.34535554497767107,0.4206424698511894,0.16604164291537793,0.46622425679226626,0.42422053030653184
X--OOX-XO,0.49073420850418525,0.4943243547258501,0.2326357907730956,0.4952491711312059,0.49136030681367193,0.504555811352714,1.3102795774912144,0.5041357798701567,0.5018299742964677
O-XX--O--,0.49694843264279437,0.06802578448368679,0.49427932745816644,0.503365056154039,0.0888731333258106,0.4317607518860649,0.5049532693862467,0.3903012145008379,0.2634678470515326
XO--OXXXO,0.5091660986343238,0.49955451458489625,0.7029196291687277,0.6373829988864094,0.5093211735956631,0.5021229706415853,0.490328450163415,0.5060848510759436,0.49857763738906247
XXO---OOX,0.40915196757449684,0.4237556694126405,0.48532546851658287,0.6425237551386831,0.6865935810355758,0.6321554212203286,0.5689664744496014,0.4376091768220841,0.5237910163429782
O---XO-XX,0.5072713912651177,0.02234462500895773,0.03689121987043398,1.201691837590579,0.4931205194449454,0.5036492274461035,-0.17040090762075433,0.49219021473431634,0.49975499120526784
OX-X-OXOX,0.49944952712788115,0.4930343763910128,1.5276352053835578,0.494772524870335,1.0078272052258543,0.509576867485227,0.497230226062418,0.49378677661250286,0.5082911837057761
O-OX-XOXX,0.5000328327701041,0.687237959472803,0.5079434062408578,0.5079571223715524,0.6475294563740372,0.5001419951313941,0.49889097071519484,0.5053793849456715,0.4936960318735458
-X--O--OX,0.6778432700813416,0.49409302367865293,1.0782970493688466,0.6353357632287661,0.5087017320411337,0.35210602934491353,0.38986553509511057,0.4975336034032518,0.49538044466854747
OO-O-XX-X,0.4886817116288909,0.537559862004475,0.6872343903642549,0.555558381618706,0.5557980536726944,0.47581275678657087,0.49309310879955087,0.5575484310018265,0.487826854422191
X--O-XXOO,0.565834331169048,0.6262920145197881,0.2604624961923122,0.41947235636956154,0.29052526293576253,0.49846066827415547,0.41026053738512913,0.44929723408631067,0.4019198581734759
-X-OOX-XO,0.67741535955868,0.544395705990152,0.6855664826724073,0.5317753770511741,0.4157897400292569,0.4410803379053843,0.686035334418936,0.4348530580346768,0.5158102524486254
-X-XO--O-,0.16324868064028586,0.5026572751634372,0.7027395428434251,0.5043349876076222,0.5006187488968775,0.6033379123424012,0.8795923619617749,0.4911467954792728,0.6951848391577122
XOXO-XX-O,0.4963012835763214,0.4958546852091848,0.49972190467691063,0.4969996576840428,0.05765524108132447,0.5041176096254177,0.5067773801784241,0.13848140703223943,0.49555804175794205
-OXXXO--O,0.43892037091779346,0.41315719553877134,0.5380503722269038,0.5796752939745713,0.5295221374328287,0.5680440400666,0.8041458687763338,0.6425940973973859,0.598081120516953
XOXXO---O,0.4944024654061241,0.5031129890539663,0.494515145027322,0.50805541757013,0.4931593191258254,0.4904924784035063,0.4945709931888208,0.6871458267252943,0.5083257527330123
OXOX---X-,0.5739051927288236,0.4270623025678623,0.5421972740969652,0.41406584190808876,0.6868059257717136,0.5632511015139079,1.2836733888372795,0.5329418886403713,0.699151601033311
OXX--OXXO,0.4916085590207379,0.49851085611140167,0.4981798689367361,0.06478143965903094,0.6872958313522287,0.5081142956658858,0.49452008153975163,0.5006715414883292,0.5039366832546931
XXOOXXOO-,0.5015107740456601,0.504697475153911,0.4913328692236996,0.5055268505481739,0.49792011866086994,0.507624882313035,0.49699146652728793,0.509634151902054,0.6872379594563114
X--OOX-X-,0.5009677194827379,0.7737534921368168,-0.019051624408810697,0.5025450675702615,0.503407927539515,0.4946419335084287,0.07904007194994278,0.5066005908251225,0.39547504195809224
OXOO-XXOX,0.5005693625322744,0.5003823337285446,0.49067188375024806,0.4900902020137952,0.958574940059506,0.4955470768291001,0.4947002029811147,0.5046843080171988,0.5048064440758989
-----XXO-,0.4709969348396041,0.4385149402120713,0.006855035853466918,0.1830761252701285,1.9193933147165776E-4,0.4968058230146551,0.5034968427714002,0.5027825178663574,0.08379716439233831
-OOXX-XOX,0.6872388785068312,0.49699510912596867,0.5014563148790744,0.5027704316514912,0.4935231936304817,0.5061463672128932,0.508950880981733,0.4914457699362069,0.5052364182879575
OXXX--OOX,0.49339079152831455,0.4908678404927521,0.5075846908409576,0.4987178191764092,0.5286547026141682,0.10099673690702365,0.506441029923297,0.49043896060473174,0.4938571052906693
O-XX--O-X,0.8665165097852855,0.2882635333424778,0.44858927563430095,0.49009214855615657,0.8719720717566317,0.17613858595666843,0.29619907479040153,0.13498846637912942,0.7277260919167091
OX--OXXO-,0.5086321206571117,0.4988324798668346,1.312228497145695,0.2383991992811425,0.5094317270725969,0.49095179086407303,0.49777097594550324,0.5067773324098727,0.6872379594563527
X-OX----O,0.5054544728410706,0.018011579317438797,0.5058509802133113,0.5035881891331205,0.2579236014568437,0.6872379594563026,0.8388551011825117,0.8545589520345149,0.50215171475909
-X--XX-OO,0.24380835901598913,0.40927106417038395,0.2681861120684992,1.0338245154652446,0.4197583969513058,0.4372091513052343,0.40003439482562475,0.4996418946233291,0.40278743132220096
XX-O-O-XO,0.4963758671638982,0.4925689925591476,0.6944537108801515,0.50996388647952,0.49322284972802505,0.4988432761927322,1.254702678941218,0.4909937149783543,0.4959472068247077
-X-OOX-X-,0.7886390883106006,0.49451505522139805,0.30540403817226114,0.5074799861382998,0.4911291393432478,0.5087775646041155,0.4904285927298127,0.49843032879734944,0.6311017208049575
---X-OX--,0.2279174485577371,0.1847086076021276,0.5490779785981436,0.49379307003673856,0.2035987518711861,0.49973599772673255,0.5048937948566186,0.06539303824576226,0.23061021268840037
X--XO-OOX,0.5030916290121347,0.6785124739591074,0.6872379594563112,0.5068368326269413,0.5090224122304731,0.6478185090948543,0.4998826065893347,0.5073490165523689,0.4988917325807259
OXOX---XO,0.5015112730053981,0.5053572836920412,0.4995864014799738,0.49695814937697796,0.6872338658557541,0.6872379610692718,0.015406985898235692,0.5015162883486877,0.4989201347500051
-OX-X-OXO,0.7232067167373174,0.47007790358075696,0.512848249542546,-0.3928800638340836,0.49597962230546144,-0.08650435056223149,0.5966794724353656,0.43667162427590334,0.484844748606869
XO---XOOX,0.5453301066178833,0.45264662456894367,0.40678353719268956,0.4570259497330003,0.6855664826724073,0.5796320082769973,0.5098458050748829,0.4480245600518196,0.42069722306166063
O---XO-X-,0.49443796219292896,0.6508225265400065,0.04226567629213762,0.011665203730044038,0.4963213025170448,0.5050854591031388,0.2938624533174995,0.49098102096427454,0.8250488310116524
XOXOX-OXO,0.5037309353793179,0.49106915340467744,0.4985986280693021,0.49345843556973523,0.4912154757098953,0.6944606353231225,0.4920361672393764,0.5060997957049136,0.49999585281077996
OXXX--OO-,0.4977337094493515,0.5018235349333908,0.49726262081081324,0.5003620130402492,0.12582836167567168,0.678190563597737,0.4960887876663734,0.4929918110688855,0.6868415711597411
OXOXO---X,0.504291988284967,0.4934325797752445,0.5032474871672413,0.49478217371724814,0.4958697886720155,0.6778115925022093,0.6872379594563112,0.6011456246039848,0.49486549030089033
-X-XO--OX,0.4923827764882044,0.49627129835828643,0.6427443327210717,0.5032857102064444,0.5026090440017829,0.4323221769109746,0.5011558323932865,0.5000520151498251,0.5075318001915436
-XOX-X-O-,-0.6273326921504254,0.4929435066462016,0.5026288537308384,0.4972534290643095,0.7557470731416238,0.5047125819255884,0.37351297184268517,0.5013906900125864,0.06348959177161145
-O-OXX---,0.6889305215943328,0.5038808890962876,0.4995895785626259,0.507900520921848,0.49295569713561965,0.49996150529724037,0.6285656184224488,0.03824997664555263,0.4901109403338597
XOXXO-O-X,0.49548795834402465,0.49742477138304825,0.4907535789923299,0.49657253128471884,0.5038244150655541,0.16366831325224857,0.5031937902582496,0.6872415832122833,0.49406077948249827
X-OX-----,0.49832760759793826,0.11971864387678349,0.5089284414720607,0.5015171875179427,0.484284202689296,0.4561074674371075,-0.134928736370594,0.052601979120435516,0.21005503480541238
-----XXOO,0.69460264017858,0.5289216481491188,0.05618629501275363,0.02323250140541866,0.6860524807205756,0.44267886238296134,0.4470758652952423,0.45920336993904,0.4071496447952493
O-O--XX-X,0.09017436347113539,0.4452727386933323,0.6897507620833411,-0.68746301774369,0.5804254399582036,0.1554599927283863,0.4898358695302062,0.4624794344790365,0.7008822023222758
OXOX--OXX,0.49515253102150825,0.4927802911063056,0.49045047767663646,0.49005544676596635,0.6872190608967629,-0.3197914355265321,0.5056706713761799,0.493442210805867,0.5078532444408463
-OXXXOO-X,0.48616783615527187,0.5068923166124915,0.5067312147550203,0.5079046708958471,0.50511943580922,0.49112167120323746,0.5070329815369072,0.5356745724625896,0.5084434531607402
X--XO--OX,0.5044914345881325,0.6872548210656273,0.272243660004525,0.5071913532586465,0.5086991197310353,0.5992354660704254,0.0581960371011776,0.49683950088437656,0.5091467420837745
--OO-XX--,0.011721057213955333,0.8013441150683099,0.43593754394455253,0.5380851345646072,0.49681971687441107,0.4908292068255608,0.46746245240131046,-0.29788382879906883,0.178652464058279
-OX-X-OX-,0.4979095758104779,0.49343164716831506,0.4940823889033077,0.6054705274444983,0.5040831807103137,0.2709000204804017,0.5090224948656289,0.509914021865022,0.19857177647487023
-X-OOXXO-,0.10939368258325655,0.49257881920567614,0.4343876176909556,0.4984620407440334,0.4917778455147011,0.4973452367760181,0.5020718105236887,0.4933687839334563,0.5846755829116983
OOXXX--XO,0.5035786946156003,0.5028276831573127,0.509838305868076,0.50338902893993,0.5078388423062886,1.2408325587303057,0.9236740536678134,0.49291550685846913,0.5000199242463159
XOX--O-OX,0.14315727192990246,0.757320322422488,0.3016779661103559,0.5851029823640989,0.6872447163681686,0.7428570080032004,0.1942878364772842,0.5355525208439111,0.6749999559735602
OX--OX-X-,0.5024540096794313,0.5042205207722739,0.5039270486210493,0.5003351324741336,0.49727538748835015,0.4942534849658611,0.6780011250584088,0.5095919259941479,0.6872387384480383
OXO-XX---,0.4911984273507393,0.509578297290363,0.4984674051033808,0.6631272028183799,0.501270462959545,0.493069816276549,0.5433581787591418,0.13307734721146003,1.3832624020408466
O-OX-X-X-,0.48125880215085426,0.6513501383002744,0.40713648983024375,0.5718989674561447,0.6871803039970448,0.40360050490666655,0.559771212262859,0.41093834440400157,0.5150996173224344
XX-O-OOXX,0.49735060473931675,0.5019542895962207,0.013079099024366547,0.5064561961220739,0.6872340012682299,0.4974915629146113,0.5035640985631358,0.49652606295140084,0.5085609526528067
-O---X-OX,0.6905963102324866,0.49760813914277907,0.2713648241340627,0.49188923663330214,0.6868197886500814,0.5038012467850249,0.3237569464787405,0.5051167336970845,0.5074686465810664
X--XO--O-,0.49115187753288353,0.6872379594563094,0.6407017912242612,0.5093325021840667,0.49140139742787614,0.10341809458800622,0.6865893215562321,0.506131669025595,0.32785790423017136
XOXOX-OX-,0.5069384133029786,0.5010286747981961,0.5006419917286042,0.4984749103304471,0.509880836453901,0.10638403903606691,0.4942883769866405,0.497071776112738,0.8820904286488844
--OO-XX-X,0.07309278254477136,1.2458760572738021,0.4999137566214499,0.5033246051664803,0.7341819637637497,0.5063093336300868,0.49080926693470645,0.47557982766029455,0.4980698217421651
-XOX-X-OO,0.46969342872075287,0.5808591852326855,0.4235676012207516,0.597739897601477,0.5710613785445168,0.4485807518252385,0.6868785765925925,0.5260898928481252,0.4405568816457166
OX-X-OXO-,1.0863673701198189,1.355627842902544,-0.06452785479257461,1.9682416165370022,0.022581929845825133,1.1363850141459664,0.7076692347299268,1.59604084233854,0.6868785765925925
O---XOOXX,0.4904374668605562,0.6868108526228288,0.5074636011656087,0.6872578523973438,0.5004360725636049,0.5018217040103583,0.5068862603229093,0.4967599340392431,0.4902380585015511
X--OOXOXX,0.5004013496027706,-0.11535570857554744,0.6872370901349129,0.5043761516911722,0.5049963619258889,0.5017128305835631,0.5085822794102892,0.49841232381074746,0.49510381228451006
XX-O-O-X-,0.4943780898734551,0.5053310325018181,1.1029359969568464,0.49986794378827054,0.6872962010784166,0.4998722665382075,0.1711214768317426,0.4957990183261096,0.30487993955721526
-X----X-O,0.6881394261053435,0.5053530825385986,0.03253315123072775,0.09256248251768678,0.8055805887913011,0.2852834687447008,0.49426066646235073,0.5457495203941043,0.5002915292277645
---OOXXOX,0.223948678707805,0.6872379594563112,0.6438520846499591,0.506787284022863,0.4954985195952958,0.4983339089206621,0.49402980130337915,0.5071247877390066,0.4946232513900067
OXO-XX--O,0.5088495152914603,0.49222135777675957,0.5007025319511066,0.5077324998848021,0.5037022191143387,0.496918896840405,0.0986395259268722,-0.39858566921873484,0.4993833474996379
XOXXO----,0.5093131277001828,0.49493608843027054,0.506065064650145,0.5085383777303887,0.50093898199348,0.8944136724275583,0.8035659364431144,0.6872379162619353,0.00826395313572803
-O-OXX--X,0.6882659431947381,0.42023242293400126,0.1906947727761117,0.446333309087014,0.5312685617759499,0.49370958368805584,0.06923885917750294,0.5114234398680451,0.505293628664898
XX----OXO,0.5008079320269487,0.49798294574703994,0.1449443414042324,1.3563563385338913,0.6978702441113852,0.579844776188878,0.5077787245573312,0.49121618180655113,0.5086760997802245
-OXXXO---,0.473389243593292,0.4914473308860236,0.5065595153027991,0.4941056581698227,0.4992349016601343,0.49850016299638494,0.06319875223571347,0.35414464513825905,0.31176001756828065
O-O--XX--,0.49663961033227666,0.6872379594563112,0.5068680703550248,0.49591876741161756,0.6872379594563112,0.49420457580986465,0.5023351654541065,0.314253959803916,0.4602216122138221
X-OO-XOX-,0.49671202254116453,0.5145702630706039,0.496227155548259,0.5020260194274744,0.6871435183006742,0.49115879292358944,0.5028218825720053,0.4930370673089437,0.6846514003248021
O-XX-----,0.5071938030842102,0.138498634030774,0.4948447189143227,0.49513413358894237,0.0986447938995495,0.16485953174220808,0.6562103438613371,0.4676131469714921,0.013779720946650198
O-OX-X-XO,0.48372483508541037,0.6870097113590855,0.4945939760716052,0.4691546148136754,0.6871638130187255,0.5675275613341649,1.3977463384630358,0.5097815929552687,0.4039423515770819
O--XX-X-O,0.5579877848338088,0.4495329199926359,0.04151754694304999,0.4482631127637432,0.446175204577717,0.5732904656119726,0.4788276172288929,0.4081095260935232,0.44003518081692294
-X-----O-,0.6775847929736803,0.5093219288896794,0.14028710679246836,0.24471795778409838,0.7307170491954609,0.687982007250053,0.5333238385586362,0.49881074364921085,0.5818216294098378
OOXX-XX-O,0.5098990826964793,0.49293536671995336,0.5068324341481844,0.4989353652286367,0.6872381569987849,0.4910496784877643,0.5031112972515408,0.07737188353893132,0.4983398053352088
-X-XO-XO-,-0.5816829403223249,0.5260879014621693,0.48142091733109865,0.5711694416988993,0.447330672862321,0.21411254462323087,0.4037743030201534,0.41468638975473326,0.02053915313160315
OOX---XXO,0.4960049108515012,0.5044040965577984,0.49954246637713867,0.30010047672003864,0.6872379590277256,0.3542653945107872,0.49429695587295797,0.5008815936894009,0.5089023122975462
OO--XXO-X,0.5020867415121283,0.5041607713065888,0.6887868277746619,0.49581683818740835,0.5052754192659507,0.496852169178957,0.5096915191654598,0.6649197979515524,0.5010915817501782
-XXO--O-X,0.687241309244018,0.32010850272422864,0.780267235794176,0.5014461760574798,0.33077839659641173,-0.9434350872188082,0.013082933277168363,0.29696354831351846,0.004665569538892411
O-O-X--XX,0.4986528980495286,0.6872379609724697,0.504382233571234,0.2766127977406363,0.4927981576448244,0.2892227619428218,0.5032037854019775,0.5044159954840524,0.4963888062145984
OX-X-O-X-,0.4924846562809315,0.5087214921735899,-0.25469411764409877,0.5094679484627291,0.3731657981740062,0.5042444361600968,0.32934020337231373,0.5047991639097368,0.19943093759812003
O-X-X--O-,0.49729410713776206,0.03226812448155747,0.49519095558135956,1.2572445529591667,0.49505325051098636,0.05854884033341534,0.6872566535590359,0.5092692900007307,0.19078004486421352
-XO------,0.6850445147026639,0.49962921769087415,0.4984495449206876,0.11393437918332816,0.6780111526260495,0.39806845848935607,0.02648111836170841,0.1117111362110037,0.6863645120570614
O--XX---O,0.4981165509064661,0.41202771492325946,0.6868257692757265,0.4987881547017737,0.5092208947777851,1.1024196839413851,0.6157363908106949,0.2390370269511567,0.4925983465574351
-XOXOXXOO,0.6872379594563112,0.490011571455156,0.503026880234014,0.5031378520455042,0.4961383102772059,0.49983093306212456,0.49664884238716145,0.4990694408506075,0.4984522811295953
--OXOX--X,0.6848038803632425,0.6872379590262511,0.5058227605637404,0.5038993775815874,0.5092035075140778,0.5080292787868432,0.6853401227046028,0.6872518447290846,0.5078888622046919
XXO-OX-XO,0.5481329446081258,0.46845459089758873,0.49843085284814226,0.3497641296336659,0.5242128072664989,0.5527921704749554,0.6872379309440867,0.4571494814824182,0.5496443634182693
XOX--OXO-,0.5812982641728383,0.2075807407387103,0.14775361634883022,0.7275461960852074,0.6182981511175818,0.238474803416927,2.0170843991106064,1.5139392706895187,0.4720023677960782
XOXXO-O--,0.5668656415505426,0.49198295940097314,0.5968759432068267,0.5520267293614076,0.4504615852110294,0.1620215654042617,0.4290728735046043,0.6872379593446479,0.6979415780972565
XO-OXX--O,0.4547551550517689,0.4105529431351771,0.5559672014072472,0.5846167007523215,0.5684447417434506,0.553014827240589,0.6639749100303128,0.35971344252495585,0.5512870564677699
O-X-X--OX,0.499746404601187,0.26375042028923196,0.49539198636900955,0.17296996324123293,0.5088270439793273,0.32471090439382544,0.7511205797059586,0.4976615720808028,0.5024861844938016
XOX--OXOX,0.2945680594713135,1.7259517602854304,0.6135460779737312,0.420491417581191,0.6513501383002744,0.6347125789898077,1.2668688695074293,1.7747432291381409,1.2199015266930608
-X-XO-XOO,0.49467162782762236,0.5076200044514825,-0.1747256601961511,0.4951126895124669,0.5008858999186143,0.014823110989721722,0.49064765346332334,0.4956821146677608,0.4907819806625476
--XO-OXOX,0.691179955521005,0.5043777107686916,0.4966308699494869,0.49126243430744154,0.687218051953057,0.49627219744215756,0.5065135651625958,0.4919564643182401,0.4908891501958215
-XXXOX-OO,0.6872381251804497,0.4938673077016527,0.4916066861730614,0.5098742807890425,0.5028105822591786,0.5004311486126976,0.6868046354066848,0.4979828614203859,0.5013590408921139
O-O-X--X-,0.5012589629046722,0.6872379594563112,0.5014784066341826,0.07247460738336925,0.49956235991105774,0.8204368744407563,0.3771329275365565,0.50956747435359,0.7840220658759417
OX-X-O-XO,0.5064085018730159,0.5026962421548666,0.6476154065975289,0.4978805705260739,0.6892421596514203,0.4951193811743227,0.22414058414101734,0.5021274162150022,0.49073741985509883
-X-----OX,0.18917694902482934,0.4984808287012474,1.2846558882226256,0.04843816316559113,0.3553619136613332,0.31468072082578263,0.1437013432178963,0.5044746825379772,0.5052279741365749
-OXOX--OX,0.4708500825758604,0.37489745389271556,0.667291936895919,0.2568037960569206,0.649423606284473,0.21378366082809402,0.050294172443030694,0.46626166505209876,0.4076279836889357
XOO--OXX-,0.49666364068335644,0.49820676551484727,0.5053736334348813,0.9108799584466305,0.5063897206392153,0.4911886792098748,0.5036159551231699,0.5094974518039435,0.6873156036681
-O-XXOXXO,0.8274782193188204,0.4260843275732616,0.68716070780659,0.5702557443267794,0.46762711263383516,0.5608496772222947,0.5683723670524282,0.5248449988582071,0.4541118015513757
-X--XXOO-,0.49303000662298135,0.49272185636577515,0.41970341924767424,0.13230353547632412,0.5083193024212564,0.4994940660613018,0.50945746792385,0.49438361450999974,0.6437675131381819
-XOXOXXO-,0.7388119188349467,0.5070637239427666,0.5034692153826575,0.49987913475084783,0.5015721535398135,0.4978265873319509,0.4911381122789813,0.4953028194231505,1.2162445591417008
XOXXXO-O-,0.4995875004963127,0.49216916435316077,0.5049479664158986,0.4914518278011668,0.4971432876816591,0.4948420374718522,-0.012702483215516147,0.5050124235901907,-0.16080386323537965
XO-XOO--X,0.5042625571589937,0.5080572772852273,0.49060738964772815,0.49585436297893565,0.4926717604178716,0.5040998498181234,0.6872386697859963,0.687148209740258,0.5080511136887935
---OXOXXO,0.7013092664449339,0.32300667019733253,0.6872340447322484,0.49701090670300707,0.5024619620519257,0.4989814653980042,0.4976966496986936,0.4987513266768103,0.5070065795187916
-XO-----X,0.3077964077509424,0.49056777164176885,0.5038876584579243,0.3534455561396954,0.27794975182096227,0.34965075279016977,0.15628007759547902,0.932255506831833,0.4928207327170862
-XXO--O--,0.6873023864398522,0.1264978806915975,0.005692737521727165,0.9102185342539907,0.6872652356568724,0.6715151256402098,0.9234703337107002,0.29530900125877113,0.3538972410121676
XOO-X-XXO,0.49145334303171834,0.4987644816213496,0.5010696979617253,0.11845789126696116,0.5068854327806119,0.6851987093310978,0.49328126417666834,0.49692219279847616,0.49150193332577946
-XO---O-X,0.47564326675273727,0.508738483880401,0.49096450097095923,0.18317279668480935,0.6872379594522641,0.3928301924061251,0.5048851628353396,0.3419428077991785,0.4945811939932653
OX--OXXOX,0.4515563188379764,0.5285665207842886,1.2694706577873598,0.13830530198650048,0.5502136010401693,0.5832096941953553,0.5124300814381484,0.5380220921098136,0.4996476362778256
OXOX--X--,0.4954859523164347,0.4911749468585936,0.5036196032672886,0.5054067952114393,0.6433687400290459,0.08339402170889759,0.4972198518905511,0.45004803017563655,0.6853943266829717
-X----OOX,0.494844680927225,0.4925841796684967,0.6866642627603831,0.6852341439723829,0.4984509381473111,1.2829505479060632,0.5049391512652215,0.4951111653193298,0.5086300760166649
--OXOX---,0.68723776085078,0.16334944932018264,0.49420932670713236,0.498932352344729,0.5074705203428599,0.49720035537410007,0.6872379594563112,0.687237761016022,0.6456985853221543
-OXX-OXOX,0.05945996735743991,0.49646721541569494,0.4901762759911884,0.5087724505854366,0.687238730474557,0.4903282133320074,0.5011963268556259,0.4959413280291631,0.5018351892581798
XOXXXOOO-,0.493369034966195,0.5011446096097327,0.5029581438231759,0.49699422425850287,0.4984465052267171,0.5066285779030606,0.4963186341856252,0.5099270926591072,0.6872379594570067
---OXOXX-,0.610042816094162,0.7364454016527526,0.45552557492540474,0.4720364726857753,0.5902114395051513,0.5115749383778807,0.49717441183089167,0.5778042086421576,0.5728930570255166
X--O--XOX,0.5007493688593936,0.7249894699558016,-0.28627119638530174,0.499071034145077,0.7249786440642835,0.15213909762322436,0.49291279367657503,0.5082271893850602,0.5096352063718527
XX--O--XO,0.5010120702737151,0.4912238920709381,0.6842799137092506,0.504213582401559,0.5047483403603992,0.15646849917718764,0.7714977742484106,0.4980772423311394,0.4990925782863445
--OXXO-OX,1.723239628716542,0.21384594544992508,0.49893771726654856,0.5017493871212318,0.49262627306174583,0.5042275880595206,0.34549553597981775,0.4956763389488146,0.5086130486066168
X----O--X,0.5012334879147085,0.4024440544178758,1.0409332605120913,0.2762980060502933,0.0853638247856312,0.498602392993812,0.702617420432078,0.45389159999046774,0.5078435235197536
-X-O-O--X,0.6872129221500499,0.4370546895252667,0.5210612170467355,0.5321706284098167,0.6872374851466398,0.5211202881432877,0.6736500213025429,0.11748480953525725,0.541426151979561
OX-X-OOXX,0.4665169187358131,0.5559367697546765,0.13237485212578337,0.4511616600959989,0.9281660435492989,0.5999165933579517,0.4697889966587522,0.4381871374546267,0.5707475914129873
---XO--OX,0.4630941948250226,0.6872379172345002,0.6871482330267217,0.491236695993294,0.5024786800545574,1.3494553741059656,0.5897653694751587,0.5064959575256723,0.5072599123735069
-OXX-OXO-,0.6962111373805776,0.7161662950856146,0.3219372678156026,0.2863778923083403,0.6794728163555717,0.4260506933563105,0.8455208296770701,0.1700269194905466,0.3393759474597372
OXOX--X-O,0.5058548673448457,0.5048111142301653,0.4961237521431262,0.49093019420672096,0.49946211801786294,0.6872379594563112,0.5078855594474319,0.6872379594563112,0.493101725605958
OXXX----O,0.49979581595862926,0.5031224817095514,0.4946373128105968,0.5091638844430639,0.685302487073218,0.34224850272147045,0.6186194524015458,0.6872437388391979,0.4976321399432794
OO-O-X-XX,0.41656694629212054,0.06800036828887868,0.6875835480950775,0.2385064101565919,0.38959310891439436,0.15289503522906445,0.6222221448256782,0.4108911930618858,0.2991203562756358
XX--O-XO-,0.5044689288033039,0.49178868944935134,0.1297784375412263,0.6987801143464735,0.5008182871402769,0.5658796752047975,0.4902231971176546,0.5033969066852109,0.5148818088407606
O-O-X-OXX,0.5096278815188003,0.6868348424683626,0.49039415543952347,0.687237968582781,0.5018928734606782,0.4416319979855451,0.49738599719795207,0.5022617824848581,0.5035700378070475
O--XX----,0.5082028105071268,0.2119213181092512,0.3266089685200203,0.5023571905245671,0.496779719111086,0.27669110697176913,1.091700512389894,0.13557167954860289,0.01036925841698949
-O-XOXXXO,0.6872379518382784,0.4565976856004114,0.4530350083292609,0.4465704927483264,0.560054887763367,0.5229510056255123,0.5848543481892783,0.44740473500231476,0.5693303377215342
OO-XO-X-X,0.524041791711926,0.4783060202866498,0.6872379594563112,0.5793922355084165,0.4866484387202503,0.027437527554207586,0.4959793467718183,0.6731820327418961,0.5533017852079174
X----XXOO,0.15025088938512798,1.226616320212281,0.17379746819930342,0.4777947467232089,0.8044928057258451,0.9700229979073528,0.8521001602546284,0.9857935735603769,0.8846268797909489
-OX-OOX-X,0.1653010353548522,0.07306048173237734,0.2371364179549048,0.6513501383002744,0.4110822177315463,0.5264050449335415,0.6396660599174882,0.6874428958669222,0.710229647153795
XO-OXX---,0.49753710405115537,0.5094607495284031,0.021977347144837123,0.49756473519831,0.49985358094990595,0.5041605322765058,0.6064531136490068,0.06538036535931735,0.2598982770669672
O-OX-XOX-,0.8703294076660697,0.21966610205402914,0.27543474337302787,0.9853738540747542,0.6872379595356676,0.03538574286312912,0.2765597868801368,0.41149671404649857,0.8247418458567788
XXOX-O---,0.5055659030036388,0.5014703345530214,0.49123782260194704,0.5051766287577205,0.47683440213696404,0.49996662521110197,0.6443572031135831,0.5029908077230854,0.6872371032514721
XX-XXOO-O,0.5007486299724161,0.49895837979725655,0.6872381569987849,0.503958082288265,0.49591967473956416,0.49875839046411163,0.5070412915659251,0.6872188859196896,0.5037751769319012
X-OO-XX-O,0.4140392391745113,-0.001255256871382282,0.5441485781116706,0.48425114216366516,0.25427014540131776,0.42781787507320573,0.5325683738221666,0.1185219531444639,0.5773165410037864
--X-XO--O,0.2127547360321677,0.007331211267494586,0.5082036821538174,0.5044111660945397,0.4980398548982668,0.4980697536882244,0.5052248327844066,0.320634439776633,0.507802628450647
--XX-XO-O,0.21243370789340188,0.497391733513732,0.5043012143066683,0.49191431878748926,0.6781077203422443,0.5025501757180391,0.5096602012062869,0.6872336589061395,0.5063024149207292
X----O---,0.4984277483888819,0.14905013964504554,0.051487138524820175,0.05170518655336814,0.6872457124222381,0.4968647443280805,0.27652657219171606,0.2505529763522659,-0.013162394044646364
-OO-X--X-,0.6872379594726534,0.5006563265985868,0.5001500155313572,0.34656795785920236,0.4910185129657787,0.8128755123958168,0.6897124702383106,0.5066741481784772,0.7251213978052595
X--O--XO-,0.4938128005747941,0.14694994043066312,0.07547307595460295,0.494202023269865,0.740215327694101,0.33298964880711884,0.5022058278066882,0.49641272729970354,-0.38217604627437396
O---OXOXX,0.5005247289284573,0.6856299207742105,0.6780204583961318,0.6872184526856059,0.5063882100148209,0.49770111684982044,0.49053226087050317,0.5033914316637221,0.5060898888935557
XOX--OOXX,0.49519923857801956,0.5026792753597024,0.4944921300560223,0.2025122501121499,0.6554692157278582,0.5098519316031794,0.4943482253850485,0.49068600429731957,0.4945070973957804
--OO-X--X,0.6865519008696861,0.68753244852108,0.493337898154665,0.5098027130740066,0.7042402219962381,0.4957558135378978,0.6872365210708241,0.8620234330483225,0.507802498104783
--O--OXX-,0.6441244520849997,0.3795610758831877,0.4948148645192621,1.0869280801739754,0.6862114448481536,0.5017433315434369,0.4930660622396913,0.4949949001101298,0.6872379176283989
-OX-X--O-,0.28577180638940136,0.5000888651227143,0.5085796122709286,0.6223234964134562,0.5018152287252288,0.3262213804873847,0.11789230511301568,0.5060704052063375,0.12886073552103472
XOX--O-X-,0.5208621374479724,0.5306760685304889,0.5310687302199634,1.4774024192418955,0.6264924215345955,0.44038233494478807,1.356262562413864,0.5878156623294403,0.43045215320496877
-OOXX-XXO,0.6872415465586711,0.4964125544056309,0.4923813232052818,0.4974074857831407,0.49370955525190097,0.6853771668270296,0.506198569088371,0.5015872898161706,0.4974605249928629
-O---XX-O,0.6684210029483035,0.5058789292000256,0.5070364829949435,0.6467735368446201,0.6470964232993669,0.49832051540181027,0.5040600543258916,0.5051997077134179,0.49450811698190544
O-O-X-XOX,0.42799135925869924,0.6872379594400508,0.4714579116749099,-0.21491971627215534,0.492346904919799,0.5255402574872603,0.5461071222499285,0.5384525464139001,0.5360419794711512
OX-X-OOX-,0.4388493389634646,0.43895707605606626,0.4500940645084492,0.47484210882866823,0.6855664826724073,0.5737060160934164,0.5013981131735115,0.5089674393668858,0.7212755264507302
-OX-X-OOX,0.07469295894014882,0.44424217547704525,0.5129691804276517,-0.046879648378215344,0.5411801583365838,1.271614469177838,0.5361447808618205,0.48199395889772984,0.5807730762261732
-X-OX---O,0.47677644916283113,0.4959035338106176,0.24709861061005622,0.5074816710676209,0.4980899050056787,0.4328030106774686,0.4044546584959965,0.6871472781337623,0.5075310365242544
XOOXO---X,0.4960143160495446,0.49053512390915865,0.5075267224846176,0.4946557162189419,0.4913584965637556,0.5071154775031926,0.6872386697859963,0.6871520459344719,0.4931003352240962
-OXOX-OX-,0.6464369604974254,0.5091561804866459,0.49755866307376645,0.4927519102714549,0.49666951859630293,1.1525207863301605,0.5003055902136886,0.4917211820560029,0.4987102287845692
-X----OX-,0.687504098592772,0.49828315644064197,0.40255965618966816,0.04180481411959319,0.6848457283003416,0.25269033512928785,0.49426258748752583,0.506714255812728,0.6296521239477672
X--O---XO,0.5036950415772344,0.12170773822488734,1.0281266865951926,0.5089724099041503,1.2003907551250572,0.19844005231660905,0.09134536118597092,0.5062874137326657,0.5006466105222527
X----OO-X,0.4933973455605761,0.03538557936084952,0.8133322600532154,0.6830547670921361,0.6872379593642984,0.49644343427810106,0.49573086487353113,0.5494650282466025,0.4972070135090364
O-----X--,0.5018320195214879,0.7250555981993387,0.7106173847557263,0.1633672939752085,0.12419744637267066,0.009231849021560268,0.5084648094811612,0.6878077126674331,0.040722119293042036
-OO-X--XX,0.6872379466462167,0.4003242559075991,0.5357376077218626,0.6623947287476878,0.47219511310087825,0.3037646296675368,0.12851788004038023,0.48822377169054154,0.4631459061144637
-O---XX--,0.09207694601759386,0.5089385385391157,0.6872379908804004,0.8595478776841972,0.003530840286978587,0.492740711614219,0.4964533477312477,0.7426489838242137,0.5289892344537791
XO--XOXXO,0.5069714856684838,0.4962812245359927,0.6872379858073344,0.5201640395590206,0.49000062197145017,0.4935996867981653,0.4935218997894296,0.4911715319786716,0.4918959329751434
-O--OX--X,0.06442869375427096,0.4964065221249909,0.6872379594563454,0.07714616330236768,0.4968982411262525,0.49675424571907484,0.04122210216592581,0.6872379180630674,0.49770466562877663
-XX--XO-O,0.6868134796149761,0.5067259882539253,0.4984419247155568,0.3037473315553294,0.41523470118599426,0.4972244792307996,0.4970517545916114,0.6872386697859963,0.5087925378963151
XOX--O-XO,0.49636317560103643,0.4057784781222644,0.4871811297847819,0.685625546659083,-0.11106270067301494,0.5809705360998867,0.5124973964842103,0.43015514699412083,0.4904038037544951
XXO-OXXO-,0.4954569140259771,0.5092656126926967,0.49878783995701487,0.5751610334140596,0.49442568585323327,0.49868261162915245,0.5051668721673935,0.49295316777230463,0.026566293042286637
X-X-XOOO-,0.4937911912753808,1.0437889707318835,0.5025931220679439,0.8794999488075927,0.4911600745235568,0.5003762152113898,0.4949875741493114,0.4943376470030243,0.6965787141725782
XXOX-OO-X,0.4981691844243093,0.5009730156694233,0.49562107660574367,0.4984889981085041,0.6872379669608523,0.4950666712814191,0.49574200989243833,0.1044116855971346,0.4987442065825137
-X-XO--XO,0.6868141563467869,0.5044565164936037,0.6872422352678528,0.49626264226254524,0.5048464954577002,0.7096411550534615,0.7182026328479267,0.5020719640805879,0.4958313000660256
X-X--XO-O,0.5058603700347604,0.5038828072237369,0.4977520184856331,0.0937027044145754,0.4244216040617833,0.4908642553210218,0.4993335315400776,0.687316314545648,0.49920534176787734
XOXXXO-OO,0.5022214252923296,0.5011472183040486,0.49644028023283754,0.5068356261031108,0.5005093704116136,0.5053329162384694,0.6872379594570661,0.49734921910197877,0.5002459212368381
-OO-X-OXX,0.668878684518009,0.5337855640357048,0.06751317978147908,0.20752993649563856,0.0099214520219717,0.008302618918560656,0.7589611784910171,0.9117310302712102,0.28584232745714433
-XOO----X,0.5081272852960623,0.4999713341754006,0.5041951584321382,0.5036599377427816,0.6151082747312688,0.10896327368481895,0.4900396782505066,0.6867277664600719,0.49044635102112977
XOOO-X--X,0.49944740413632976,0.49496971080941526,0.49398276856385226,0.5024222062340565,0.6944537108801515,0.5072089083240273,0.13496567468540444,0.6662067300532056,0.4989018023631948
XX--O-OX-,0.496213817414555,0.5042545790978571,0.6779683193040009,0.53326627451348,0.5015752932445329,0.7058508207884895,0.49414698928532164,0.5080619867573882,0.49451056184656716
XOXX----O,0.574657107030173,0.41485805626310346,0.5475066263474578,0.5133878890964594,0.5933958464467884,0.5549373169239616,0.4021193512951065,0.5803039375211145,0.5974901982372692
X--O---X-,0.5050656354142288,0.0045992882167600335,1.1145300134088045,0.4960483360495969,0.5792762223325479,0.704277566545274,0.21016290458867537,0.4930762509098229,0.5992995828003839
--XO-OXX-,1.2537669093889576,0.07534007098971873,0.5073364327327431,0.4943874020573984,0.6872379606785978,0.5041362811184926,0.507005967704742,0.5089956625756912,0.13683986481684818
XOX-X-OXO,0.49365260992380156,0.5038998807943365,0.4904882627699846,0.5163200990054052,0.5030020312537015,0.4009427165223643,0.4983516768980391,0.4956425139523238,0.5040895995318806
--O-X-XXO,0.48059060736097825,0.45524091276451634,0.4984375877042219,0.3725904672267456,0.49102920041939263,0.6872193712580752,0.5061480321316643,0.5098325836926784,0.4979356714201788
---X-O---,0.06566265821248163,0.4787839684767018,0.6872742131719543,0.5046834710077166,0.7047791253120899,0.5031844402216277,0.2149344991221901,0.6465561157434838,0.6872217980818649
O-X-X-OOX,0.4990611439893149,0.7169130369426275,0.4945627620218439,0.6873094920163073,0.5077371270000935,0.2839219756411756,0.49721749076448274,0.5027463520376036,0.49570081717120495
O-----X-X,0.49494200961033785,0.29313427285177296,0.1301641298472005,-0.3705672553177024,0.05942951644636918,0.6434730860983382,0.4917453419418328,0.12373273627497905,0.49630434079493263
O--OXXX-O,0.4995722708496051,0.6296046989090327,0.11949452852990028,0.5072735716211232,0.5042496985051067,0.5069945874239498,0.4963131336980167,0.013463890831200698,0.5035047353484231
O-OX-X-OX,0.4693246600638587,0.687034349946615,0.4552357788346353,0.5135992022961491,0.68716070780659,0.42300961460879455,0.244987024771191,0.5453122587527914,0.4580932431998536
OXXXOXOO-,0.5012463965090367,0.505449444871687,0.4924695376734306,0.4910332154057363,0.5061934972735931,0.4976694156957815,0.5095758035361369,0.5052873288926935,0.6872379614179722
O-XOXO--X,0.5005704545633408,0.12483040011196772,0.49199305294928025,0.5036875778202619,0.4943135203602644,0.5044134902981633,0.6868320843673564,0.41727482642461355,0.4918869828669836
XX-OX-OO-,0.5041527274017197,0.503395901115817,0.6938555024604671,0.49754309898268095,0.5000826240413673,0.4349565557135169,0.5077229293453209,0.49149524022066965,0.6872184392954729
---X-O--X,0.19311204990918773,0.07785466585228978,0.036543525640130636,0.4944882836362851,0.00574124682614835,0.4942980748938659,0.09255365331329812,0.1907504870678764,0.4908039937860519
XX--O-OXO,0.5061762403708701,0.5089873401311356,0.6872381268969321,0.5050456051821043,0.5084517893995831,0.8840271418685847,0.4968852789802504,0.49389219997567246,0.49165397989354775
XXO-OXXOO,0.5068378030687695,0.5008329054041062,0.5049602474773048,0.5,0.5062683990044061,0.5019213299206676,0.5010539563384802,0.4926858928307877,0.5020450384557043
-XXOXOOOX,0.6872379597821971,0.49661967817442837,0.4952501389173528,0.4930512438766678,0.4984962906290234,0.49031084151812576,0.5021002398464115,0.4976293152186721,0.49660405453017764
XXOXX-O-O,0.49744121863279517,0.4948659399665146,0.5060985988175072,0.5000287481444468,0.504553308286672,0.6784023288428923,0.4983433624054363,0.6872422352678528,0.4941691428190297
OXOXO-X--,0.49918677325192035,0.4947668449245782,0.4914159385147731,0.5050699700330491,0.4962430800592253,0.6489257424666917,0.49591328775619925,0.3243746131534274,0.6872379594563112
O--OXXX--,0.5651942681283554,0.17290626211810867,1.1895418736795111,0.40565880687317946,0.5478362976253202,0.47443254764800563,0.5899486699203063,0.39166304398121,0.6167914062692549
XO--OX-X-,0.5037124386030731,0.5028914906647592,0.49053955322428144,0.032007793849961774,0.5039920612573567,0.49800200531894523,0.6900948047101849,0.4947623378737751,0.3218299203934154
OOXXOOXX-,0.5081237390266389,0.4946956864531649,0.5047065870967703,0.5079704063946144,0.5095026170166729,0.5050311601335787,0.507723891734056,0.4921737650168178,0.6872379594563112
--OXXOXO-,0.6872379614179722,0.41308290274447135,0.5014872149274487,0.49444239618814545,0.5049145964853314,0.4937488506445558,0.4990959852257044,0.5001733574838376,0.5006724536188273
OX--X-O-X,0.5804264033901434,0.4577503464781441,0.30211851344698426,0.6872379240140314,0.42326942808514845,0.6779180352561677,0.4598666094985103,0.5009832193351009,0.550758213199364
O--O--X-X,0.5976455011664269,0.07931664185320453,0.5015142121899646,0.5984690268067332,0.09454561470578926,0.7100939371900559,0.41355865602267783,0.6780167176545467,0.4623154575076973
XXO-OX-OX,0.4909462730992949,0.49181419035453255,0.5089862456870115,0.09050905369473822,0.5033858365275671,0.5046530605005662,0.6872370272406053,0.496566581082736,0.4987621137964039
-O--XO-X-,0.6853962767377118,0.5034994932279542,0.21986929545005768,0.8574332774324405,0.5020738635260583,0.49306173435343553,0.6779576428516658,0.5072269915788032,0.8409001109631962
X--O--OXX,0.8086699703403324,0.07814867194359654,0.0646150875958974,0.08522676841144472,0.6649240310737529,0.7193467010770482,0.9050831070504256,0.8924535312611843,0.2621812889049665
--X-XOO--,0.15838285699149274,0.4134522510803989,0.5067037880121252,0.6442068594224057,0.5040670517011427,0.5042681586728021,0.5027354770168532,0.9401226607836897,-0.0437112454629901
----XXO--,0.6873043118024152,0.1029327064442146,0.10188854479018655,0.6913383892821833,0.49791847911566706,0.4964407161561686,0.5020363518213774,0.6714165478467955,0.005809895939244525
XOXO-X--O,0.4933491370789467,0.4941151824515206,0.5090574082418252,0.4968861808427577,0.5081958814943213,0.49675581141735337,0.7029905305568048,0.5039815283540146,0.5011596210223219
-----XOOX,0.3073692996294469,0.3888930235758644,0.6868581821505819,0.28477505066893766,0.6406882195246981,0.5080694345574154,0.4966462288632873,0.4982628393732347,0.498547916990895
---O-XOX-,0.6872379595331192,0.19761272570348232,0.5066484248719357,0.5054805013609177,0.6442585560627154,0.5054530163624522,0.4924379001630274,0.5082105151173908,0.8389004619165279
---X-OO-X,0.3745529878073974,0.7520353727360699,0.07026640642567394,0.5022220147328742,-0.3280050804566995,0.4979725602970864,0.49568918494895126,0.6452055080876612,0.49054282145330347
X-X-OXO-O,0.4979757028778418,0.5782648034486446,0.5095498719832818,0.5069483485232918,0.49520324659538073,0.4902457912159103,0.5048391761178401,0.6872339922656191,0.5078540164329773
-XO-XO-OX,0.3341248597217743,0.5845890727874911,0.5578151846762478,-0.9840022044456611,0.5114558077004204,0.5391275414960168,1.537573218688437,0.5284989344464797,0.4195113343774954
XOOO-XX--,0.5021813918219602,0.15914147570070036,0.35047927981378424,0.20576497551554684,0.4979270990296996,0.19489002723886695,0.9383928075043397,0.7633831360804337,0.6406053206854047
O-X--OOXX,0.5006758312293068,0.6529697780834453,0.49850325448836763,0.6872370801343691,0.412560308799571,0.49059269222763907,0.5015795631147268,0.4960679652222503,0.49573783477182004
-X-OX-O-X,0.6872379594589216,0.5054840172622662,0.873469912029381,0.49537289495070774,0.5054171834344817,0.09410522927167964,0.49522950780564806,0.3129011953799061,0.4918781524873721
-X-OOXXXO,0.6872422352678528,0.4915075002599876,0.8189767769775169,0.5077520610084745,0.5049332629530356,0.49314913925700654,0.5068438686711452,0.5070451435923907,0.5052811928941462
XO--OX-XO,0.5060147183021642,0.5077603973712268,0.7362130135397311,0.06716892046282052,0.5037468853837902,0.505255086156957,0.5607313137569925,0.4941295428286841,0.5023550279106169
OX--X-O--,0.5070969942831004,0.4944319363204171,0.03391991325320387,0.6872379594563112,0.504248586559785,1.1150544696515359,0.5060432078634558,1.2664344224608408,0.17555087053556645
X-XXOX-OO,0.49143072201899773,0.6513501383002744,0.5927573727722346,0.44676490466226126,0.567718755501335,0.5206275376884021,0.6872327562628602,0.40953821298327714,0.4188098296159452
--X-XOO-X,0.6847370435482312,0.515536387798216,0.4930521815286434,0.9944081934724747,0.5097408064324471,0.5003353799776207,0.5029772696034311,0.18533725935282985,0.49644734933884327
--XOX-OXO,0.6872379614179722,0.6453645765573423,0.4973444817464597,0.5001466753719425,0.500932434933973,0.620257529319642,0.5027524038522698,0.5083765438923484,0.5019710737896221
OX-X-O-OX,0.23495631372903658,0.534003949576194,0.47625832682520663,0.4029401583235561,0.23143828758960772,0.5016510830914359,0.30193432504060247,0.2404840863890072,0.6264786698591582
X--XO--XO,0.509003468579022,0.19992856679085502,0.1544526482688403,0.49205640010166485,0.5029859357477968,0.06768562142476109,0.8878361573144378,0.5016985114149073,0.5040115810507075
XXOXOO--X,0.49899644800422244,0.49531519112100625,0.4922053800414996,0.49368585775626483,0.5083006059059485,0.5016187404411453,0.6872406336134445,0.51999141919898,0.4939065486824764
-X-OX-O--,0.6872377777575618,0.4923463957883861,0.5959854894454626,0.5044987936136706,0.4931195331521534,1.179921793931506,0.5004357327002914,0.7669166149976224,0.627296404843732
XXO---X-O,0.4909255213962514,0.4935230717961609,0.49734369657291505,0.2175454391065922,0.32787776856070805,0.6872379614179722,0.5089975060410482,0.6852040448247462,0.5062696550912149
--O-X--XO,0.49797693041935426,0.497929925634512,0.5069103169297696,0.050496607950800576,0.49339210734164735,0.6872379594563112,0.009663171228741163,0.49787368744701915,0.5049367767325181
--XXXO-OO,0.4215387893396299,0.16965062039585488,0.4226742726228697,0.5524927803598663,0.5348820902254666,0.4064894475381953,0.688892913979555,0.41813639815883863,0.5502965079001284
O-X-X--XO,0.5007310444352445,0.47742176292418004,0.4985457887235551,0.14714499739734987,0.49268449349542687,0.24945431724247147,0.19248950799815046,0.4924219753906371,0.49882682345417056
-O--XO-XX,0.40396604415100756,0.49803217052168186,0.02786840147709313,0.029372602220674504,0.5041859855860568,0.5099246145066405,-0.22040022704057205,0.504848561379754,0.4940074310497746
-OXX-OXXO,0.8051825921109678,0.5032532388675887,0.499131732198724,0.5062792894017661,0.753065520486224,0.491407488762394,0.4998371891285958,0.49638972953764393,0.509393443217981
XOX-OO-X-,0.4321903604239506,0.4115848595690017,0.5529274106259197,0.6871451987353385,0.4891643463048174,0.4940551875406606,0.09078928420725779,0.5535172296501261,0.020108772637818573
XOXX--O-O,0.5801239311777839,0.5080022339256666,0.41305431907375156,0.4479562879671783,-0.3798273149930983,0.4203350112935371,0.4047512339512454,0.6872379594562753,0.4818857210997432
X--O--OX-,0.50456664491675,0.10825402725338334,0.5547176864970226,0.503173895088387,0.6522023144585057,0.407980621141396,0.49256860738329644,0.5031737147295418,0.12186319491884134
XOOO-XX-X,0.4350818305724241,0.44954442950920936,0.1866869678684795,0.9486270675963748,-0.24924708639095994,0.7330929863324531,0.861983105891531,0.5183479006213337,0.19151185017719208
-----X-O-,0.2642532356097187,0.6912114868843465,0.04272589789928527,0.11879117512756476,0.3785382702654647,0.5047843774926388,0.7001331951466538,0.5013860572970155,0.14095637053237453
---O-XOXX,0.6871527352999752,0.7243759549478714,0.6871521685311941,0.5055864106330833,0.41216903994109677,0.49705597691743975,0.5051143741962572,0.497016334226964,0.49765478888135073
--XOX-OX-,0.6872380840684139,0.6783911323481245,0.49411226198327823,0.49032936008973077,0.5040486418350104,0.5024236528626781,0.5097789879554607,0.5048988124034047,0.493256774283717
--XXOXO-O,0.6872412642096936,0.6467204371714649,0.4913264418615777,0.507413986154527,0.5081102919736714,0.5024438094103015,0.49883739372750363,0.6871465948510219,0.4952158903094553
-X-OX----,0.08217432873213604,0.4978803853621021,0.019439784586380682,0.491159568220269,0.49051827957558874,0.39862467805818513,0.3198498641075467,0.4446259704419511,0.7944330040784846
XO--OXOXX,0.4465327833460425,0.5214906630752058,0.6872379593806616,0.30982617274266955,0.5627811516724349,0.41185292719074795,0.4536017520580046,0.4914087054927136,0.5107950784613899
XOX-OOOXX,0.49245287972245766,0.4961596748717517,0.5054524865505442,0.6872379594563112,0.491733168190106,0.5095365118929087,0.4991781792711578,0.49723483926955564,0.49671500470468305
--OXXO-X-,0.6932795945228987,0.5055660377754679,0.4935248202700689,0.5009180310811697,0.49363448881859884,0.5091111696155678,0.6552847286085464,0.4960673048121261,0.6944537108801515
--O-X--X-,0.07023469834675355,0.6869282215629626,0.5087530591349003,0.037554497994017166,0.5023307347801476,0.013088644370259694,0.5655271268951189,0.4940825019033949,0.48704341121997674
OXXXOX-O-,0.496875807434036,0.4900078693079707,0.5037196338471498,0.5008703446705765,0.49233451554012464,0.5099018401523634,1.312591946305405,0.4976174034599722,0.6872379954035044
-XOX-XXOO,0.21826959381933797,0.5880880888656739,0.5886395815225348,0.42961866528820536,0.003326699066958816,0.5296074531882976,0.5472990632873633,0.47598095481625025,0.5057986955732563
XOX--OXXO,0.4931869197523935,0.49204767253818316,0.4921307771458953,0.25672977954183795,0.5019421805992775,0.4970090147377361,0.49674590820745096,0.4979492449454315,0.4949881966629928
-O--XOOXX,0.6868785765925925,0.44690419118665864,0.1730876645163738,0.12646004135548639,0.4435271652778096,0.5247624076634649,0.5917794039138978,0.40460961925550265,0.5065539802492127
--XXXO-O-,-0.31557989400761965,0.4309039785836896,0.5098203031398378,0.49872987146359976,0.497431393235992,0.49240999803022656,-0.08307385266912315,0.49650638251045354,0.49468182386160997
XOXX--O--,0.5041304292344803,0.5066302001473271,0.4993765917772374,0.4971840622380742,0.6844302662257554,0.19796744800388927,0.49773167108394883,0.3040400298469526,0.05542772086039527
OX--X----,0.5014693237136915,0.4934046816502335,0.17301318803668725,0.9517621584142624,0.5024824690388671,0.2949333511311059,0.3037550319005919,0.3520090843502717,0.12129186979847772
--O--O-XX,0.24091246872930655,0.004847068184838987,0.4965152623671947,0.41695690978814903,0.24059777060031529,0.5080318248246499,0.446490963303943,0.49698193797007506,0.5001475588504135
XXO-OX-O-,0.5616558959126111,0.4687260130582397,0.5732164359402587,-0.2616575440914659,0.5810712674076666,0.5338344351826273,0.6871341099373902,0.412166749899958,0.056787660616614444
--X-XO---,0.42028647630500793,0.14290957488838818,0.49622993853484165,0.2736480153169114,0.501887249135409,0.5086236641424562,0.6271956192205725,0.1362509834706631,0.31765886060226894
--XXXOOOX,0.41850477283302,0.9789381070698617,0.5065342263185598,0.5052500799761518,0.5077981030214482,0.5031364518477349,0.49644604920127494,0.5065381916820644,0.49432766468093997
-----X-OX,0.43123981252024973,0.46053488091391936,0.29842250279759525,0.0478944702276925,0.4987100771422514,0.5069390395398297,0.1872023155019681,0.4901916182133711,0.5042400478608763
--XXOXO--,0.5071789543080238,0.49119019072716286,0.4919362534755858,0.49345013915097724,0.509816624232887,0.49120847532288286,0.49888388273962,0.15573171843321892,0.6872422352678528
---O-X-X-,0.02044836337758249,0.32231978811360473,0.1338176535330523,0.5071907357446305,0.04556281232314896,0.4984897411763943,1.052681900123623,0.5087577506853047,0.3587598721739391
X-X-OX--O,0.49859421214957506,0.7321490746381152,0.4929610938667252,0.4127142650036305,0.5069409072154063,0.49648326062803194,0.031963703115569286,1.174679985307499,0.49193731914085176
OXOXO-X-X,0.5009754531994006,0.502712944761216,0.5053421501701226,0.5026376079360295,0.5013575705194234,1.309958484323532,0.5077396005035193,1.2532178852916416,0.5090546348261878
--XO-OOXX,0.6855664826724073,0.68745188447482,0.6062603949437244,0.07902045187205409,0.32000872900028343,0.7828166446821471,0.6885154314534992,0.587129543389829,0.28876139036637827
-XO-OXX--,1.767560996127809,0.4987338519753721,0.49284634629973284,0.2734162930433299,0.5087886463541653,0.5028070566660541,0.4961090426238113,0.4930395293023796,0.2895441412025086
-O--OXX--,0.6785244449581953,0.4935585221794427,0.46956368993426795,0.34243296652697736,0.5072736781005274,0.4959044460235449,0.5043128901372341,0.6872335881690879,0.6872370950574171
XX--O-XOO,0.5078772975428067,0.5035298153377479,1.22381022525067,1.3250958371081913,0.5051182509707279,0.49181284359031313,0.5019786961112043,0.5010110896032017,0.5036636311037825
OX-OXX-OX,0.5117593974383126,0.548154593140367,1.359185610221336,0.5398778542098025,0.4784806845379196,0.40347298607344356,0.6871863344961218,0.5379168225110269,0.4265037023562407
XO-OXXX-O,0.5062071595257727,0.5070114214457597,0.21908544197711988,0.5098539741425188,0.5093150297469836,0.49204221812139975,0.492825801858425,-0.9229019531924672,0.4912106016860705
OOXX-X---,0.9292801453349262,0.36711499213946464,0.08513107756610394,0.7896277420580491,0.05916561534388676,0.2990606010046013,0.06538111042817008,0.6415393841163448,0.1563833622986308
---O-X-OX,0.27100121644258934,0.201622409439563,0.508571551350388,0.5082185896635859,0.35355960934162434,0.49890799051864915,0.49181400270899417,0.4925856690471964,0.5058854924829348
XOXO-XO--,0.7217328085712708,0.45542811980409814,0.7082819999471984,0.9368328144226113,0.5733052643603536,0.2048534240444455,0.4074573389839179,0.21711055879210328,0.3345325154351786
O--XX-O--,0.4928541482485551,1.3529453470107522,0.6137423061626419,0.5027208886687369,0.5002896809763514,0.10475542034300811,0.4939657451763894,0.5281287035551013,0.23991223680003343
-XX-OX--O,0.6869283274391298,0.40433527733311003,0.4172491722882742,0.5750510815672256,0.4591133762799746,0.5087912663431478,0.41866131685949093,0.40911397467900945,0.5844397307435295
--XO-O-XX,0.48803945155319417,0.16598946771562806,0.8443568711750955,0.7874119491202863,0.6868785765925925,0.3587469748120048,0.4849793001672553,0.2437089206074361,0.722523022349229
OX-O---XX,0.496470072619124,0.505561350198975,1.3575948139567058,0.5064281641458792,0.8216560475244548,0.4971945973558942,0.6872578523973438,0.5078758122468974,0.4906560665635342
--OXXOOXX,0.9326998711881322,0.20376182653083957,0.49395395937519576,0.4929232496186172,0.5028569295521508,0.5098124385945566,0.4978440732588308,0.4928777088736643,0.5021147396284732
XO--OXOX-,0.5004851665215959,0.4981468829393492,0.687602953572917,0.31158498795767786,0.49578994118734077,0.49137671273700617,0.5002262067985453,0.5073611394402023,-0.07846000472552117
X-XXOXOO-,0.5661766706124615,0.6870626255013107,0.2881505900532406,0.9078143947318622,0.7840918289563068,0.7411029032335331,0.014138135253553674,0.6835029425577356,0.6794728163555717
--XO-O-X-,0.6307607126673636,0.494272471560301,0.49181700976755854,0.49767644187847143,0.6872415822280338,0.49497702417948336,0.07209654640472818,0.49914039202548977,0.6042472240745785
OOXX-X--O,0.5018413292347619,0.4984746961568464,0.5006903646229786,0.4927439020404795,0.6868204036131001,0.49441786585783193,0.44886658879257757,0.6442087346363118,0.4900475957381294
O-O-X-XXO,0.5099031735304049,0.5032027726257906,0.5068118468071611,1.1689153468900662,0.4908444984589085,0.6872415794000771,0.5004843119340229,0.5067873441285186,0.5046702811743062
XXOOO-X--,0.4965292721514226,0.4934484218895457,0.5024909113395348,0.497678320134374,0.4935817340643478,0.6872379594563112,0.4938221835375291,0.4487360097565355,0.11152347044425315
-XO-OXX-O,0.6872377649593269,0.5005286166347618,0.5045385179033335,0.04052753938204079,0.49133455269408766,0.5095266616028852,0.4978246846005558,0.6530331708512164,0.5088823846617483
-O-XOXOXX,1.1810225386057465,0.49642807077242385,0.6872370622194377,0.4998091634590397,0.5011466919805823,0.5054378642997497,0.4982146951829073,0.5065799045164837,0.498623165546382
-O--OXX-X,0.10748533839829488,0.5069205277090935,0.7228273812035348,0.26630498109049694,0.5066100752458095,0.5079667346280582,0.5047043317631035,0.6872379669597023,0.4967176077946376
O-X-X-OX-,0.49848523114626964,0.15161167884186177,0.5051616775972266,0.6872379611132379,0.4989301946174093,0.3235103380977886,0.5047686745759306,0.5091486361084294,0.2820482167702886
O--X-O--X,0.8003778408374013,0.29251308687784394,0.8053923571319651,0.3755017474754241,0.041599547247402224,0.16114019715752548,0.34393584315626335,0.5124973964842103,0.12997541019699943
--XXXOOO-,0.6452447956331949,0.6192879918895576,0.49420621965798917,0.505571331046619,0.5014146544879472,0.499983550663924,0.5056486696003452,0.5013779170730173,0.6950713623111818
O--XX-O-X,0.49267656256045145,0.16179277807916292,0.11634365816130016,0.5084233085586759,0.5098044100560486,0.2949412211299641,0.5015885904385385,0.06840196679873156,0.490094892869179
--OOX-XXO,0.9240133738771423,0.6872412642096936,0.5057512524760404,0.49154659122913874,0.5082814176248158,0.6471261490345611,0.5092033319235033,0.4911387171095842,0.4971182336050383
-XOXOX-XO,0.6872338379957895,0.4986389328659446,0.49691421638445377,0.49048550577740163,0.5039283148913547,0.5034713581048595,0.687238112135936,0.49067826343279514,0.49131041303839323
--XOX--XO,0.1402536253002078,-0.07809181401341991,0.5040209060987559,0.49653277267856394,0.49865187175272546,0.16179949365342539,0.6618413207749029,0.509994847771986,0.5057992493923006
XXOXOO---,0.4954685359221117,0.5064472039689566,0.49057833805773404,0.49096629589715285,0.5070630294651086,0.4960514278434159,0.6872379594563112,0.7561301152785924,0.687149702442745
-O-XOX-XO,0.6873305113574016,0.49818633625572745,0.6784042842248185,0.4925017665216269,0.49658505546796133,0.49437903428838037,0.5015997002799557,0.49144019584751636,0.49186100815751105
O-O-X-XX-,0.49579291649466656,0.6872379594568762,0.5043318512497611,0.43728224901879237,0.4990892305187078,0.11610854228802758,0.5014968509626508,0.5070920934892812,0.644215235152922
OX-O---X-,0.5027091305492601,0.5002780133674941,0.36953498681510577,0.4973117750221233,0.6872379595469399,0.4383889491658891,0.6872379594563112,0.5043579618023998,0.0016363179343492629
-XXOXO-O-,0.1904631697960617,0.9670708661114569,1.0173849737936411,0.4594166586643572,0.7956614518767904,0.6889078479284357,0.8833480532297684,2.046885961154211,0.6437834458961728
O-X--O-X-,0.4340906212034353,0.4640669991552414,0.4565058920190323,0.693617960017789,0.7163402359015292,0.5346223229782493,0.34723672220052504,0.46220403509013236,0.23163797178246293
X--O---OX,0.4963412445502921,0.7069804933960091,0.31717686458977024,0.49234931870119075,0.687260504776921,0.18854503531398237,0.7280282013486861,0.509095704844212,0.4992754885754854
--O-X-XOX,0.08520266469175886,1.0400682471990303,0.5080723557927987,0.02205286908100279,0.5094695932154324,1.3521661591167597,0.5060064841864498,0.5039382262012277,0.49206307539237626
O-X-X-OXO,0.49321953036183963,0.8287101390087731,0.49859099490021563,0.6872379671889403,0.49428564531760627,0.7216759141624862,0.50279263592903,0.49574389307745464,0.5092361464840297
--OXOXX--,0.6873305113574016,-0.3188945593211162,0.4930194583417025,0.5008391263208719,0.4979629935522673,0.5024614994392583,0.5034350438749811,0.5061999486128845,0.5070825574687449
-XXXOXOO-,0.4767124237960121,0.5090027527041359,0.4966892062543621,0.4935552529235508,0.49236476001368407,0.4980015310264293,0.508856802139562,0.494174046662779,0.6876685844060231
--OOX-XX-,0.49121818483335977,1.01568184040556,0.5061590685357923,0.4936099532267729,0.4934152767566074,0.646063656892246,0.5046161159759943,0.4981775550492694,0.19901652362728428
--O-X-XO-,0.4916299158918216,0.496015307129175,0.5074017559364781,0.01453627055666995,0.5059786962239754,0.03689135803027943,0.4977495218260741,0.49790942361969975,0.6778930810444915
-XXOXO-OX,0.7096503650461103,0.020708259578612997,0.7319663150177526,0.7831430063119762,0.42400654393102855,0.3981175657635091,1.1717058807176217,0.3580287191456524,0.25405646265972226
-O-XOX-X-,0.2599009403723327,0.19956348082880893,0.6872381627650733,0.8011460066083509,0.27054256860654946,0.8103507742797326,0.7073385256818407,0.16212208404936623,0.6216395493689876
--XXOX--O,0.402742809506593,0.6872379574797342,0.5891817982425338,0.49487770251225827,0.5225004066003159,0.455601336326053,0.985235196512496,0.4752624652554638,0.4383479627644163
OX-OXX-O-,0.49906045149220396,0.5095356402259177,0.7866860329322483,0.4989138706012436,0.505533710587789,0.5022491169346796,0.7310585786300049,0.5018214756598496,0.5069060890934002
XOXO-X---,0.48822995791325313,0.537390612304436,0.5948262330234974,0.529142286342015,0.1447074736161213,0.47023019309605646,0.3070639970476998,0.15645734228877622,0.23164026586943381
XOX-OO-XX,0.5063300727346413,0.5051642229442687,0.5078545091162898,0.6852769438216353,0.5099636001300135,0.4970348252884792,0.8938915380044437,0.4905124396647806,0.4958880706557381
XXOOO-X-X,0.504620216834436,0.49042633573532896,0.492469107260221,0.5042096545277368,0.4995695831792394,0.6872422352678528,0.507806495061798,0.5055214056789521,0.4908431134680977
--OXXOOX-,0.2195683307315507,0.4797716307845528,0.5572204821704807,0.4448613951768156,0.5764005806779202,0.5145822432476693,0.4077213257745508,0.4243869413852445,0.6872377945639802
XO-OO-X-X,0.7238549389887307,0.3784135783947151,-0.060767563591010876,0.3042895271015099,0.6017253855924769,0.6872586072080907,0.41960175588471904,0.6029519718395966,0.9355722384900472
X-X-OXO--,0.5043984124278502,0.17842270028762752,0.5003034751979629,1.346127597389716,0.49174974112565206,0.5096762369166102,0.4941667478213967,-0.2162129812699437,0.5267981628548919
O-X--O-XX,0.5080481355709104,0.4990731358169968,0.49353236141857676,0.800760129090774,0.29279014397202374,0.495591865692814,1.8830149331539212,0.502073822124402,0.5099635583343111
--OXOXX-O,0.6872379594561105,0.5290378832150214,0.49750590033278924,0.5576681738533001,0.4948569667358031,0.4653952975861843,0.44348802389644393,0.12376715961700446,0.5794932118411611
XO---XXOO,0.5052091163221498,0.5049983479602617,0.006852489116161653,0.21913883581742866,0.6876685844060231,0.4905264749644771,0.5011793952335779,0.4949457838244979,0.4972425189490969
--X--XO--,0.05545648047077911,0.21653989654522365,0.50200515467003,0.1252079268285179,0.012584511529443398,0.49073636612421095,0.5070269304822281,1.1715822565535028,0.6589053938829498
XOO--XX--,0.50972229018053,0.5057116831443378,0.5033858660086424,0.49284045972021706,0.644248345423159,0.49806940200372773,0.5046306822549661,0.023642811914047934,0.37571354311546756
---XOOX-X,0.03466714943522253,0.6852694730373441,0.15243621150640374,0.4957213710609953,0.5063873742127042,0.506762690581796,0.508120126410703,0.4190932203273956,0.49990906205590635
-XOX-O--X,0.14316209852066136,0.49788319301853246,0.5069456371735158,0.49753472269255755,0.23234558595199983,0.5093365202466161,0.7642515685942037,0.335790943453952,0.5055469790597497
OO--X-XOX,0.49801575002580184,0.49987625542908015,0.6872379614179722,0.5013124875090977,0.4967753225229134,0.7054395620616527,0.5058103041752666,0.4927356488804648,0.5035202730862566
O--XXOX-O,0.49297335195574477,1.2408439359585481,0.6872379511051351,0.49495967033927607,0.5039823449649335,0.49559929776894024,0.49137311092287883,0.5901467351672377,0.49957106183540595
XO-X-X--O,0.49696302229841416,0.5085974519081786,0.0013297244048927626,0.4905150832322554,0.24337437642537663,0.50088385742585,0.07647935173679998,0.8840301415474912,0.4960052804779797
XXO-X---O,0.508868341646025,0.5012144297980311,0.5094584729847332,0.4281179706663464,0.4916305499084617,0.6872379168451299,0.6785162983475886,0.6872363831898417,0.4915115555653725
-OOXX-X--,0.6872379669517978,0.49476267982196587,0.502976592970399,0.5083154435719872,0.49795484490103725,0.501396110439623,0.505526973697977,0.7601346096863861,0.06852886413317161
---OXXXO-,0.03624095992083587,0.1771301224817714,1.4430319014616422,0.4125069573672734,0.5241275978641429,0.5621619059161047,0.5291887371556863,0.5915760156777053,-0.23221042189617513
OX-X-XOOX,0.4949565923715818,0.5075013348407514,0.07413862573794211,0.49457157317524497,0.7060275778607298,0.4981203949389125,0.49120858899750414,0.5040708155581939,0.5012808845429261
---O--X-X,0.09736914994592599,0.05790695257975098,0.014821101411537085,0.49295406901936506,0.3974001101199476,0.06017110499281786,0.4960178341400191,1.1118982835878806,0.5077032510260715
-OOX-XXOX,0.6794728163555717,0.995738377707141,0.7515097652968699,0.7458455959612387,0.374239418169796,0.06082141702702526,0.7292904541287281,0.4050791088096405,0.891539727658854
-O-X-O-X-,0.6176786787849229,0.4925822521174233,-0.227028045032602,0.5057215937067905,0.19809546490936503,0.49231600082778393,0.19058034662515477,0.4949199245700498,0.7094999973926975
XX---OOOX,0.5044506236512318,0.4972124138236183,0.0370163459369397,1.1616652152556526,0.6779533278663252,0.50113332987836,0.5047471797303269,0.4943235838784725,0.49091892968515327
-OXXOOXX-,-0.17845549122500348,0.4744061781514941,0.550614839248877,0.4698521645791968,0.5251109426058328,0.5875352956334154,0.4997444641536972,0.5406298083014468,0.2786782339804674
-X-XO-O--,0.6780540141509231,0.5017446838710883,0.6872379598137037,0.5042021800348234,0.4984739724082203,0.6881056224619597,0.5083464248411796,0.7287759214212943,0.6853065189011396
XX-OO---X,0.4944804570553876,0.5074346324841453,0.6456071706465878,0.49812606145427535,0.5038551820936799,0.6852371824614055,0.5014520238776435,0.5813529843395349,0.5008127519177662
--XXO-OX-,0.678587725181885,0.4101232056590128,0.4908596397989332,0.5054086776818122,0.49307308967209984,0.6447059359802813,0.508437186110819,0.49123499463320586,0.6672934983640441
--XOX----,0.20081361086987354,0.21986490200086628,0.5085088198204772,0.5047418742893819,0.5088445770684781,0.012219479326271654,0.12396174677898975,0.7052491881084844,0.017802729344421286
-XXO-O-XO,0.2510349450050766,0.5089509095862054,0.507593593272973,0.5081876606887176,0.6868066268240003,0.4917690274519198,1.884962496436874,0.4988789283796811,0.499862882575557
OXO--XOXX,0.49824842638342187,0.49498967671862193,0.49828583465133264,0.687237959472803,0.6868408912748227,0.498307592475264,0.5057181411872799,0.5049219198683089,0.508364729654903
XOX-O-XXO,0.4928513283637416,0.49330116053138523,0.504692282939813,0.5885468567251053,0.5032375873989325,0.006483687213060141,0.5007600586541625,0.4994665486746397,0.4967969023556735
---OXX-XO,1.2857478716876702E-4,0.5983270368520307,-0.15936708805176847,0.49867945412171494,0.5040562340369622,0.5004464575518593,0.007892951513556512,0.5018248656909761,0.4915847762949055
X-XOO--XO,0.5324018600102173,0.06532734830100018,0.551362487209773,0.5287671373911083,0.4824434513731992,0.6872122486927352,0.4176625633066237,0.46510400896637477,0.5398740332620267
XO--X-OXO,0.4919437208734393,0.5080044480789907,0.8230153522719306,0.26893867360964374,0.5091790048890124,0.3005957789312862,0.5054330204807028,0.5056118163177349,0.4919498194585453
XOX----OX,0.5092996808287401,0.49176935868736077,0.49244053811060456,0.32078635305683795,0.6868295366999374,0.00906628090020789,0.5023439941987574,0.4950207328060353,0.49600262493536174
OXOOX-XOX,0.5087106755374481,0.5087251813150555,0.5083812245364292,0.5090236965395565,0.4988579892052068,-0.13307646741776236,0.5084362332389291,0.5077458026113527,0.5006873519058012
XX-OO----,0.4942071103608053,0.49256446909718155,0.573256474991109,0.503236745044921,0.4908860177908206,0.6872379594563112,0.24306024622030165,0.26546097364429344,0.2996211738367297
---XOOX--,0.7214156715430635,0.04845895619492169,0.008741279885892128,0.49564601652959117,0.5001961172212874,0.4908701031818735,0.5029097754183479,-0.18178521964857242,0.2859726319891128
X-XX-O--O,0.41171640899041917,-0.017691535118999346,0.5358989484130456,0.49893512063458084,0.47767822260340836,0.5921914826465222,1.258052896299825,0.5087122178406458,0.5119617122675716
--OX-OXX-,0.04942265080087693,0.5919058243246735,0.10253014585516529,0.6738286261424757,0.7458583509558392,0.18246494100740318,0.7333834089070332,0.2017362787368464,0.6732555133846649
-XX--O--O,0.7480486990071894,0.5083353962165119,0.4996822032515513,0.6638080313099556,0.8177503496049795,0.5092798567479957,0.6827215637193974,0.4389335775851118,0.4942687733049216
--XXO-OXO,0.6459411772151903,0.6871324255629957,0.5065961400242939,0.5040016540289188,0.4955315164787044,0.11518227445255241,0.5079948654953497,0.4995003151083151,0.492250548444322
OOX-X--OX,0.5080306025813267,0.49325441716212176,0.5099199709017492,0.25322227327169144,0.4941377807974754,-0.07603449668091966,0.25054082041906633,0.5056009583233418,0.4942248249166829
-O-X-O-XX,1.0401322885342013,0.4960609683283258,-0.008320287221697975,0.5089610044083813,0.5021862788555846,0.4988990319309157,0.03168671876954565,0.5050070755815943,0.5076345402737443
-OXXOOXXO,0.6872379594563112,0.5079350939264023,0.4914628838107505,0.5062784926826989,0.5072140531059125,0.4965135903030886,0.5057504673552314,0.5011316479273971,0.49860095344883726
OX-OXXX-O,0.49506558004471507,0.4917663981185771,1.3298956472483212,0.5035951511243812,0.5092942417029398,0.5034890359097223,0.492674861803856,0.48166104414985417,0.49167570945483696
XXO-----O,0.5092176724128777,0.5063358230703828,0.5043984924828221,0.13354257120103963,0.032744018461472235,0.6872379594563112,0.7493315255299685,0.6447510290130541,0.5058222154803017
OOX---OXX,0.5874635712326625,0.4320606377163963,0.5507373937417926,0.6872379534528592,0.5576633396994245,0.8119066203706595,0.5404836638432906,0.46084520344685187,0.4860317820516219
X-XOO--X-,0.07157407303717556,0.1856900155536665,0.9636524157909491,8.267712082473677E-4,0.946776027786485,0.6718914406353179,0.5769426594789364,0.3005601869582595,1.1405070223404086
---O--X--,0.3698755887191061,0.35346035856901414,0.05510609060244459,0.5000552324002495,0.4996644369235829,0.49186304928354685,0.5061237478114807,0.08585013831174598,0.008974047112798866
-X-XO-O-X,0.22056457566289556,0.504681886637999,0.6872379597821971,0.4948528722384881,0.509111966383019,0.647876660998111,0.5022627447020285,0.6890268506423237,0.5077633664840071
XOOO-XXX-,0.49717079279229437,0.5075202847499835,0.5052085870690921,0.5085290914226611,0.26889938717766665,0.5039570266289001,0.49347650163819495,0.4908049428601475,0.43764219220174594
XO--X--XO,0.526796573594642,0.4910402734285755,0.35965546814660665,0.5914762411486711,0.4960833320125313,1.2560001598170407,0.0686137355021621,0.43710703196576584,0.5316007221493099
X---O-X-O,0.5054422947435923,0.4950580098999948,0.6049777332829882,0.040437640893809745,0.5053898528325221,0.6459957727313171,0.4974061028880156,0.49289508845269847,0.5080585209886834
OXO--XOX-,0.49295118989952713,0.5046511889347415,0.49653612737323566,0.6872377712793495,0.6872379590327634,0.4904735700556487,0.4984709517442158,0.5016534173838944,0.08847974270397052
OX-XX-O--,0.4977654611960446,0.5016226440856638,0.008309438587567386,0.5076151715073912,0.5039611672367986,0.4964868673875665,0.4980699726727199,0.20353154832868847,0.129586723726703
-XOX-O---,0.7355700063441131,0.5003860703877059,0.4979822061399683,0.5086611153309326,0.6872379594563112,0.49546370492252395,0.6453761128557253,0.5091263682738528,0.6852324428898278
--O---OXX,0.6872319062781881,0.06767333432946798,0.5490901578392948,0.5657898993643855,0.6872379594555599,0.6948915456106903,0.5024673342545825,0.41441092482260955,0.5801982884171729
--XOX-O-X,0.6872370960907982,0.1442232415267164,0.43156683066182305,0.4700928470846659,0.4224171376961288,0.44840119012531365,0.5427430834112148,0.2317333756697778,0.5336939010964394
-XXO-OXO-,0.6367617238838625,0.4859700433197282,0.4905973131991017,0.4849814070338576,0.6824506791445448,0.4194116231874996,0.5081645160586833,0.5161326507753865,0.46942031798864614
-X--XOX-O,0.8385927469875726,0.49322742676265535,0.6872379671888822,0.31434922306462876,0.5081986725532592,0.5049296352147059,0.4920603568983448,0.6817391322305966,0.49000050579322424
-XX--O---,0.1082080758224867,0.49066169581305347,0.4929768729909918,0.11797752893548169,0.45660009085048775,0.5013703044125685,1.235135856637203,0.04951176998083817,0.27139966050145614
O-X-O-X--,0.4907520776413594,0.05066429693286223,0.4938653847943316,0.6852705245405107,0.509114258595996,0.6862273558574615,0.5014655108178857,0.6871443872431791,0.6872379594563112
X-OXOX-OX,0.5073019058688555,0.6873305113574016,0.5013045316086869,0.5008787184669989,0.5033778593037025,0.5010899317255939,0.6853986999599276,0.4955007701296751,0.4978091138977847
XX--OOXXO,0.5009990570627171,0.5051532128286842,0.6872379954035044,0.687218934430428,0.5023851105775542,0.4949919694842714,0.49963770099655586,0.4913162409495273,0.4925609126290361
O-X-O-X-X,0.509174238781671,1.2520556159493887,0.49816440472582985,0.15033979554392396,0.5026975705377484,0.07615608406299224,0.5046870617398754,0.1570813821730831,0.49804011997560593
OX-X-XOO-,0.5072410789560096,0.49970924546781187,0.7766782232972397,0.5040285886929556,0.6965787141725782,0.5048162280455052,0.49170058791412413,0.506212541008151,0.6868410227738575
-O-X-OOXX,0.010754470288935836,0.5045215675162656,0.6465062973780918,0.5019428365082519,1.1206886903836457,0.5038771415468123,0.5008111723016124,0.4926262763014203,0.5060462570905162
O--XXOX--,0.5094573764543667,0.501086460204822,-0.24904754244532035,0.5013375872151625,0.4929006896800386,0.5004903699302052,0.4914968197551826,0.12202409472462461,-0.36475297062098877
XOOO-XXXO,0.4941787699962635,0.4980036565248299,0.5016733623489446,0.5026259818437839,-0.3716276932463677,0.497982810257513,0.5084709862428659,0.49462504473483887,0.49419999808899295
X-X-O---O,0.5033605900566687,0.6445142043404575,0.504223111636922,0.14140065736826235,0.49918954464486276,0.1395250558266501,0.45076403252656866,0.4594290555834969,0.4989800696234952
-OOXX-X-O,0.5065592005324414,0.5712949309477346,0.4759126598510559,0.5238995684579058,0.45009982374386803,0.6872388785068312,0.5071200360889656,0.49652506011063063,0.5034774636037238
X-OOXOXX-,0.5323112303311522,0.5138156489967387,0.4100877868062072,0.49931597318656246,0.5039323800561135,0.4424252100907743,0.5978437207049732,0.5206654779692499,0.6870443922195587
OXXOXX--O,0.5082644591506488,0.5042984453603154,0.4911760404616822,0.5006151826325069,0.4985379445038245,0.5081217607315794,0.6872379594561177,0.9337777542864644,0.5043200401749335
X-XOO-OXX,0.5017636021553673,1.2747947570078482,0.4961198906220571,0.4935678866620828,0.4929855781516626,0.6872379575459876,0.5015281945050786,0.49590459052519126,0.5058578872684466
-X-XO----,0.6872377478766769,0.4918740385993085,0.09137316107172766,0.4919671661998806,0.502347083167376,0.10841617627596312,0.19621555535949287,0.3325906636736312,0.5
XO-O-O-XX,0.5028119078543836,0.4938601230041429,0.17322804259819813,0.5085150189686402,0.6944537108801515,0.4986480532734031,0.3667260202674511,0.5033784444880958,0.5043767481168079
-XXO-OXOX,0.0026441351179628536,0.508424484097356,0.49113227130520004,0.4945637171478524,0.6873156036681,0.499037162425903,0.5083532343406251,0.5080359819574017,0.5004034975606473
O-------X,0.5078631995119518,0.11489644979917152,0.5808625548495733,0.8345501425434658,0.038511729804644235,0.6880939722457982,0.08835214303671107,0.10176429358570105,0.4959606364850481
-OOX-XXO-,0.6872379595469399,0.49609471307232406,0.49805470435817767,0.5027135997216204,0.6872337505441335,0.4913761678245575,0.49517439413793946,0.5094435952820583,0.30337256441763183
OX-XX-O-O,0.5020921226538156,0.5089093344913524,1.1029280238896775,0.5031227189215207,0.4912076840799558,0.027895517724116692,0.5069222572432404,0.6872386697859963,0.494747605818514
--XOX-O--,0.6872379776193058,0.12157748288140968,0.0334210237096535,0.8996398841512363,0.55315510341417,0.37839273937317386,0.40697933820080334,0.6946667591233194,0.1244581676706083
--X--XO-O,0.5009756338260134,0.6824311679058324,0.5081895285788415,0.6456148400903602,0.4953625568630547,0.5040494244917311,0.49557151858493503,0.645554907127113,0.49329200542329715
---OXXOXO,0.6853550721573335,0.25502433320969053,0.4923600240305887,0.5795728561368393,0.5358653528823983,0.45709819371256016,0.5531027291906765,0.571638766864037,0.4598626840065876
--X--X--O,0.6896867308747016,-0.1073233173564,0.4913227190493365,0.03922937927700432,0.16488204119958033,0.5034231293304563,0.4036616359167165,0.6872176350952574,0.5061349009147359
OX---OOXX,0.5072996262196672,0.492059553354132,0.6467286357743978,0.686807347131526,0.6965787141725782,0.4924157640987025,0.5082741646857328,0.5042183012174568,0.509394805376145
-XX--OO-X,0.6868398701570082,0.5053407661386029,0.5030241518796325,0.44937896092935115,-0.3774653153436621,0.5059570917609575,0.4977584471649877,0.4924739074680246,0.5004354831889569
--O----X-,0.7023879253111025,0.15278964985646865,0.4987166741912528,0.11490091495779403,0.6872450394528052,0.11245307639523122,0.33416447119029524,0.5076860216417493,0.25346987736836807
O-OXO-X-X,0.5000356051841464,0.6872379594563107,0.5077797321540449,0.5055965783178582,0.49241618090267214,0.11790011375485143,0.5089807437811821,0.11930701948487366,0.5016295171689164
OO--X--X-,0.4968462687515325,0.49641419477660265,0.6872379594563112,0.550337020607535,0.5093979210606349,0.3513819935703323,0.6016640539537369,0.4983068733530631,0.6594705964582728
XOOOX-X--,0.4885228654792926,0.43424859637675695,0.4949959156684057,0.4431333563045577,0.47800833125157804,0.4986574472366748,0.4365173965904185,0.4221386981007776,0.678423776497861
XXO-X-O--,0.5798301353434706,0.5670711327520715,0.4214698414370066,0.06990805599216843,0.47024271961533237,0.5287947698510976,0.5729475179041993,0.3849147515182612,0.016252662414764474
-X-OXOXOX,0.1262826148278834,0.4910575351964291,0.133937216319297,0.507904677947165,0.49401721444069835,0.4975706783354177,0.4985094952525091,0.49278440783193117,0.49642349821996185
-X-O-XO--,0.6872187275584377,0.5037469531439015,0.6782357994392628,0.5000885334917665,0.5925654102505826,0.509751543234498,0.49967133272533154,0.14857349816152438,0.501473149374456
O-XOO-XX-,0.5878357389967502,0.4970677089424112,0.5488344384687412,0.5976920275170047,0.4151183055436527,0.6870126131033183,0.513781195998002,0.4974284769981885,0.6781439161539498
OOX----X-,0.500789247037536,0.5058156628609023,0.506463028724564,0.496421934971298,-0.0870943517225432,0.4943698094051422,0.49675922713440823,0.5066651874278422,0.6778594706866793
--XO-XOXO,0.6783012444534703,0.7977222469775305,0.49859706989689195,0.4959814231290986,0.6403563939457955,0.4996186626922972,0.49791508947781804,0.4903146973917449,0.4938472049236001
O-XX-O--X,0.5059333410223353,0.9501794833549411,0.4983633756897125,0.5094116680713983,0.328233630778081,0.49645689988763075,0.18257067544453032,0.6865271023852402,0.5098242350218555
XO--X-XO-,0.4984861178902455,0.5048439973241067,1.2889316749285307,0.3991536425526951,0.503793503940755,0.4814039443234355,0.5013418600129703,0.50761237783152,1.4757248555228095
-XOXX-OOX,0.329112271359672,0.4195104824474224,0.5060396596787744,0.45468925428608514,0.4768176355438625,0.16767991142593064,0.44273860355561223,0.45779687963654453,0.4442526033561163
--XXO--XO,0.6872381268969321,0.2377417618509728,0.5069176495501894,0.4905950577438366,0.501155071198474,0.6479236336509769,0.12822815640370655,0.4959196452624079,0.5035281942692017
OOX----XX,0.5055809469655514,0.5079803138580393,0.49910666839260637,0.6828064922345515,0.14271622931912975,1.239847378622595,0.11123079663181878,0.509455298621989,0.5013020530580088
-X-OXOXO-,0.07719734986300053,0.4372727011898848,0.6259474310504705,0.1204314827426135,0.7885165167013347,0.3473685238658669,0.7560147021091674,0.10866516961290296,0.5595554630499939
-XO-O---X,0.14214417717332073,0.4947327888430084,0.5055615971407764,0.6899404894661638,0.4924298069284484,0.4963915788787392,0.6872379166733702,0.49896284201970437,0.49263421870339347
--XXO-XO-,0.06824732606966422,0.687237959436477,0.4973884057707422,0.5028140502196846,0.5064241046278783,0.17179635817761818,0.4920460802297193,0.4935627682794702,0.719476866768976
OO-X-X--X,0.12023671255596335,0.5630469988352846,0.6872090141015587,0.7953835785057252,0.6202331014817278,0.9248025916431828,0.14136053649375696,0.263482824872434,0.4663035614879941
---OXXOX-,0.6872371923082045,-0.3811622666405309,0.40438693849450474,0.4886761001105837,0.46562294342941535,0.472592641700905,0.5229138815078442,0.4447184759942294,0.19643255197785192
X---O-X--,0.4992699058447649,0.01757666900933824,0.05406560389011367,1.1759849405806375,0.5074540379262545,0.6045011547359673,0.5068971050264656,0.05956180562418456,0.29430473725877415
--O-XO--X,0.8385667585671343,0.6950240904953087,0.49136354621030703,0.05777793568911449,0.4934811632824253,0.5021980145285916,-0.07128628852297036,0.37946554402995114,0.4996723502747593
O-XX-O---,0.5041798845521244,0.3210123837726492,0.49539801659132837,0.4926218571732031,0.1380994960733627,0.5037389618542931,0.5812714498135735,0.8382277152435608,0.7183858419916894
--O----XX,0.14665792465797267,0.0167392547899351,0.5012904589603617,0.2902814249681902,0.05078284171432762,0.5806336358160482,0.04398700136363981,0.5003687377956482,0.5077051318985248
OOX-X-OX-,0.502075489117314,0.5037235068662841,0.49578195936562297,0.6783496152549295,0.509587082876764,0.699700871354879,0.49950806884252075,0.49972612392299853,0.700313918153883
-XO--XX-O,0.05529926547902375,0.4973421005984792,0.5068438179521499,1.0931343480044204,0.5344451634372939,0.4914437060346366,0.5055714437876555,0.12443449075973034,0.5056445560170869
----XX--O,0.21112538539603432,1.2848093356336734,0.022152165971201676,0.9758993335682591,0.5021150584393168,0.504479850136546,0.7288620557215715,0.2043990756838941,0.5026956626155907
--XO-XOX-,0.4519176077173962,0.46876624033434067,0.4538283539090555,0.579508523086417,0.28051122966530206,0.5254487804547623,0.4971649391531728,0.5303206372365968,0.030836820892840622
-XX--OO--,0.6841066349824124,0.5099252667302627,0.4925855447436258,0.6818307996717105,0.3435121279607659,0.4963846928330884,0.507654021189613,0.2577975500723979,0.052620200356469304
OO--X--XX,0.5044289731835201,0.497902454949228,0.6464533077027619,0.9147398951939761,0.49704124562143615,0.1262291873211822,0.6870975804070454,0.5043979042946604,0.49527286248266245
OXO-X-X--,0.5083922783525949,0.5053239344486461,0.49570548185972035,0.5,0.5050775423423779,0.03341310900753813,0.5042528078250812,0.25319012278583863,0.6456563062257954
O-XXX--OO,0.40622999146323313,0.7173629355230917,0.272892589406304,0.6224860503664778,0.36651237354325994,0.5804190903098512,0.6860863990355826,0.8325257286009573,0.4898887037891435
----O---X,0.11823805191909248,0.09066952513000215,0.6867450856905706,0.006787365730014316,0.49621044408567044,0.37682686637927865,0.15630090513324563,0.15472219355267286,0.4960608150475996
X-OXOX-O-,0.21332351340234168,0.6870882338010268,0.6730063667825243,0.2382354189615351,0.9304319615239973,0.845693723808759,0.6872380094842624,0.10532708767125332,0.011744750030668383
X--O-O--X,0.5089646594292138,0.49558184786072,0.43709383690982706,0.49456140587184855,0.6872379594563026,0.50854568543993,0.6540747952417566,0.040704505761126386,0.4957407616861053
OOXX-OXX-,0.5036907255187988,0.4903767283927657,0.4958879264853334,0.5028808640478252,0.5510846811155692,0.5097166595278199,0.5000611023802287,0.5078691091916241,0.005255325177807135
X-XOO-XOX,0.4989767570358722,0.68723795981004,0.5078960392469667,0.5027293556338501,0.5086926237548853,0.686801687934087,0.4908690539161146,0.49154870357024844,0.49566456108953433
XOX---OOX,0.49944868528311226,0.5015318015855958,0.501169804347944,0.7816471914754597,0.6876685844060231,0.036222629285070695,0.49890644290633407,0.506993645105245,0.5085901068054124
-XOXX--O-,0.4181139108357839,0.5084159741684191,0.44548288388474916,0.4594346825788991,0.4321823966218259,0.5845748842956311,1.2994391454417875,0.4496840971348311,0.4050852591361861
--OXXOXOX,1.3591590784812309,-0.046893920321561366,0.4599653588995592,0.570480244355861,0.5823918927818175,0.4644289305682452,0.5368052621395738,0.42051111606176483,0.5880424961814819
OO--X-OXX,0.44414763321852885,0.44767692988449714,0.6794728163555717,0.6872379594563112,0.4375411260207662,0.4949439537210825,0.4140359090424848,0.5735779982541881,0.559006586390045
OXXO-XX-O,0.49418313318354923,0.5074892693584618,0.4986699568822438,0.4965995551129242,0.6872379594728218,0.49503716095908357,0.5060912848249658,-0.21858905443573096,0.49691093041625095
OX-XX---O,0.49892482808508376,0.5011478221069037,0.4348329102951034,0.49417392500297813,0.49954458611063224,0.00816128748915157,0.6469522519137526,1.4734428639949257,0.4957160421117559
---XX-OOX,1.1594323333842977,-0.2392614692305628,0.04398744147615474,0.2802501791279316,0.0951341424429436,0.11297678924268306,0.328226852725097,0.6728818010027617,0.20380833480207683
O-XXX--O-,0.5000736232329132,0.8173464930831174,0.5083528688779075,0.5058990884693626,0.5001196385579176,0.39943046601651633,0.8688485853967896,0.49385274145295655,-0.23159658731127708
OXO--X-OX,0.4966785038816702,0.4945627466812594,0.4935197590577334,0.6467013434558265,0.19890954218318413,0.4993367190731641,0.6778099674469286,0.5040214843233743,0.5081236390660203
XO---O--X,0.4977874756201764,0.4925153010677315,0.41084662077914524,0.3368655665789676,0.6868337075079279,0.49749359124674797,0.43573127676991685,0.6443761187279132,0.5036403966607161
-XOOO--XX,0.6779997738852068,0.4945621804214866,0.5048703407456301,0.5033792785558024,0.493312144747345,0.686843890067523,0.6889192118066049,0.4968565982071063,0.5093375047185285
O--X--XOX,0.8918779084244275,0.6840280400601784,0.1247016635090823,0.7604958029496376,0.5124973964842103,0.4822224065528893,0.6201850299988503,0.9117877356664504,0.8535639434071114
---XX-OO-,0.3998797472686322,0.8942830479133412,0.06451742974455776,0.49733831918416993,0.5064238146716503,0.49378862112208777,0.5053880636868653,0.504769562574608,0.6463586439383782
OOX-O-XX-,0.49014762242510446,0.4978216215897624,0.4969368506958558,0.5042184331524135,0.505538964739399,0.5038071870269075,0.495458305487038,0.5089600411340718,0.687316125699996
OOXX-OXXO,0.5098982114242362,0.5584643657415638,0.5829866675258684,0.4581995193213315,0.6872379593806616,0.5538517510187505,0.40054141222862505,0.4798247866210038,0.5330985223360322
XOO--XX-O,0.49649020705676017,0.5085824391435652,0.4955227278280981,-0.10384346508459397,0.40973861209421203,0.506512757856972,0.49572956938458157,0.2734614384261077,0.5083445209110832
O--X--XO-,0.4852787247992257,0.3652413354577262,0.5451619746477719,0.5036193198853155,0.22438988290817108,1.1468964148218275,0.5107150081308669,0.5687754895038479,0.41633024794161855
O-XXX-OOX,0.503977182782627,1.0154065141049546,0.5063301242561735,0.5026935161677496,0.5094197375960976,-0.1503170248556871,0.4916256159738216,0.49540407764900735,0.5055066458198514
XXO-X-O-O,0.5270976168355654,0.45629931004166896,0.5579121560480869,0.7624440305698568,0.5947289725507487,0.6872379594543406,0.5684017424137112,0.6855664826724073,0.4576162335169944
X--OX--O-,0.49719745777682006,0.08650388879361592,0.39039691360108575,0.4961155362518066,0.494315637644157,0.4698274417333327,0.6565654916982603,0.5056321654251917,0.24759730182556638
--O-O-XX-,0.39788433174754745,0.023249573906498733,0.5092451130732736,0.16979213813535432,0.5029457304004366,0.5266826414481276,0.49231292280913175,0.5038864602743828,0.6872379594563112
----XXO-O,0.6857607431605515,1.3110743675930938,0.4160166642753454,0.613006523656922,0.4962365105031056,0.49749905090485136,0.4981300630913831,0.6872379594563112,0.5024466558496056
X-XOO-XO-,0.5979291694309417,0.6855664826724073,0.5339634713464191,0.4308033637434307,0.43051039417926834,0.6872244827318449,0.4825391016571037,0.5722899970898625,0.02093790743441193
X-O-OO-XX,0.5001585039890761,0.15768896052057857,0.5071888949658796,0.6853746965082455,0.494955719708924,0.5085131962885967,0.6872379610679904,0.4934153479090663,0.5012498765162633
-XOXX--OO,0.16183397400554778,0.49135840681091136,0.49610987211195445,0.508959375528483,0.5024444785967439,0.6872379861917779,0.6440611343281146,0.49050458273912406,0.5092686064310485
OO-X-X---,0.4962437993629732,0.4977566674456018,0.6868150088911259,0.5013723304135876,0.6469443008042175,0.5024426868676272,0.49617490803293324,0.2815958310610126,0.21432584175359115
XX-OO-O-X,0.5040111267362672,0.5068981134094517,0.687237757550645,0.493036385904294,0.49908262972934847,0.6872339502495916,0.5073803486482302,0.1638731066983573,0.4906732879685363
XOXX-O-XO,0.4967174023219242,0.49732545796453914,0.49270485353364846,0.4914087989479442,1.5107891286215087,0.4999562353227632,0.07255068370014306,0.4988339319890588,0.4942420316469564
O---OXXX-,0.5048203855902409,0.6262084518878309,0.5288422900566935,0.11214899476549817,0.49187638372453657,0.49125702013379624,0.5089219686566804,0.49202431051522383,0.6853014739854926
--XOX---O,0.5521416751294191,0.2598082236827872,0.494632054498272,0.5017820988429117,0.49719318464661694,0.02712897871125347,0.6858522674681977,0.8202731397348402,0.4949297077224065
XO--X-XOO,0.5342547648228596,0.5438788045682594,1.4479561400819394,0.8186193957398193,0.4426772082598888,0.026336359724653202,0.4990588637900868,0.4611690378530644,0.5240779801959536
XOX----O-,0.7921329522573792,0.04191208610471431,0.7496035611110076,0.17629552636622636,0.6872379594400508,0.684269773672881,0.04822754277148367,0.8339747265099233,0.5797440282576911
---XX--O-,-0.19022946621591896,0.13659571015000466,0.2874549703480713,0.504485505680266,0.49472589199279904,0.019139592762103197,0.6104398191013194,0.5031739499178337,0.05146417459741631
-OOX-XXXO,0.6872379614179722,0.49436630947634286,0.4972910625226756,0.5076941186335377,0.0406630140126063,0.4951906512918,0.4977006600163954,0.49268137413180746,0.49990141658552734
X-X-O-X-O,0.47841827627750644,0.05607975492867601,0.5058782346612727,0.1711670398640397,0.5532189575505192,0.11958606910973368,0.43412887333666517,0.790535314724566,0.44634503734211306
O-OX-XX--,0.5315730792379706,0.4706507796604846,0.5889818108049153,0.42175931929543187,0.6485102812815343,0.5885768939523506,0.4804781504184954,1.2598470065780898,0.6442952257575173
X---X-O-O,0.5027178140642475,0.3697898009021371,0.646298422311091,0.8444253790392335,0.5025410901375552,0.6872378984621887,0.4938817499790705,0.6872379594563112,0.4978605501762177
XX---OOX-,0.5498188722893379,0.5834669119926527,0.6869782335299081,0.6101853887626203,0.5318188443970944,0.5605569464739868,0.5752481592947646,0.5704151183737385,0.37080733876413075
X--X-O--O,0.5040429105901835,0.21390828651895355,0.6871523606576644,0.506530002534516,0.03619967626009024,0.5041359748094159,0.6872379590290791,0.6269230110493191,0.4926435268774635
-OX--XOX-,1.249266371775137,0.4959895549847348,0.5058750933675583,0.16838302826915913,0.05240723003988751,0.5097756488224077,0.5009692700796718,0.49770248564602954,0.40097986851321155
OOX---XOX,0.49058036306927294,0.5039909627626817,0.4914224104736264,0.01160361551289274,0.6872387356348117,0.6477137291556495,0.5057530556127108,0.5091197808266357,0.5019028210399443
OO-XXOXXO,0.49360664471150884,0.49951217647917184,0.687237959457073,0.4912830440725629,0.5084951224411962,0.5029220256837303,0.5088407239853446,0.5031682327129822,0.5078103456333689
OXO-X-O-X,0.42883709599421777,0.5421024994814423,0.5609605295009231,0.6872210029433347,0.5419649172352139,0.13892730174915857,0.5431109156874805,0.5947327574570852,0.40940445893504684
OXX-OXO--,0.5051511953183354,0.493770146465594,0.498245717330712,0.687145971363121,0.5086835465382561,0.5000460325275787,0.4946182412703716,0.40435140825046356,0.687238126896036
---OO--XX,1.321376098778423,0.33153923832534815,0.7379185736712528,0.5072437012517306,0.5021673034165635,0.6872379594563112,0.06054281312165305,0.49524429125152325,0.4932758570191432
XOOXXO---,0.4960312480271051,0.49012892555367726,0.4958152503038831,0.49753292272286465,0.49513981214904745,0.5041528223912493,0.20440104667484083,1.8339161263002048,0.6852626011622585
OX-OO-X-X,0.497491289495797,0.5023891191342715,0.39329378145524785,0.49416989432269637,0.4995763480909503,0.6872379594563112,0.4964213901935348,0.6924946230373804,0.5084015370173939
X--XXOO-O,0.5733068514779244,0.6869261801768042,0.6855664826724073,0.5370812624093073,0.45874262280201905,0.5463951515808121,0.5435984491588122,0.6869340343595505,0.4492607577177667
XOX-XO--O,0.5099691465312853,0.4939237521762219,0.5068885277115748,0.2698296759543273,0.49504372690353055,0.4969492158190897,0.21833323264804216,1.206881123349233,0.503772262260889
-X--XO--O,0.13366392642256825,0.5001472235423033,0.6872379594728226,0.003186535961110959,0.4915601174019755,0.5071272206573388,0.3083464614990154,0.691014192085228,0.5027309270516005
OX---O-XX,0.44320026399382606,0.4813776568899511,0.7762979275557134,0.027219286136695664,0.8594147935188177,0.44435965009194045,0.6466928174802639,0.5020807364865446,0.4467082781408306
O-OX-XX-O,0.5062151347420565,0.6872379598026384,0.5028167933326765,0.49019053156933473,0.6872371170990591,0.5017662890656734,0.49687362076871866,0.16638743768758923,0.5015738445265191
X--OX-OX-,0.4954493235600578,0.4996564676891193,0.8300564525056695,0.4984664291734327,0.506620292316267,0.2707380122885996,0.4974678267637752,0.5060612151919387,0.08164091484974745
O-OO-XX-X,0.495888809970422,0.6872181327296258,0.5009152073943605,0.5050837173626059,1.3835091954087377,0.507815964122301,0.49019612619402675,0.5075299570997723,0.5031394332520379
XX---OOXO,0.6247507847155718,0.6589078368845794,0.6638469986575375,0.12580265152385478,1.3418849217422348,0.05407931715514336,0.35051333564764753,0.07894938201344714,0.27566237308872676
OOX-X--XO,0.4913110620621585,0.5037707371015266,0.4983182640948256,0.46452740281856075,0.4975111611396485,-0.2883731843879971,0.6872379590407014,0.5035886102154197,0.5026582188877002
OO-XXOXX-,0.43257434920959026,0.46918772509589735,0.6872378681696094,0.5843562377248467,0.5980868463409219,0.5112639926554237,0.502365026598437,0.4908626288919146,0.6354989461736971
--X-OXX-O,0.52497918747894,0.40484325404673704,0.4570657127251986,0.17288393752291853,0.5894918137493547,0.45731119036327245,0.46289318813891067,0.6868496344922823,0.49753823573494876
O---OX-XX,0.47381076604773925,0.4496011850053609,0.06831011367897277,0.02600353081285378,0.45388652697294274,0.5829301471274351,0.6436635231505974,0.5937144139938102,0.47610079179462356
OX-XOXXO-,0.490869333039497,0.5049109667420525,0.4972138178981115,0.4926353997696783,0.5003467934399649,0.49471214050014584,0.5073974802163411,0.5037633215187176,0.6872381268738453
-OX--XOXO,0.6872380844069146,0.49606465929450066,0.4964736940561739,-0.002289664074679565,0.8121836100199474,0.4991121028087567,0.49431958553608146,0.49487679636611676,0.5077422086921775
O-XXX-OO-,0.5908843731986849,0.027035622845945184,0.5332158893542676,0.40916863709470935,0.44709117105306995,0.048979541583634045,0.5060083305266405,0.47358834091704455,0.6872379518382784
-O--O-XX-,0.05691692982940677,0.504300137214036,0.06445040384800399,0.6646686191289795,0.4995532322747969,0.17577433420390587,0.5028351259301944,0.4987804874105293,0.07013527851030021
XOX----XO,0.46503176507338684,0.4556621609031494,0.4071785013613388,0.04009707154165587,0.5016192939732608,0.49754993799241237,1.0661688059760264,0.49892426174233856,0.409604391457014
-X-----XO,0.31069313869170134,0.49284183732346654,0.3148459633376838,0.008847224722754288,0.7641822194598085,0.060768503093408976,0.2883033619334291,0.4951297061713657,0.5086154236870949
XOO-OX-X-,0.4921244263310593,0.4975119317096002,0.5029400807002596,0.28679367421809876,0.5005805130532085,0.4922618574903931,0.6872379594563112,0.4915450486847302,1.7304060841900786
--XXO-XOO,0.6872379597821971,0.6872379504612428,0.5069862278230104,0.5058891173098452,0.4908966065695093,0.04719547137042279,0.4961372100418021,0.4925019723009607,0.4988735331489138
X--XXO--O,0.49437150608939584,0.4904461849432494,0.687237968582781,0.5053129135281076,0.4994066727322965,0.5042838194150706,0.5982749913575487,0.06278978055962481,0.5084779711116216
XOX-XO---,0.12081415399404849,0.3420127826074334,0.6433250044381276,0.20342113444761667,0.4712976781119468,0.9375309791548069,0.3994523470811726,0.6291343875194556,1.3806727734622506
OO-X-XX-O,0.49546921872774347,0.5009003613405665,0.6876685844060231,0.5099911488176249,0.677977077452466,0.4976028121477828,0.4902972881106004,0.36514523680683764,0.4996506417681168
OOXXXO-XO,0.5040523231587639,0.4972398588838712,0.4982176287539574,0.49848775654730215,0.5048394119164039,0.4901401593716549,0.4922407336497716,0.4971020593330338,0.4963226945093272
OOX-X--X-,0.5054565952054274,0.5089871315291243,0.509280034524399,0.1433880528529412,0.5042876003468182,0.39524262640462987,0.6475678381787875,0.5042746827073045,0.08567289172824194
X-XO--OOX,0.5593401845374159,0.1790316381780429,0.5534980999268302,0.550112236254305,0.7232899951507972,0.418189868456278,0.5368963289704728,0.443727048691242,0.5402717994518333
OXXO-X---,0.49440465432254604,0.49586068655134935,0.49392928236558625,0.5023246927570193,0.03312820627266144,0.5028036013036916,0.6875048334721218,0.2304929757050177,0.6871480377432968
-X----OXO,0.5566341322475841,0.49715913425278413,0.03525249558743182,0.3769786281678729,0.589939430840903,0.032302702663110194,0.493376175182518,0.5067499625319934,0.49071224771237004
XX-OO-X--,0.5033349401869549,0.4955996193408086,0.6933807150266308,0.5055501245115022,0.5017247907423633,0.6872377668894379,0.49085529439934594,0.41948514454271424,0.5110926551785445
XOXX-OOXO,0.5094355768078823,0.49072526621202933,0.5058245865655366,0.5029209577465102,0.03593899904755754,0.5057781580075784,0.5035366215405616,0.5098656592708305,0.5028986420830666
---XX--OO,0.8725464209336363,0.31075780610038206,0.630491183721819,0.4131530773027324,0.5937625388961663,0.7659868686486329,0.6872379590604524,0.563707072488442,0.5569508856960924
X-XO---O-,0.508929288318898,0.35728776441806753,0.4994346217607351,0.4986547833909061,0.7723599957863796,-0.4134539072097937,0.31320713788899446,0.5024041025286486,0.5044467537382835
-OX-X---O,0.5702737797644092,0.5060196848720859,0.4954729531613336,0.24721311847030986,0.49225665604673857,0.5596591821912521,0.3186954153005358,0.6435988441693209,0.4958029626959348
OO-X-XX--,0.49738689645879375,0.5078881298733843,0.6778876623584825,0.4963760440388007,0.6872578523973438,0.5034060667041718,0.5018463314478044,0.5065942441752956,0.5043400301153581
XXOOX--O-,0.5484339312991586,0.5912369699788711,0.805051478342516,0.7334064045054153,0.8804557954394372,0.4095516001556888,0.6091927254108348,0.6481156787956185,0.6877546573070576
XOX---XO-,0.502668897315219,0.5046479236126683,0.5036132405334413,0.652945347866352,0.6872546482117018,1.0378955005352686,0.4965402116450538,0.4921432574042795,0.8141244475083363
O---OX-X-,0.5344238686602633,0.680097829850644,0.6872379594563033,0.6790304516131964,0.4474428925237628,0.4272967385191236,0.6773063369663386,0.5083455001171765,0.6756350615760457
OOXXXO-X-,0.42254084248827584,0.5113128071407489,0.49521556913585085,0.5692447103741857,0.4626630149413827,0.5679543090995595,-0.3550379233282399,0.45721094461667466,1.0098136081886606
X---X-O--,0.4967516811388495,0.020060478187495234,0.36539637838787253,0.4141053346392863,0.4991151253649382,0.06524499306907483,0.506582021040889,0.6782284614749048,0.6714394061986234
OXO--XXOX,0.5088656013403744,0.5044167330517965,0.503448199689191,0.5530936874297827,0.5279882140468172,0.49127003474748443,0.5050671539698225,0.5071649222401681,0.49731945113056547
OX---O-X-,0.5092963927208887,0.4990913184950226,0.49528349817490425,0.6288199715281485,0.6872368872477576,0.4952753321827797,1.552440676488002,0.5097153056054835,-0.5609005915422618
OOX-X-OXX,0.5038433895140674,0.5016775674427494,0.4993864741589918,0.687237966948973,0.5034680457754135,0.5732794519043157,0.49446234919861015,0.5097662625036329,0.50536441410264
X--X-O---,0.5015296317202375,0.15358234145915362,0.7674395607041447,0.4918834247138467,0.015134297989475076,0.4901873781731052,0.6635304197437706,0.24316755563496223,0.030203844763290244
-XOXX-OO-,0.07309264443370733,0.5951668997574479,0.5215395458409218,0.556175215811259,0.4980668662686359,0.7179582326616626,0.5606971736237228,0.5505033488491877,0.52497918747894
XOXX-OOX-,0.5364243135378506,0.4209924139424514,0.5351964166858402,0.5493986030494745,1.331628255287511,0.5506984871900383,0.505650284735687,0.43968463667908625,1.2111616989072305
O-XX-OO-X,0.4945040485569984,-0.013957282114665182,0.5023600669343732,0.5030141585074084,0.9464142602416354,0.505854446911624,0.5049508997057689,0.13259344772818393,0.49449549625613126
OXXOO---X,0.49029674330765,0.49925535625896716,0.5065326367623754,0.49862135519920026,0.506845887988148,0.6872379594570739,0.5092623493852966,0.0783566337264543,0.49392330074755
OXXO-X--O,0.5081216264175734,0.4909845213780334,0.49296121140090937,0.5055110240001829,0.6453285632990114,0.5015118779022856,0.6872578523973438,0.6868118320532309,0.49727320620553195
-XX-OOX-O,0.6872373181151421,0.5483193180984829,0.500277972689993,0.68716070780659,0.5897183647390354,0.5048648753685823,0.5434054986823409,0.36767320768779,0.583195446847051
OOXX-O-XX,0.4727692772649663,0.5466590311152048,0.5860315099228354,0.5655262626073867,0.35233875046882834,0.4084428949628731,0.246918758047952,0.5808258450916501,0.5481503752047479
O-X------,0.4912439805315878,0.1351759220434502,0.49119869188653015,0.15304671350776322,0.11684965362078087,0.6905722906441432,0.02242104811397816,0.22237204676060007,0.2800172693002615
-XXO-OXXO,0.2758291955153407,0.4935508201021045,0.5032403374071304,0.5068058431086827,0.6872503427231643,0.4996478275571585,0.5040308805042628,0.495616232855094,0.4900809353056476
XO-X-XO--,0.5062173751237267,0.4949074516384713,0.5423700473728938,0.49830905457491026,0.6440401852240222,0.5071633659118998,0.49031679483499074,0.3698438429372978,0.34055393699117253
-X----XOO,0.6778756547468276,0.49895211598745004,0.6784046207389669,0.4883826586746664,0.1278386485394879,0.6365849829691331,0.497585339828776,0.5085713926363292,0.4923684665659541
OXOXOX---,0.4943792852171729,0.49572586853840783,0.4976003657026448,0.4962987088895992,0.4951432172230598,0.5019966624793025,0.686837732318562,0.6781487212590281,0.6872379594563112
XOOXO--X-,0.497422539064572,0.499898769344121,0.5036993844344319,0.508561647461951,0.5070818573724313,0.5011766008291871,0.687238730474557,0.5021531581964345,0.6838713996596166
-XOO--X--,0.2732809199050351,0.6761006401151277,0.19653547885450173,0.5531037372181503,0.031561761400440425,0.14053914373479226,0.8842762456554306,0.9148787098017771,0.40036309593596786
-X--XOO-X,1.3661603763634937,0.5003886129317539,0.538872844938954,0.2503278536884696,0.4968029903549257,0.49217890920354146,0.4902953328870872,0.4121559457949659,0.4917880801954113
-OX--X-XO,-0.09639854892322919,0.5086601038021076,0.4999795133628468,0.4392325636654004,0.5077493291553322,0.50469800799504,0.045944223768866255,0.5043642438837186,0.49863299605375966
OXO--XXO-,0.4955397477214796,0.4980597828963669,0.5072988863947012,0.7992917261052466,0.014638307349383928,0.4985993039153618,0.4962066963399104,0.4925197992023493,0.6854934870318197
-X-XO---O,0.6872189264149329,0.49022294502800323,0.6872370978010995,0.49654365650100174,0.5096173872139377,0.07414627161255172,0.6872337054838613,0.5672584837438245,0.49009365056542015
--XOOXXXO,0.6866371375815308,1.1230816895616789,0.4370920390077298,0.4978560467254067,0.4549854794636288,0.47288185824729234,0.4058086053754928,0.47679396747574493,0.49731271025460955
XO-OXXO--,0.37299041100942987,0.1339063725187487,1.127606052797994,0.6670378523809494,0.34258284860580557,0.20228183203613448,0.9544448294104684,0.08082297959207652,0.1944353752286354
-OXO-OX-X,-0.23566523616869017,0.5804210218392956,0.5066269746839966,0.42727869090907017,0.6852923660491854,0.5764646160018746,0.47993760511143085,0.10541443522113947,0.4280354319266995
-XOX-OO-X,0.5078843372866616,0.5027903278436023,0.49103956565490153,0.50348974953802,0.677930901252067,0.49056046576612033,0.5064300843031604,0.716748103814065,0.5051284880192246
-XOO--X-X,0.2082484232307752,0.4319405746585184,0.5696238651036187,0.542124733817886,0.7285129564376961,0.36227375146960616,0.4956849740340356,0.2830908315766887,0.4872315952571581
XOX-XOO--,0.4976578840708541,0.5092442072888047,0.49195914975226157,0.2580509179291943,0.5087402694734109,0.5090513088223805,0.49409398922779135,0.5711908761676652,0.6282461154108036
-OX--XXO-,0.5521153388575345,0.5080308763052743,0.495271397035068,0.13120037567043863,0.6872340390144926,0.5003901425456762,0.5060883011307539,0.49049235760817816,0.203676557442104
-X--XOO--,0.6819159740762616,0.4982695520994852,0.06482325149244267,0.3808197917543407,0.49950228656815604,0.4992276072057549,0.49020983142022057,0.663767263001273,0.1561373117465581
O--X--XXO,0.5039192255401522,0.4926144182798844,0.687570779640889,0.49659545441505376,0.5012451365070925,0.4987820605634652,0.4948933239178689,0.5020714314156318,0.49238635675922776
-----XX-O,0.16167218212917,0.6892404561639012,0.5100843103460453,0.8181373309445857,0.07595945710698748,0.4907908418020263,0.502726769989229,0.33381327291964547,0.4905311876986153
XO-X-XO-O,0.5463469722481034,0.40172933857070864,0.5011284886389693,0.5344571136617435,0.622622319528907,0.4204980045269593,0.4805301451442994,0.6876685844060231,0.4240031815140217
XXOO-O--X,0.4929311851322612,0.49956514140240993,0.5005908373121227,0.5053391330994355,0.6453927771804173,0.4971694304187145,0.0917912955935955,0.07611372606192812,0.4924786151863749
X-OX-X--O,0.5090023144185697,0.561138302131065,0.5068998520074991,0.5050644013353441,0.5073576346283727,0.496371625742035,0.6746703308837959,0.08998050146358738,0.50572124082856
X-O-OOXX-,0.49022142565228294,0.09530246097272654,0.5086873520003815,0.6872379594563112,0.5024198937202883,0.5089878991650141,0.4958464209201637,0.49122162457456153,0.6853663735453057
O-X---O-X,0.49576026786248645,0.0676540969630286,0.49998531100252397,0.6872379508008356,0.09317584880775642,0.694182076865982,0.5048487692503723,0.9030849028024012,0.49310872480361995
X--OX--XO,0.599470321984404,-0.2750851238395836,0.11348242879001158,0.501519798805265,0.509411905240976,0.016611087660912793,1.2518526197305007,0.5542008701906505,0.46281935748401776
X-XOO-XXO,0.5012328503114952,-0.18261302928181644,0.5082680023480487,0.49601516511795873,0.5023504203581982,0.6872379594563527,0.49781995947624624,0.49695923946002196,0.5014302015793423
XOX---OX-,0.41689223052864255,0.49331798962295725,0.429648581493291,0.15215688523774584,0.48862228764684007,0.5791227634154421,0.4334683323899902,0.4425729198761392,0.4993968304416584
XXO------,0.49420101267957484,0.509935068520697,0.5065514381527146,0.44485721413622525,0.6347258502317384,0.6517616598840461,0.41468122637232147,0.6750496479405619,0.6439934874043066
--X-XO-XO,0.17712832220279173,0.258807451672766,0.35491289688120864,0.2240636999775822,0.8391437205093267,0.5439714556699324,-0.3665639935674997,0.6466497948782024,0.019840677583143007
-OX--XXOO,-0.23221065571713118,0.5006129339747237,0.5074729388208838,0.5028525464110212,0.6872377707700535,0.4900765297731315,0.4902364123178791,0.4956689124072173,0.49137548150318994
XXO---O--,0.4663526185869855,0.5520965123105869,0.4654644133623557,0.6432914478842665,0.6872379594555599,0.7349222711160172,0.40622499406580154,0.27348822760459157,0.6887693720623514
X--XXOO--,0.48000515620607165,0.3123308757553651,0.5421013192508255,0.31642313331595595,0.12630982604702823,0.4617713310630037,0.9270982592256832,0.16411104230601448,0.19326733537542984
-O-XOOXX-,0.06380504919908603,0.5096700369942065,0.6627781477059621,0.49769425881332363,0.506609746327539,0.4951063156667502,0.50234086553298,0.5090090566200677,0.8831382522426653
-X--XO---,0.028124973681012688,0.500932934379651,0.22419500151437016,0.4909359378128262,0.4900850123975491,0.5026630625172421,0.5610026387027764,0.10770830378932472,0.4525884385780603
XX---O-O-,0.4904011105533803,0.5077937135929439,0.6888677543055156,0.7421011157056552,0.15774324945646967,0.49939668489091243,0.8002868027848661,0.4999419071326782,0.647207624501676
X--OX-OXO,0.4926136947165234,0.5952048458081658,0.15274039578443133,0.4998020471217146,0.4922113463069351,0.03443296700389786,0.49174651355666676,0.5075212525156845,0.4943005170709273
OOXXXOOX-,0.49770111468122025,0.4921202324661586,0.4985703109909033,0.493922974678972,0.4945542369648763,0.49504556630887,0.5065098511557256,0.5093442924698597,-0.09991237202262526
OXO--X-XO,0.4911466964117261,0.4947786227516918,0.4957096618411703,0.29754458858827587,0.6872578523973438,0.5091802669584348,0.16762037437887062,0.49787764066276596,0.4950089490666003
OXXX--O-O,0.5075222056157069,0.5045592810530789,0.4924540421222953,0.5019994488101829,0.6868023955816714,0.6871493523585975,0.49613236527389737,0.687237959457211,0.5015224337203726
XOO-OX-XX,0.4910308067896532,0.4977382154134826,0.49191736487551513,0.18525730703619825,0.49473097594468074,0.49860067789961465,0.6872379594521469,0.4976031350320295,0.505354994275202
O-X-----X,0.5082821822142518,0.15740237445220617,0.49156398768456755,1.1870028262324763,0.11049716982754165,0.07128211643481136,0.1795733270131492,0.1624103138805651,0.5089285790622553
OOXX-OXOX,0.5085599807662544,0.5015506240641593,0.4945027741015484,0.505433227422594,0.6872379594713671,0.4968460128843638,0.4967626011533297,0.506137573485532,0.4985887185077641
OXO-X----,0.49785483780275847,0.5036427939882274,0.49775274124149343,0.33216683969433203,0.4903125298163593,0.270361374246297,1.484609824239793,0.5210240988306049,0.20407375516007076
XOX---OXO,0.23292258566435808,0.7710822532232172,0.1301037353124147,0.00559957173216552,0.004842690012209938,0.5520781318812144,0.6655046152530841,0.04333856786550727,0.3965891884755971
-X-OOXX-O,0.4989695717391552,0.5066144586502533,0.6871494638217314,0.4916359808110923,0.49961289045858626,0.501928402590665,0.5048701723519635,0.6876685844060231,0.5078186351596017
OOX---XX-,0.5824446268875464,0.5114898133529734,0.5193979191592633,0.42242999566085515,-0.41702507119498766,-0.06241354243424169,0.4106606891469604,0.5653030446080887,0.6623678046324667
O---OXXOX,0.49593453201617266,0.6872381268942849,0.27281068936126385,0.5094101425225215,0.4930548555259552,0.4972464233230193,0.5003516513301012,0.5045836417702588,0.5063987056573838
OXXX--O--,0.46382663222256126,0.5441956982422224,0.5342901608217694,0.5428133186936395,0.1878981038412128,0.5811047155013122,0.4768678850145634,0.623514889613822,0.6872371923082045
-XX-OOX--,0.6873094920163073,0.4967297260325034,0.49440355672898584,0.5076733397021022,0.4907409633267724,0.5057966539412417,0.5076774000734041,0.643451077207882,0.7887275335247614
OXOXOX--X,0.5029806023795438,0.49255403006062076,0.5041474656858098,0.4904294368701482,0.4946973014675744,0.5008986398529673,0.6872379594563464,1.1588419882885257,0.49692182041629007
OOXXOXX--,0.49353034876262725,0.5028496737564825,0.5019202841071152,0.49004484913730423,0.49452322687267536,0.5097495751977789,0.5030028040613294,0.6872379594713671,0.6872379182246878
XOOXO--XX,0.41565106607523394,0.8685068518728148,0.7622650774466524,0.6045519004524749,0.23312555242037514,0.7006955901304153,0.6513501383002744,0.8615612082977864,0.4028989635318415
-X----XO-,0.012614011403329906,0.5046421748856049,0.5437778055551105,0.1313239102165864,0.6459480750653318,0.4624197548533491,0.5030587001086244,0.49769894862249164,0.4691309872897656
X---O---X,0.5067942779455015,0.1462692908062745,0.09780223891587003,0.45225455192957864,0.5041203580239221,0.8183320685331089,0.5299516089105948,0.6858986639182306,0.5058693007744357
OXO--X-X-,0.4854382563074572,0.4056394080429738,0.40102890554951615,0.219534836545358,1.173093871654331,0.40519197317556077,0.624166669683914,0.5604624392674907,0.20976769672395656
XXO---O-X,0.5060325676489689,0.5021863088010676,0.5051362172026587,0.4748574374097182,0.6871514101268954,0.7711364718260939,0.49920594277759556,0.44685346371582424,0.5071812665916285
X---X---O,0.4943274272882256,0.4570620677653587,0.5719230639771421,0.5056182239398075,0.5092496542669981,0.30191767517668316,0.05687613935472091,0.08480503477670909,0.5093808974246375
---XOO--X,1.3387147832428914,0.4812240354897359,0.4138377345867583,0.5020452174211409,0.5049131039317618,0.4995272184196929,0.5796806565001407,0.377163830884815,0.4945378549489083
OX---OXOX,0.4934119563833987,0.5067873465841044,-1.0613110896259776,-0.9865495181510973,0.6783216762162017,0.4992095337955436,0.49048999305843777,0.4972148805844391,0.49340229622129933
---OXXXOO,0.8152424034229906,-0.3968153299465632,0.6190119779376146,0.4917248591496091,0.5062817797554068,0.5012579666771684,0.49570940783445805,0.5055590025884226,0.4940897627147689
OXO-X---X,0.5026864829455983,0.5057289478241771,0.508514536737523,0.198638226378695,0.5053413720940431,0.08463118813940895,0.6817772705149672,0.4083670647526913,0.49822274779622466
XX---O-OX,0.5073611116966613,0.4947410687437758,0.18907088112462972,1.3960240179661754,0.08001885633757905,0.491191574598215,0.29462625694498035,0.5066496300318944,0.49962939982213717
-X-OOXX--,0.3454181376503248,0.5028207879647846,1.427720164620892,0.49277424386149254,0.5002501868774688,0.4955940114654983,0.5087219280192261,0.306778795431487,0.1669825853597487
--XO-X-O-,0.37762005238995777,0.6836414120828072,0.7657753811385491,0.743280525160589,0.30469218064671166,0.7888277461248159,0.6661048501831413,0.6900937128567707,0.6872402000929506
X--O-OX--,0.4964109033747215,0.9905389545590577,0.6451864458422251,0.5018819279945376,0.6852706202397817,0.4992440163079605,0.5083213345778238,0.6466206989845381,0.49110751214189846
X-OO-O-XX,0.49794782726438885,0.21633347350315624,0.4929917796078557,0.4992381902145915,0.6876685844060231,0.49006007494798953,0.5065996044015197,0.4980533262756645,0.492883579007735
OXOX--XOX,0.5055408879822485,0.49611673021849845,0.509352653273907,0.49817119508340024,-0.25368047557002515,0.8531732265189444,0.4930218004536769,0.5057257429768012,0.49285760341
O---X-X--,0.49338136835123375,0.4492377465608611,0.6752213573619066,0.02123165624106721,0.5076446824636307,0.08614404961046379,0.4921436981973846,0.4375129263911038,0.07231036039242889
-X-XO-X-O,0.687237968582781,0.49832719616522586,0.4954468004359372,0.5077480094666317,0.4977817982764039,0.6969422100331917,0.501936912273445,1.0411922705582213,0.4914979725627128
X---O-O-X,0.5069714043432552,0.6872343362018052,0.5061833238688684,0.48875737931864105,0.5059866175596248,0.5053526810105888,0.5007238235646073,0.6871532681785781,0.49680359963422427
O-XO---XX,0.505195535946292,0.5430321110408636,0.4926885782623958,0.49563517708501903,0.4926516307575882,0.6788545260096496,0.687254320371637,0.5096851185609345,0.49847408983521796
OO-XOXX-X,0.4908369910363664,0.4943310530887926,0.6872178141916158,0.5010143118488166,0.5064659226748903,0.502381113026846,0.5057739018411515,0.6872381266977216,0.49992836065552027
XO--OOX-X,0.49056550548377936,0.500247288180143,0.500375792410058,0.6872370219429783,0.4994963583416816,0.49639287233459867,0.501654391545232,0.6944537108801515,0.508268469939769
-XOOXO--X,-0.336241818882812,0.5216506938998754,0.5847233809282436,0.5943040086801972,0.5783605722686845,0.4086265138901275,0.2983988142857516,0.2526152083477996,0.477437234958689
X-OX-XOO-,0.5252571583629373,0.6514003025777726,0.552436109322524,0.42911179356063267,0.6872379594540646,0.47254348740206265,0.4030348705466925,0.5073478301046526,0.6872343903642549
--O---XXO,0.6872379503401758,0.6872379595469399,0.49202768894821697,0.050023539142705076,0.4949094814759216,0.6872379575217809,0.4981861668288029,0.5086430563103759,0.5044958076810846
XO-XOXOXO,0.9759940650101365,0.4348515085017096,0.6872379594563112,0.025963437370231213,0.3733384785331948,0.6586127578346365,0.021704103898260496,0.894864588443009,0.6545149988979628
-XX-OOOXX,1.0136080635766862,0.5079665196733558,0.49390487940072325,0.687237960691503,0.5018358577474883,0.4985070394539591,0.4932137475929191,0.4924016141857252,0.5061760574897898
--XX----O,0.12106689518295677,0.2300802753336879,0.4977211154632077,0.5053379993157582,1.0648554705545377,0.41956865383229636,0.6914057648566645,0.5321001926656542,0.49690586759047095
O-XXOO-X-,0.49569530155706837,0.7485031986718714,0.4996972606370356,0.4994874621419393,0.5047369768096198,0.5077817194983368,0.409949542295017,0.49629155788018986,0.687237959456311
X-X---O-O,0.5082857010817644,0.6829932549193337,0.4996155540112989,0.07509254962786194,0.7072666501790142,0.043048731318454214,0.503957030430545,0.6872379594563112,0.5085075445976109
XX-O-OXXO,0.5015009473995516,0.502989776621783,0.6887868277746619,0.4992229962827571,0.6872370850328291,0.4965401444022117,0.5045481404522036,0.4942264238727593,0.502863832390906
---X--X-O,0.11382521729451872,0.377297921458947,0.9851357510785363,0.504695209036156,0.2643309690603495,0.194198426531765,0.49778917324483213,0.6627258518262114,0.5099815451107416
X-XOXO---,0.505868847921343,1.2694501098302173,0.502553188835342,0.5057488001984565,0.5016082625380085,0.5062290078804312,0.08269479932264989,0.10492989711918721,0.1142050091838645
X-O-X-OX-,0.5033811161688035,0.8154418997456918,0.5099854411801954,0.4811745913081651,0.5003219618315156,0.7097741422476614,0.4992455234321605,0.49174406637841656,0.3943382421095243
OOXX-OOXX,0.49462729040703896,0.5029250802720393,0.5032252086138858,0.5079502226040147,0.1038660758697757,0.4919184195303326,0.5041243499314619,0.49175758381904755,0.4932460670851407
OO-XXOXOX,0.49742114222719075,0.4942004313254656,0.687237968582781,0.5090854099484389,0.5046199318090008,0.5026143191622255,0.5048123127944971,0.49496722976665414,0.5005633913147354
-X--O-XXO,0.6445235437467076,0.5016031312051443,0.6783605417148829,0.49726414277726366,0.4943213813033671,0.6872379609724697,0.5009252937538171,0.5059099323184068,0.4981446641375803
----O-X-X,0.25766129945716004,-0.12925835330551527,0.9292384761067538,0.0525513066818899,0.4924621145855278,0.08965987300692396,0.5089004490339422,0.5034068012150084,0.5092765330543855
X--O-OX-X,0.5063304312103644,0.4017216699505589,0.12753367596372112,0.500858881018565,0.687144969128369,0.4938923875895075,0.4963687447561595,0.4239683857290347,0.49081931411878255
OOX-O--XX,0.5078535483658672,0.4998435970695574,0.4975170676110139,0.9281800808136949,0.49196792910681414,0.5910497363962124,0.14519060281690127,0.5015985080776577,0.49203763547554175
--O-O--XX,0.7289536933416174,0.7779864932063646,0.4958615403003198,0.40230932678767856,0.492745786133948,0.03265018603331016,0.6872379594563112,0.49582114226902757,0.49840266983236053
--X-XOOX-,-0.10464373082509404,0.309160773964615,0.4966070818840191,-0.17906410185124988,0.5026970466722861,0.4926560046567353,0.491395092672906,0.4948115127770214,0.12841918896424742
X---O----,0.5059355222059385,0.014694710761076868,0.4456771050716893,0.6872379594563112,0.4911382129774433,0.11360922747803237,0.4419984169657217,0.43424254803563245,0.5026530931968058
XO-XOXOX-,0.5026119304706179,0.4954566174616834,0.6872379594564322,0.503232157110841,0.5071797311237505,0.49929946332885955,0.49496285442015253,0.5062392721216642,0.5978409094286448
--OXOX-OX,0.6779776464611789,0.6872379594563114,0.5038986708373592,0.49349917923754366,0.4995205469686261,0.5060549490300978,0.6854011153914337,0.5083581024166958,0.5067914652414918
-XO--X--O,0.11098847667809719,0.49343133400131456,0.5099191671140263,0.20439835066184708,0.6872379190630492,0.49040030391389483,0.5894027695550355,0.6872370620182447,0.5075244630605705
O-XO---X-,0.5040852338745905,0.6397688026685958,0.49093085376200546,0.5041823980113862,0.027360469966687617,0.37159942171731286,0.645151232262688,0.4935256967283622,0.5055775717585228
O-X-XX-OO,0.5806357094194339,0.5243491864849756,0.5113858419684431,0.39429641912467517,0.4815434134145512,0.5918765169999208,0.6871737885106642,0.5700154445945518,0.4981519200618596
XOX-O-OX-,0.4914584260840962,0.5044462048061004,0.49949128311203556,0.6338792922965059,0.5023068716449257,0.7294421963464879,0.4957607087542679,0.49942537827106276,0.10870447609194123
OXXOO-X--,0.5087884706822011,0.49921454023309897,0.5077999579396908,0.5040357292276932,0.49735137754100034,0.6872379594563112,0.4945072155239865,0.6872379590303344,0.686835052321283
-XOO--OXX,0.52497918747894,0.4585232872975121,0.469440362965067,0.5112971086507224,0.6871811666470913,0.642749579993614,0.5361962101504362,0.5004727960529097,0.42294313701426034
-OOOXXXOX,0.6872379594563127,0.5060175348555752,0.4912849759420426,0.4988188836555628,0.5056942683097259,0.49527779841802394,0.4931637676954699,0.49131442218997307,0.5099500586224612
-XO-XXO--,0.7624451732485025,0.5081471575014636,0.4982282398143696,0.3802330327282497,0.5007052640455018,0.4980356295805,0.49235708122725447,0.5159247361928305,0.30282156713067854
OX-XOO--X,0.5073784000654395,0.5081580080354239,0.4543516309518427,0.494901532767134,0.5012598134615648,0.4902744454622348,0.6780618918893172,1.1737435552072202,0.49348006882162854
X-XOXO--O,0.5004086691969466,0.01076995634129807,0.4976288324383436,0.4921143549112232,0.496701033000689,0.5078526376506549,0.013800247736182103,0.4859484667007582,0.5032850553281487
XX--OOOX-,0.04012968049426069,0.7179449963721611,0.6872439375991691,0.6868785765925925,0.7765448064672694,0.9036345928242588,0.6276485817736366,0.029860489984741667,0.15582860981523494
-XO--X---,0.19621543510692818,0.4933604988557538,0.5034206385281346,0.4428438746375326,0.18018025959861173,0.5061488379149959,0.2072856945003987,0.5127301303382101,0.062464177173238156
--X-XOOXO,1.3521944573861562,0.5006652454570268,0.4951146998212186,0.4366032686536368,0.50383562967784,0.49232486005372483,0.5007611275218342,0.5066516180702523,0.49170204073221235
XX---OXOO,0.6719663624580413,1.0504109789881924,0.7163879092863671,0.7943582001032603,0.2399360896834814,0.16384461983855725,2.085865169753144,0.48817259554914805,2.0992442302692824
OXO--XXXO,0.5459212712988218,0.3573556280465674,0.6126612999865378,0.11580394499670132,0.6872379578188762,0.6167457654656631,0.24991603771523696,0.28052363614221454,0.25121550764456524
O-XXOOXOX,0.4980279362794357,0.6872379594563112,0.502528153121129,0.4960471210851191,0.4921618880584056,0.4905022279070638,0.5050814643597931,0.4943872460349524,0.5091179445482068
OO-XOXX--,0.5009157934569446,0.49614813321917195,0.6872422352678528,0.4950606871509582,0.5085243267462519,0.49947326403885595,0.4959996268608127,0.6445759981852517,0.6868307143649989
OXOX--XO-,0.43660542777048983,0.40744063340645026,0.47052379379210574,0.43834242718348254,0.6895918185042517,0.4095072968407778,0.5448586276876514,0.40920493777226896,0.6872379591043577
OOXX-O-X-,0.44669826503451465,0.5396889758563741,0.5152565817801967,0.41343963517560856,0.04496168149149965,0.4945330903130758,0.07130073135895953,0.496541031646907,0.48144917299880263
O-XOXX-XO,0.47554519613194335,0.9142001630512004,0.5373166151479113,0.5011708837269991,0.41396443022756896,0.5509245166479799,0.6868371725250896,0.4083676866552063,0.546886959514731
--XX--O-O,0.6782236850890039,0.6212388662577086,0.5094078908537935,0.5076679048522539,0.6329927563368539,0.8395534582743083,0.4922015436732426,0.6872379594563112,0.5015911397395968
XX-XOOO--,0.5134030090360354,0.45623375493458124,0.6872377610104563,0.48941053461101314,0.5822621955273823,0.5061620107542106,0.4353959735009473,0.6513501383002744,0.4769667029677671
-OOOXX-XX,0.6872381569987849,0.5032278211499486,0.4962625581225569,0.4988738959049899,0.5065971526517593,0.4982526936132324,0.5056947105065231,0.508659087025879,0.49996293883952053
-XO-XXO-O,0.44670188059680077,0.4971555437753616,0.493302156648202,0.6339740404912403,0.4966746069386312,0.5061124152631796,0.4994874312409071,0.6872377576108619,0.4992259476502655
-XO--XO-X,0.42841465287006353,0.49864693596845333,0.4977490472085401,0.6853107306044144,0.49649117260296466,0.504616801372441,0.5026827851409915,0.4216390699101473,0.5069408102923262
OXO-OXXOX,0.49972385356477744,0.5078656723533955,0.5030984219597683,0.14175322805978963,0.5076420906932685,0.49985558585327283,0.49109248240027525,0.49292353285218266,0.5088403508637521
X--O--X-O,0.5067972495162058,0.6433980609900675,0.39193726468865114,0.5081613228789562,0.677834615923268,0.49705583420195554,0.5072900340112534,0.5010372185849589,0.5020397599916444
----O-X--,0.6871973457677704,0.6061752629378174,0.6835428532393198,0.04923893416459796,0.5015963236700728,0.3106901020933013,0.4989396714129695,0.0031977301042715456,0.03630120699368489
-O--XO--X,0.1789801682635478,0.49377831787453696,0.6316393167410628,0.7402895357734074,0.5055025970080368,0.4938255460800463,0.1807374044849528,0.20993274610596596,0.5096177039125657
X-X-----O,0.4972895554001997,0.3385038669857521,0.49440037148634025,0.3662781261064145,0.10116770543290837,0.5456402108164295,0.2708858596936873,0.32293399872652867,0.5091940067270985
X--OX-X-O,0.4945590695699988,0.8262567217184404,0.16296944835274108,0.5068907090038425,0.5008978059707053,0.6853473500885705,0.49095654133999417,-1.0431819004626446,0.50762202476328
-XX-OOOX-,0.6478467339180365,0.5097968694700232,0.5027497982520558,0.6872379598136544,0.507998890181626,0.5049929616206686,0.49818537080181124,0.4953715596078426,0.006102869018495438
-XOXOOX--,0.5003386457457938,0.5543170042561197,0.47622813953583154,0.5462937219020909,0.44985409968404155,0.4114135518135896,0.49875464425623856,0.44402278900214753,0.6872379594563112
XX-XOOO-X,0.5054733467608342,0.49773529741340045,0.6872379594598476,0.4923108981512022,0.500631937155551,0.4990056466436362,0.4941327008627041,0.12477836149630867,0.5014925581972849
-OX-X----,0.1778940230964,0.5882167437099649,0.44949662341471847,0.12665285230835044,0.5903194414835758,0.24207243213852825,0.6040546256246452,0.3118774963958486,0.34306532672269474
OXO-OX-XX,0.49492034469895796,0.5071851013030018,0.4947084375812988,0.44777553236289797,0.5015806092843624,0.496752257475482,0.6889359337218841,0.49795049933564267,0.49545805303268514
O--XO-XX-,0.5126792930821188,0.4009149673427461,0.546631198088682,0.5411793667233475,0.4802791818114351,0.284703355510426,0.5563298682080738,0.5121725797705627,0.6872355786559771
XOX-O--XO,0.5094902272557683,0.49608514947005583,0.5068863020825847,-0.5886450105332166,0.49277738822197514,-0.17667019521518734,0.3630899424817787,0.4991268237664119,0.5045464868161972
XX---O-XO,0.49745466786138065,0.5064266330951968,0.6887868277746619,0.49975483128533943,0.5086271572972836,0.49187468212057095,0.6443635787744909,0.5031073434172549,0.4914356099593685
XOX---XOO,0.498934132159379,0.4534918425816412,0.49638200638119323,0.5982957951383634,0.6870331078160703,0.2211268717112695,0.425905404547455,0.5299212849107772,0.5542052055401518
X--X-OO--,0.8714110818938671,0.7352949026759903,0.8108373404515813,0.7568161154218668,0.6875368142221026,0.5464910922743001,0.23155846733755991,0.687177019994595,0.6854330743838516
-X-X-OXOO,0.6965787141725782,0.5005668111512386,0.5081485582708798,0.5032882253068887,0.5038051664840326,0.5064196563822911,0.5034714546302109,0.49715785977291227,0.5098843980505968
OXXXX-O-O,0.5519652930921453,0.5676081078073463,0.5081180893271839,0.4721886343188288,0.5243030640776977,0.16380625593804876,0.584963599627472,0.687237959460498,0.5502752655915861
X--O--X--,0.501197154607469,0.07003937813238853,0.7219914087227892,0.49359713503858715,0.648238903982545,0.6865147991918674,0.5059067395571598,0.14651736274439414,0.009060323668144799
OXOXXO-OX,0.5015380269020582,0.49524458312423464,0.4979956644972266,0.49406143063332325,0.5067362512253666,0.5042058646745822,0.779970182835828,0.5023807504937233,0.49269846275074186
O-OX-X---,0.505403459107276,0.6872370609351945,0.5064861596970754,0.5005820151750013,0.687237959456313,0.4950558912254456,0.08770583579468733,0.6914363778149047,0.32668443330727537
OOXXOXOX-,0.505585080432431,0.49724258078811284,0.4931363964627773,0.4991192411709857,0.49450137995157334,0.5063044443594652,0.5079532247436841,0.49150141003548425,0.6872379594563112
-X-OOX-OX,0.2188706218161538,0.6541130783340983,0.2068792474465676,0.9318379533948455,0.9995625500648129,0.011481462037064571,0.17298430660187847,0.7517769589782048,0.18938801185631426
X-OOOX-X-,0.49827085829232237,0.4933834416230725,0.49194588588527716,0.49493494442386954,0.506664683933734,0.5049507134012419,0.6872415794000771,0.49670665616469084,0.6440280341921358
X-O-X--O-,0.505082971181708,0.16251490695828097,0.4939933173410789,0.33307757858931825,0.50382992530247,0.011634929027279028,0.02451084743063081,0.4949151083267381,1.3798938184314595
X-XO----O,0.5078251353884166,0.8704554177387052,0.5472555793168151,0.5514529668642084,0.49562912874822584,0.1401650849782312,0.41154108066670947,0.3119287714989578,0.5562346959519845
O--XXO---,0.49157178762370557,0.6988290343031988,0.6802394885149811,0.4903318003786949,0.4904402088784363,0.5029154081520315,1.1505286234640926,0.5016756970361173,0.48820652251249674
--OOXXO-X,0.6872379594563114,0.2140903175162211,0.4931863661596848,0.49690147232688614,0.5007143732527223,0.4908034570164305,0.49268434896950236,1.5510892733428783,0.4993263753736888
X--X-OO-X,0.5034015463069106,0.49406188781930793,0.6659079057581871,0.499792393153848,0.6961143519483566,0.5027657903073729,0.49214223201096585,0.6109819028305224,0.5032841993231061
--OX-O-X-,0.3483348602983824,0.2924836531059782,0.5069036510107358,0.49271237796158945,0.7610330231263153,0.4947716680298343,0.6778969459297625,0.5049078084304789,0.6474153773448323
O--XXO--X,0.5078097104229731,0.33044182760303287,0.019443228318897554,0.5311509849187127,0.5957872432868216,0.4712991861888332,1.1629813166971101,0.5720512520353889,0.5266671405466632
--X-XO-OX,-0.3019837584844507,0.20877361056767468,0.4935106214289363,0.027962741672485136,0.49792110683984747,0.4999949882145729,0.2593811507231962,0.4934384455760872,0.5028500392047793
O-XXOOOXX,0.49724048119130343,0.54276959924166,0.4950435190061509,0.494336615290001,0.4900107122639184,0.502234690342538,0.49581918396040797,0.49002890389594517,0.492607559900213
-XO--XO--,0.6872379476878766,0.49887466676574493,0.5000088517386655,0.6867405166816025,0.6872379594554244,0.49259914982789826,0.5000930688086138,0.36512156398421025,0.48962818740106434
-O----X-X,0.7806910547962403,0.49474614890966384,0.06698843468397742,0.14291934897723724,0.06375867140490887,0.04278587401204631,0.5075786157813711,0.07072802077165413,0.49498474913688767
O-X-XXOO-,0.5007436327457191,0.5273199192249909,0.5090686465647323,0.6872414705972222,0.4929116224344343,0.4985394266962058,0.4918095954462149,0.49695293253485884,0.6784952050982631
XX-OO-X-O,0.5039396249069241,0.5015234976579097,0.5544818745133991,0.5048432299822795,0.4905086549502406,0.6872548210692608,0.49971797992924505,0.2743357444051746,0.5001542498562768
O-XO--XOX,0.7074851399475091,0.16317036721802125,0.9692375674743079,0.4582870575223197,0.6451723276118451,0.6452393197137515,0.2523244767131413,0.9618430233830866,0.9226701281706542
XX---OXO-,0.5205136945592657,0.53977516072121,1.2813912205958036,0.43660734925618605,0.25236448585949667,0.565896795426997,0.588018686433165,0.5856533267700927,0.5276556048568122
X-XXOO--O,0.49303518806580293,0.21595597648783166,0.4975262477598674,0.5034308828933491,0.5022084194556893,0.4906056755077437,0.7480641426908081,0.0707253210536809,0.4978044285705964
-OOX-X-OX,0.6779860038843427,0.5327951201280227,0.4178496897722122,0.48051073767308183,0.6871615556975668,0.43741575971226215,0.44478690038399016,0.4588198599264359,0.4880576767127808
XO-XOX-XO,0.5333733773412966,0.43352338168901916,1.105659885306725,0.46790826502413796,0.4629911875938829,0.538380231989878,0.02626892021610472,0.44080345641964697,0.576426559969517
-XO-XX--O,0.17202592907257602,0.49108381135081225,0.5026905810252282,0.12573867801481176,0.5075293711330647,0.5015521022329749,1.189252379918637,0.9899238921703256,0.5074992092711316
O--OX-X-X,0.4980593471461632,0.04483348906299639,0.24577970267066362,0.5007907445717523,0.5052934337737817,0.47910277445040095,0.4985027370512333,0.03450319824361636,0.4972229292974523
XOXO--XXO,0.6089744106950874,0.5889158949341732,0.6978151650722495,0.02304772751825135,1.0211087568651922,0.021884524427423058,0.9997485732428656,0.8098761698312769,0.4305745527969661
O--XXOO-X,0.5046267452198081,0.5,0.07589134490176902,0.49891593845103865,0.502355990300649,0.5029650117768776,0.5081732531494141,0.15101161830353804,0.49370203118050676
O-OX-X--X,0.4930373659527859,0.678115739472295,0.50750890013052,0.5069312433311577,0.6872116642079886,0.5084051732782071,0.406546555951519,0.44696960779342887,0.4990468684471377
XOOX---X-,0.2743456502831857,0.3051339250760351,0.28236930062514043,0.4567942994834161,0.5472684971878118,0.09347359282858103,0.6874136963759697,0.9756728719347627,0.06865283155582014
XX-XOO---,0.4996341985880811,0.5995750398332149,0.636955906341331,0.4527648424467724,0.4917492054071151,0.43012994929282566,0.46503388930601824,0.4304172596765807,0.22243638883866756
-XX-OO-OX,0.6945551749533502,0.506307198934366,0.5031900932609279,0.6852597440395811,0.4926405795439392,0.5064839692619645,0.05866190657406989,0.5049400874800654,0.5063786841538097
-OX-X-O-X,0.3017241704065875,0.5051252849284115,0.49199003359835786,0.13378274498490744,0.4997049425306813,0.45750436293754304,0.5057554157383587,0.05401205564204664,0.49433447783740575
OX-O----X,0.7220606555040728,0.9375886867578468,0.1722818150381467,0.12701373789127912,0.6041834396088108,0.3076294552845056,0.6872379578188762,0.8772987472400205,0.6063899447089379
--OX-OOXX,0.6868406150283971,0.6872379922735659,0.49081209741536375,0.4946128533016175,0.5098559632097371,0.4905896861886134,0.5044632596511376,0.49352045439310727,0.493762133016104
O-X-XX-O-,0.5054399793123394,1.6679951132922917,0.5092894736877259,0.03658409975761345,0.5076476619772039,0.501105663452903,0.8114621437132303,0.5053310585566405,0.18600343222687632
X-XXOO---,0.5043360774702949,0.08000024351806467,0.5059566109765442,0.4922462926171785,0.4940379607230239,0.5048400305565348,0.5141429682078615,0.030408006407291244,0.17154511284276253
-O----X--,0.08079172747576868,0.49513730087046515,0.4422079456531324,0.044834220091024335,0.17740892746204812,0.07443072416008167,0.5066125980374122,0.7536831810771552,0.5997419577272393
-OX-X-O--,0.6873305113574016,0.5046609268477303,0.4911154890935708,0.5074310980463352,0.5075982033449337,1.3354849051139281,0.5079771515884165,0.5077771937484111,0.5076565680383456
XOX-O-OXX,0.4386135724824359,0.4622317023630226,0.5974699234639674,0.08154110419260768,0.4107639605832717,0.573457157074262,0.48545036730035873,0.407159200843098,0.4118026712955378
XOX-O--X-,0.4379832580778481,0.49596764619273315,0.5497274684570186,0.7301504356874337,0.4093019379153742,0.4974269312948916,0.12541520003165496,0.5776108090773594,0.13164780578841617
XX-XOO--O,0.4948467366606034,0.5057167070478047,0.6949087780609947,0.4975728971696333,0.4920773446668421,0.5051278605174145,-1.087523000696081,0.5024278373216066,0.5085723689908374
O--OX-X--,0.5088616599078598,0.49388515811014433,1.407003581695022,0.504109314924691,0.49658324323500075,0.04561004353387166,0.503684589654231,0.12871715128169592,0.8068364391617097
-XOXOOX-X,0.7951669386172038,0.5588124971653251,0.40225780031425773,0.46144427369051266,0.5643664468633501,0.48291117742065226,0.5576654301972181,0.5780519191631769,0.5757429929032327
OXO-OX-X-,0.5007449885775791,0.5049538750061096,0.4933698669936145,0.6872379594563112,0.4962966774899269,0.4953552754353556,0.6872379594563112,0.5022804563063505,0.6872379594563112
X-XXOOO-X,0.5010990202131925,0.46939010931488806,0.50477475504917,0.4924854089729969,0.5067086310476249,0.49005875200244137,0.49613963897740354,0.03178023144496783,0.49547593026626907
XOOX---XO,0.502102550897908,0.4982594276539373,0.5081037046674867,0.5076946342022255,0.6892421596514203,0.677778834525068,0.6852402728896733,0.5052285038281672,0.4945634627084119
-OX--O--X,0.0726852550007051,0.5497367456724348,0.5940706212963001,0.6805299430637457,0.42155513797439426,0.47284323461589284,0.6874271691418443,0.36973985934773523,0.4314705793094348
O-XXOO-XX,0.49325891954763706,0.5,0.49151703392923113,0.49881742069537777,0.5027012362101266,0.5006358113768963,0.5,0.49229172160325035,0.5035025794958882
-XXXXO-OO,-0.2263925455524639,0.5033183062872759,0.5023859943124858,0.49576192545562536,0.4957334099957194,0.5087196362526295,0.6889192118066049,0.5087238176462441,0.4984809338136278
XX--OO-OX,0.4907541655377559,0.5013767296708667,0.6868225779706971,0.6872379594563112,0.5064736105723572,0.5034083603526801,0.6268456108754021,0.49656465741064953,0.5049232379546598
X-X---O--,0.4978811299756899,0.15639705119377645,0.4926722981450716,0.513589757533032,0.10222443551780669,0.04408646374846442,0.5075000374398767,0.38417381069093737,0.353969812360873
XX-OXXOO-,0.4673812729153566,0.4875463413083681,0.09256007598685578,0.48222574917006156,0.5383912502889692,0.4590548188692652,0.5523954296427208,0.5421069805153607,0.6872238657011519
--O---XOX,0.7013480251581234,0.9142330076627003,0.5015717051685619,0.3903379969808608,0.4953364459774955,0.5083157292360628,0.4925210055694125,0.5080680770184997,0.5043935391423529
--OXOX-X-,0.6442912337880636,0.6950046827974843,0.5057369690855623,0.5051473966085315,0.49544062356378443,0.4924687050843749,0.687237917324055,0.49875480662817506,0.49702669815153816
XOOX--OXX,0.49566913082677383,0.49398992053110763,0.5055988303237614,0.5037691432203728,0.6872379610680606,0.7766180664346367,0.5076047484495328,0.5039814374959015,0.5020838313305134
OXX-XO---,0.49487426966188736,0.4999034958497484,0.5063257080484391,0.13549130446720842,0.504518022856286,0.5001998549977028,0.18657238658405162,0.6333166545586874,0.3439861572598778
--OO--XX-,0.8205285907906378,0.4124052235821574,0.4983676317543228,0.5052580224873159,0.584637068041291,1.3591197313316046,0.4971463492507569,0.4944157030032799,0.6871479275384066
XOOO-X-XX,0.498031642998043,0.5039992354236748,0.49968549109807764,0.5057928866004398,0.7777052956126671,0.4954348039669435,0.12836180778600792,0.5025106508512702,0.502481635840118
--XO-XX-O,0.21760968277807224,0.029404999561789325,0.509392515166895,0.4950341300067119,0.5972888079422268,0.49859528123130353,0.5092797518786539,0.9607553535472029,0.5041978271395339
--O-XXXO-,0.6672329657859045,0.08124936023286033,0.576864639414705,0.06616825204277355,0.4227183655476303,0.45542083776473813,0.46227793090514513,0.4143087844895918,0.819453543577211
X-O-X-XOO,0.5012388749749045,0.8771963128806631,0.49407455136953454,0.4445646625120503,0.5054072250672208,0.6872379594563112,0.4954606908334347,0.50581081018309,0.49693758560392176
OO--X-XXO,0.5046569509254047,0.4906668255803439,0.6872379576565061,0.55515244911377,0.4992238990071932,0.6476623818180484,0.4948780106711734,0.49301008866086043,0.505836860680571
OXOX--XXO,0.4992257222755992,0.509496644086794,0.49055621844718755,0.49883401822989193,0.6872548010046426,0.6852563513666582,0.5035721734546276,0.5056172666592347,0.4912098594411027
O-O-OXX-X,0.4975528415701894,0.6872379594563112,0.4983340509595887,0.014534558269521991,0.49786068455860766,0.49417646165824547,0.5036950018259645,0.687237959456311,0.5057266197704842
-XXO-O-OX,0.6547067786853259,0.48756411765164376,0.41037516774312005,0.5768374555547102,0.6847706175905924,0.5883551535275647,0.6285413125000093,0.5937113746292487,0.4394654302503576
XOXOXXO-O,0.4977717564406416,0.5861855126986283,0.5635721049686507,0.5613062910426768,0.5151757481682783,0.4195900968052528,0.42187248045563586,0.6872379594555599,0.4271899441597719
X-------O,0.49952268318703613,0.04349937134127302,0.14201024367838855,0.06766024516720637,0.4023454881103533,0.8087167769645089,0.27443624702925073,0.4915652865969082,0.4971793496911609
X-OOOXXOX,0.4954652939634049,0.6872379594563112,0.5058539845948057,0.49264193274089246,0.506879106196454,0.4977400680309889,0.5023998329414446,0.5035835206640588,0.5009797862508699
-----X---,0.04336899598262933,0.05884211726206717,0.09595760870625136,0.019128725117334877,0.4369894059512266,0.49410264566171325,0.43351449184284585,0.5069725366993447,0.14001715129334447
OXXXOOO-X,0.4924332064203231,0.4901880719584681,0.49368799966774224,0.503202850009218,0.5004496822658973,0.5007538222211506,0.4949083479470939,0.5921258489821011,0.5062602843051708
OXOXOXX--,0.5062445835560034,0.5069165955516854,0.508549905533917,0.4955583792884885,0.4945721853574751,0.49411247321432905,0.5095295778490936,0.5406419038690377,0.6872379594564748
--OX-OXOX,0.5097585794063928,0.6939519860199691,0.5055782791929371,0.5033135618978971,0.1598447435790883,0.5006632604037381,0.5006384479627806,0.49317356468274653,0.4985059608017956
--OXOX-XO,0.6869572830571715,0.6794728163555717,0.22289497099506672,0.6076937642475784,0.16787076464538442,0.5509050457055831,0.6871877085790423,0.865801024289763,0.9294972994455734
XXOO-OX-X,0.5067085924156249,0.503401454837251,0.5057368617753549,0.49339277088645794,0.6872380819833955,0.5051932921225036,0.5089250811449276,1.2087819756925269,0.4989541831308765
XOO--X-OX,0.4931640861278105,0.49901488203507066,0.49454976038146226,0.6862126324225456,0.6853295752877231,0.49444630543414536,0.3521914731201049,0.5089030395807977,0.5031946730451757
-OOX-XOX-,0.6513501383002744,0.6534355600616862,0.40136757273143775,0.35975283542547465,0.07781948790763882,0.06413746509540907,0.34879132103662414,0.46555722405523214,0.9971636481396602
X-XXOOO--,0.5057196833636954,0.1351685364846381,0.5086568311719282,0.49245224343075344,0.5061597573865754,0.49750318425003587,0.499055130440753,0.7281321551733615,1.0141302873864424
-XX-X-OO-,0.6872179691131809,0.5078777043692313,0.5916221979577322,0.7718778140011444,0.5879273395298559,0.3115725529759936,0.4190994997354103,0.5420904564186065,0.6513501383002744
X--------,0.5052632472778473,0.09154365007473991,0.12414432027613642,0.45250910947097456,0.685022167587531,0.2090308593736695,0.22873028098453274,0.007710702019201765,0.08590737728262171
OXX-XOO-X,0.49853016671520045,0.5047918752125382,0.4919257494527474,0.6872379594554513,0.4914483521654146,0.49960333437288595,0.49210395633077614,1.1469417191883977,0.5015787820836939
--O-XX-XO,0.4916113751450956,-0.30546328092557473,0.4983678926935145,0.5093510682657264,0.4920813838685818,0.4995033159744747,0.49042185221508383,0.5098961050977776,0.5001463878604278
XOXOXXO--,0.4949024032550306,0.4943550599040367,0.4934793723316092,0.49501795125157166,0.5036466983811924,0.509463320389058,0.506183321131383,-0.16907240391778522,-0.24524294371429323
XX--OOXO-,0.4136663956802359,0.5941856487199845,0.04000307420541094,0.6872379609724697,0.5251835793455214,0.5216301291641776,0.5721478418283164,0.5438325406205134,0.0027956078312708077
-O--XOX--,0.4957091709822221,0.4999051105370067,0.6868787970794135,0.5086677373313451,0.5002188522445535,0.5061774242617925,0.5018542936173235,0.49975061356691064,0.9250755784244606
-OOXX--OX,0.687296420320636,0.5024954726185181,0.4927392332223935,0.5027666768992534,0.503585728754263,0.7275754283705876,0.49979399958813825,0.49194845492118566,0.4964951144710733
OXO-OXXX-,0.5097009820166316,0.4914882731366016,0.4969186340229154,1.1975448239884465,0.4922876989198297,0.49167101313560463,0.5014394490773104,0.5049805661713056,0.7310585786300049
X-OO-OXX-,0.49123574952097443,0.0028247436069769316,0.49678417853970713,0.4964495386439739,0.6871517783033794,0.5084140474745741,0.4957928037879941,0.4997102961084246,0.6868085115928672
--X-XOOOX,0.64450498011887,0.5760821226652754,0.4953731542527966,0.08081978941952844,0.494612889575051,0.5081259511389414,0.504723242337035,0.5073505558477599,0.49948087533705926
-----X--O,0.0772619837679242,0.2548018993916919,0.05839652074964552,0.0879727173722824,0.6872378216448248,0.4980577150767507,0.008714674922437327,0.7564869350536023,0.502374590349682
-XOXOO--X,0.36015486097789157,0.5052261791697846,0.49413673568867206,0.5018970156254247,0.4910792403164792,0.5048350986798933,0.6872379594563112,0.6787192243357149,0.5005610335069921
O---X---X,0.5030288050092472,0.08813749452105452,0.5425742989811622,0.7464652037454663,0.50600516268949,1.2321855990836772,0.8810945878874996,0.7517920036227606,0.4976203327696715
X-----O-X,0.4988207733027111,0.11563876830081055,1.3569618369100749,0.23216868260009527,0.6861035778181424,0.695862481414344,0.4906698665532425,0.08125349665664705,0.5032537831082862
---X----O,0.686943783377551,0.034779502554314834,0.35108913128850716,0.4982675699757795,0.6872377953298662,0.68762888573559,0.002297206175232658,1.1176488401328069,0.5000233703393268
XO---OX-X,0.4977064161898587,0.49157709394267946,0.20551462503033768,-0.2901989458950649,1.0258656831589006,0.5008881508619196,0.4900085735287404,0.09544871159074753,0.5043783097065334
O-XO--XX-,0.4981394028701729,0.1997366171054361,0.49227530015692095,0.5019549051973428,0.4236431705916591,0.9548924841080223,0.4917642572047307,0.5079054194677817,0.5737080331725743
O-XOO--XX,0.499832293237205,0.49180653442227557,0.5048845460702169,0.496948534093816,0.49401294736840745,0.49938898409636606,0.6944537108801515,0.5081412020177066,0.5068723875298937
OX--XXO--,0.49013119104297476,0.5038262003492598,0.08244642487549736,0.6872379954317708,0.5073536374787955,0.5034970234334829,0.49863317354001546,1.3346976619758317,0.15667959553798816
---OXX-OX,-0.2977197080067224,1.2491125245655388,0.005233539027430456,0.4916124931474118,0.5083200661917131,0.5010467404555264,0.09239708355252485,0.4944708053039622,0.4964987368627819
OO-XXOOXX,0.5096085992613987,0.5092606715246579,0.6872379594563112,0.5037529308020997,0.4978472493677215,0.5037766480808976,0.49605839114982647,0.5014885046060845,0.493284262418221
X-O--OXOX,0.49707235534722194,0.5043153140798712,0.508755942947473,0.031734035438047425,0.5079217554551981,0.4972930198104701,0.5020070676091212,0.49038947076658673,0.4960932811652088
--X-OXO--,0.028263041030820002,0.5202507814187043,0.4984747840783575,0.06416886809747624,0.5090556112465697,0.49672510126528385,0.494575905577222,0.21614943867102393,0.6740707085874638
XOOO-XXOX,0.5037315796292896,0.5073731748762775,0.4956951981347941,0.49577012388574454,0.6872379594563112,0.49215393598871127,0.5007997416316345,0.49501776540768017,0.4987765251247871
--XXXO--O,0.21571658652878223,0.9329533186414735,0.45190758245508944,0.5368603147179597,0.4295881304879016,0.5504742535781937,0.5863298061342901,0.6240793376097349,0.41383547740053983
OX--XXO-O,0.4951010424860475,0.5048369080287113,0.17375707235448412,0.6872379665101157,0.49408177723525165,0.5073214624554915,0.5058407314138427,0.6853704908884278,0.49178820787297256
O-OX-XO-X,0.4913332652141594,0.6872336790245108,0.5017323994974224,0.499316429969386,0.6872379594563464,0.5091797044550209,0.49778410816592955,0.3490838254338222,0.4952763202545943
OXX-XOO--,0.4934612712744939,0.5085195084258304,0.49185513230408884,0.6868091106478382,0.49169569736104757,0.5047152967002495,0.5037737013215272,0.6887868277746619,0.5046447804689427
---OXX-O-,0.6843704074300913,0.49410383213744663,0.49192324547449595,0.5032434588207275,0.499603442756217,0.5091730097878701,0.312561687394291,0.5030333521215244,0.8036166004305973
XOOX--OX-,0.5054026605507456,0.5063651437547598,0.49481180452116974,0.49629351397606747,0.687237968582781,0.6781149833257765,0.4905196179480117,0.503372771375333,0.6872337913781171
XX--OOXOX,0.4660163011267202,0.42989535821437513,0.09350320289454322,0.6872379594558342,0.506771715903696,0.490486559663208,0.41725302363316885,0.41471589793930885,0.579522679490794
-XXXXOOO-,-0.30128302259940165,0.49542459030785013,0.5095476220852108,0.5080327092213928,0.49503097658657524,0.49512043492826335,0.49745104402937107,0.499333843964606,0.6872578523973438
X-O-X-XO-,0.016726027401853583,0.06031245044460948,0.3037209846802462,1.3569550032671325,0.1838195555869402,0.08056847450805504,0.1878565966190141,0.5570128373214843,0.19705672063744611
OO--X-XX-,0.5076590506038227,0.4976104554969646,0.6872379611131473,0.6441617683379004,0.50993892189551,0.4912274551667872,0.5034116959781575,0.5069465866921464,-0.10197076026215923
--OX-O-XX,0.44761074127210043,0.04441793191184629,0.5216430104921578,0.5449641430835432,-0.546576093904644,0.5651531160619219,0.0032635602796771135,0.5040773837365532,0.5649445041085709
X-OOOX-XX,0.4938423930121932,0.6596485573385248,0.49154325898100987,0.505164074831884,0.5051832968555431,0.5026696049577017,0.687316406640199,0.4990914244500568,0.4985667734687004
--X-XO-O-,0.9995288959331126,0.05459236662957623,0.50325748332499,0.0781108645096833,0.49743248955425934,0.49021914741924094,0.656874821839581,0.49710673291602053,0.6779796991781715
XXOO-OX--,0.4314074139547771,0.11675513021072892,0.9898787089189536,0.6424050622337717,0.9655686763879606,0.6053622473428838,0.4990298957110988,0.6513501383002744,0.7424567145579505
-OOOXX-X-,0.6876685844060231,0.490865888878268,0.49579682013720106,0.5066532130599781,0.49688520085378607,0.5038177939965836,0.645397023961356,0.5030384018390548,0.5058825258989355
-O-OXOX-X,0.21280726016682805,0.12461072207820756,0.40779677723501245,0.8714894093513923,0.5631921549754747,0.2839467822626641,0.07092736739032346,0.27432467654718673,0.2864810338517192
OO---XXX-,0.5061618119603771,0.5041877056561795,0.6450215702890039,0.012392354961540009,0.49409846877799485,0.5017366423999644,0.49008612795879053,0.5060871039282016,-0.6261993600401554
-XOOXOX-X,0.7975987058999912,0.5065626877015139,0.4251295748887162,0.43164949561884625,0.420729739913364,0.41023919832867395,0.44754775222878207,0.9026330263314255,0.583724526670518
X-O--OOXX,0.9462386077090417,0.9637309753984549,0.6488256138008981,0.5470429050857802,0.6873918840920604,0.9908340693377934,0.2818290584833244,0.1486481317411904,0.8158530379305173
OX-O--X--,0.490092453033404,0.5051983110736301,0.30316969734805943,0.5068364834528452,0.7258527928024334,0.034199775636973906,0.5064634905113472,0.9793012678745883,0.10885970028377112
-OOX-X-X-,0.6867488921969259,0.4928452185914882,0.4371585675609202,0.5858631280328231,0.4267938872514182,0.438048450281599,0.6304963899611571,0.5932755170063037,0.45002640937882676
X-X-O----,0.4905874525310478,-0.3639496800513926,0.5074382020426407,1.2097980256134635,0.5083588407157222,0.14929970850666763,0.05145620699784598,0.1160632644116848,0.10404807866080218
X-----O--,0.5096642039795872,0.10886352496806811,0.6864701473632872,0.15403991262999783,0.6872391259261164,0.1100396893350904,0.5093188249772611,0.15405252532061198,0.689938157334109
O---X----,0.5024549588400884,0.13923104764396538,0.11794957098238257,0.0023708444008613827,0.4941381319229275,0.1643326571619293,0.6872245823505113,0.22002622846159975,0.32649474006767676
XOO--XOX-,0.49964109712718513,0.5051081903651763,0.4984652205182885,0.05681642296025946,0.6873305113574016,0.49699970444230024,0.5086641727904059,0.49400019138750095,0.645910029787977
--OXOXXOX,0.8710532145926472,0.6872379665101157,0.4990192954472135,0.5080359671005978,0.4927350666790508,0.4988643504637351,0.49792230993151043,0.502658045561367,0.5091346188932918
OO-XXO-X-,0.710657656990598,0.4010745863514197,0.6872377945639802,0.06807810873065834,0.9132987034423613,0.8693720026319633,0.060642305192379564,0.040701894298056485,0.253073752343804
XXO-OO--X,0.5009965851239412,0.5049769351261826,0.5072869003498113,0.6872379594563462,0.49189719747644095,0.49732794478426295,0.6868223632160129,0.6872371161108068,0.494429612127428
XO---OX--,0.49839052652351384,0.4991390455177349,0.686867014397877,0.08959629492491278,0.7670323430491163,0.5016685431796569,0.490019375312157,0.7701039697023038,0.6911329699848615
O-O-XO-XX,0.49374374719693065,0.688885017482842,0.49795219101142174,0.7157062955454929,0.49844682061906725,0.5056976129820593,0.5368943511482568,0.4923794443407878,0.49609467813908253
OXXXOO--X,0.5047364508828185,0.5061053037927461,0.4989343708864124,0.5084609315481723,0.4953223902648688,0.49522292588138556,0.05332115266320475,0.35802874241318416,0.4962903035079135
XX--OOOXX,0.5084073518785218,0.4958756617584686,0.6872379594563112,0.6868161363918026,0.49872243985736736,0.5005576616566383,0.5097781578749985,0.5054187003646576,0.5066296868709599
-XXO-OOX-,0.6513501383002744,0.5584996765175787,0.7325690894661775,0.6865307812891542,0.6598345794428225,0.6532496722534222,0.019218797746106686,0.12210123475896884,0.12222668046986274
X-O-X--XO,0.4888267342404692,0.13838864630839554,0.4305875217179382,0.33458767453222515,0.4463144356956056,0.6872379594563037,0.1638682880595358,0.4030227358105565,0.5181654403978352
--X-OX---,0.6805876862089552,0.2237657124555888,0.5095842377181372,0.5653278478051963,0.5023034629343162,0.4995522093620244,0.10382901944070122,0.045468348577779205,0.6200461575507931
O---X-O-X,0.5056162284114482,0.6868011495546498,0.6474761082953245,0.6872339836173843,0.49904937071389294,0.6035978286751893,0.4976896249630688,0.15774363229409027,0.4954351618747538
OX-O--X-X,0.5020420096546248,0.5032176393483038,0.7751927295765191,0.5057816881918595,0.27880836318953284,0.1495857641448891,0.5002348709472495,0.38062229260707114,0.5071058564342532
OO---XXXO,0.4906592721778563,0.502963223018108,0.6474308787277888,0.6872379611188218,0.6872379593683998,0.5093298582262757,0.49732252942533034,0.5013563856346583,0.5023714640100173
O-XX-XXOO,0.5257297051077363,0.5624576674762947,0.4404241065465116,0.48936206363851786,0.6872340113166365,0.47134449375403104,0.4144056868907283,0.4727028479953723,0.431127658010094
---X-----,0.6356348177879947,0.16592555556603977,0.3526373683502445,0.5022074941642717,0.44447968264727594,0.1212832417638467,0.08961296238255795,0.37070713009636425,0.035573792813044625
XOOO-XOXX,0.4935080003723268,0.5024617915879934,0.5030914631377233,0.49566269787134654,0.6872379594563114,0.4989175387067734,0.5017147408186493,0.5081134381695185,0.5019289769464591
O-XO--XXO,0.9728222630724185,0.6348022037692773,0.35967864226677015,0.7250742028468109,0.6794728163555717,0.1870343642935931,0.20352621273596605,0.696498730712817,0.969882362663062
XXOXXOO--,0.5501015624341216,0.5413174201205841,0.597925135530562,0.4646873626699525,0.5463644903950116,0.5827404427493897,0.4764227628800044,0.3012541493591353,0.6872157386940528
X-XX-OO--,0.2860976983674639,0.13592113239634263,0.6386824277529052,0.25494630036788757,0.14932139780571507,0.0883373932424315,0.7214497592240752,0.14599368011156477,1.3708681730501913
--XXXOO-O,1.0814863170434192,0.37638904914782434,0.5024241661727938,0.5077128321804878,0.509227864498554,0.4991028550922252,0.4930361898279675,0.6872379179522169,0.5048568819933573
-XX-X--OO,0.3704708094718816,0.5099348907874556,0.5075754649623174,0.6474395208559435,0.5001847081451114,0.5091385902430609,0.6873156036681,0.49728081017818215,0.49575161198085804
---OXXOOX,0.49033372956343946,0.5352155997245941,0.5615238374413359,0.49278203073435956,0.5016715071550273,0.5047758995634261,0.49886684787401003,0.5076160157387646,0.49023646507088586
-OOX-X-XO,0.6875992173021154,0.49776690176659893,0.49884618300705735,0.5048705706782048,0.49643209720382125,0.4955915973447392,0.24963432034933752,0.4983854958969957,0.500451634120449
---O--OXX,0.49632628808527596,0.7226218338426377,0.6463900699401113,0.5039507020853906,0.6889366055186565,0.677823225905018,0.49495109480611127,0.503801591888512,0.509189763404653
X-O-X-OXO,0.495344275844827,0.7812367303408994,0.5097369112199693,0.15215542847612185,0.5045346390839271,0.6872379594554108,0.49759903047139326,0.5012484898827195,0.4921984444016926
XOXXOO-X-,0.16251091989392474,0.14367495276356945,0.8832172350083816,0.8862076785842252,0.30616761797847036,0.966733532132766,-0.2725261161727809,0.5607301180049078,0.5693644531197831
-----XO--,0.6039197623260716,0.07949065025516111,0.5571004851995598,0.04668002591753395,0.6877859373970424,0.49924345492514477,0.4997368433115777,0.038077279963583455,0.18711714041749328
-XOX-OX--,0.4932410847829091,0.49418770627389136,0.4922242287195347,0.49185377964375937,0.4659287012052249,0.4997375762699331,0.49487330286364417,0.49867546600379825,0.678156906275202
X-XOXOO--,0.4917793704918891,0.15350951456446826,0.5030378302084166,0.5065777974942184,0.4996438472619216,0.4939102380580787,0.5065983086370948,-0.24118422088213087,0.8147011794333412
-OOX-XOXX,0.6872383938079241,0.36318245907128355,0.24461516089213864,0.7615727196282317,0.52497918747894,0.2468395723218324,0.7036619628629531,0.011059337177180883,0.2429971221980648
-XO-O-X-X,0.04627323618652768,0.5014864911485437,0.4994111082906372,0.07044992804020545,0.49596193744074085,0.20266169314536453,0.4958775146685912,0.07650230356622956,0.5080549883789255
XX--OO-XO,0.4905758211647033,0.4988997680020431,0.6872578523973438,0.6784728379749624,0.5087690061887519,0.49616914678718343,0.4989848618074588,0.49861173015392984,0.4910759520672281
X-X-O-O-X,0.5025297177968233,0.5380335717939894,0.5064990276868663,0.6434247768929887,0.4949591274122982,0.686974483522336,0.5029194473454178,0.752707390409433,0.498896843998952
-XXO-OOXX,0.059824512250068795,0.5871924309695131,0.22245413413932547,0.014246615434882925,0.6794728163555717,0.9088323783873403,0.19329067448263604,0.9748309622640516,0.7862883170084851
---X--O--,0.30097074552736675,0.031183397103606902,0.685934355430239,0.4983672455683813,0.6856113433472338,0.14516426007982403,0.4905011995985772,0.021405270561610124,0.876789126689867
-OOOXXOXX,0.6872379594563126,0.5015417392094693,0.5026166183847367,0.49207723330193953,0.4946307567589751,0.504711706189658,0.5034998387960233,0.4999920918610119,0.5079594363488238
O-X-O-OXX,0.5790973292127195,0.8268431157411523,0.4456729329940613,0.68716070780659,0.4837175702071475,0.46766720929797334,0.46929634810471454,0.41339130266951374,0.4347785029605308
OX-OXX---,0.5036775012473904,0.4911776507729839,0.10941684387957351,0.5024605877265299,0.49488656940147424,0.5067917539769512,0.6872377778116292,0.7059331141542464,0.3682640542683904
-O-X-OX--,0.6774932571899257,0.3378038288462576,0.3802982212113545,0.8610274992068242,0.30639978863715334,0.732745387430676,0.9575550043082207,0.4461780690625492,0.52497918747894
X--O----X,0.495085076419219,0.4370237917486417,0.2113723554555147,0.507679861320389,0.2717041218693279,0.16948547723500623,0.7069592784157155,0.17201135081201968,0.5013047699961496
--XXXOO--,-0.17384764406320774,1.2382605873561712,0.5051286682129135,0.4922575701358206,0.5030507856208399,0.5045161753069004,0.505371223778528,0.02268175264564909,0.15240405346833008
-XOOXOX--,0.1504567072272393,0.30771306297144885,1.532656132295659,0.10270447589962861,0.6455739389485913,0.13771734887340442,0.4538662177050984,0.45453505536223904,0.49806026229693073
X-XX-OO-O,0.5056887664540018,0.6873053679492889,0.5028214742332776,0.49137224950064756,0.10430274873237266,0.4997974443451053,0.5009095520059876,0.6872196398852121,0.49278788241839744
OXOXXOXO-,0.4908303964442993,0.5083968621838854,0.506921702858856,0.5045140122704634,0.5099110309333058,0.5032834867781998,0.5042605163111396,0.4902640946936271,0.6872379594563464
XOO-XOXX-,0.4549403188555793,0.5615270259369605,0.4669283478407985,0.36087158161986105,0.450663605677832,0.4412847647213788,0.5026116789422446,0.4333845518720942,0.6868785765925925
OX-X-X--O,0.5656334423226224,0.40847173652807633,-0.04152159377218145,0.4132864031140961,0.6872375367584648,0.44128008825050996,0.1410499200428269,0.6855664826724073,0.5240075744887713
X-O--O-X-,0.5002184149492505,0.49152700679923156,0.495935213993905,0.6882981401040376,0.646112649983876,0.4964215414302669,0.4964491677459192,0.4954348433707899,0.6872415465586711
--X-OX--O,0.6872379594563112,0.7340079143788985,0.5062038122897784,0.3643450207640925,0.5065626409794528,0.5025536768100612,0.6871480027059829,0.4944531161240374,0.5067492869095158
-XXXOXO-O,0.6872379240140314,0.46901585841315724,0.5463815961838918,0.5219619436475176,0.4948570301097873,0.4248142400563203,0.42296604468971655,0.6872378673977162,0.5181977208446703
XOOX---OX,0.5065002132353538,0.5062856523434135,0.49224999048668666,0.5015229668342808,0.6887868277746619,0.5077275375377178,0.9995607564066968,0.5089804370291553,0.5002205003369369
---X--O-X,0.7252485051680787,0.1592404988978081,0.0023059840586432956,0.5064816344214926,0.6872380025111853,0.6368396661124159,0.5042310655728581,0.27295535354447975,0.5080605380327732
XOOO-X-X-,0.5022991760283041,0.4994803647395914,0.5080689883618394,0.4962100422326072,0.6437476721906726,0.4979282425641471,0.6873305113574016,0.49368608895615995,1.1617769422112518
XOXXOO-XO,0.4983710008578084,0.5090238611779897,0.5029890095250579,0.506923626717196,0.5040607614187004,0.5023785775997922,-0.1327869181228215,0.4901294474386355,0.5088943949317363
OXXOO-X-X,0.49569498048416316,0.49887655860074603,0.5083520194525781,0.5008314415745416,0.495219599930224,0.6872379594565045,0.5023269228781989,0.2537462324235293,0.5024300013508677
-XO-O-X--,0.5574109053259036,0.491107502497149,0.5006649469575539,0.20019659753414842,0.5013334011766621,0.15319034586738722,0.4925106982488757,0.19563548357320382,0.6872379599774252
X-O--O-XX,0.5078603911246905,1.324684030489813,0.5052726138213943,0.6481903817662529,1.26503566546979,0.5062462146676099,0.12163032702089938,0.5089847647824871,0.49834065049602105
OX-OXX--O,0.3004389568147503,0.07101551042223808,0.054115053379776734,0.8050839269150114,0.9653172058392268,0.06548147409963612,0.6513501383002744,0.48111597857421273,0.5401204263915269
OXX-XO--O,0.6414669231169118,0.7762541749318702,0.1196762808746985,0.5177996702186901,0.23890065773283542,0.8894448389772005,0.4489135301827044,0.619441314104251,0.43607451217755355
-----XO-X,0.2065079910897743,0.025877913999523328,0.1663579767337955,0.13968149858435663,0.5111869608012367,0.4938400381627239,0.5086711724685063,0.21740211003030624,0.4948201889925873
--O---XX-,0.7241444205650779,0.4357467570364545,0.503335642953674,0.03674743988768159,0.65517376320626,0.8148185141838284,0.5099263121096108,0.5078447844964111,0.05148937004360815
--O-XXXOO,0.5124973964842103,1.2944976161286017,0.025389735988273654,0.0955939822052414,0.828171529994332,0.908025846401776,0.8509760535211073,0.7361997054888735,0.9795062865408802
XX--OO-X-,0.5078221189355198,0.4981172273575445,0.6868248875975844,0.6872412642096936,0.5022679502027162,0.49140043328468636,0.23158098944966699,0.49169852723087504,0.5140223105837614
X-XO--X-O,0.5089564227916791,0.018231514707844787,0.508192944713782,0.4955921882051978,0.24512498760779683,0.2044336142890098,0.4987999922472221,0.698730392045111,0.5041165685038974
OO-XXO-XX,0.5096695442099085,0.49755318353903133,0.6872379665101157,0.49975724514922565,0.49884251065310403,0.5018195068104152,0.004074619443996119,0.4927444792239137,0.5004301728163107
O-X-XXOXO,0.49892706414795573,0.22003467625282652,0.5008154288929656,0.6872406191641126,0.5001739215429356,0.5015046015974439,0.5098960911515305,0.5013744553614944,0.4921692902947538
--OXOXXO-,0.6853466375511786,0.6872380019164734,0.5015158357376543,0.49216459451017175,0.4937462988673261,0.5064227034766213,0.5031356377141698,0.5054562825838836,0.4988313001448694
-O-X-OX-X,0.1587580552177682,0.5005652823932357,1.0634632847083576,0.4974166110480283,0.6694336682504523,0.500543372207991,0.5098627850967792,0.042174939507719555,0.49869550109249644
XXOOX-X-O,0.9262986461056283,0.9815545400852312,0.6930171958060132,0.00508504982116742,0.33196554333301853,0.68723795326942,0.35428553803657226,0.05404134473290867,0.5198144211880391
OXXXOO---,0.509684236365735,0.4943050728990542,0.4909790557278447,0.4935603682296551,0.49774024315227133,0.5063995805068947,0.4816161297129383,0.7208430597696329,0.6872379594563112
-OX-OXXXO,0.6872379594726534,0.49283926547460366,0.5038511245051208,0.14099195242430473,0.49770219619151934,0.4920324598362812,0.5023354244080529,0.5098297839572308,0.5034269418216025
O-XXX-OXO,0.5099659144868955,0.4957541284516654,0.5075475621287275,0.5035164803139837,0.5066375269766128,0.004663690132661602,0.4923144485959387,0.4944800890325833,0.5087738977568909
-XXO-O-X-,0.6456973199907196,0.5095445288874927,0.5033594073220558,0.4995786142087118,0.687508407406543,0.4902422162589614,0.4667027901838606,0.4978659024972324,1.3485208928197054
X-X-O-O--,0.4939990831835464,0.515561807359544,0.49201485918828447,0.5092038056239593,0.5070346827325201,0.5,0.49306124978149074,0.06256429213831938,0.20348129878141874
--OOXXX--,0.15141688870546055,0.05082394716572425,0.47222273746708265,0.5530023286332758,0.43062830955990006,0.5186185032886457,0.4124949768349514,0.5088121689471814,0.23085716433634607
OXOX-XO-X,0.5095921043878159,0.49426338210885595,0.49623527960043345,0.5030646910273134,0.687238538485273,0.5036774823859415,0.5040908893346715,1.2371418786737416,0.4934569233631078
XOX-----O,0.49367557555490926,0.5084090937110554,0.5031272135324556,0.4923541647595109,0.49506048480787257,0.49404380201922043,0.6978129996361007,0.6870156523765071,0.49837763512593414
O--XXOXO-,0.5507324674713558,0.5499355532520402,0.6872353892678359,0.5911847078244423,0.4404369636101051,0.45326527048802545,0.542910629864548,0.5785235232534628,0.4355286680361746
OO-OX-XX-,0.503524760373309,0.4938986035099661,0.6872543073063282,0.49164524487651184,0.5045078869851036,0.19663624570535965,0.503276215219384,0.5012822027998519,0.9184268699577601
X--O-----,0.5047319113889892,0.20079006505144187,0.31612807751166105,0.4979303016123447,0.7523662364524252,0.42983656179298996,0.6928964210229813,0.016092294924998973,0.3224098485685033
XOXO--OXX,0.5586590872778602,0.5398092195555408,0.548938228211794,0.5529538155843605,0.6904184395982557,0.8519341122605781,0.561901339116847,0.4163890200972129,0.559118587647315
X-XX-OOOX,0.4994932320439299,-0.05023614188917469,0.49249149310710116,0.4968472643261469,1.0059806192006442,0.5000822742259027,0.4972695393068234,0.49941257339445105,0.5040700645884354
-XX--O-OX,0.2704857167267396,0.5080986304774875,0.504092558439643,-0.353942000316954,0.3040703475862906,0.4980824711747245,0.8717786148623163,0.5087865520033923,0.5016093644193955
XXO-X--O-,0.50238435615458,0.4914640847994303,0.5090352648248145,0.4029659093512429,0.5081500804702624,-0.6539457241112565,0.015385106512331492,0.49324639867596787,0.6470293002333257
X-OOOXXXO,0.5976934045475267,0.548459355569657,0.45855708319804933,0.5678917160704199,0.5280383724649852,0.41413647298341705,0.4826688889853724,0.5352626122224718,0.42115770119119605
OX-O-O-XX,0.4966085230602566,0.4951929410640923,0.2572005915805514,0.49301290669373377,0.6784864554370331,0.49215724024267643,0.6876685844060231,0.5058979159759149,0.49003047743586187
OXOOX-X-X,0.49227290321670786,0.49364542566916064,0.5003215771969485,0.49653039647673136,0.5070716643752634,0.17725299614687728,0.5011602149419299,0.19216483384456196,0.5081933094746048
---O--XOX,0.013450296772416048,0.6192857226951164,0.8433581926811605,0.4558201672265051,0.6872377945639802,0.32910262444137295,0.295206916757089,0.8789641555940496,0.795825742515048
-OXO-XXXO,0.47577084290956756,0.509235596580381,0.5053921824005615,0.5051161130080761,0.12912944137195936,0.5002619744315993,0.5048396470527552,0.5060144847971508,0.5007515373758857
X-XOO-X--,0.40642141729264436,0.687221354596175,0.5722811773970907,0.5824677997148959,0.5353874331413269,0.6872370072502063,0.4621011757413307,0.5922517924165733,0.4101453486609138
-O-XX--XO,-0.04401831415579882,0.5011903049488534,0.16742944699613937,0.49970778139158545,0.4926209923694172,0.28419324947273317,0.03621515801484276,0.5049664723149655,0.5047596510490557
XOO--X-XO,0.4996627649782016,0.4993375735897075,0.5032668787482244,0.4255293911637228,0.9341664423243909,0.5071909107140242,0.5339954240095469,0.4922709750718763,0.5096837182093065
OXX---OOX,0.7988400502623598,0.2871807548989288,0.48199439183212245,0.6800417121959529,0.3962149940473898,0.13566064011863543,0.043977634862718995,0.1620423489649585,0.638484406247891
-O-XX-XO-,0.20395697824977133,0.4905118839996061,0.5857075282676363,0.5069813485585292,0.49695695440639653,-0.04779204184519692,0.5035034878382204,0.49485765279720106,0.27701100306942583
-XOX-O-OX,2.01969441936261,0.49337488816949643,0.5018849476935959,0.5019861370579453,0.7502286557503072,0.4952664785499811,0.5044270509730528,0.5063210121460097,0.4971418646419307
XO-X-X-OO,0.7194452189127086,0.9767703923143679,0.37681177543145117,0.34831351223742635,0.32561740529458194,0.8452697237154354,0.6998425169165456,0.5179966161811161,0.08595185225999014
-OXOOXX--,-0.07380176352263879,0.5623197024302081,0.5762225610268829,0.5626729537133194,0.5440926773394388,0.4231342804660505,0.40401757971400526,0.48618816984400004,0.6860128487796979
X--O--O-X,0.5009643797857122,0.0611050416375295,0.03737056934433913,0.49299014039085276,0.45162458739806566,0.6584598316030207,0.5007919717068707,0.31718584092536695,0.4994446513115412
XOXO---X-,0.49874228120948216,0.49234503744419345,0.4978417198773128,0.49026043316851975,0.6948552460352179,0.5383954537121205,0.5539093867475532,0.4933446444900171,0.503810623001913
XOX-XXOO-,0.44265791937379717,0.46584772440089367,0.5091162525845744,0.45453660780077493,0.45061193811630856,0.5374365245083701,0.5377936689938385,0.5285852961176146,0.6872379606632507
-XX--O-O-,0.624369517863783,0.49047629259403674,0.5038845031666239,0.5393781346921331,0.6898067508890531,0.5036064293336144,0.5074359905201303,0.4985781520925899,0.09323468687095915
-XXO-OX--,5.774923867705173E-4,0.5647896868822558,0.5523988774276773,0.4916986329405669,0.6872234674203094,0.5447604008945303,0.5477961495697516,1.1707905382268735,0.7547389314226894
-O--O-X-X,0.5672642518980271,0.4804756618821721,0.7117165198271354,0.7519637838962677,0.4570542549259964,0.31906221356402653,0.40424064111465285,0.6872379594563112,0.4891971977855599
X-OOOXXX-,0.4928639913342976,0.8442939147019659,0.5095843580094784,0.4975284523709596,0.5022654794632883,0.49258280760784634,0.50052186177852,0.49562212882537604,0.19729773689167274
XX-O--X-O,0.5027847468366206,0.5078451616345522,0.7712790810291309,0.49528587389739426,0.15052997889447606,0.08712882672782274,0.5072963199091357,0.5653908003208534,0.5063236916141067
X-XX-O-O-,0.44389577128763796,0.6393438529843856,0.4200421902488205,0.5707869681977452,0.6163036135404131,0.5174176620106985,-0.40405598215639416,0.5933637416617521,0.5933810554292235
XOO--X-X-,0.49424194933109616,0.4969402763211195,0.49638004689526066,0.35306285154658534,0.2630400158128065,0.49227049773943427,0.6437317026911716,0.49924182936687966,0.3123654507568595
---XOO-XX,0.14262010301594724,0.30172551435027695,0.2080189960356683,0.4870729816800261,0.4929211257514062,0.41018757572499615,0.6379526440381914,0.43189351070831106,0.5097589951071171
XO-X-XOOX,0.49590480807923915,0.500627615575049,0.024201067294884693,0.49973556547285525,0.6872381262894888,0.49282425644817746,0.49832398627652486,0.4947079257165381,0.5083223676766583
-O-XX-XOO,0.07741210740628418,0.5573183994332914,0.14860629626303135,0.4219975849207973,0.5011592376127442,0.49217895734548484,0.46042525552753216,0.4851822850139913,0.5322585390271132
O-XX-OOX-,0.49482541012507636,0.49205933464705615,0.5061009271972833,0.49877850418880343,0.41383635703795163,0.49070682596630216,0.5017652082888938,0.4918498256593684,0.48095724332647066
OO--X-X--,0.5050254035938101,0.4944715275973277,0.6872379953180657,0.6447551544841583,0.49560510402767716,0.4034287447490943,0.49004161870686,0.9245233620021689,0.5058738396003704
-XO-XXXOO,0.3440113225536441,0.498037674665627,0.5003452343423374,1.2477303220172073,0.49960087886730253,0.502749043141578,0.5090969661795716,0.5042759045473242,0.4979386127460738
--O-XX-OX,0.05318071201245611,0.49372341573899975,0.4994158172038652,0.5045671444001505,0.5021159211982842,0.5033237846284465,0.046090784013664954,0.5030050530578126,0.49686683092640077
OXX----O-,0.5048087400869404,0.5024703210176382,0.5052619071454079,0.6825422216398883,0.6719673389622524,0.7880178008432619,0.678014369456647,0.49093666272560055,0.6868122164901349
O--XXO-X-,0.4920609083955763,0.7105388464842974,0.6876274255031147,0.5066583306323181,0.5071216315036131,0.5081904896179903,0.3462660506861458,0.49305473893083,0.3604742567585938
--XO-O--X,0.6846918883355622,0.40423589726070525,0.4428222484920321,0.5613424638726822,0.6786263807603042,0.4782183597092551,0.5969159745880689,0.4328449650423208,0.5562359508043807
----XX-OO,0.0039877617345276395,0.4094239390640119,0.705416498798982,-0.059773758259464516,0.5009048328160881,0.5089677956471578,0.6872379594554209,0.4914746937061936,0.49002843584989486
XOXO---XO,0.4946166549072511,0.5022645730597993,0.4996935303579192,0.49171157198038007,0.4993491638235572,0.29119221688811264,0.384094642165997,0.49517759670556144,0.5055322301314303
OXXOXX-OO,0.5068477113742093,0.4981559893323555,0.49767511396886105,0.4971720932717023,0.49868213332172,0.5036599804535536,0.6872412642096936,0.5030785043071211,0.49524328492708863
OXOOX-X--,0.4261566065184449,0.4917937750797329,0.5258832434099977,0.4375844009103767,0.4518370105301267,0.2664411469818075,0.4118019185176273,0.258927652729685,0.2630205935483938
-OXX---OX,0.22622613883262843,0.4905076654440562,0.4968838478034341,0.5040239211236381,0.6872388785068312,0.6416838940543194,0.24468537738907442,0.5039944233784939,0.5028905038275591
-XXO-OX-O,0.25705709528248655,0.507672269627671,0.5078511156472748,0.4956402892812489,0.6872379950773789,0.49500268062779645,0.4961600213873522,0.29161878162984145,0.4944718968018441
X-X-O--OX,0.5008041868388714,0.6872379594598597,0.503841456047397,-0.23501774393101915,0.49961288826008804,0.13192249470960293,0.7160130332916458,0.4994841286145205,0.5029597751456025
---O---XX,-0.3705528600482121,-0.2179327931520033,0.1269158882742602,0.499104698305335,0.04513095270106948,0.00477242591694349,0.08016771800277833,0.5065893236245274,0.4993135377540417
-X--XOXO-,-0.9211364749418927,0.4955635571950656,1.179208346195204,0.16265319343463447,0.5094304989152598,0.5082237904978428,0.49759829280537626,0.49822196836829935,0.564283669802387
-XOO--XX-,1.34213010578529,0.49225588883999233,0.5077856305678865,0.49743129266092173,0.5685704981201841,0.5768277125754743,0.507177788294653,0.4968183407477247,0.18451588084448267
-O----XXO,0.687237950223716,0.5056421309551961,0.03282952487801544,0.6434690081300494,0.678582619764095,0.684912752184229,0.5002036528739353,0.49565187211012535,0.4970318162330962
X-XX-O-OO,0.5721785840720102,0.038015706519803905,0.4271568475785962,0.5783279339321452,0.49521954084852166,0.5878247839203752,0.6513501383002744,0.5223425666752548,0.4755407498257508
OXXX-OXOO,0.5048678056883833,0.13636319111039807,0.8791165714789844,0.9546289987825672,0.6872379591043577,0.5494977760180195,0.6325601643991281,0.7483399398202398,0.7224925998381004
--X--XOO-,0.5294411171091898,0.24140876745961787,0.491725690121949,-0.38189869347270256,0.35158087426617435,0.49849832397995675,0.5013083141955834,0.5034731763484214,0.6872387384603543
OO--X-X-X,0.5321482802367705,0.36990792693105634,0.6868785765925925,0.003796576827371223,0.8547671439885702,1.4390877170476348,0.2693824253015408,0.08366504554971654,0.9396717024117802
-XX--OOOX,0.6413478483245251,0.46708822840247943,0.5596884433060586,0.24647275349027958,0.17917190405700756,0.42370930064690643,0.5269280794714374,0.5404677013579084,0.45223462207716264
-OXX---O-,0.6459220352911423,0.5098332829686328,0.49528981132717204,0.4929250434652719,0.687296313260454,0.49291056429460645,0.6853430188718913,0.4980851719750516,0.6104290408343546
XXO-X--OO,0.4671129764793457,0.4861897731207312,0.5352462575024534,0.6872379594563112,0.5058714473463113,0.6872379594563112,0.6872379594563112,0.5973197015780913,0.5364745962176473
---XOOXOX,0.23161305748544148,0.687221354596175,1.0151245431456482,0.46268288031974647,0.42018499044645896,0.4704453184260172,0.531287067646401,0.5687579908811713,0.5736304976450747
OXOX-XO--,0.5074321684838401,0.4979186274049932,0.5023799317736036,0.49392618707100866,0.6872176741175674,0.5064459400792085,0.49710703032367126,0.21591229918887578,0.17948618903919822
---O---X-,0.05298326007787413,0.7125563662593777,0.7456215731765594,0.5091304945621512,0.6780937824492895,0.10662011453026882,0.685615429762215,0.5004243158364554,0.6847155332806248
OXXOXX-O-,0.5081383137620819,0.5046450135710194,0.49750535452599526,0.4911814123036979,0.49361087798341446,0.5092460706344207,0.6872379595307584,0.49204503644432385,0.5644088076005943
XOO--XOXX,0.49196706488426156,0.49387385868769407,0.4920353336752845,0.798687257394008,0.687238121863905,0.5088209957455894,0.5095237021249672,0.5023744013059993,0.4985867735849902
X-X-O--O-,0.5094138218296654,0.6872379594563113,0.4910420633251594,0.6879528230688436,0.4992028108094217,0.665180930902875,0.6158282439611164,0.502757205270201,0.9341589464314497
X--XXOOXO,0.4920750160258517,0.0017312045425384448,0.6872502945998185,0.501784472894383,0.49020217318359566,0.5090447444553914,0.49984876017217406,0.497160142022763,0.5023437175969001
O--XXO-XO,0.504382893457503,0.9135245969749153,0.6872415710941752,0.5004900048304174,0.4984507186251393,0.5001291162765277,0.5078100274002458,0.5087901587184568,0.5053892098422791
OXOXO-XX-,0.5084793618635945,0.508162914727298,0.5023173132267384,0.49679639660892644,0.4940917207211051,1.5083347075572373,0.49329555807598224,0.49126850457620047,0.6872337963658997
XO-X-X-O-,0.878937409702893,1.021232644057728,0.5245317223822565,1.3529247103506823,0.7997855191141382,1.772213330287173,0.3121495144134313,0.987187359651579,0.5707521399768354
OXXX-OXO-,0.4968463700657671,0.49094424091855143,0.5098658434508127,0.4956341039873277,1.148118605636125,0.49747320467796435,0.4925088091561255,0.5091817810860642,0.7992652141734151
OXX----OX,0.5179561258674032,0.5497919465121376,0.47579927912963393,0.4457032439239773,-0.28358143388954926,0.46077388079746107,1.1204550158516593,0.4965013842849364,0.4970149522902332
XOXXOOOX-,0.5008755715575115,0.4968686602212217,0.5016420639066478,0.49295491666661395,0.49886475837440886,0.5077521642836728,0.49531007599858345,0.49189962920854396,0.5933069848230895
-XOO--XXO,0.723055484978951,0.4980876749442122,0.4968727032953796,0.5052536531811577,0.6872548142985959,0.5041412580963827,0.5088673474856308,0.5025741410065678,0.5065239449969106
--O-XX-O-,0.6998430024356921,0.27717973436587473,0.4944164807664868,0.913689655054794,0.49365283575448143,0.5005582400853674,0.6035078361508395,0.49052779498512983,0.6857427018107988
XOX---O--,0.5020137918809823,0.5061477515860185,0.507297621511996,0.3119620022586901,0.8221613127262115,0.5120994227923479,0.5074124307513603,0.7432238779037096,0.6779804878843859
--X--X-O-,0.5439824529128331,0.6909946607516866,0.5092326678781173,0.2918220843985728,0.036080112053135216,0.4911617000660671,0.011148247123217825,0.49506378922506883,0.5258001444384305
-OXX--OXO,0.7362080455011348,0.5013553873743583,0.43318135028408716,0.5037976194096386,0.5924868029423132,0.1602820589443279,0.48479847336468324,0.5361634196895817,0.43063505297529975
XXOO-O-X-,0.4972204511975731,0.5071250961115026,0.5047245864561233,0.49351293604522817,0.6965787141725782,0.5046351396873437,0.49106428670747115,0.4964198295992959,0.645192685036381
--OXOXXXO,0.6872186613949143,1.1632193325447844,0.49612109951378314,0.5037540219105454,0.5004405986122227,0.5011868934830471,0.4983350330584309,0.49346911836168883,0.5021683783127062
-OOX-OX-X,0.6783759785746151,0.4914633232280125,0.5098603371920362,0.49413942715793235,1.2232037957104538,0.4916755019233341,0.49619013324723293,0.4750381263438743,0.49491875956388504
OX--X--OX,0.4970025832997006,0.49767649489639776,1.5840242636825814,0.7574078074673019,0.5007353795453942,0.35136513087415855,0.11259716218850996,0.5042507976681433,0.498642764464664
X-OXOX---,0.5044903169675093,0.12125712021234702,0.49113412275531215,0.5059362380346142,0.4959560399739904,0.5018599238272745,0.6875919814170818,0.4433215699691472,0.8505492923274602
O----OXX-,0.4982576977415045,0.11370681664493076,0.6916836057430923,0.34285385319354345,0.6796433308788838,0.49867131326872005,0.49158988553208965,0.49876997737132706,0.6780715938483544
-OXXO-O-X,0.04376365143950833,0.5077152355038491,0.4956892066952963,0.49845221703292936,0.4933654956748224,0.30407983528442195,0.5018782162322601,0.686823500003772,0.509910889253328
---XOOOXX,1.2829455705401198,0.02990621547144512,0.6872379594563094,0.49610063039589786,0.4905502927192829,0.5021234740796752,0.5001338630573503,0.49686573948519624,0.5015651542407755
--O-XXOXO,1.314425292419104,0.5362364708342013,0.5219534535718982,0.42840924205231745,0.42962235270155863,0.5767022017262026,0.5720436014055387,0.5173949865826303,0.5645012776849875
XO--X-X-O,0.5070677323514086,0.4964205025363674,0.7322035228998288,0.4448633188423241,0.5024421215464043,0.4363373717349779,0.5027160581365786,-0.006293085977881807,0.5044713103117684
--X-X-O--,0.09157297240422896,-0.34712841585583254,0.492453682475937,0.11452174558310224,0.4991020692860789,0.03495493752140033,0.4924402243019314,0.29644782498084377,0.7280021033532256
-OXX--OX-,0.02839887786521267,0.02848548717008803,0.9973391359874723,0.5386048475423354,1.9690485907731003,0.2075765149752795,0.9166119599426314,0.37252739329609463,0.33771573699609403
-X-OXOX-O,0.3897221543064681,0.5000193671712817,0.6872533345980624,0.4911166463749941,0.49373215993902436,0.49739414357795175,0.49697251467260656,0.4391396418290455,0.49907434095625497
--XXO-X-O,0.6872379594524716,0.29927752110850747,0.501722057291773,0.4930963613883909,0.5086804932046248,1.1124004152673126,0.4924108796772153,0.08939895258777919,0.5008983453701529
X-X-O-OXO,0.4477553560874821,0.1553958391289182,0.523096211105074,0.6211216370260155,0.4319247403650358,0.3674261131650932,0.587061350798571,0.4700278799936623,0.4495794638099073
XOXOO---X,0.5099924504643151,0.4926433636405198,0.4945995878463036,0.4915872180108372,0.5047682500087715,0.6872422352678528,0.6452689142918915,0.6785639317571159,0.5042712741093198
-XOX-OOX-,0.8958141082691268,0.6149046524060872,1.1531751623592337,0.5499461414242414,0.52497918747894,1.3078828481846192,0.9579215249886559,1.2650683446857827,1.5778151531988507
X--XXO-OO,0.49330595820714707,0.10263156071231816,0.6872379597821971,0.49771858719046697,0.49522719733328274,0.49196493928311075,0.6478587066849811,0.4996388741442843,0.5067484808671648
XOX---O-X,0.5004622235658027,0.5058387769847574,0.5054207592876621,0.7099952761848339,0.8150668191530239,0.4182593072195111,0.5086078156353045,0.17155481461818878,0.499827187906845
--O-XXOX-,0.020593574779654733,0.45667954568911584,0.43517644354771445,0.3165632208720518,0.49987432814983757,0.5819609480303767,0.5050345129473829,0.4549615496061633,0.4902628610792579
----XX-O-,0.10302503718216793,1.2068448591719219,0.016215924331061504,0.9599403836091287,0.5012438797122719,0.4951029433585878,0.27225202105254154,0.4909753716187587,0.05740552694414691
-OOOXX--X,0.6872388785068312,0.5010980202467415,0.5012530565300694,0.5077316737202779,0.5035650704984159,0.5019177663264814,0.2575165524706488,0.5050527730282222,0.5054010113496639
XOXOXX--O,0.4951358527122083,0.4935343709391691,0.4944914126082857,0.4964552973259276,0.5019753635410461,0.49605190300554225,0.7141272579131377,-0.32900581888686375,0.5005980057072492
--O---X--,0.026495963556460667,0.016504654603953506,0.5020331709839367,0.38033493348848413,0.1822118770389458,0.24284288068592358,0.5018802548897897,1.301735345293049,0.09797250484494913
OX--X--O-,0.490971514295346,0.5029796836592703,0.06024675709601901,0.268651033347011,0.5085541228123714,0.7828879434890164,0.6873121706306996,0.4982290665242669,0.5841733499446191
X-OXOX--O,0.9714226967740699,0.8651268924904325,0.3855271224145066,0.5287633792264904,0.8113502300806857,0.18761031996104083,0.6872421668859089,0.11390016408246773,0.11406084114099058
XOO--XXOX,0.7757735648538994,0.6082375449391311,0.02442700590405056,-0.14633944617490402,0.6794728163555717,0.3562959097625794,0.39381704431301356,0.2999741849209775,0.8625886130328132
X-O-OOX-X,0.49839683133926277,0.5048240702127942,0.49221117312771806,0.6872379665101157,0.49183801034937064,0.4984265764091849,0.5098690042191284,0.2601200889200803,0.49567679726247604
X-X-O-OX-,0.5013184695732401,0.008078601671371866,0.497212130040659,0.8490681424807742,0.49441222860205175,1.265707215107838,0.49432525441852165,0.49108774901282076,0.30835914470295744
-X-XOOXXO,0.6783302644015079,0.5045321066043877,0.687238112135936,0.49961878831418577,0.4954314144202224,0.5003063898858009,0.5033891564489382,0.5034262410348002,0.4996346410432933
XXOO-OOXX,0.4921826870895768,0.5034136171923398,0.5007161500107571,0.49993004582803546,0.6872379594713671,0.49326918576415535,0.4975476905258382,0.5098625001600076,0.5048040279389331
XO-XOXO--,0.5086832890216658,0.5086919293013715,0.6872422352678528,0.5099122692130935,0.49732721809458513,0.5078924038235009,0.5061137033553563,0.6852585720682238,0.6872182474510408
XOOOOX-XX,0.5085921354651227,0.5093715459184546,0.49758773248350824,0.5013208598502236,0.5040586412453507,0.49352155162770756,0.6872379595469399,0.5023342477831945,0.49484991198551087
OXOX-X---,0.5160854457419549,0.6001549863173987,0.10450137469458642,0.07429891708787395,0.6872154285545349,0.8349679676048739,1.424236235700493,0.07748245984673963,0.07872798889765775
XOXO--OX-,0.9399703991329974,0.13485962939147478,0.6341846498156398,0.11161686396028325,0.25924528338040126,1.3723838560630637,0.30587115485610195,0.4967178458381092,0.042646261596024915
O--XXOXOX,0.5044744391057661,0.13556589780671185,1.3255901699585855,0.5005193620869969,0.49423467712345487,0.4975690377350871,0.5075804907856916,0.49083549042438307,0.5016248688234723
O-XXX---O,0.49807378899388305,0.5024477409839271,0.5054286473106799,0.49766831198118366,0.5059026596741494,0.6304447370525491,0.6981122138513899,0.5395342552729232,0.5075928244665625
-OOXOX-X-,0.6858368429175372,0.5973004133961959,0.572414787403251,0.4423031893337464,0.4220084267851035,0.5540705021612068,0.654944478531895,0.467013890706606,0.6872371923082045
O-OO-X-XX,0.21628525915447516,0.5723574570390795,0.6995626145480173,0.34398921703990815,-0.2647490983058083,0.16476122045035446,0.6513501383002744,0.8172202778782617,0.7810299944319812
X----OXOX,0.0675237977574884,0.07403082563152763,-0.07464764818413472,0.1271352294405126,0.7359898599979803,0.8817467525686103,0.41414704513395495,0.4576299085383193,0.7742918179706834
----XXOOX,0.0744812032694735,0.49791408652261704,0.07677221625184694,0.2196664785857353,0.5095491380727746,0.4918221340824745,0.49258864575136374,0.5020964519021899,0.49000649958556963
OOX---X--,0.5097150683343107,0.5004917936673342,0.4987103607700719,0.028893113121861047,0.23664832223659538,0.5383951525344288,0.49574755999205183,0.9280795038840177,0.44553184221383396
O-O-XOXX-,0.5317127009135634,0.6872379246065329,0.5496581910850106,0.4385590965267357,0.42819445737631334,0.4107827561580445,0.579204114141953,0.4890316163133496,0.6857048317025716
---OXO--X,0.6786426948852634,1.5006724885625673,0.47472860176760423,0.5006289204215238,0.5054328791068353,0.49214571539722196,0.6874881065005065,0.5027625135695284,0.5040244234522885
--X--X-OO,1.3731161573663484,0.6050620575424065,0.4993107618294462,0.04171068499918995,0.6794728163555717,0.45053164908897914,0.6872379594563112,0.5066905666312965,0.42401197649633454
XOX------,0.49566585903623417,0.5085202750855621,0.49286741524494077,0.2822854976835384,0.12936218999211685,1.0868167574348178,0.06670953582755135,0.12985647445038834,0.11334763820401
--OOXXX-O,0.3977523147289176,0.08401600103913776,0.47489015146362706,0.5533161311602277,0.48155379807602894,0.4225051293992156,0.45243719854306974,1.081485148587992,0.5740124307541717
OXX-O-XOX,0.5687095682607621,0.5802032995530227,0.5144843472805151,0.6779201931577605,0.4492150039222935,-0.10119280423363541,0.47607201956266676,0.44926056170820317,0.4971385617924056
--O---X-X,0.06993159908665447,1.2003430096822236,0.5059227058392548,1.3574999887528252,0.3417398101144724,0.13577402234487862,0.4941122177757221,0.31480265566613924,0.5083566654263747
XOO--XXO-,0.49180269163669477,0.49087425648808386,0.49951722604090926,0.687237968582781,0.6872182062958968,0.4980777848650972,0.5041205286265364,0.505083376144152,0.9638094939644934
---XOO-X-,0.6454865841105049,0.25698565543739893,0.6771989088867882,0.4975637063996648,0.5048912945411685,0.4948212652039247,-0.2827653349538015,0.5031020855633915,0.6872379594563112
XXO-X-OO-,0.49770065869006497,0.4947874372439633,0.5033642482434803,0.3118019643236879,0.4921829163778812,0.7060340508765652,0.5065801875861181,0.4933410234266374,0.6875078047853443
----XXOO-,0.26972906364544047,0.1409513694445429,0.9614994040802798,0.6716170031487405,0.5099116357111707,0.5007672953763121,0.5056212277456926,0.5088500095457652,0.6872379594563112
X-XOO-X-O,0.5088601834538887,0.6889363980772685,0.49687869154408876,0.5024877485972286,0.5087138039268844,0.5037559659778981,0.4985399468411025,-0.08559149105619712,0.4902264968615457
OXOX-X--O,0.7808361235686176,0.8423303175701494,0.6637319622032769,0.22042588852045875,0.6710148944912384,0.4545798413835982,1.3764198072051563,0.08766181101979253,0.4885131333280911
O-OXO--XX,0.4987988333694674,0.687151310544923,0.4982987178449535,0.4997481607738918,0.5093573062316966,0.36628452540249856,0.6872381268738453,0.5036385722470836,0.4959062308308791
-X--OXX-O,0.6872379590509159,0.4992387108275036,0.49805347252651755,0.6456706418352084,0.49704771892019556,0.5091755873609974,0.5069137981162901,0.5050126900552275,0.49202532584282144
O-XX-O-OX,0.503985489957001,0.6781570836320022,0.49141909883354684,0.5048191035944202,0.5035753883601103,0.5031804686407335,0.42783819875027,0.49402167738104025,0.49940350441258224
OOX---X-X,0.5059165916400867,0.5083251094574239,0.4996582206287523,0.4380259310336367,0.6232267161597221,0.13141502445042968,0.4957505322698028,0.07270260619936764,0.49430956131426523
X----OXO-,0.5012945826428695,0.5059101966196476,1.2271509113366428,0.493514487402613,0.6873094920163073,0.4999885115137545,0.4967538158408921,0.49408298365328956,0.49929060786136553
X-XX-OOXO,0.5029082417739938,0.1554859734732839,0.4953258745501798,0.5093309673382144,1.4014450794157802,0.5030902229557217,0.4997318870266096,0.4944920321607808,0.5021646440936018
X--XOXO--,0.4249757113066115,0.6872379598779543,0.6872213710360559,0.4977895528255628,0.4242517210060035,0.5264133179316932,0.4387156381058983,0.4285595672506443,1.260654552549676
XXO-OOX-X,0.4939457870590723,0.49601556674472885,0.49830500612690676,0.6872406334721344,0.49965233877323656,0.49013976250447794,0.5041832404329891,0.3616744477876507,0.49079575466658243
OXOXXOO-X,0.4966143968212054,0.4959148118361535,0.5095003096489171,0.5071210162377088,0.5060676282853959,0.4914063217595378,0.5097518544240558,0.4326773301340313,0.49164373444084514
X---X-OO-,0.4933057350978254,0.4334848740136932,0.27860393878179224,0.38280117534803637,0.5046218896165748,0.08502237114725886,0.49547564882176226,0.5047434373336758,0.6872379594562702
-X--OX---,0.6872244789890285,0.5011145499621306,0.0132099985018016,0.059540266502927874,0.4987069822043794,0.5095147662498339,0.06934088581538911,0.2872491436929412,0.36326769610128473
--X-OX-XO,0.6871487850838793,0.9089512384827191,0.49672879553494287,0.49253458809073014,0.5015049280577955,0.507158711019953,0.6852717784051612,0.5052115714206807,0.49988238528663603
XX--O---O,0.5064242314522351,0.49324928688008146,0.4916197336600185,0.9179175161145373,0.5010178298863399,0.0779851337879428,0.6871520521566039,0.07405600805199103,0.4967359753435192
--OXX---O,0.23813984942191346,0.5098515220813169,0.5041909074853363,0.502650489545786,0.509764381167112,0.6872379594563112,0.49223425135185284,0.19809258604951413,0.503282864663585
XO--OOXX-,0.4913408236920279,0.49915112819592306,0.4914599340585965,0.687570779640889,0.4925782870764807,0.5024846400224713,0.49907591306697924,0.5027640232865006,-0.37676378331008953
X-X-O-XO-,0.5058927096181867,0.6871474184484515,0.5000277026898433,0.022959185281922312,0.507336756303602,0.6881570675675079,0.4943765288078794,0.5093620029171235,0.20183750062271988
-OXX--XO-,0.7264683368230616,0.45708032674972965,0.12298115960166933,0.5107552091913877,0.6868785765925925,0.07906603662053047,0.401888664513665,0.7636527987648664,0.7604140366352619
----XXXOO,0.36721846369578304,1.03515204545387,0.05428098769814904,0.4681851196579711,0.5039693184927097,0.5027213650862982,0.5012853299636106,0.4938844058765922,0.4956971236620172
---O--XX-,0.046952193963314626,0.3078442346480619,0.02600077102620968,0.49013370178909843,0.8243864213896548,0.9949806738646363,0.5065466109348021,0.4979547270661003,0.03601150502747896
-X--XO-OX,0.034512351802999386,0.536879174789113,0.8431262070249912,0.5557254914809728,0.4190646662607954,0.5247273275739915,1.1812963293791743,0.5105815719375415,0.5821796018402762
-O--XXOOX,0.5008175653413699,0.5097219258285478,1.0538879032542292,0.9286188425084316,0.5041712964680511,0.4911527342025349,0.5090257682336965,0.5020060141061358,0.49087441983076585
-OXX---XO,0.0343939114761832,0.503264048038473,0.5085302317979967,0.49424979781696066,0.31785884356211835,0.4496005413703115,1.0541809708274503,0.49409002029811,0.4912956152979216
-OOXOX-XX,0.687237968582781,0.49122444818734934,0.4906337543864014,0.49991372419919394,0.49368255218148277,0.5015335579872939,0.49710304659592774,0.5020810037465592,0.5045071402323907
-XOOXXOOX,0.6872379922735659,0.49737894186143766,0.5095859940933962,0.5071592008905594,0.5087496673386674,0.5036328693895119,0.5094939619806376,0.4987446041200238,0.5042695547001933
-X--XO-O-,0.5061144938676454,0.5040178616731822,0.44722248621735267,0.5034615246682684,0.49606632359571334,0.4902864031330347,0.6779987866878433,0.5012527344336674,0.6852470996767643
X--XOXO-O,0.5009702419328691,0.6786749368886182,0.6872379611020059,0.4926350399672085,0.49329947539712726,0.4911279817932924,0.4983348930365049,0.6852688686629698,0.5020523050098545
OX--X-XOO,0.4926321815196806,0.5040322645556606,0.015924568704751785,0.45697567575650166,0.49517798919792627,1.2233465363835547,0.506041427953025,0.5040077609123563,0.49285517321006356
X--XXOOO-,0.4952145649258958,0.2739624694863537,0.6451256747208768,0.49510693567951664,0.4930452268140598,0.5001448825499071,0.4905644666952206,0.5068920405961465,0.6872370815126989
X----O-XO,0.4920142022335564,0.2061691377099798,0.687237959437732,0.6437423916783822,0.6868440998783131,0.49891745736819487,0.6863054297949801,0.5043338604727564,0.4974825951452224
O-XXX-O-O,0.5181495895004128,0.20629870469704698,0.4167824422070858,0.4863308409687122,0.5577993214514131,0.573140290521701,0.561067224417366,0.6872379310313388,0.42496544480448495
O-XOXX-O-,0.9446736203116106,0.08932195647913199,0.3858139046579676,0.8084120148341195,0.1818198423360753,0.18850666007428019,0.6872375217993687,0.8012309546818525,0.6013206965204972
OOXXOX-X-,0.506128080169673,0.5817515660185879,0.5894735956256579,0.4882971992095968,0.5179479293372499,0.4853151779061354,0.6490168371968641,0.46697544787813133,0.6872377945639802
-X--OXO-X,0.6450031704264683,0.5005608876251583,0.6889359443861733,0.49715766693878677,0.5071099155742576,0.4976040382441379,0.49765652543376143,0.4938907635049566,0.49253274647671796
--X-OXXO-,0.4985278238767395,0.6872379594565045,0.49810287759901684,0.4900081918367675,0.5095310298821718,0.49535400312275485,0.5052722561824037,0.49482063602565624,0.4931613295261092
O-XO----X,0.49995889368362023,0.06517890209276223,0.5054809165484626,0.5069627264829732,0.4796028032181946,0.12435490380317671,0.6872379163898451,0.029534770650091025,0.5066306628067562
XO-OX-XXO,0.4989772735030884,0.4946750284336221,0.875676722622649,0.493985571759277,0.4962686644732707,-0.06968546709322743,0.49634432799758604,0.5041152436433366,0.5087769720324461
--OOXX--X,0.0507970496496708,0.05283663694162977,0.2257805324266755,0.8768616951096089,0.5889165378307211,0.011558283795938595,0.12021580183611158,0.03886500287673167,0.7283157683068829
O--XXO-OX,0.5255789473757398,0.6548058532654872,0.301136911981831,0.45069332079316343,0.40275421871840705,0.5133442382847134,0.08214710633086741,0.5750462128182845,0.4454381790678582
-OO-XXX-O,0.6872377768098434,0.5069336471006892,0.5080616287717592,0.060569158323004024,0.49273619388622236,0.5071877848324597,0.5018797129897723,0.17264308448907073,0.508672618898034
-X-OXOX--,0.22648052844392408,0.2895343111383556,1.043484303895722,0.642323193170525,0.08869999565750286,0.03470116500683529,0.17347901860475368,0.5171002465056705,0.24800418252193246
---OXOX-X,0.03129347651618308,0.13485768915767937,0.4926484561626559,0.503868369449065,0.49952290022845464,0.497312283248629,0.5078776550950345,0.4766937779849981,0.49754509423748783
XX-X-OO-O,0.49192489716928256,0.5061525759383648,0.6872412642096936,0.5084380370977342,0.29094528662206376,0.5035149079024039,0.49961721913375057,0.6868135584708461,0.5096904796739049
X-X-O--XO,0.4996357872085759,1.2991044580711908,0.5311170645514703,1.2059829362568826,0.5446430493782799,0.5453902678023306,0.045579293659160025,0.5774784394921728,0.5727257594257313
-OXXO----,0.6872411951728067,0.49659839043558013,0.5050721420840878,0.5016506585957041,0.5074001869994524,0.49700605785899493,0.7282170544870687,0.6872379593729036,0.6871461148065572
X--XXO-O-,0.49936073101425366,0.9775582255225972,0.0890047570100948,0.4939973256721076,0.5048712969720324,0.5041990365191489,1.3939876485406,0.5099177616012086,0.6885685451245391
-XOO--XOX,0.7558553133649747,0.4923264931702135,0.49919776910317804,0.5045286232345221,0.6784444136200684,0.33031608500364573,0.5055200666721906,0.5039605652618805,0.5001003472555796
-OX-OX-XO,0.6871496445408606,0.5048887192208328,0.5024335896664012,0.13054100405819513,0.5034325665014691,0.49579938152117087,0.4921111743639275,0.492076691703715,0.5075955907464089
O-XXX-O--,0.5272175056087249,0.4971525802716548,0.4618427576704731,0.5745821299870896,0.5430810798229028,0.533534594292413,0.5436919056253844,0.029963697336013173,0.21902430997902445
X----O-X-,0.5024975249044548,0.3718213377798846,0.7022938004388932,0.08715157054828798,0.019599293715494293,0.508788172487642,0.18992051196238435,0.5045184929712883,0.08934018250263498
--X-OXXOO,0.6872379594563464,0.6462267304770927,0.4987630290143258,0.6852506701968225,0.4904058406151767,0.49324425449702525,0.4951713246598412,0.5026217119729245,0.5017956128977076
XXO-OOX--,0.4936676248703334,0.5077304145802373,0.502311487990794,0.6872379594563112,0.4953097512154527,0.497661899315202,0.49744080785140443,0.009388168411089803,0.6872379594563112
OO-OX--XX,0.507461441295543,0.505715657642912,0.6785433715858279,0.5093509756529125,0.49409306460016483,0.5644893864082856,0.6872412642096936,0.5061157242321365,0.49352938504013555
OXXXOOX--,0.49634724423283644,0.5097366984711276,0.5068419723525168,0.4927734552282639,0.49194688352003735,0.49893724515234794,0.4949273825242497,0.5095940172398797,0.687237959475791
OXOXXO---,0.7993806132534499,0.5984298462253271,0.13499011211888445,0.6510031850292132,0.2297804084458186,0.7420878464752222,0.2274813175781476,0.11223743000156838,0.6843829726550258
O-X-XXO--,0.5068084023343199,0.13900128440746695,0.5073256703137896,0.6872379595328605,0.5037670975363463,0.49337152855871225,0.4993501571871141,0.18167914975653865,0.7132993551830745
-X--OX--O,0.6781879875703865,0.5075243290960998,0.7208898821306813,0.18689162475819276,0.4954981403077175,0.5068409176296711,0.6479239275495223,0.6463157784491128,0.5050888999661284
X-XXOO-XO,0.48397929511862403,-0.33631595093717415,0.4059761409644288,0.4267586736816475,0.5957988640668122,0.4819248908509955,0.38557023863648826,0.4700027451466135,0.527050433406371
XX-X-OO--,0.4992766778165058,0.49455566086842284,1.3018939008174157,0.5051077385759748,0.26181955104252985,0.49889665062845345,0.49728091558688436,0.6454026183418605,1.2981675696039705
--OXX----,0.047703458192803305,0.0795920275682756,0.5048166940512864,0.5039883121491195,0.4948350854308508,0.7134744037005397,0.32377403447883263,0.17887958106974472,0.05347865071221464
XOX---X-O,0.5052602748854852,0.5492118465101825,0.43856472604486396,0.1031584840647859,0.47195116543624976,0.1277235134720332,0.5713889564668229,0.17581027598180432,0.48359050438253054
--OOXX---,0.031379411275591185,0.06425667851207106,0.5056709298841593,0.5082977651419814,0.5097519169672021,0.5092969015512243,0.20852625395639512,0.605498203813187,0.16695739832869227
-OX-OX-X-,0.309462578622862,0.49843278098524757,0.49165496738583264,-0.3905164754449689,0.4946185886791048,0.49193320731959767,0.13836729948653703,0.4900639911801367,0.08034612487976478
--O-----X,0.0509166393623211,0.23549866974663064,0.49436890389890975,0.8168100024107983,0.13146476332529822,0.561380834159794,0.10008758018934927,0.6967153357834399,0.4916199064944309
-OXXO---X,0.1806022051483056,0.5098434433210939,0.5084505418849734,0.5026309711740791,0.4989407176352554,0.88128764171453,1.3639986105225756,0.6871450484909297,0.5090266059490884
-XOOXX-OX,0.5428214955440492,0.5040960000644359,0.5017405409356285,0.49114593271004076,0.49251817588214986,0.504631445560522,0.08395267446818122,0.49623580210763907,0.5042894752101014
X----OOXX,0.5016129086271659,0.3565604727284527,0.619451572295351,0.6465855428682141,0.6852539265516819,0.5074084646003522,0.50332046616647,0.5011517551461852,0.49526461701080315
OO--X---X,0.501019961723346,0.49296024561523405,0.6868271431858833,0.6448170930586017,0.4911116049715118,0.044102478143505375,0.4448507507242648,0.017095735340181606,0.5004854589181016
X---X--OO,0.4943368668229293,0.6472053338770678,0.10969095072208607,0.4980466867314647,0.4977295241201474,0.4666229146790257,0.687237769059999,0.4953583196054197,0.5048769243546026
-OXOXO-XX,-0.7104755065712938,0.49594050944021156,0.5025465899977869,0.5077183767680767,0.5075360813709076,0.501589276502986,0.06450141060993553,0.5028961830148108,0.5061538306344922
XOOOOXXX-,0.49771867521289004,0.5048839490442846,0.49221889391556456,0.49653945737279215,0.4942126076261439,0.5052416620842728,0.5062938926953209,0.5057079037654647,-0.9469340472057084
XOXO--XO-,0.49362890536025594,0.4998375437954106,0.5067366446602939,0.4935078314641433,0.644537720259446,-0.11141738132293233,0.4996057293133849,0.5003695139097776,1.0530326885406727
XX--O-O--,0.4947643082827068,0.5020887899548863,0.6872379594563112,0.5052315170162861,0.49253671081464484,0.23264728166802973,0.5070628208539613,0.5019552821473908,0.644856956582742
--OXX-O--,0.6272053011779483,0.0923902922539922,0.4958552232645025,0.49982838088522047,0.5069902976846119,0.5717041180962771,0.5051529662653483,0.6851086735205855,0.7890810692646945
OXO-X--OX,0.4926762804835962,0.5068257713142409,0.5073982010607124,0.4028152061206427,0.5019881196282436,0.6162689158572481,0.6869097929363844,0.4956242245986609,0.4980740721251326
-O-O---XX,1.2974471782918453,0.5329401161102675,0.4826345677095798,0.44549168207974893,0.5261645213542464,0.1800280046296484,0.6872381569987849,0.46979808134762807,0.5224689063312649
XOO-X-X-O,0.5055855606383499,0.491934584751317,0.5095430984854132,0.6981936166512532,0.4908912561572132,0.6872184905724085,0.4987263771483476,0.5598127310654071,0.5072129717621978
X--O-OOXX,0.7826757483806254,0.007806016392378878,0.6199158957172961,0.4325505302906306,0.18164462778910173,0.35352931419409506,0.48315156600018305,0.5190058671825598,0.4337300361950933
XXOX-XO-O,0.49682501538591056,0.49530901934926885,0.5038077289567252,0.5054122116437483,0.687238730474557,0.5061455307815373,0.49671031680415223,0.6465825582366174,0.501725550163084
-XOO---XX,0.8778124917591076,0.28905444033212846,0.41697467265306565,0.6892359742551726,0.6437489918529345,0.8202384952378766,0.17068741897070266,0.3807592732116558,0.06963910196769418
----O-OXX,0.5040297417733711,0.4985644878144992,0.5037026969490068,0.6872379595331297,0.502190071171008,0.6779884689381557,0.5003775178985373,0.4906499883319847,0.4982467756494074
O--XXOOXX,0.5463650932238725,0.2040571149866256,1.3939654181295116,0.5059382924852601,0.4906828980093339,0.5045787770389839,0.4064531961055481,0.5768075153492873,0.4616409266847999
OOXX-OX--,0.49937110786051614,0.4956364429631438,0.5040269610494268,0.509817473886075,0.6872960594401035,0.508566467786857,0.501140595210731,0.8330649610385448,0.12714494826816514
---OXOX--,0.001212954904530661,-0.17249399608721439,0.007470618314767807,0.4966424086265924,0.5526594234889053,0.586090206620033,0.4482950400438841,0.03657477922119623,0.059260713951541144
X-OOX----,0.4923112685482518,0.02610765553489791,0.4915004585137369,0.5038167102451071,0.49036084594120305,0.8247954384976237,0.9876909084320726,0.20602062549676958,0.7034723150169019
XX--O-O-X,0.5666046466332214,0.48772667846443407,0.6872379571628264,0.32031095141620225,0.4114585009857129,0.1501028023469822,0.45799825114294773,0.52497918747894,0.4917967265207641
----XXOXO,0.4334416816768316,0.5386097922038938,0.20670643366406333,0.12013433558393627,0.5011208069029541,0.49835369846510347,0.4928499542768563,0.4974123130180313,0.5099170311831405
-OXOXO-X-,0.5556741234424191,0.44061625225841106,0.5394545409825392,0.451894623064474,0.5232376643228299,0.45185310171716925,0.13110406328957847,0.528193779526069,0.5130320041297171
XO-X-XOO-,0.5020574928240998,0.5037962996287856,0.10000358539500487,0.4956052109833797,0.7231985775122264,0.49676515870731036,0.49496177905551547,0.492028906420268,0.6852880412725659
O-OOX-X-X,0.4621529938205744,0.687237958265677,0.5950066877312151,0.4648786264514191,0.5366997795651165,1.15118369974278,0.5258156959533294,0.36643526355815415,0.4822453649824855
-OX--XX-O,0.7484578667198586,0.499975681711388,0.5036836365589747,0.5882526442321713,0.687237769185611,0.508312930917284,0.5008825406862268,0.460312637266999,0.501329780965063
--O-XXOOX,0.678913566254209,0.03350031015035859,0.4999499910266722,1.1409222999226003,0.5032295365267994,0.4922093990066691,0.5012888898641907,0.5070767679312724,0.5071515040336768
X----OOX-,0.5050961956586782,0.46224208089573954,0.6560950135892726,-0.10315969647440315,0.6784828170122692,0.49108428167374824,0.5063299901699791,0.49956965549744314,0.5005340207967671
O--OX-XXO,0.5993389869558365,0.136875001053532,0.6868983714262291,0.4792872548013912,0.5693233163169226,1.0785901164972147,0.430890960958602,0.4345453394848636,0.42692931132379863
XOX-XX-OO,0.4981928604920143,0.4955482731025634,0.5073892206158538,0.3059671192994503,0.49201577935652246,0.5009716728418782,0.6872422352678528,0.4993264281759176,0.5066640881533476
XOO--XXXO,0.10469734658081042,0.3497750911262085,0.22274054588450976,-0.3772469321737393,0.22695022637232182,0.30479697742933043,0.6836430665248445,0.8041778946042556,0.8024058771201822
XOXO--XOX,0.5048920695661727,0.5089540779862064,0.4970355982933518,0.4942587791762273,0.687237959472765,0.6611889170979288,0.49666568453660737,0.492576340367406,0.5063175469514639
XOXXX-O-O,0.4299572365100435,0.5853887877248847,0.5885949116456953,0.5872997106546443,0.4868070160557125,0.34215426573603763,0.43492628252626453,0.6872333774196008,0.5196045006245223
--OXX-O-X,0.670426870574016,0.2972524518768084,0.5055515016475317,0.5614737551930234,0.4649296281390831,0.1072764883008604,0.5080274197929477,-0.20522563269371352,0.4612016508006338
OOXX-OX-X,0.492026971135347,0.5099928119064753,0.5071605296103734,0.5007260730041485,0.062396055152381114,0.49555844916232583,0.5028145093933241,0.2645859127361792,0.49357985415153327
X--O-O-X-,0.49077344208066315,0.6215172375816462,0.6281692222048396,0.49882834509144214,0.6780294632626647,0.49830772010079716,0.678028851475568,0.493733612187771,0.6921705904811328
--OO---XX,0.48865134865963344,0.7137926107414587,0.4942121393096987,0.5002541554613618,0.24272572825325034,0.36012516129402583,0.19910952553733163,0.5012627335552543,0.5061523309447523
XX-XOXOO-,0.502216180090621,0.5073518588197126,0.6873094920163073,0.5009024596779996,0.5019103976728954,0.4950194011228224,0.4946301186869319,0.5005819252601783,0.6872183834155972
OX-O-OXX-,0.5078678585677296,0.4530509132914391,0.6363676866307306,0.4816817251476151,0.52497918747894,0.4400035965563759,0.547473328914176,0.5527144029857364,0.4929173047297001
-XOO---X-,0.20272384042259506,0.49543956516239374,0.49578538789742654,0.4991120118763275,0.6872533345980624,1.028799442264793,0.7881684518899676,0.49379474126394507,0.6093800968989362
OX--X-XO-,0.49474416730305987,0.4905448830099701,0.060925430589606866,1.9971284848708324,0.5075202447529062,0.2582825629158684,0.5005882853671946,0.5007062755874296,0.487964601717485
O--OX-XX-,0.504605334532735,0.24617725366971777,0.15251893254564247,0.5086810165191968,0.4942081731435489,0.4550163019123472,0.5063403961981475,0.49122422682721484,0.3315470075561752
-OX-OXOX-,0.38330744473206746,0.5033432660347033,0.49235787665676717,-0.03446046482041487,0.4900562535813873,0.4910091027910708,0.501310652966885,0.5042484870156032,0.525248958606205
X-XXOOOXO,0.5015616915238876,0.8292338363329299,0.4938166837840691,0.4904688314960844,0.49780009783571794,0.5018743661287192,0.49014298849614113,0.4951185222447625,0.5072248788495279
OO-XOX--X,0.5054887622305986,0.4986290415230262,0.5016849120520972,0.50286493628446,0.4951766256801218,0.4979044731991358,0.9283942924016915,0.6872379594726534,0.49419691635422763
O--XOXX--,0.5079268059030745,0.6872379954035044,0.8993619934255065,0.5030135493059693,0.491336354748255,0.5055211108191495,0.5031499814499264,0.5003232815524887,0.505225128820752
O---X-X-O,0.5095777463786999,0.07997947960690954,0.03433641714200619,0.13280620471140475,0.4970178399828552,0.673939252082617,0.5071075064167005,0.1529975564743874,0.49770336275218247
X-XXOOOX-,0.49816282611434953,1.1187907878378258,0.49645234317053466,0.5031490523031023,0.4934150503818479,0.4982624935092215,0.49354822454319935,0.4907171742217109,-0.2971681075967998
X-X-O-XOO,0.5002680753037316,0.6446564830118432,0.4975330634493739,-0.13064804451000178,0.5005587658018515,0.27349495989704464,0.49084859064092157,0.49395853888091423,0.49008373924363724
OOX-O-X-X,0.8022297669400497,0.10753191074473367,0.060318593511904606,0.14110006978322998,0.4908776369375515,1.164110571078465,0.8968818859615338,0.6895505822850306,0.30056327429752694
XOO-X-X--,0.44396115834102684,0.45123510911612025,0.5528413557178443,0.2662202781220793,0.4827984658360196,0.06678874389720413,0.5207317913515582,0.19693922258118757,0.7053132743561022
-XOOXX-O-,0.34816715530922393,0.5063360151433131,0.5047366078566309,0.5018254307096948,0.49715644625342825,0.49879589230912136,0.6872578523973438,0.49582396332653705,0.49336776395959003
X---X--O-,0.49380824101735515,0.038221436214675164,0.0582037598548808,0.15394043989645478,0.49151792444165426,0.9951636413287938,0.6472357329393051,0.5047477257578205,0.12388194262602015
-OXOXOOXX,0.6872379594598238,0.49893684383164555,0.49587115883438,0.4994605641839708,0.5046694111324461,0.5058824486803128,0.49966138012893563,0.5086303409716699,0.49281315304723894
XX-X-O--O,0.49985615959521573,0.5005401311553136,0.6872542962843121,0.4973576174455161,0.09101255351522203,0.5061212130780033,0.04428567719323423,0.2384521934929668,0.4977075583037844
XX--O----,0.4963905349491248,0.5043750379318285,0.6845642251766086,0.09144498828067432,0.5079111814997811,0.4354525652354244,0.43228229007045765,0.25243841570025183,0.10240762010942839
-OXX--XOO,0.3043702058298845,0.5017055742677792,0.49382298885495735,0.49995650145048226,0.6873163760934209,0.28184266818140036,0.4926792097725677,0.5024221803246474,0.5014361220504278
X--O-O-XX,0.5063915444830118,0.44257659745638733,0.7158075729171607,0.4921058343468185,0.6873305113574016,0.49750037513599854,0.4052065010465479,0.49580152143055967,0.4990510607950525
O--XXOOX-,0.49662092619531845,0.23296267190916997,0.18799679390960333,0.5035103595469718,0.5049029021045999,0.5051220022788494,0.5078421846297742,0.4986139660305215,0.9543947267642512
-X--XOOOX,0.6554373787604779,0.5001986413017357,0.08415544072241798,0.6529360478290162,0.5094295328609972,0.4993248003293176,0.5047379681791888,0.5048387491092123,0.5028425475644419
X--XOX--O,0.49162693062677637,0.06850400897341585,0.8657674081092404,0.49199968430328567,0.4958216324639159,0.5071176403709129,0.49547173393234456,0.33874133639014414,0.5072290373429957
-XOXOOXX-,0.4342245455217946,0.5053107968097632,0.5009365194614122,0.49718077774588026,0.49274407451444363,0.503461248971854,0.49599011135768917,0.5059425809022323,0.6872578523973438
---O--XXO,0.6445583037700278,0.6871466373638838,0.4993634067161562,0.4929344458246192,0.6779283079057951,1.0138944703144577,0.5069801735471924,0.4900057354167893,0.49154497059866753
------XXO,0.3020761201384643,0.4053799035732617,0.3635530808604256,-0.16713671823787335,0.8942390353073066,0.5504434636732625,0.4941466746934005,0.5093087738460965,0.4999989811275807
OXXO--XXO,0.6875445982239103,0.33732895555508025,0.2792431868220788,0.2788398911781461,0.6868785765925925,0.5017099578000781,0.08465615433585749,0.9844450468610613,0.5530963717005469
-XO-XXOOX,0.02977535502219708,0.4014946660071265,0.4554866558644527,-0.21314083441678844,0.5291378085289238,0.4658899304946036,0.4967651391329553,0.5388585345836383,0.5674548864093096
-O--XXOX-,0.052293621895339704,0.44690402996472683,0.13217815357738466,0.05462197554925757,0.4187346358743398,0.5186660839192563,0.42996989237769556,0.40531122818145443,-0.3615199652537854
XOXX-O-OX,0.540062521712016,0.43259444642803624,0.5879921390746262,0.48389685597290183,0.6858586165126669,0.5948645035600203,0.25591427125291333,0.5258956653815577,0.5761682359973255
OXXXX--OO,0.5054179213703262,0.49193026833614795,0.49666103645801074,0.4936057955411933,0.5045881955084462,0.47861614241286177,0.6872381268288379,0.5060829086064697,0.5022510120956134
--XX---O-,1.3429188673500763,0.19871880233987688,0.5086116139081042,0.5061568744272688,0.07774659913357362,0.6271207573539046,0.20320773421752497,0.5023928336251731,1.1049674731471248
--XOOX-X-,0.6976003684249671,0.7374394137935212,0.5988343845812185,0.5637042156402048,0.5261862629881692,0.4124432065210209,0.65946944070429,0.4967429244506044,0.6527326509299489
O-OO-XXX-,0.43676274507059076,0.52497918747894,0.4962460346861631,0.5415347903079936,0.5991272927514464,0.47608824827459256,0.5219768135483204,0.43295391606534117,0.6735839851499323
--X--XXOO,0.10177405078191692,0.7270243232133116,0.4959013511904098,0.506287707968328,1.1502546957926358,0.5006893256460367,0.501770828020504,0.49105087962121824,0.4935757077383963
O-XXOOX--,0.49883336081704227,0.6872380019164734,0.5032185693418496,0.4964731892950038,0.5036500760241712,0.4960045856855099,0.49549740691672683,0.6872178392227456,0.6778980383931287
X-X---OO-,0.4901773749272901,0.6803420921478398,0.5084312057531817,0.6267267548303025,0.055738660001319884,0.6689115244199542,0.4948705515302443,0.50950604529418,0.6872186959205024
-O----OXX,0.5451580526327565,0.4488670044291633,0.6738947603435108,0.6846679192859455,0.5585830360000641,0.24980977967886453,0.5444965267003422,0.5922007464753087,0.502251078255719
-X-OOXO-X,0.506311225901866,0.5065683686189058,0.6889192118066049,0.5066900032981164,0.5028623204798446,0.5091422398440133,0.495876379516206,0.4975570466596489,0.5000718869909249
X--OX-XOO,0.4900936288506261,0.5018478059741212,1.3782267735946028,0.49343664475700705,0.501029792799653,0.26642827504534894,0.49289045874349013,0.4987027615209049,0.5063272346986689
-XO-O-XXO,0.6872379594563112,0.5098462285316557,0.5010861042463468,0.6872379594563112,0.506617360959552,0.6872379594563112,0.506847926337155,0.4910551934102483,0.5074667149506692
X-OX-XO-O,0.40802994329474207,0.10280603174708813,0.4713541244088434,0.5375483268719986,0.6872373668804159,0.4390774349586977,0.4504925213222105,0.6872379593673634,0.5800325092553407
OXXX-OOOX,0.49995776552320687,0.4923161383147062,0.5053642423094397,0.4980200818418309,0.20909973843399604,0.5030928865300037,0.5099210195539002,0.503733767853188,0.5073977189333378
-OOOXXX-X,0.6848143539381258,0.4764598862037979,0.4447600431825696,0.56253496394405,0.5104235084086788,0.5070485165923406,0.589453664451393,0.7542528795791739,0.5362028401021499
OX--OO-XX,0.4943868676961142,0.506661676874693,0.49282631629617024,0.6872387375335431,0.4909026984266919,0.4987080557728159,0.6781328252598334,0.5095342452214786,0.4955872312705894
XXO--OXOX,0.49477303983201104,0.5027711747290097,0.5098219224873204,1.048110243694024,1.3594203756159697,0.49988078142401954,0.49878060095125454,0.5096124662733066,0.5077592978357269
XOXX-O-O-,0.4947693579748697,0.4949195129128847,0.4914057393950306,0.4940022144376287,0.6442200490112509,0.4968935410870927,0.6876685844060231,0.49865714757202556,0.49055665778399077
XXOO-OXX-,0.5043801321812823,0.5011789077351599,0.49961540752857037,0.5084371465866135,0.6872388785068312,0.5004427701863542,0.49386664892607596,0.49581221258271363,0.5034911448991702
X--X-XOO-,0.5004437574235062,0.14597757269323386,0.5099163307324179,0.5074058621595987,0.6851956727625685,0.4954395839838815,0.5042907391164804,0.4935970634221242,0.6892421596514203
X-XO--OX-,0.8856492648612093,0.5056302694617177,0.9287267346745527,0.9963800124278768,0.5552334714373881,0.19701513393888703,0.2957959216962699,0.832800040066343,1.3630350406546223
OXXOO--XX,0.89912839865248,0.012704809254177829,0.6570355300452687,0.19838413217818496,0.6050875905520258,0.6794728163555717,0.6852870955070468,0.5813780157077868,0.6744717064543984
XXOXXO-O-,0.4911793645554326,0.502539063810598,0.5046004145875032,0.5043581475669165,0.5021938157832926,0.49558765956563783,-0.34219007695777603,0.5058604121679582,0.6889307093565856
---XX-OXO,0.12853621214340638,0.09899226140356332,0.2231010944438433,0.4969663570620792,0.5059702585422282,-0.12826741587503177,0.5028896317734204,0.49951893712858186,0.4989405451226701
-O--XXOXO,0.6524717527371752,0.5125316423030655,0.014112868571485748,0.14607402807789677,0.4857663816921322,0.4994824177182506,0.5389416333141835,0.47839819051658516,0.566754420844461
-XO-O-XX-,-0.2861805237590812,0.5047375124854848,0.5098554143649813,0.4915167929243117,0.4977592140331767,0.5050400918430695,0.4924783428818044,0.49621614730467745,0.6853351801548788
XO---OXXO,0.49012840323447066,0.5074021256064275,0.6853034438292732,0.6872379609724697,1.3492578684248069,0.5049441240358548,0.4973537676323152,0.5073787319033319,0.5029130441653096
O---X--XO,0.49653944567208325,0.08031958535254613,0.9587446611023217,0.6786034963213027,0.5045575761187739,0.11394309932065327,0.23707723014230703,0.4936775504211224,0.49418212701877184
X-OX-XO--,0.5025829217641026,0.9571393372654833,0.19744617449020652,0.7072728865767438,0.19715619940075113,0.6264690162835282,0.9010365140042702,0.7334681056170244,0.27390303945716565
X-OOX-X-O,0.5242793781769846,0.7315031558260117,0.5618338878608273,0.42164861079611315,0.5863486462159618,0.6872343903642549,0.47422617935430067,0.6966866287319774,0.5749475446443427
--XOOX-XO,0.6872379240140314,1.3654721633959035,0.9955076034113945,0.8267639898343159,0.08894005738677146,0.06623964098286794,0.6832153583587597,0.5722171208393911,0.3040234915033524
O-O--XXOX,0.5097182298177498,0.6872379594563112,0.490499870950037,0.6042423575395945,0.723185486600738,0.5062212177219311,0.4993606052406303,0.505477235727758,0.4954288948982795
X---X-OXO,0.49168048796154223,0.14623318778020045,0.035820569708605754,1.2023137336856855,0.5029739136561102,0.5770213587424925,0.4926586538870851,0.5077660041872223,0.5003963834323973
X-X---OOX,0.49080805353405665,0.4848506798170639,0.49854289600810286,0.1263819168365372,0.12763628506422808,0.4990488479646096,0.5089893856317578,0.5052942891341954,0.49365280791547045
-XXOX-O--,0.6872321605691709,0.5479339804605661,0.4392362911756618,0.4411419251242281,0.446311412884389,0.7031284371860999,0.4389236413474196,0.20672667716617837,0.4416829679502331
-OXXO-X--,0.6871921321025553,0.5450222290557287,0.5093071508313566,0.4354816510690509,0.43284904252730394,0.08680586211282065,0.48828047198503094,0.6872286931901418,0.3371125653658883
-OXO-XOX-,0.634413413651815,0.5787636036430026,0.5914157571073962,0.5207541678102128,0.5540136590235821,0.5572062655146999,0.4247294587632358,0.5305826588755986,0.2405784982492366
OO-XXOX-X,0.555168060870274,0.48692843310865197,0.6872379574189523,0.5801624412995523,0.5276678239076954,0.4299643928661287,0.4173477859937545,-0.07170176488583047,0.4881377074558524
--XX--OOX,0.9893281601877295,0.09731122983566365,0.49556638684123167,0.5020609399050046,0.8333476338340556,0.15354908921786747,0.49250892105211647,0.49304647235003984,0.49851152132643145
OXXOO--X-,0.5050766813698989,0.5089111900099067,0.495912528986882,0.500806110875988,0.495566315672899,0.6868008471819097,0.6872380019164734,0.5002179220109668,0.6780627019827825
--XOOXXO-,0.05910180185726799,0.687237959460498,0.5053743352706477,0.49842942452808775,0.5015643546897316,0.507164351216354,0.5031513941036885,0.4954595627260614,0.6441250910197194
X-XO--OXO,0.43557893214516974,0.06294031456256599,0.47258145750808234,0.5900644938335992,0.6280737711804938,0.05339212933333426,0.5088608567393971,0.453466374764124,0.447452147172651
O-XXOOX-X,0.5077021864143022,0.6459019915855062,0.506547653409764,0.4976617376956882,0.49637412861314806,0.49943334783797233,0.5054338983720127,0.9285975151069601,0.5004004362383354
-OOXOXXXO,0.6872379594563112,0.5059867767144087,0.5084270600035521,0.5070590629547479,0.4981239731003434,0.5037722322240675,0.4970420219115565,0.5075158520445958,0.4925406002532839
----O--X-,0.6872379594563112,0.5502862950921301,0.4366355979805887,0.09075606347613302,0.5037131509849065,0.08463211516892188,0.08362332444852327,0.4954069976182204,0.5437356982570533
X--O-OXOX,0.4956829214439117,0.49572699409779336,-0.8242500542671021,0.4911245897621098,0.6892421596514203,0.4953545962024997,0.5007035992466689,0.49573306065768735,0.5017213135899015
X-OOX-X--,0.5096580444687813,0.017638308409962056,0.49681861415241313,0.5072442014240244,0.49143362659301815,0.32560140896713297,0.4901253877062645,0.7675751796960353,0.6785849229202512
XX-XOX-OO,0.49013225724602105,0.49559475662883407,-0.3044905101966795,0.4945871607508346,0.4937974786219901,0.49999471443709304,0.6889192118066049,0.4930462743414279,0.5092237019725244
OX-XOXOX-,0.5007946138775923,0.4965180589558864,0.6872379597821971,0.4951467355797139,0.5001881187219528,0.5022314187130601,0.500793292116972,0.4915075067121787,0.5026396778789634
O---X--X-,0.5031154485488812,0.6930875148872151,0.23273207465431833,0.02882016926851816,0.499933762124899,0.3719690898667338,0.10378070219689683,0.4928074969347891,0.9473444032517956
-XOXOO-X-,0.6872379594563112,0.4991592275101293,0.5034560120647739,0.5091922812708276,0.49074579839991556,0.5034970953791101,0.685347363477785,0.49117769410017764,0.685303496546464
XO---OXX-,0.49194702192286105,0.4923621436919468,0.019906045035759212,0.039290738960394256,1.7732015737814326,0.49856444065052896,0.5056525411198833,0.49138942855593454,0.30981976603031347
XOXOO-X-X,0.5016766504527607,0.503167623438027,0.4939177935716733,0.5027627327920017,0.5023606401914171,0.6868285384938293,0.49833548198020194,0.6872387375335431,0.5018306052219884
OX-X-XXOO,0.49652320779888615,0.5092355407583579,0.5705819321665065,0.5033205465544114,0.6872388785068312,0.4990885152404407,0.4999521026178551,0.49324495667289076,0.4994979883291925
XO--OO-XX,0.5453629187811085,0.47891484343583246,0.8101026776721286,0.40196466941421044,0.45342806581745115,0.5738735442720176,0.6872376987773307,0.5686135777516862,0.42916107015132954
O-XO--X-X,0.5871613623137023,0.8113513610562946,0.42461052568469393,0.4927854836715255,-0.40607274186976616,0.3936753700056762,0.5095382315151175,0.015422897302301175,0.49044807559823445
O----O-XX,0.5046002689593803,0.5153606886718695,0.40447752591156827,0.056794089048291085,0.2314548920548124,0.4925603395497344,0.6852372612037597,0.5070852708373599,0.5066953962425745
X-OO-OX-X,0.4979408914869259,0.4978414971687593,0.508046282508312,0.5097017601410458,0.6872339981357918,0.502241811572009,0.49805074527914484,0.5079860470626129,0.499636462428851
-OX--X-O-,0.15328500014373564,0.43559049071036504,0.6203788031344666,0.4349064231485702,0.6872379594557492,0.7657827027963304,0.28833191415016235,0.8224069480813285,0.20647475190343234
-O-OXXXO-,0.10994281306884107,0.5763887658318382,0.5895286295733175,0.8994511491847288,0.5015613020724625,0.05895027660344232,0.06847040313225172,0.39989823878745756,0.02845051069419796
-X-OXO-OX,0.250084826717416,1.8970960603192784,0.5124973964842103,1.9741939892072502,0.8126177241871716,1.6010278617836295,0.8652104267870574,0.4208240906751598,1.4921839501614338
-XO-XXOO-,0.48434609709172494,0.5050475903131253,0.5057367101991761,0.49234751226361195,0.49270947120088465,0.5085748293396862,0.5031311917512925,0.506147972885714,0.6872385297570653
----O--XX,0.1145885900799527,0.12401543437031337,0.8113761965284625,0.10516948198144938,0.5074895998637865,0.05954096654759017,1.2755561751268374,0.509513118223549,0.5080252215149513
O--X-X--O,0.4046701719130954,0.475755137547965,0.40197835545413185,0.4028925561914093,0.6872379255518705,0.44503703228547997,0.6794728163555717,0.27699654556169695,0.5356083774532162
-OOXOXXX-,0.6872388785068312,0.5048289780789808,0.4997412798230423,0.5043709943804824,0.493111807047462,0.49826287355028853,0.5023904767724113,0.5071959630761523,0.1373857204028811
-OXO-X-X-,0.8616769499949193,0.3245259088990273,0.36164867894002295,0.8612875788041348,0.01696204984584443,0.8406539319554969,0.29316409694700674,0.25176133691051705,0.16361014855581735
X-XXOO-OX,0.5011129254736089,0.6872422352678528,0.4937395155399468,0.4982927939408205,0.5000332777079575,0.5039667351918631,0.24311091427154635,0.49887169188325653,0.49587039503618097
XO-XXO-XO,0.4920391697059336,0.5066165241196808,0.6871530714616036,0.5036784132619803,0.5024917798451202,0.5035356016133151,0.5334011337496894,0.5033230540986854,0.5093601549160984
XOXOO-X--,0.12937460449972926,0.2068151922982795,0.34791347794842,0.32172666304352016,0.7579406807983207,0.6872379599897463,0.6560844403394787,0.6871338018515738,0.68716070780659
-X---X--O,0.3105389060045318,0.4924708501489355,0.002623955908118314,-0.06440239655488356,0.17176558966645594,0.5025010645143151,0.05381871139930383,0.9191411948064843,0.49770830772841834
XOXX-OOOX,0.10415528823232845,0.09868801761880841,0.008043987698041932,0.31659267499017274,0.6872379578188762,0.43060505682021366,0.19228121055673297,0.05428776956304315,0.07091285758771138
-X-OOX---,0.6526737835938355,0.49186563555467155,0.5039034438658773,0.4933519083242428,0.5093336904510483,0.5035364420995546,0.6860294582557207,0.5021845632444631,0.6777446649586462
-O-OXXXOX,0.0744610789299931,0.5058579350606698,0.5651076598679659,0.49191327709219923,0.49825237768014646,0.5090640415266661,0.5090920679950459,0.4995668095364296,0.4957232650789995
XXO--OXO-,0.4938614948112721,0.5020381276891419,0.49296476879073325,0.6852139550205557,1.2666496994557348,0.4962515974587443,0.4967828932709468,0.5047595308003691,0.6872548143270394
O-XO--X--,0.5580883880993995,0.44071165987043487,0.5530513665754264,0.5964513840757592,0.42067273053457654,0.265930678199357,0.4595842595442478,0.41163600535754963,0.6230804275373704
-OOOXXX--,0.6798166458998854,0.5901550674598953,0.5073789215453081,0.5328170930175126,0.5904869183766394,0.42311796311215377,0.5070224378850209,0.4617195791528469,0.5078638813469183
--XX--OO-,0.67885401031672,0.6844666413633552,0.5935999242405613,0.5834699583349592,0.7002538144059028,0.6818595493052542,0.5061189842045677,0.5107837206371019,0.6872094738384598
OXX-O--OX,0.49010006913172277,0.4966942081290087,0.49139998933020584,0.6908224761707741,0.49124330402766103,0.6841448888259063,0.5454243056838788,0.4946872711224211,0.5009523486805746
X-X----O-,0.5028898051040661,0.8075168082795185,0.5010681995761928,0.5330878868682091,0.6872561867297432,0.24066847660717855,0.1405456054574733,0.502986861193725,0.14646301387841965
X--OX-XO-,0.495218669106874,0.1906394783969273,1.1634474912072479,0.5079588022467981,0.49026336778447577,1.261110905004446,0.49398089907006637,0.5023809658765629,0.13866608854981133
XXOXOX--O,0.5816295590850262,0.434054943244732,0.46411653587567137,0.4415824185838362,0.5776945731555903,0.48072948660490256,0.6794728163555717,0.4578979137443243,0.5739659898930142
O--X-X---,0.4981233045662406,0.6764505676612192,0.02664568962099917,0.50743304410264,0.13032468635253192,0.5015750702696066,0.08018564124526378,0.13749595239304951,0.11199658555641712
-O-XX-OOX,0.2532776517659254,0.4924085297809908,0.639912481920637,0.5083468959111016,0.5003636279530568,1.2328406891598789,0.5097486046946009,0.5030297348154208,0.4926174119117057
OX-XOX-O-,0.4918822423978978,0.49031317334524616,0.6872387375335431,0.5046866877716465,0.5034405550341133,0.5049865144236331,0.6455772018701341,0.4945116007052597,0.6442321220230727
-O-XOO-XX,1.6362008804966564,0.5039232515667982,0.40246269325906425,0.46119083228389846,0.5565362401432934,0.4301725181400925,0.6890265423936033,0.5055354685284634,0.5199714608621459
X---OOXXO,0.49243237909431614,0.6475217247726123,0.6783044229712292,0.687237959456475,0.4990461551966583,0.49681064518596907,0.4999774056158341,0.5043947543417246,0.5005635490824456
--X-OXOX-,0.6898667735476521,0.0322346784498323,0.5310871709684963,-0.018406782577722658,0.41182230979942036,0.4840951928812563,0.5708249202648124,0.5651609170732652,0.2787028084643398
OXXXX-OO-,0.49984353508240004,0.49807467984094866,0.5099575163551934,0.5044414634362898,0.49228631781592325,-0.03975813607331524,0.4957802838421297,0.5052087454722922,0.6872379506393272
XOX-O-X--,0.502633082049508,0.49370659941871053,0.4942228212050841,0.6785829990680872,0.5058207237547839,0.6918666186826621,0.49212391513050646,0.6888836953086322,0.5036598797888587
XOO-OXXX-,0.44693010756948076,0.510088129820057,0.5970490226860518,0.05852159213722169,0.46327097135722173,0.5802403952074244,0.5365643446182526,0.5411573847129283,0.6717826662555699
---XX-XOO,0.017911172781922113,0.018385719400694,0.5718708961183657,0.49004727966476175,0.49069851030797085,0.7358453640039956,0.5062114472882934,0.49081913117058024,0.5034609423126997
-XXO-OO-X,0.6872193095379209,0.4953120176546854,0.5014940398455267,0.4908405025854517,0.6852474152291,0.4979591597322033,0.5076874195019241,0.725836143982221,0.5080149240557438
X-O-X---O,0.5070022822456149,0.49279417320848834,0.5016641064848701,0.12378435265589893,0.5098743341691868,0.6872379594365232,0.6656070808519559,0.5014081566115637,0.5045172481979572
-X-O-XX-O,0.28668199331151667,0.4983360454656548,0.019035838197351718,0.4939891356402914,0.26431213489770705,0.49965081459558713,0.49021921535395113,0.2402551610412672,0.5095643068741037
O---X-OXX,0.5044143281795986,0.09141369461988952,0.49267188310844323,0.6465062320627583,0.4961466787432983,-0.3111063626371502,0.5066502264160392,0.49667217330249097,0.494379145719413
X--X-X-OO,0.512769260084343,0.0863310701537704,0.04112166535544726,0.13048751948031811,0.6876296744245433,0.6048552676840857,0.6513501383002744,0.9871964267915398,0.8130961239142841
-OO-XXX--,0.6872379594563454,0.49218046131009163,0.49323885668158596,0.09874152408927628,0.5072840243024033,0.5092253324532757,0.5011178008759286,0.03080874775243314,0.17050324690087548
O--OX-XOX,0.43979846544375717,0.5007329354084589,0.678530928138624,0.5154504929563499,0.5580202037013191,0.5077374751850001,0.4949828108973745,0.5296212832416204,0.4189453612608083
--X-OXOXO,0.6872412642096936,0.5012062301299675,0.5065446924899347,0.6438796638360405,0.501141945023468,0.5003286062255597,0.50532795270742,0.5096977694025379,0.5076585263203195
XXO-OO-X-,0.5018886121613813,0.5094102027313475,0.500710053126957,0.6872379665101157,0.4990046125925322,0.5022983621681024,0.49798453002433823,0.49260898747555376,0.6872340252508
-O-X-OXXO,0.6876685844060231,0.4998434035373196,0.5056189413259753,0.4949568844144152,0.4972562844701183,0.5086233005851772,0.4964606296227614,0.49351485378356474,0.5036741957414052
-O----XOX,0.6870479906835154,0.4929890667691144,0.6870545239707735,0.5761851047479062,0.6872379651812668,0.0657015355421256,0.5065657894405984,0.5009137674265941,0.49577296337046944
XOO-OXXXO,0.49827191186198294,0.5018255192380158,0.4971112245784962,1.8687065294457605,0.4993682342309495,0.5081229666738853,0.5032003303376753,0.5058322933094099,0.5067226508665709
-O-OXX-XO,0.4964575058980325,0.5084308417872839,0.6865849371296385,0.5096929801657748,0.5056239039700818,0.507093510719304,1.4358878380186537,0.499322380751314,0.4977653575346817
X-XXOO-O-,0.4765681894725017,0.6868785765925925,0.4121258088475346,0.5406853358049584,0.43403455681366276,0.534271089003353,0.6429426173009389,0.4968172662257784,1.2333676361515478
O---X-OX-,0.5029932249079372,0.686382930706755,0.7877572819526572,0.6872379594562686,0.49049945914272053,0.03611569515675733,0.5076429583047497,0.5056144546988747,0.38502527874446635
OXOXXO--X,0.505331469622336,0.5055914680914525,0.5071590154903689,0.5024259391293618,0.4947750485752085,0.5090681424996795,0.7104856883395237,0.9988242510535833,0.5015842490441764
X-XO---OX,0.5020657733464471,0.26084789762500404,0.4903596760559305,0.4949122037383258,0.24378602747116584,0.3605570059887917,0.04290749426872664,0.5001810459451722,0.5007937311005946
-XXOX---O,0.05857285640147403,0.506085913724302,0.4918318161178649,0.4968873803758514,0.4978676409070482,0.6787323364852995,0.634547702595744,0.2276792030456818,0.509907914167847
OXXX-O-OX,0.466751034192415,0.48522791967123546,0.5726860553794204,0.43656376311362566,0.7007767447903686,0.5636100845761339,1.0715502619570156,0.4215226265011634,0.5046620759939263
-XOXOO-XX,1.4758566795691679,0.4918271276408279,0.4978773581021351,0.5090042219190485,0.49152310209483824,0.49639118971852736,0.6872412642096936,0.4978639136678094,0.49255700024312077
-X-OOX--X,0.01838159063537609,0.9442738936893845,0.4954133886526321,0.6256525451572968,0.7943709611194927,0.662263724483229,0.5002114379931751,0.4991976411562614,0.7780095456048806
-OXO-X-XO,0.0334994536388194,1.4761326536338402,1.2680993134253662,1.6922964654645025,0.6868498829031545,0.39843694982720346,0.5286863276554721,1.7351836045833964,1.9369641602403254
O-X-XXO-O,0.5058611582095366,0.07810884466277779,0.5057802154806128,0.685353958216398,0.49390264041764986,0.503378609313565,0.5003069980328724,0.6872543101186344,0.49272450022594844
O--X-XO-X,0.44948294051774285,0.4990106223778701,0.4909219707150443,0.5095011436433604,0.645015894320672,0.4874908856804719,0.40636115837344333,0.591831518028566,0.5537238832972244
OX---OXXO,0.535284735313206,0.4977505767224997,0.4350833814350657,1.0506527768516225,0.6794728163555717,0.4018266886180237,0.44262346867915897,0.4410551829843382,0.5073684463608817
-XX--OX-O,0.6483615214169363,0.5989184161471842,0.4772270182594926,-0.5408915609404559,0.07309942471981201,0.5430483450235843,0.5079449388322919,0.30389683386683963,0.44528395646238766
-XO-XX-O-,0.5621643578688699,0.5656379487130861,0.17093203094138187,0.1094109931117575,0.7378229673911785,0.34324595625888465,0.002341875584416897,0.24709417260751454,0.14251525132946918
-O-OXXOXX,0.6872378972175273,0.5710790799296317,0.10431792285054226,0.408292938959383,0.4734538162487841,0.4682108480676911,0.4449679488286115,0.5087856493826933,0.40601534391308114
OX-XXOXOO,0.5026301634677276,0.49948762327915786,0.6872379594563433,0.4971708267974519,0.5009501750204779,0.49118719095523244,0.5029357460892516,0.5005162660263236,0.507844892805606
-XOXOOXOX,-0.11250934501379195,0.4935593667312991,0.5063485263704138,0.4973980846696688,0.49845514551298287,0.49507124643546524,0.5037535610155119,0.493008133085377,0.5012137214647305
-OXO-XXO-,0.2138099871839486,0.08766382476014967,0.5037897472885416,0.008476252689594177,0.6872630738963884,0.25856504649006873,0.5646947264818233,0.8666513486049024,0.9705856288109129
-XXO-O---,0.43281027473994804,0.8555394165467372,0.31300298164323603,0.6392581621820408,0.5767946038241856,0.30620058785703286,0.3435308271041777,0.1725640146913151,0.6866320320427245
X-XXOOOOX,0.5959769589852832,0.6872379594555599,0.5804506757181502,0.5084156174117848,0.557384009268141,0.5439504942617835,0.5571459270419702,0.5921427835365499,0.5628116793915054
XO-XXOOXO,0.49157184287502975,0.4920075142944955,0.6872379594563112,0.506561725406168,0.5061119016925753,0.4994450273399862,0.49785279216513995,0.4938276719769997,0.49979927899415394
----O-XOX,0.6460295302999765,0.6872197500859432,0.0504516192358041,-0.09165914908423556,0.4926877509029691,0.6868138845661117,0.5095670873581144,0.4907508366931167,0.49733529385613845
-O--XX-O-,0.6876886354865285,0.5094379735072188,0.3926941082348284,0.5708173347343115,0.5030328963572137,0.5021949169854075,0.24388835993548297,0.49976285999184117,0.6848757367487042
X-O--O--X,0.5022844037999239,0.033269176358974195,0.504773525604703,0.018184480963944205,0.6833262477336606,0.5032818156613643,0.5932187827995281,0.0036510524831514513,0.5020242583963954
OXXX-O-O-,0.4184569504961546,0.48123265401852944,0.5788435306746098,0.562864959439485,1.1238691666402176,0.49285616764745244,0.4178524069827483,0.4200191717500727,0.6872342961781763
-XXOX-O-O,0.68716070780659,0.44910066044894587,0.466840782635092,0.5581772200812803,0.5936245973702374,0.6159761494156168,0.5116773201230679,0.47761748909418306,0.5316063049360544
-O-----X-,0.05779382382694409,0.4996567340193376,0.14854426124104342,0.20804717824660934,0.20774844982766683,0.12920634214183513,0.18489789644501614,0.49379283861888285,0.08410750289479357
-OXXO-X-O,0.6872379574901863,0.507809537682175,0.5066817287188805,0.49186425914822124,0.5009879311896118,0.6469670249178836,0.4905957863728536,0.6872379594726534,0.507257148259268
-O-XX--O-,0.3383372979321475,0.5064885209438436,-0.030144774430308274,0.5685566696278821,0.5084041509431801,1.3714891698942293,0.10945992845575936,0.530676741382673,0.1600636534734986
O-X-XX--O,0.499629971242832,0.011863128190759298,0.4213070917665301,0.33301348394928815,0.4627116054319977,0.4910428143760949,0.28015508497075714,0.40903252792778205,0.40519684858952904
---OO-XX-,1.1923943628334843,0.16899576231343816,0.2949385413191987,0.49253358785708495,0.4952764642100542,0.6872379594563112,0.4912580533074112,0.4957134017140369,0.38030264331163
-O-XX--OX,0.04059407622536998,0.49084544978564776,0.036378706858470444,0.49090485827485986,0.5078047395401869,0.0891615434806109,0.2545539704906466,0.5006477307388484,0.4953359755474619
OXO--OX-X,0.59677586056234,0.5884200781486523,0.5655490207173879,1.0800750030303141,-0.12039423821871109,0.5981255604212721,0.540354277917223,0.30356683993051836,0.5217671325589704
O--X-XO--,0.5078918952088877,0.11920584693177283,0.7922622318406225,0.499081558587708,0.687262644530526,0.5072308215153669,0.4957536912878873,0.7293290222931018,0.36340581964568286
-XO-XX-OO,0.45587770812571876,0.4128073899402342,0.5236680314299884,0.7139873936186513,0.5518136753092805,0.5304633277552675,0.6872371923082045,0.5042154558698932,0.5335589424839896
O-O-OX-XX,0.49646194495259666,0.6872379594563112,0.5062134808425492,0.661959484421565,0.5033531342375227,0.5038128133488399,0.6872186507792213,0.4946889673023595,0.495820110031191
X---OOXX-,0.0038592549562533884,0.13062832817288306,0.43681693628867035,0.6872379556528359,0.17243378525310948,0.16601998918836913,0.7990221016816856,0.8756529571070818,0.04450588038206238
OX---OXX-,0.7393900837596162,0.19516347666514733,0.3656867673428972,-0.08715388551837622,0.16987400257839447,0.5395223486924802,0.6150448259506198,0.4670317165814103,0.07438782261573829
XO-XXOOX-,0.503417560009967,0.5039144146816265,0.9510299926730333,0.5060921842481143,0.5073687960675111,0.49090254333224315,0.49196746022006715,0.4966953681257306,-0.4256472639422356
-X--OXO--,0.6889366327523965,0.5050487619257298,0.6780044213524065,0.6804818785181372,0.49242355241474206,0.5065814918373656,0.5015591273841198,0.687677683498959,0.5087604752593942
OX-XXOXO-,0.5097744863724082,0.49925709323275763,0.4283140112582501,0.5095642419945656,0.49448379067032316,0.5092327725431711,0.5027717142180467,0.5003345545548158,1.3633939801835342
-O-OXX-X-,0.057769061769803176,0.7201859391342851,-0.05814154798713389,0.8734532064685946,0.5377743772632504,0.2299660226076341,0.7451833158614699,0.5290240700398452,0.1639976397034173
OX-XOX-OX,0.49564475722014223,0.5031667165193388,0.2344929887449944,0.4977143979205853,0.5044535409725307,0.5057635554176618,0.5008770174846138,0.49289853498619945,0.5077378845734014
-O--XX-OX,0.009808080448495071,0.4593196124507608,0.2248764807726395,0.556963049563114,0.331010282826266,0.8034254574531762,0.2273033099357158,0.18685065219092012,0.5805126185643501
XXO-X-XOO,0.5002332403703581,0.49951597489662575,0.5081846522537643,0.49985410248334433,0.5046093349289578,0.6872379609724697,0.5007504583804236,0.5046174618977456,0.49476320618975567
-XXO-O--X,-0.29920209167932477,0.5091600315770105,0.49952938930345475,0.5065074261564597,0.6784114284102978,0.5091004822347742,0.2355491540181756,0.6538235188037655,0.4901507867174618
--XX---OO,0.5017697576128163,0.6873465168968313,0.49750773283498184,0.5010249882023312,0.7167387916845811,0.14298869076765963,0.6868072564226207,0.4942380819466996,0.5098687701054382
-O-X-OXX-,0.09539810463323195,0.9777979787469353,0.2578611174687596,0.8369823600182443,0.2657443518703859,0.11411714735099054,0.7450505426531885,0.6201623822620432,0.36613959051414
XX-OXXO-O,0.5034632024898886,0.5075119303604789,1.100792463604174,0.5050051399186788,0.5086712851793832,0.4943375595334135,0.5079976571477276,0.687237994335208,0.4976611446721179
X-O-X----,0.49887263404745896,0.28279485736921034,0.49939278390514213,0.3904977407651862,0.49806821792626516,0.6818376095949354,0.1224425251711051,0.10452180703854874,0.5
-O-----XX,0.7409684737334985,0.49736025515989696,0.25035770722516765,0.08558158360749979,-0.008298490349057164,-0.2995420892249012,0.05186502245037433,0.49428593945215576,0.4921389352401228
--XXO-OOX,-0.17820206000599448,0.6872379594563433,0.5137350295820705,0.4275529509793099,0.5623771423237275,1.192442911901098,0.49561832706180853,0.46924244212552946,0.4627337091477538
-OO-XXO-X,0.6872352109386091,0.5600725989683921,0.4834797863503001,0.647606878894396,0.5182217420395873,0.5850996024578444,0.5656608046179012,0.4639116599726737,0.5216811805400092
O-O--XXXO,0.4919152219025579,0.6868439398200666,0.4977786294606864,0.6779312590430068,0.6872379595469399,0.49734869458082503,0.5098012329810153,0.4906733102322293,0.498414084517059
OO-X-XO-X,0.49988912297661503,0.4924818087263111,0.5076913627283848,0.4987479139298309,0.7310585786300049,0.5092999158505922,0.49583700476688286,0.7727488446771777,0.5031096815492038
OXX---OX-,0.4954294711797476,0.506128663504451,0.4962953153008507,0.6872387140889713,0.6446148065139496,0.506504739672061,0.49613942174450704,0.5056244512900948,0.39859992355330753
XOO-X----,0.4924850657065499,0.5017574961444895,0.5039834095802143,0.02544652149859028,0.4930214984946373,-0.30555609046246845,0.020565556177410182,0.11034401510979186,0.6400363462412578
-O-OXXXXO,0.55691196027082,0.49522730284412336,1.1098399139635637,0.49109982867506013,0.4941989837036506,0.4962885316699171,0.5012946088488432,0.49112376451111917,0.4985865111860157
--XO-XXO-,0.49895252617802593,0.4542473084148031,0.4929195330709804,0.49902663942313996,0.6777335778101602,0.4934973670251297,0.4938507356354843,0.5057317349865105,0.01886994033646283
XXO--OOX-,0.4984045670482792,0.49402989968361355,0.5038870388426676,0.5046989823302525,0.5067780254197062,0.4980636760578103,0.5005311424416113,0.5042649527642192,0.6892421596514203
O-X-O---X,0.5025621536236209,0.1291606734226438,0.5037161126028994,0.402031539094241,0.501064176963135,0.6580282134592543,0.11766779821053519,0.3851033563290882,0.5028725471990965
-XOX-O-X-,0.5060932797910385,0.4982536845746894,0.4984726245360948,0.5053148868116805,0.7689952567938877,0.49278523862990176,0.6471631352336403,0.4903297034811705,0.49300044452451
OXXX-OOXO,0.5076953335598758,0.4980663054328644,0.49819789458533686,0.5072820302161266,0.6872379597821971,0.49434045869059917,0.49978335518027783,0.5097856763250928,0.4992339028280998
--O-XXX-O,0.1214864733661663,0.021621063103882232,0.49220547654855584,0.0962579717224219,0.5001733906489487,0.492477232429541,0.49326454822401117,0.49540213500805713,0.5043527708053233
OXXO--XOX,0.498833125826747,0.4505478089883193,0.44700701743482985,0.5481901371139589,0.3753530892532806,0.13840003548909552,0.5680953701338681,0.43966213389112846,0.5448881750791041
XO--X--O-,0.4971014354797137,0.5082580434195247,0.8235318580783493,0.5140457241873355,0.5039877198564574,0.07582030839051668,0.49402458817222283,0.49910048068344104,1.0922822588299068
OOXXX---O,0.46756086931641727,0.41110760191434365,0.536366149492112,0.5706637111351197,0.4258431705021293,0.024366642841453234,0.6370888262952001,0.3737259027235765,0.4302071554257849
-X-O-X--O,0.7893175779756146,0.5094162212644459,0.3828262233773728,0.5032969483872868,0.495897008743987,0.49057523219159416,0.6784103276231707,0.8379640711991009,0.494700066472045
OOX-XXO--,0.5076292605021036,0.49601622009971774,0.5074474723710055,0.6872412642096936,0.50574396477124,0.49410706770103235,0.4985172074070457,0.6185410969117807,0.05690261271269459
O--XOX--X,0.4985611293850902,-0.06865610302742808,0.6872379594570739,0.5040729689949675,0.5033421004715461,0.4905078029375944,0.5163734062130011,0.6210435081114635,0.5059149936616342
X-XO--XOO,0.5014762561843866,0.40941640763408693,0.42847260002151105,0.5074769603833996,0.5051287505217844,0.09457129727388836,0.5169934504337401,0.5252001444796226,0.4632828202998597
X-O--OX--,0.49314492089318973,0.747594124081585,0.49231856054021716,0.6853292996604577,0.6652916485244399,0.5054328031566244,0.5006069593485329,0.645892090158149,0.6871484639926999
O-X---X--,0.5049887402970635,0.8146744899284519,0.49663732373381825,0.007499806921228203,0.7848684504050173,0.004222465362160255,0.4959999411092162,0.08207688496153154,0.3098975183420519
-XX-OO---,0.26455390463615636,0.5029686263024814,0.49928281511309364,0.6872379590377126,0.4963729047027851,0.5059930083995156,0.41128468236491,0.24605276056216852,0.3458117825440088
-XOOO-XX-,0.5074558964098755,0.4980455643442832,0.491504522917225,0.5046566886185202,0.4962322963353672,0.6872533345980624,0.4906991155984946,0.5087780990423666,0.646094436316036
O--OX--XX,0.5056801900031879,0.4925560314556964,-0.33417386861865617,0.4914797009479605,0.49396580013602615,0.4150400907932024,0.6872414721495959,0.4925742258785458,0.49072834593748726
O---X--OX,0.4986505789481068,0.7887976577936017,0.6736160898781041,0.5564522541977758,0.5007058074758248,0.9290583641209221,0.007750593081561008,0.5096481578206578,0.5077168143630827
----O-XX-,0.5130299347942429,0.20178587430729883,0.3787600489757498,0.24809040984337322,0.49577683184314697,0.44300639078889503,0.5001317686138563,0.4946285375895348,0.6665848557158556
-XX-OO--X,0.6837038872528017,0.5022589709588552,0.5044842847387532,0.6872379576382536,0.5017199852374864,0.5098102733610687,0.40306977893266493,1.1012464881412267,0.5062599201000456
X-X---OXO,0.4943912386310798,0.09855737744530951,0.5030450567297533,0.16942604494943875,0.09330500990739066,0.690827679754151,0.5076096832014331,0.5084331215091008,0.49768887473087814
O-XXOO--X,0.5113824912264211,0.5974372311292023,0.4754708127889485,0.40114759610865175,0.49188043886956145,0.41435561165839613,0.42728524669121304,0.6783698088994929,0.5286696955380458
XO-XOXO-X,0.5067317582948965,0.5071748944532777,0.6872422352678528,0.5080555844120189,0.49142904079355015,0.5050166259865293,0.49689383402688325,0.644892223277278,0.4934625547959674
XOXOXXOO-,0.4974778431758843,0.5043428364025384,0.501917952200721,0.5036468061068524,0.4950980171528235,0.5078989746741168,0.5085394421128382,0.5003678845787837,0.6872380019164734
OXXX-OOX-,0.5056566774153585,0.5053463526301017,0.4936250473284378,0.4988456513819427,0.5032028774002362,0.509216504080675,0.5068727223352048,0.5058757491445878,-0.07591499557129533
O--OX--X-,0.4923782604262239,0.1639952003241687,1.156430345162616,0.49776758352843387,0.5098230041224794,0.5453360526956125,0.6872370575512827,0.4921355776254466,0.12114239256726711
O-O--XXX-,0.8832358087072602,0.6794728163555717,0.13770411967757923,0.5812093975086996,0.9111334685559049,0.35508373475611754,0.5919616184946852,0.9901000229644756,0.45598063206233186
OXX---OXO,0.5088350532931764,0.49666576419680514,0.5015984352171065,0.687316314545648,0.6786257219076333,0.2218278235935759,0.5036941822949912,0.5056571006026168,0.49391759520721057
OX-X-XOXO,0.49545842040177784,0.5078005863630063,0.6677712751531004,0.5016056235383508,0.6871499922634042,0.5084890921292278,0.5005797653271399,0.49651453055121336,0.49632040680406864
XO---OXOX,0.4238370099242489,0.44648940893341127,0.315001600199333,0.30546529781084364,0.6794728163555717,0.5923511981582306,0.5851121972977285,0.5488886787515871,0.4484741703077984
-XO-O-XOX,0.5030044297232591,0.5054367369777699,0.49993645206979304,-0.38728366734798647,0.5093483539344706,0.5027507073743994,0.4947691812254766,0.509680445488065,0.5044465447660725
XO-OX-OX-,0.8744131519841962,0.05136019523549107,0.4211708245264174,0.5485484597467442,0.6733514531082732,0.3036831475051035,0.551591263066701,0.2270079156219803,1.212901611373551
X-XOO--OX,0.4987590725760049,0.6868250504284416,0.5037705834732293,0.4928430362339781,0.49801463811832186,0.6873305113574016,0.08403058703832278,0.5010206977463646,0.5041460362216172
--XO-X-XO,0.6502751038952684,0.2697067422615409,0.541542156834805,0.501023271950117,0.6739061298264764,0.5724208905735555,0.4200347684616957,0.4632683609133478,0.4916688117092564
XO-XXO-O-,0.27973381006122844,0.07717804736941991,0.6288330633194754,0.7614799321475304,0.8528323444506761,0.28333542933193123,0.7025714449993045,0.33900309396536643,0.11100098787381157
X--O-OXX-,0.4971164828468573,0.31898325011175654,0.6871449437750221,0.5045960052582292,0.6872370615463478,0.5030443805494864,0.4942019985357293,0.5067472388193198,0.6401572515505982
X-OXXO---,0.07772955129803927,0.5523537569454523,0.02907259898101544,0.2580273688569431,0.16604205133701766,0.4398679834847743,0.15921370110437127,-0.02245691159508245,0.6872379240140314
XXOO-OXOX,0.5048276335361148,0.5046734924904553,0.5051554827124461,0.4957190138160113,0.6872379594563112,0.49335479995652654,0.4949826655920405,0.5015877724186405,0.4910875319528125
-XX-X-O-O,0.5101186325090785,0.41602662759972076,0.5050938194203384,0.43013650622919275,0.522125678921817,0.03933147730097453,0.5954656637573307,0.6872379591174396,0.5898129438558466
OXX-O-XO-,0.4984699249768839,0.19966463120197508,0.46258543998570933,0.6774609894697591,0.9341560519532357,0.6882332822670139,0.7634012915391306,0.7438750375462815,0.6513501383002744
-X-X--O-O,1.3499941060767777,0.5004799769650432,0.49898588824759504,0.4938295623649582,0.7010262494267684,0.6872377580966993,0.5077553768049907,0.6868292599979682,0.5040655355105425
XO-O-OXX-,0.49807881228796613,0.5049024847705731,0.37449707737179905,0.49851173682845823,0.6872386697859963,0.5090283233142565,0.4937310391829285,0.5086539911204858,0.67833300186501
O-XX-OX-O,0.813132016629006,0.37494885566775615,0.38407800098341227,0.5781459402723548,0.6839818442511394,0.6011676114129033,0.024658749621960685,1.3068328075367208,0.4311354644390688
--XX--OXO,0.46474214841709316,-0.27657215053002115,0.504258969217761,0.49459127811933623,0.6576517985122972,0.010731420888663412,0.4941309911237488,0.5011934732963588,0.4976039321800973
X-O--OX-X,0.5048728501220341,0.49568419640121,0.4961001503587686,1.336610627090683,0.8189149929825105,0.5015357098872126,0.49439830323644823,1.32695003106615,0.4991688796615637
-XOOXXXO-,1.5539718473681898,0.49175883121243086,0.4930422908683905,0.5012125923018368,0.49467715806607904,0.5057735300714357,0.5067168983454856,0.494451061644422,-0.042348107035426685
-XX-OOO-X,1.1630713234294008,0.504378987881435,0.4911366707574186,0.6851910452795037,0.49331316974506284,0.5008836594160122,0.5070211820566789,0.0655874771077074,0.5090191163521331
XO-XOX--O,0.5073884013539752,0.49321967822281015,0.4134444014516177,0.4960131901225149,0.5006758762794393,0.5018755887487502,0.6868316494104939,0.6872381263057424,0.4972353398669178
XO-OX--X-,0.07229183575543197,0.3404666828209064,0.2633852436649906,0.48194282744433803,0.4615371707891224,0.18730834954152142,0.026403334664958145,0.41041745198183754,0.5056073808194232
XX-O----O,0.49384624339015687,0.5094925081035013,0.7226781137793302,0.49097449239529034,1.262328335516095,0.6207441308486861,0.7788370644129349,0.07209783446086315,0.4919137466988184
--OX-OX-X,0.26052822109587964,0.47072127276232256,0.5077186405014796,0.4554538839285691,0.15425411666264055,0.4571657517982637,0.4181321191948123,0.5474094497777472,0.5398235485887998
O--XOX---,0.5003710618041218,0.6871455798675148,0.6459239547149425,0.49138188462809335,0.4925074249895292,0.491566354902371,0.7095541604081238,0.6872379594563112,0.6868165433149157
XOXO---OX,0.4864538633154872,0.46723695672456234,0.5314235178551071,0.48985193389027576,0.4718854882320874,0.6817777913249081,0.47869187636641547,0.4264994040758661,0.4110751076783669
X-XOXXOO-,0.522887815570505,-0.3031634352900149,0.44972404286755485,0.4780398567999248,0.5941220311922701,0.5280535073931899,0.5724676293530694,0.556856743413296,0.6871147840084099
OX-XOXOOX,0.49906632173491655,0.5087220378371222,0.6872379598137037,0.5047015335743421,0.4914665973299798,0.5084002091979954,0.5094553311536527,0.5068664765570121,0.49925878773972204
XX----O--,0.49314198562185424,0.4909136608952515,0.6539688844990215,0.02165166375435923,0.1758954609597797,0.6870871866080397,0.5010582414282199,0.1694435636229088,0.3772373979774805
OOXXX-O-X,0.49408825833016845,0.4901889473288016,0.49742942873799656,0.5065621002700262,0.49204101325517346,0.42098783355197683,0.4926760503749589,-1.0130267580440777,0.5015042420305627
-O-O--XX-,0.7112383532128063,0.49050080961002007,0.6443320772725161,0.4989113574863122,1.1004893161712634,0.30330262152273335,0.4980855000820605,0.4925418867695806,0.5437466694119933
-XO---XXO,0.8085095013909749,0.49261939269912836,0.4224793390214586,0.5124973964842103,0.4195461069156883,0.6815771668572086,0.9794423045547053,0.16723661911774013,0.9926275184796949
X-OXXOO--,0.4951150517843264,0.6780234784818626,0.5091229361223293,0.4977114554975274,0.4916922424360864,0.4915198079632313,0.5038758513329445,0.6785425170818237,0.6873305113574016
X--O-OXXO,0.49042335711239093,0.5057323681410709,0.6868425568239663,0.5069937841498998,0.687237959460498,0.5061028168179429,0.49868292329936564,0.4919411473381668,0.4903019197914546
OXO-X-X-O,0.5025591115969834,0.49688141010049,0.4966914634615919,0.2101680742592842,0.5094468677782579,0.6872336152655878,0.5059698747993779,0.10067916120140141,0.49642298144819935
-X-X----O,0.8110611264414469,0.5071792498135937,0.07279973794346195,0.4912890163379614,-0.1672858945111756,0.07428547259193752,0.24865947001408317,0.36103887067517226,0.49463425457883353
---XOOXXO,0.6872176496416349,0.4985991122937648,0.6872379594563112,0.5087698360930074,0.5049662152509621,0.49464545537862586,0.49444007076866997,0.5030289108266266,0.5079061267793924
-X-O-XO-X,0.6872377620190001,0.49990116615224195,0.677750228650663,0.5069716639275599,0.6376680928200886,0.5060774222908763,0.5077431138767784,-0.11571581511236961,0.49458925484403454
-XOXX-XOO,-0.40255818681502875,0.21866378466162428,0.21361892233262358,0.027349606868621645,0.6516453951616537,0.687221354596175,0.15344914510106578,0.5241600626948862,0.9594595390297012
-XOX-OOXX,0.24725410637981066,0.9092644749495961,0.8225046149891903,0.2583632893820569,0.6794728163555717,0.7047143346908887,0.2032849093382727,0.11835380482150215,0.6715090624808068
-O--XXXOO,0.9814543443569236,0.4921658878546005,0.28560737974949635,0.38879923957561857,0.49435290466321624,0.49022167321510046,0.5029263118995095,0.5001159745455335,0.5065073745056664
OOXX-O--X,0.49508001741056873,0.4943612660632427,0.4927909648343395,0.494355808431662,0.7276680892096522,0.5011771401297379,0.49819387465521275,0.497151772037941,0.5032795142634795
OXX-O--X-,0.5074075585383124,0.4994480153044837,0.49068724267792957,0.500603393410029,0.5043403397076028,0.6451017766266506,0.13098585676564256,0.5068268448026901,0.6438831761380474
X---X-XOO,0.49813038552323985,0.3210972635687958,0.9651226537732145,0.3243348196179376,0.4998310945387328,0.10429738394349264,0.4919084216957731,0.5082643514716425,0.5042062766929689
XO-XOX---,0.5053411792780473,0.49165489400595125,0.5097311901163422,0.5068093578631045,0.49675997619896844,0.49572178688042295,0.6466667285178249,0.6872548210656273,0.50876511049496
--XO-XXOO,0.49581159994464874,1.2354044134962963,0.5028712920772171,0.5063382854731308,0.6892421596514203,0.5022156269307797,0.505071545506761,0.5088601672716183,0.5006304373864813
-XOOXXXOO,0.026727854064688583,0.48141063507252435,0.5127450779340266,0.5543945630258827,0.5266245903459955,0.5099029185139551,0.5255881333828649,0.5879640332799303,0.4184809746478048
-OO---X-X,0.6872379594563112,0.4982834633451657,0.5048932254918099,0.20934548308497902,1.2769064341412486,0.14268291270314648,0.49197690327848603,0.09428600475438953,0.5072559972803723
-X-O-X---,0.15622074147825915,0.4998125568654002,0.3500663373520553,0.49690785568790014,0.10147063979493837,0.4903925728440649,0.080816112970309,0.10592722080444722,0.5755850397452429
XXOO-O-XX,0.49612120430166773,0.49021522233418685,0.5062101923143496,0.5015485413527279,0.6854039656160685,0.49959159889269206,0.062312643121823164,0.4997282155329816,0.4988065536315691
X-O-X-X-O,0.5059771030998589,0.4557441131426305,0.4961718101540554,0.5645213121857345,0.4946472604460833,0.6872379594563112,0.5053217055440046,0.5792413954602971,0.504359573073993
OOXXX----,0.5289285856232903,0.5528261816302233,0.40784130742065017,0.5064089577533323,0.5764366569474746,-0.5032768638537417,0.5422050195898387,0.51015022840134,0.08957935175223863
XOX-O-X-O,0.5015347304989909,0.4933206855738127,0.4901053207246646,0.6872379954413607,0.5098854044365589,0.6813330266159623,0.5004071527512963,0.6871519167226207,0.49695160539650834
OOX-XX---,0.49848975926269035,0.5033589258772236,0.49557513205424075,0.7222209021298573,0.5006371660105133,0.501764835518708,0.6647507123937241,0.03230992495520146,0.36077424614996756
-XXXXOO-O,0.08536656836458434,0.49199518759035266,0.5065190004610224,0.504515515866431,0.4926479439449659,0.5050894387918708,0.5018922452422733,0.6872379598135571,0.49728668512968427
O-X---X-O,0.502832646992341,0.10466488026269505,0.5064501931320797,0.1980593486537876,0.6872379594563112,0.572171740602913,0.4921869025553023,-0.2723392808734292,0.5072715988168294
OXX-XX-OO,0.8794893302249316,0.6890865329270549,0.44106872282771215,0.1316491744400794,0.3474021791719737,0.5359886633367467,0.6872268740529968,0.8182866263996489,0.046435167031135705
--OX-OX--,0.692335732172716,0.6123771836153379,0.5032873716723751,0.49570120298539105,0.013599856164790536,0.5046711667003486,0.501640052376888,0.5084896353857395,0.6872379594589244
---XOOXX-,1.076996316674121,0.293697269402841,0.5162337184498735,0.570756669682275,0.4005824782761185,0.4737702212289481,0.5855408721472132,0.5755583096967398,1.1230122031311698
--XX--XOO,0.8775234346354099,0.3538281260248511,0.5041887603986505,0.5069253972168237,-0.14955048395005965,0.09390971872842879,0.509414710982538,0.5065038498844506,0.4911922382281012
-O--XX-XO,0.2688478785343925,0.5038925308094281,0.501238479742243,0.11207032362397629,0.49634601586749866,0.4971593807509282,0.004147685143872648,0.49125842050625124,0.5040587620916732
OXX----XO,0.5064474474637527,0.4961633680633593,0.4978413311632788,0.6814986561754539,0.687237959034365,0.6103122749528236,0.0175040123047826,0.49172686010673866,0.4963304424872696
O-XOO-X-X,0.5370813384540146,0.060326042727565865,0.4746554287283452,0.4491605370392451,0.4067016161474598,0.6872374052062145,0.5809352864600655,0.12056622697257668,0.46545469614514084
XXOXXOOO-,0.5017058432920334,0.49766853601222344,0.49470090296116415,0.49253975935288574,0.5061504039329897,0.5085716658255687,0.5083067603687318,0.5095523811796966,0.6872379594563464
OOXXX-O--,0.48299640959192447,0.5739694694188883,0.495869832021035,0.4446600353725199,0.4712598546326139,1.1284644422853751,0.596984689648017,-0.15747621302310477,0.09405909675007645
-XOX-OXOX,0.7165800437070872,0.4971360102698573,0.4935953696629792,0.503429508738953,-0.1315877181601831,0.5097239373394121,0.4914914021642176,0.50351625971285,0.502911259564206
-X---XO-O,0.447751587110201,0.5008702393519793,0.685322306030193,0.6872339551501718,0.6871512962795584,0.4903878042731044,0.49622893160278797,0.6872377647862828,0.4964175677841877
X---OOXOX,0.4939209643136765,0.6872379594563112,0.6974849942349317,0.6872377593287265,0.5067188790647633,0.5069971422787325,0.5099593683086484,0.49183944339570157,0.49681746558375134
XO---O-XX,0.4915585853781639,0.500408872946385,0.6766291552297431,-0.04224147237276432,0.49793756865995403,0.5086507831013494,0.05364707436297744,0.5067398011241354,0.49530333898022505
-O-X-OXOX,0.6868132711126592,0.4916310781486634,0.6965787141725782,0.49422272224099256,0.6853564224756751,0.4933101656233931,0.5053282126322013,0.4959513646864965,0.4982025097628435
-O-XX-OX-,-0.3309769998259928,0.4913165935245539,0.4281773841913514,0.5061166305234213,0.49013565954468147,0.7701087462675315,0.5094265970185262,0.4969637435784513,0.14377491618769245
OOXOXX---,0.4936523541260478,0.5031919644272781,0.4902966004470639,0.5072746834396901,0.49432590806705623,0.494445224605766,0.6892421596514203,0.5048206084525753,0.505806229890553
X-X----OO,0.5077049926963907,0.37733890466373654,0.4951736430408515,0.6353545066086542,1.1853687143920504,0.508833821578784,0.6871504575749047,0.5027555361003789,0.5025770344563112
OOX-----X,0.5199812538214761,0.42116418520138593,0.5403622446907186,0.8199903519884681,0.3666339018218149,0.2193574057364387,0.8886222863436792,0.7536417540566155,0.5106033246477316
XXO--O-X-,0.4992415992193913,0.5095403483478258,0.498392783073381,0.49664496694499194,0.6944537108801515,0.5077422017731771,0.4884991156650166,0.504002687574497,0.6778051907644396
XO-OX--XO,0.49201867481541256,0.5016219797563358,0.6724627350761034,0.5000192621327949,0.49864842903404527,0.6847096764582451,0.20106625177820037,0.5004890251637399,0.4955981056220746
X-XO---XO,0.13124157877738618,0.5124973964842103,0.7032136875631021,0.10284979118765614,0.6869599197914396,0.11948536570229829,0.23308380585446142,0.2779846718528135,0.4553697488914791
X-XOO-OX-,0.5374165364009363,0.496035927428811,0.5286675927258125,0.4709921216785185,0.4085237591646631,0.6872188004391366,0.527503222655888,0.530245569073715,0.13237588045298948
-XO-O--X-,0.6872379954319099,0.5031824271979131,0.5023538993101222,0.6872181106628492,0.4940406591263858,0.5619133769567294,0.6461442718599937,0.49972311908517625,0.687237957517519
X-X-O-OOX,0.49091732858752263,0.6872379651123823,0.49738900909769795,0.005125452114672413,0.5001282513954801,0.3776403760453019,0.5008958084315132,0.5096256171391237,0.5088528407809831
--X--XOXO,0.5627748155028088,0.5244069888930124,0.49713072813844217,0.8179836779153717,1.3969575115667612,0.5031042283384383,0.4942809947300988,0.507780310380165,0.49278892567335364
OXXX-O-XO,0.5006063842335662,0.49478698228565826,0.5090286507621867,0.5068210575921246,0.6872379954035044,0.4920232241808174,0.531617667237677,0.49337893146012407,0.4972047254482193
XO---O-X-,0.5879517380347439,0.5595841969411957,0.47634577295167413,0.6297455319569302,0.4302783258819112,0.4783111286646733,0.4178817026767812,0.4440422693658039,0.6853330220972113
XX-O-----,0.49790849642646684,0.5036702553391136,0.4635419056724748,0.5028729604507353,0.13279231563498078,0.08039788458335528,0.19328314865874624,0.5681331591683355,0.439282713984424
O-OXO-XX-,0.4949806470727059,0.6872379594563112,0.4996887339586187,0.4981253521354786,0.49552211684649755,0.15484830602677835,0.5049549693976794,0.49123430523728134,0.6872379594563112
-O-XX-OXO,0.5889061857744191,0.48647149043131666,1.2042031710489063,0.4393196278116773,0.5271452631246175,0.7127618719112835,0.4484426433309663,0.5336276105599377,0.5174796588196015
OXX-O-OXX,0.34510131950604295,0.3350135610899636,0.22432822270710007,0.6872431761938605,0.9205151076019458,0.07752310761849762,0.315065204243103,0.12703369771178286,0.780448641885736
O--XOXO-X,1.6071364427958899,0.33459728523931065,0.6513501383002744,0.2873324198230229,1.3552347284956536,1.5136110841505037,1.7346343978926506,0.15733617949934242,1.7764786922369173
-OOXX-O-X,0.6871488949097758,0.49092890765200164,0.4923361165309038,0.4910938377277716,0.4956625062723681,0.5055308447751192,0.49920484106275104,0.19151156844277262,0.5006859201028864
-OXX--OOX,0.547665881629915,0.48135766273990177,0.5722871572892982,0.5323359170818314,0.6855664826724073,0.7834806042530994,0.5655186115519506,0.46002641886493256,0.4539160915507148
--XOOXOX-,0.6872377554155076,0.9874255242532788,0.43924296392332857,0.4711546363852127,0.562010383576788,0.5665479349807666,0.45766118379497805,0.41651192175349855,0.4194041282642773
OXX---XO-,0.49363156215901405,0.5052243837333492,0.49392533149012524,0.21712947730493504,0.5257358590632756,0.17226960835686494,0.49978101673100295,0.497311880431813,0.6948859891513095
-O--XXXO-,0.5328002881738936,0.3464347131337481,0.161696785192186,0.2480741440940677,0.6475066245699206,0.18568695301844462,0.050387139369437506,0.9034830826940178,0.08574470634493259
-O----XX-,0.6774203090726657,0.5049766823005579,0.5298233929321166,0.36389515341245315,0.659531870130957,0.1223365671988973,0.5049755305810711,0.5097017300803721,0.2563485806639534
OXXXOO-OX,0.5063919765363046,0.5009422987450985,0.4930389627895268,0.5082991223317862,0.5023226346365054,0.4918616040440193,1.2128474932611013,0.5008938696635262,0.49123097686982653
--X-OX-O-,0.16151799712862558,0.6872379594563112,0.5003123956877882,0.8026211042555442,0.5058929479834479,0.49223709553255895,0.6279389715461806,0.4991678711188053,0.6872338469468028
OXXOO-XOX,0.5031943317124075,0.5066548717141678,0.5094320019612983,0.49402321471498317,0.503689584598478,0.6872379594563112,0.49408600979663886,0.5068927846003043,0.5058692657237447
X----OXXO,0.5000247029926804,0.49746363118817655,0.6872533345980624,0.6871521093153936,0.4988805090538427,0.5094712494286638,0.5026799445525224,0.49177587920517934,0.5068772565366996
OX-X-X-O-,0.4907133234409718,0.4963583113141548,0.5026614430049282,0.49589226472011894,0.9316598271113219,0.5053948911384886,0.13515400548991696,0.5091290815998101,0.5628084270547311
XX-O--O--,0.49464088534787554,0.5083380083498265,0.780784042699367,0.49067887692092155,0.12139266690577011,0.030677602690494132,0.5004285882893111,0.13466452302757748,0.04742306518593714
OXX-O-OX-,0.4816972136410837,0.4090445177810563,0.4470342159110875,0.687221354596175,0.43864971006236636,0.6872379592171338,0.547628061425249,0.5531736960006569,0.6746928195703518
XO--X-OX-,0.49019979965052396,0.501667738391258,0.46441954494995163,1.3284322457705007,0.5424786566876221,-0.2695969740878116,0.44358228280682876,0.47681240470917763,0.7549244595299726
X-XOXX-OO,0.49985729422140557,1.3125351627563755,0.4940199505555479,0.5084697516995881,0.4989413219393014,0.4983533926545102,0.6872381569987849,0.5016833739106575,0.506460219546978
-OOXX---X,0.6951236632339438,0.5044112367026637,0.49622479883246295,0.49868393042730125,0.5057661693288872,0.4935369385547595,0.4962959251984672,-0.12551716000130786,0.5068527654216581
--XXO--O-,0.50811616959034,0.6872379594563112,0.4993546466995403,0.49908151867082146,0.5020638516314588,0.31296848293996005,0.22523251143711248,0.49527376385133476,0.5908157153292455
XXOOX-XOO,0.5005300268080496,0.5053703860235007,0.5055694665919614,0.5089469610732266,0.49359741591405903,0.6872379594563112,0.5070842641163031,0.5029495297924474,0.49168835479005985
-OO-XX---,0.6872379594563112,0.49756675903672937,0.493517671333708,0.09594023325182488,0.5022963492361189,0.49300928499429986,0.09321221002294,0.4384657422960334,0.5843145905343425
-X-X--O--,0.5898945793450128,0.5022347108902523,0.5478227393698646,0.5077093863870947,0.23325415364436786,0.791076391271148,0.4916913316952225,0.6712613195414697,0.8637504810665041
O-XX-OX--,0.4973613276108709,0.2548239454776482,0.4984399934338522,0.5087444845217303,0.7128348893059574,0.5082513631973273,0.4964891131694024,1.3194252939845892,0.6463612701355859
----O-XXO,0.5067193920234064,0.38006819231130856,0.6872184584238358,0.6461128554453734,0.5036558234269295,0.6872379606953353,0.5088056413280949,0.49212576890831167,0.504889296997301
OXX---XOO,0.504822347439384,0.5014065231119701,0.5026551822653974,0.7296193286004627,0.6872386697859963,0.04233825315207118,0.4948669159528764,0.49175312832871804,0.5056672333445467
X-XX-OOO-,0.500863708106321,0.6852552882781289,0.5001265997733338,0.4914615725611254,0.4959257225934846,0.4906091314021592,0.4912377075042329,0.4909574496688664,0.6872542915196163
--XXO--OX,0.6865692389549763,0.6872184781234052,0.5029226157469284,0.498948129133872,0.5080610576632284,0.04939480226824167,0.027214706341637918,0.5060370916606541,0.504623274092818
OX--OOXX-,0.4994833436773438,0.4996253393051773,1.4085378830487976,0.49156569274973294,0.5024524224394045,0.49368705786622435,0.5018296040921414,0.5023441345879394,0.6872370682828671
-OO-XX--X,0.687602953572917,0.5093849140671416,0.49958908201252683,0.7052146176454943,0.49333729678076776,0.49613043016199393,0.6455732369070407,0.4923171555679547,0.4943518078983056
-OOXX----,0.6872379594563112,0.49907259909154517,0.4990134226797192,0.5085474527158854,0.5022536040990496,0.4961934999104222,1.1678219892045592,0.2219646774470072,0.04771535851402797
-XOX-OXO-,0.6705622137090412,0.5004576215264861,0.5058871610205105,0.49101524801128216,-0.21019585351981085,0.4942002250573244,0.5033163984712372,0.4946232932011649,0.6781699204450248
OX-X-X-OO,0.5647643682161398,0.5217020598607456,0.21655818249490189,0.4453675480750918,0.42916404056171187,0.4061219995339062,0.6872379922735659,0.4531702388338805,0.5860812414667401
--O-O-X-X,0.4245282736677958,-0.8277609065321696,0.43626218787779747,0.24309616889552488,0.5100544564620256,0.4057499821798532,0.5059054348518559,0.977313565424183,0.4529278243770745
XXO--OOXX,0.43860466215305527,0.573105936992488,0.4030634379785027,0.15041064454992148,0.6872379240140314,0.4272662780863169,0.5843182448697299,0.4591262155614282,0.455729330226635
OO-XXOX--,0.5014031987599723,0.4946045721444324,0.6852613977255575,0.4912640029861642,0.5016041251169314,0.5073679086772184,0.5006783940376521,0.4121789994007482,-0.049620644448574724
-X---XO--,0.687184065635265,0.5056611459207576,0.6872379354024791,0.0187994653571234,0.4903829663604701,0.5077365894667377,0.5012754453857496,0.5083825358896502,0.6871530031714045
XO-OX-XO-,0.5079468281171542,0.5060294361239327,-0.11338395053829742,0.5015026837743995,0.5071786928078361,0.01814675090186124,0.5088284467336454,0.5089662072661445,0.5123098798790884
XO---OOXX,0.5625305864816995,0.48728360275418825,0.33023264647243367,0.12969455183115797,0.52497918747894,0.5542919345330147,0.42434543411200376,0.41588721719843846,0.4529220017573393
X-XO--XO-,0.5069741983415376,0.4261475686500884,0.49793248018124453,0.5047286525100022,0.7432362277732387,0.15467530158328413,0.4913616366577946,0.4978051773620269,0.9724956233678996
-XO-O--XX,0.42991836307329634,0.5081119857667454,0.5083415049209877,0.19862722706009012,0.49816449773023186,0.4257694486360901,0.6872177452805939,0.5041276492462692,0.49958366231530255
OXOXXOX--,0.5007895979847753,0.4973503849166718,0.5028571068464633,0.5024762214236667,0.5079262510699232,0.5033489489425007,0.5009688319851529,-0.39777607951714655,0.6951250049449921
XXOOX-XO-,0.5000955683873369,0.49766795762409216,0.49286800040402057,0.5096157896458821,0.5081602459120081,-0.37357307507792514,0.4911248530616018,0.49262032464259553,0.5239080401581809
-O--O--XX,0.3456857436666325,0.5038117609273205,0.2012451161348624,0.4962150895740232,0.4949363473038277,0.5087772314065167,0.6807225235297865,0.4960440005463999,0.5066957878089343
--OXX-X-O,0.12266030865734617,0.07973948625393412,0.4905510282652167,0.50824603152546,0.4906193605480995,0.687237959368361,0.50167126959086,0.11585161276918327,0.5004885682276098
XX-O--O-X,0.3087455174213122,0.6885057318954773,0.02472812528520485,0.654168857975777,0.9878045648853626,0.48505068950569735,0.21958281162988402,-0.03757300211561321,0.7196256728512045